2026-08-09 23:13:21,498 WARN util.Utils: Your hostname, Rudys-MacBook-Pro.local resolves to a loopback address: 127.0.0.1; using 10.0.0.215 instead (on interface en0)
2026-08-09 23:13:21,500 WARN util.Utils: Set SPARK_LOCAL_IP if you need to bind to another address
2026-08-09 23:13:21,722 INFO spark.SparkContext: Running Spark version 3.3.2
2026-08-09 23:13:21,781 WARN util.NativeCodeLoader: Unable to load native-hadoop library for your platform... using builtin-java classes where applicable
2026-08-09 23:13:21,816 INFO resource.ResourceUtils: ==============================================================
2026-08-09 23:13:21,816 INFO resource.ResourceUtils: No custom resources configured for spark.driver.
2026-08-09 23:13:21,816 INFO resource.ResourceUtils: ==============================================================
2026-08-09 23:13:21,816 INFO spark.SparkContext: Submitted application: smoketest.HyperparameterSearchSmokeTest
2026-08-09 23:13:21,828 INFO resource.ResourceProfile: Default ResourceProfile created, executor resources: Map(cores -> name: cores, amount: 1, script: , vendor: , memory -> name: memory, amount: 1024, script: , vendor: , offHeap -> name: offHeap, amount: 0, script: , vendor: ), task resources: Map(cpus -> name: cpus, amount: 1.0)
2026-08-09 23:13:21,836 INFO resource.ResourceProfile: Limiting resource is cpu
2026-08-09 23:13:21,836 INFO resource.ResourceProfileManager: Added ResourceProfile id: 0
2026-08-09 23:13:21,864 INFO spark.SecurityManager: Changing view acls to: rudybanerjee
2026-08-09 23:13:21,864 INFO spark.SecurityManager: Changing modify acls to: rudybanerjee
2026-08-09 23:13:21,864 INFO spark.SecurityManager: Changing view acls groups to: 
2026-08-09 23:13:21,864 INFO spark.SecurityManager: Changing modify acls groups to: 
2026-08-09 23:13:21,864 INFO spark.SecurityManager: SecurityManager: authentication disabled; ui acls disabled; users  with view permissions: Set(rudybanerjee); groups with view permissions: Set(); users  with modify permissions: Set(rudybanerjee); groups with modify permissions: Set()
2026-08-09 23:13:21,999 INFO util.Utils: Successfully started service 'sparkDriver' on port 64255.
2026-08-09 23:13:22,012 INFO spark.SparkEnv: Registering MapOutputTracker
2026-08-09 23:13:22,028 INFO spark.SparkEnv: Registering BlockManagerMaster
2026-08-09 23:13:22,036 INFO storage.BlockManagerMasterEndpoint: Using org.apache.spark.storage.DefaultTopologyMapper for getting topology information
2026-08-09 23:13:22,036 INFO storage.BlockManagerMasterEndpoint: BlockManagerMasterEndpoint up
2026-08-09 23:13:22,038 INFO spark.SparkEnv: Registering BlockManagerMasterHeartbeat
2026-08-09 23:13:22,048 INFO storage.DiskBlockManager: Created local directory at /private/var/folders/01/7kzv0jfn5b53d16tqv0sk5r80000gn/T/blockmgr-3ef76e30-3e81-4a50-ad02-03ee3430f30b
2026-08-09 23:13:22,055 INFO memory.MemoryStore: MemoryStore started with capacity 434.4 MiB
2026-08-09 23:13:22,065 INFO spark.SparkEnv: Registering OutputCommitCoordinator
2026-08-09 23:13:22,085 INFO util.log: Logging initialized @1127ms to org.sparkproject.jetty.util.log.Slf4jLog
2026-08-09 23:13:22,142 INFO server.Server: jetty-9.4.48.v20220622; built: 2022-06-21T20:42:25.880Z; git: 6b67c5719d1f4371b33655ff2d047d24e171e49a; jvm 11.0.23+7-LTS-222
2026-08-09 23:13:22,151 INFO server.Server: Started @1194ms
2026-08-09 23:13:22,165 INFO server.AbstractConnector: Started ServerConnector@6dcc40f5{HTTP/1.1, (http/1.1)}{0.0.0.0:4040}
2026-08-09 23:13:22,165 INFO util.Utils: Successfully started service 'SparkUI' on port 4040.
2026-08-09 23:13:22,175 INFO handler.ContextHandler: Started o.s.j.s.ServletContextHandler@56dfab87{/,null,AVAILABLE,@Spark}
2026-08-09 23:13:22,183 INFO spark.SparkContext: Added JAR file:/Users/rudybanerjee/northeastern_work/CS6240/project/ensemble.jar at spark://10.0.0.215:64255/jars/ensemble.jar with timestamp 1786331601717
2026-08-09 23:13:22,203 INFO scheduler.FairSchedulableBuilder: Fair scheduler configuration not found, created default pool: default, schedulingMode: FAIR, minShare: 0, weight: 1
2026-08-09 23:13:22,245 INFO executor.Executor: Starting executor ID driver on host 10.0.0.215
2026-08-09 23:13:22,248 INFO executor.Executor: Starting executor with user classpath (userClassPathFirst = false): ''
2026-08-09 23:13:22,258 INFO executor.Executor: Fetching spark://10.0.0.215:64255/jars/ensemble.jar with timestamp 1786331601717
2026-08-09 23:13:22,284 INFO client.TransportClientFactory: Successfully created connection to /10.0.0.215:64255 after 14 ms (0 ms spent in bootstraps)
2026-08-09 23:13:22,288 INFO util.Utils: Fetching spark://10.0.0.215:64255/jars/ensemble.jar to /private/var/folders/01/7kzv0jfn5b53d16tqv0sk5r80000gn/T/spark-566650a5-6a53-475a-b532-6018fbed1671/userFiles-4c72ba0e-3e54-49fc-af64-4764483e5648/fetchFileTemp14761059281091006207.tmp
2026-08-09 23:13:22,315 INFO executor.Executor: Adding file:/private/var/folders/01/7kzv0jfn5b53d16tqv0sk5r80000gn/T/spark-566650a5-6a53-475a-b532-6018fbed1671/userFiles-4c72ba0e-3e54-49fc-af64-4764483e5648/ensemble.jar to class loader
2026-08-09 23:13:22,318 INFO util.Utils: Successfully started service 'org.apache.spark.network.netty.NettyBlockTransferService' on port 64257.
2026-08-09 23:13:22,318 INFO netty.NettyBlockTransferService: Server created on 10.0.0.215:64257
2026-08-09 23:13:22,319 INFO storage.BlockManager: Using org.apache.spark.storage.RandomBlockReplicationPolicy for block replication policy
2026-08-09 23:13:22,323 INFO storage.BlockManagerMaster: Registering BlockManager BlockManagerId(driver, 10.0.0.215, 64257, None)
2026-08-09 23:13:22,325 INFO storage.BlockManagerMasterEndpoint: Registering block manager 10.0.0.215:64257 with 434.4 MiB RAM, BlockManagerId(driver, 10.0.0.215, 64257, None)
2026-08-09 23:13:22,326 INFO storage.BlockManagerMaster: Registered BlockManager BlockManagerId(driver, 10.0.0.215, 64257, None)
2026-08-09 23:13:22,327 INFO storage.BlockManager: Initialized BlockManager: BlockManagerId(driver, 10.0.0.215, 64257, None)
2026-08-09 23:13:22,411 INFO handler.ContextHandler: Stopped o.s.j.s.ServletContextHandler@56dfab87{/,null,STOPPED,@Spark}
2026-08-09 23:13:22,412 INFO handler.ContextHandler: Started o.s.j.s.ServletContextHandler@516592b1{/jobs,null,AVAILABLE,@Spark}
2026-08-09 23:13:22,413 INFO handler.ContextHandler: Started o.s.j.s.ServletContextHandler@4373f66f{/jobs/json,null,AVAILABLE,@Spark}
2026-08-09 23:13:22,413 INFO handler.ContextHandler: Started o.s.j.s.ServletContextHandler@2a235b8e{/jobs/job,null,AVAILABLE,@Spark}
2026-08-09 23:13:22,414 INFO handler.ContextHandler: Started o.s.j.s.ServletContextHandler@38d08cb5{/jobs/job/json,null,AVAILABLE,@Spark}
2026-08-09 23:13:22,414 INFO handler.ContextHandler: Started o.s.j.s.ServletContextHandler@6f3f0ae{/stages,null,AVAILABLE,@Spark}
2026-08-09 23:13:22,414 INFO handler.ContextHandler: Started o.s.j.s.ServletContextHandler@57a6a933{/stages/json,null,AVAILABLE,@Spark}
2026-08-09 23:13:22,415 INFO handler.ContextHandler: Started o.s.j.s.ServletContextHandler@f1266c6{/stages/stage,null,AVAILABLE,@Spark}
2026-08-09 23:13:22,416 INFO handler.ContextHandler: Started o.s.j.s.ServletContextHandler@3e8799f{/stages/stage/json,null,AVAILABLE,@Spark}
2026-08-09 23:13:22,416 INFO handler.ContextHandler: Started o.s.j.s.ServletContextHandler@270d43a7{/stages/pool,null,AVAILABLE,@Spark}
2026-08-09 23:13:22,416 INFO handler.ContextHandler: Started o.s.j.s.ServletContextHandler@41ccb3b9{/stages/pool/json,null,AVAILABLE,@Spark}
2026-08-09 23:13:22,417 INFO handler.ContextHandler: Started o.s.j.s.ServletContextHandler@1e84f3c8{/storage,null,AVAILABLE,@Spark}
2026-08-09 23:13:22,417 INFO handler.ContextHandler: Started o.s.j.s.ServletContextHandler@7b2ccba5{/storage/json,null,AVAILABLE,@Spark}
2026-08-09 23:13:22,417 INFO handler.ContextHandler: Started o.s.j.s.ServletContextHandler@5d5a51b1{/storage/rdd,null,AVAILABLE,@Spark}
2026-08-09 23:13:22,418 INFO handler.ContextHandler: Started o.s.j.s.ServletContextHandler@50ab56e2{/storage/rdd/json,null,AVAILABLE,@Spark}
2026-08-09 23:13:22,418 INFO handler.ContextHandler: Started o.s.j.s.ServletContextHandler@74834afd{/environment,null,AVAILABLE,@Spark}
2026-08-09 23:13:22,418 INFO handler.ContextHandler: Started o.s.j.s.ServletContextHandler@d499c13{/environment/json,null,AVAILABLE,@Spark}
2026-08-09 23:13:22,419 INFO handler.ContextHandler: Started o.s.j.s.ServletContextHandler@42d6c12d{/executors,null,AVAILABLE,@Spark}
2026-08-09 23:13:22,419 INFO handler.ContextHandler: Started o.s.j.s.ServletContextHandler@7a2ab862{/executors/json,null,AVAILABLE,@Spark}
2026-08-09 23:13:22,419 INFO handler.ContextHandler: Started o.s.j.s.ServletContextHandler@4733f6f5{/executors/threadDump,null,AVAILABLE,@Spark}
2026-08-09 23:13:22,420 INFO handler.ContextHandler: Started o.s.j.s.ServletContextHandler@438c9aa7{/executors/threadDump/json,null,AVAILABLE,@Spark}
2026-08-09 23:13:22,424 INFO handler.ContextHandler: Started o.s.j.s.ServletContextHandler@6c8f60f3{/static,null,AVAILABLE,@Spark}
2026-08-09 23:13:22,424 INFO handler.ContextHandler: Started o.s.j.s.ServletContextHandler@65e22def{/,null,AVAILABLE,@Spark}
2026-08-09 23:13:22,425 INFO handler.ContextHandler: Started o.s.j.s.ServletContextHandler@3d299393{/api,null,AVAILABLE,@Spark}
2026-08-09 23:13:22,425 INFO handler.ContextHandler: Started o.s.j.s.ServletContextHandler@3fcee3d9{/jobs/job/kill,null,AVAILABLE,@Spark}
2026-08-09 23:13:22,426 INFO handler.ContextHandler: Started o.s.j.s.ServletContextHandler@760487aa{/stages/stage/kill,null,AVAILABLE,@Spark}
2026-08-09 23:13:22,428 INFO handler.ContextHandler: Started o.s.j.s.ServletContextHandler@1e7f19b4{/metrics/json,null,AVAILABLE,@Spark}
2026-08-09 23:13:22,510 INFO internal.SharedState: Setting hive.metastore.warehouse.dir ('null') to the value of spark.sql.warehouse.dir.
2026-08-09 23:13:22,514 INFO internal.SharedState: Warehouse path is 'file:/Users/rudybanerjee/northeastern_work/CS6240/project/spark-warehouse'.
2026-08-09 23:13:22,521 INFO handler.ContextHandler: Started o.s.j.s.ServletContextHandler@4342c13{/SQL,null,AVAILABLE,@Spark}
2026-08-09 23:13:22,521 INFO handler.ContextHandler: Started o.s.j.s.ServletContextHandler@7c241a9f{/SQL/json,null,AVAILABLE,@Spark}
2026-08-09 23:13:22,522 INFO handler.ContextHandler: Started o.s.j.s.ServletContextHandler@337a6d30{/SQL/execution,null,AVAILABLE,@Spark}
2026-08-09 23:13:22,522 INFO handler.ContextHandler: Started o.s.j.s.ServletContextHandler@2b73bd6b{/SQL/execution/json,null,AVAILABLE,@Spark}
2026-08-09 23:13:22,531 INFO handler.ContextHandler: Started o.s.j.s.ServletContextHandler@4998e74b{/static/sql,null,AVAILABLE,@Spark}
2026-08-09 23:13:22,925 INFO datasources.InMemoryFileIndex: It took 21 ms to list leaf files for 1 paths.
2026-08-09 23:13:23,257 INFO spark.SparkContext: Starting job: parquet at HiggsLoader.scala:14
2026-08-09 23:13:23,263 INFO scheduler.DAGScheduler: Got job 0 (parquet at HiggsLoader.scala:14) with 1 output partitions
2026-08-09 23:13:23,263 INFO scheduler.DAGScheduler: Final stage: ResultStage 0 (parquet at HiggsLoader.scala:14)
2026-08-09 23:13:23,263 INFO scheduler.DAGScheduler: Parents of final stage: List()
2026-08-09 23:13:23,264 INFO scheduler.DAGScheduler: Missing parents: List()
2026-08-09 23:13:23,265 INFO scheduler.DAGScheduler: Submitting ResultStage 0 (MapPartitionsRDD[1] at parquet at HiggsLoader.scala:14), which has no missing parents
2026-08-09 23:13:23,314 INFO memory.MemoryStore: Block broadcast_0 stored as values in memory (estimated size 151.6 KiB, free 434.3 MiB)
2026-08-09 23:13:23,529 INFO memory.MemoryStore: Block broadcast_0_piece0 stored as bytes in memory (estimated size 55.8 KiB, free 434.2 MiB)
2026-08-09 23:13:23,531 INFO storage.BlockManagerInfo: Added broadcast_0_piece0 in memory on 10.0.0.215:64257 (size: 55.8 KiB, free: 434.3 MiB)
2026-08-09 23:13:23,534 INFO spark.SparkContext: Created broadcast 0 from broadcast at DAGScheduler.scala:1513
2026-08-09 23:13:23,544 INFO scheduler.DAGScheduler: Submitting 1 missing tasks from ResultStage 0 (MapPartitionsRDD[1] at parquet at HiggsLoader.scala:14) (first 15 tasks are for partitions Vector(0))
2026-08-09 23:13:23,545 INFO scheduler.TaskSchedulerImpl: Adding task set 0.0 with 1 tasks resource profile 0
2026-08-09 23:13:23,560 INFO scheduler.FairSchedulableBuilder: Added task set TaskSet_0.0 tasks to pool default
2026-08-09 23:13:23,581 INFO scheduler.TaskSetManager: Starting task 0.0 in stage 0.0 (TID 0) (10.0.0.215, executor driver, partition 0, PROCESS_LOCAL, 4705 bytes) taskResourceAssignments Map()
2026-08-09 23:13:23,588 INFO executor.Executor: Running task 0.0 in stage 0.0 (TID 0)
2026-08-09 23:13:23,780 INFO executor.Executor: Finished task 0.0 in stage 0.0 (TID 0). 2650 bytes result sent to driver
2026-08-09 23:13:23,783 INFO scheduler.TaskSetManager: Finished task 0.0 in stage 0.0 (TID 0) in 215 ms on 10.0.0.215 (executor driver) (1/1)
2026-08-09 23:13:23,784 INFO scheduler.TaskSchedulerImpl: Removed TaskSet 0.0, whose tasks have all completed, from pool default
2026-08-09 23:13:23,787 INFO scheduler.DAGScheduler: ResultStage 0 (parquet at HiggsLoader.scala:14) finished in 0.515 s
2026-08-09 23:13:23,788 INFO scheduler.DAGScheduler: Job 0 is finished. Cancelling potential speculative or zombie tasks for this job
2026-08-09 23:13:23,788 INFO scheduler.TaskSchedulerImpl: Killing all running tasks in stage 0: Stage finished
2026-08-09 23:13:23,788 INFO scheduler.DAGScheduler: Job 0 finished: parquet at HiggsLoader.scala:14, took 0.531679 s
2026-08-09 23:13:23,889 INFO storage.BlockManagerInfo: Removed broadcast_0_piece0 on 10.0.0.215:64257 in memory (size: 55.8 KiB, free: 434.4 MiB)
2026-08-09 23:13:24,659 INFO datasources.FileSourceStrategy: Pushed Filters: 
2026-08-09 23:13:24,660 INFO datasources.FileSourceStrategy: Post-Scan Filters: 
2026-08-09 23:13:24,661 INFO datasources.FileSourceStrategy: Output Data Schema: struct<label: double, f1: double, f2: double, f3: double, f4: double ... 27 more fields>
2026-08-09 23:13:24,827 INFO codegen.CodeGenerator: Code generated in 113.086042 ms
2026-08-09 23:13:24,844 INFO memory.MemoryStore: Block broadcast_1 stored as values in memory (estimated size 305.4 KiB, free 434.1 MiB)
2026-08-09 23:13:24,869 INFO memory.MemoryStore: Block broadcast_1_piece0 stored as bytes in memory (estimated size 54.0 KiB, free 434.0 MiB)
2026-08-09 23:13:24,870 INFO storage.BlockManagerInfo: Added broadcast_1_piece0 in memory on 10.0.0.215:64257 (size: 54.0 KiB, free: 434.3 MiB)
2026-08-09 23:13:24,870 INFO spark.SparkContext: Created broadcast 1 from rdd at HiggsLoader.scala:15
2026-08-09 23:13:24,878 INFO execution.FileSourceScanExec: Planning scan with bin packing, max size: 6562005 bytes, open cost is considered as scanning 4194304 bytes.
2026-08-09 23:13:24,944 INFO datasources.InMemoryFileIndex: It took 3 ms to list leaf files for 1 paths.
2026-08-09 23:13:24,996 INFO spark.SparkContext: Starting job: parquet at HiggsLoader.scala:14
2026-08-09 23:13:24,997 INFO scheduler.DAGScheduler: Got job 1 (parquet at HiggsLoader.scala:14) with 1 output partitions
2026-08-09 23:13:24,997 INFO scheduler.DAGScheduler: Final stage: ResultStage 1 (parquet at HiggsLoader.scala:14)
2026-08-09 23:13:24,997 INFO scheduler.DAGScheduler: Parents of final stage: List()
2026-08-09 23:13:24,997 INFO scheduler.DAGScheduler: Missing parents: List()
2026-08-09 23:13:24,998 INFO scheduler.DAGScheduler: Submitting ResultStage 1 (MapPartitionsRDD[10] at parquet at HiggsLoader.scala:14), which has no missing parents
2026-08-09 23:13:25,010 INFO memory.MemoryStore: Block broadcast_2 stored as values in memory (estimated size 151.6 KiB, free 433.9 MiB)
2026-08-09 23:13:25,012 INFO memory.MemoryStore: Block broadcast_2_piece0 stored as bytes in memory (estimated size 55.8 KiB, free 433.8 MiB)
2026-08-09 23:13:25,013 INFO storage.BlockManagerInfo: Added broadcast_2_piece0 in memory on 10.0.0.215:64257 (size: 55.8 KiB, free: 434.3 MiB)
2026-08-09 23:13:25,014 INFO spark.SparkContext: Created broadcast 2 from broadcast at DAGScheduler.scala:1513
2026-08-09 23:13:25,014 INFO scheduler.DAGScheduler: Submitting 1 missing tasks from ResultStage 1 (MapPartitionsRDD[10] at parquet at HiggsLoader.scala:14) (first 15 tasks are for partitions Vector(0))
2026-08-09 23:13:25,014 INFO scheduler.TaskSchedulerImpl: Adding task set 1.0 with 1 tasks resource profile 0
2026-08-09 23:13:25,015 INFO scheduler.FairSchedulableBuilder: Added task set TaskSet_1.0 tasks to pool default
2026-08-09 23:13:25,016 INFO scheduler.TaskSetManager: Starting task 0.0 in stage 1.0 (TID 1) (10.0.0.215, executor driver, partition 0, PROCESS_LOCAL, 4704 bytes) taskResourceAssignments Map()
2026-08-09 23:13:25,017 INFO executor.Executor: Running task 0.0 in stage 1.0 (TID 1)
2026-08-09 23:13:25,035 INFO executor.Executor: Finished task 0.0 in stage 1.0 (TID 1). 2564 bytes result sent to driver
2026-08-09 23:13:25,037 INFO scheduler.TaskSetManager: Finished task 0.0 in stage 1.0 (TID 1) in 21 ms on 10.0.0.215 (executor driver) (1/1)
2026-08-09 23:13:25,037 INFO scheduler.TaskSchedulerImpl: Removed TaskSet 1.0, whose tasks have all completed, from pool default
2026-08-09 23:13:25,037 INFO scheduler.DAGScheduler: ResultStage 1 (parquet at HiggsLoader.scala:14) finished in 0.039 s
2026-08-09 23:13:25,037 INFO scheduler.DAGScheduler: Job 1 is finished. Cancelling potential speculative or zombie tasks for this job
2026-08-09 23:13:25,037 INFO scheduler.TaskSchedulerImpl: Killing all running tasks in stage 1: Stage finished
2026-08-09 23:13:25,038 INFO scheduler.DAGScheduler: Job 1 finished: parquet at HiggsLoader.scala:14, took 0.041139 s
2026-08-09 23:13:25,058 INFO datasources.FileSourceStrategy: Pushed Filters: 
2026-08-09 23:13:25,058 INFO datasources.FileSourceStrategy: Post-Scan Filters: 
2026-08-09 23:13:25,059 INFO datasources.FileSourceStrategy: Output Data Schema: struct<label: double, f1: double, f2: double, f3: double, f4: double ... 27 more fields>
2026-08-09 23:13:25,070 INFO memory.MemoryStore: Block broadcast_3 stored as values in memory (estimated size 305.4 KiB, free 433.5 MiB)
2026-08-09 23:13:25,082 INFO memory.MemoryStore: Block broadcast_3_piece0 stored as bytes in memory (estimated size 54.0 KiB, free 433.5 MiB)
2026-08-09 23:13:25,082 INFO storage.BlockManagerInfo: Added broadcast_3_piece0 in memory on 10.0.0.215:64257 (size: 54.0 KiB, free: 434.2 MiB)
2026-08-09 23:13:25,083 INFO spark.SparkContext: Created broadcast 3 from rdd at HiggsLoader.scala:15
2026-08-09 23:13:25,083 INFO execution.FileSourceScanExec: Planning scan with bin packing, max size: 4194304 bytes, open cost is considered as scanning 4194304 bytes.
2026-08-09 23:13:25,091 INFO storage.BlockManagerInfo: Removed broadcast_2_piece0 on 10.0.0.215:64257 in memory (size: 55.8 KiB, free: 434.3 MiB)
2026-08-09 23:13:25,110 INFO spark.SparkContext: Starting job: zipWithIndex at EnsembleTrainer.scala:31
2026-08-09 23:13:25,110 INFO spark.SparkContext: Starting job: zipWithIndex at EnsembleTrainer.scala:31
2026-08-09 23:13:25,110 INFO spark.SparkContext: Starting job: zipWithIndex at EnsembleTrainer.scala:31
2026-08-09 23:13:25,111 INFO scheduler.DAGScheduler: Got job 2 (zipWithIndex at EnsembleTrainer.scala:31) with 3 output partitions
2026-08-09 23:13:25,111 INFO scheduler.DAGScheduler: Final stage: ResultStage 2 (zipWithIndex at EnsembleTrainer.scala:31)
2026-08-09 23:13:25,111 INFO scheduler.DAGScheduler: Parents of final stage: List()
2026-08-09 23:13:25,112 INFO scheduler.DAGScheduler: Missing parents: List()
2026-08-09 23:13:25,113 INFO scheduler.DAGScheduler: Submitting ResultStage 2 (MapPartitionsRDD[8] at map at HiggsLoader.scala:15), which has no missing parents
2026-08-09 23:13:25,147 INFO memory.MemoryStore: Block broadcast_4 stored as values in memory (estimated size 37.5 KiB, free 433.7 MiB)
2026-08-09 23:13:25,148 INFO memory.MemoryStore: Block broadcast_4_piece0 stored as bytes in memory (estimated size 11.7 KiB, free 433.6 MiB)
2026-08-09 23:13:25,148 INFO storage.BlockManagerInfo: Added broadcast_4_piece0 in memory on 10.0.0.215:64257 (size: 11.7 KiB, free: 434.3 MiB)
2026-08-09 23:13:25,149 INFO spark.SparkContext: Created broadcast 4 from broadcast at DAGScheduler.scala:1513
2026-08-09 23:13:25,149 INFO scheduler.DAGScheduler: Submitting 3 missing tasks from ResultStage 2 (MapPartitionsRDD[8] at map at HiggsLoader.scala:15) (first 15 tasks are for partitions Vector(0, 1, 2))
2026-08-09 23:13:25,149 INFO scheduler.TaskSchedulerImpl: Adding task set 2.0 with 3 tasks resource profile 0
2026-08-09 23:13:25,150 INFO scheduler.FairSchedulableBuilder: Added task set TaskSet_2.0 tasks to pool default
2026-08-09 23:13:25,150 INFO scheduler.DAGScheduler: Got job 3 (zipWithIndex at EnsembleTrainer.scala:31) with 3 output partitions
2026-08-09 23:13:25,150 INFO scheduler.DAGScheduler: Final stage: ResultStage 3 (zipWithIndex at EnsembleTrainer.scala:31)
2026-08-09 23:13:25,150 INFO scheduler.DAGScheduler: Parents of final stage: List()
2026-08-09 23:13:25,150 INFO scheduler.DAGScheduler: Missing parents: List()
2026-08-09 23:13:25,151 INFO scheduler.DAGScheduler: Submitting ResultStage 3 (MapPartitionsRDD[8] at map at HiggsLoader.scala:15), which has no missing parents
2026-08-09 23:13:25,152 INFO scheduler.TaskSetManager: Starting task 0.0 in stage 2.0 (TID 2) (10.0.0.215, executor driver, partition 0, PROCESS_LOCAL, 5030 bytes) taskResourceAssignments Map()
2026-08-09 23:13:25,152 INFO scheduler.TaskSetManager: Starting task 1.0 in stage 2.0 (TID 3) (10.0.0.215, executor driver, partition 1, PROCESS_LOCAL, 5030 bytes) taskResourceAssignments Map()
2026-08-09 23:13:25,152 INFO scheduler.TaskSetManager: Starting task 2.0 in stage 2.0 (TID 4) (10.0.0.215, executor driver, partition 2, PROCESS_LOCAL, 5030 bytes) taskResourceAssignments Map()
2026-08-09 23:13:25,153 INFO executor.Executor: Running task 0.0 in stage 2.0 (TID 2)
2026-08-09 23:13:25,153 INFO executor.Executor: Running task 1.0 in stage 2.0 (TID 3)
2026-08-09 23:13:25,153 INFO executor.Executor: Running task 2.0 in stage 2.0 (TID 4)
2026-08-09 23:13:25,154 INFO memory.MemoryStore: Block broadcast_5 stored as values in memory (estimated size 37.5 KiB, free 433.6 MiB)
2026-08-09 23:13:25,156 INFO memory.MemoryStore: Block broadcast_5_piece0 stored as bytes in memory (estimated size 11.7 KiB, free 433.6 MiB)
2026-08-09 23:13:25,157 INFO storage.BlockManagerInfo: Added broadcast_5_piece0 in memory on 10.0.0.215:64257 (size: 11.7 KiB, free: 434.3 MiB)
2026-08-09 23:13:25,158 INFO spark.SparkContext: Created broadcast 5 from broadcast at DAGScheduler.scala:1513
2026-08-09 23:13:25,158 INFO scheduler.DAGScheduler: Submitting 3 missing tasks from ResultStage 3 (MapPartitionsRDD[8] at map at HiggsLoader.scala:15) (first 15 tasks are for partitions Vector(0, 1, 2))
2026-08-09 23:13:25,158 INFO scheduler.TaskSchedulerImpl: Adding task set 3.0 with 3 tasks resource profile 0
2026-08-09 23:13:25,163 INFO scheduler.FairSchedulableBuilder: Added task set TaskSet_3.0 tasks to pool default
2026-08-09 23:13:25,164 INFO scheduler.TaskSetManager: Starting task 0.0 in stage 3.0 (TID 5) (10.0.0.215, executor driver, partition 0, PROCESS_LOCAL, 5030 bytes) taskResourceAssignments Map()
2026-08-09 23:13:25,164 INFO scheduler.DAGScheduler: Got job 4 (zipWithIndex at EnsembleTrainer.scala:31) with 3 output partitions
2026-08-09 23:13:25,164 INFO scheduler.DAGScheduler: Final stage: ResultStage 4 (zipWithIndex at EnsembleTrainer.scala:31)
2026-08-09 23:13:25,165 INFO scheduler.DAGScheduler: Parents of final stage: List()
2026-08-09 23:13:25,165 INFO scheduler.DAGScheduler: Missing parents: List()
2026-08-09 23:13:25,166 INFO scheduler.DAGScheduler: Submitting ResultStage 4 (MapPartitionsRDD[8] at map at HiggsLoader.scala:15), which has no missing parents
2026-08-09 23:13:25,166 INFO executor.Executor: Running task 0.0 in stage 3.0 (TID 5)
2026-08-09 23:13:25,171 INFO memory.MemoryStore: Block broadcast_6 stored as values in memory (estimated size 37.5 KiB, free 433.6 MiB)
2026-08-09 23:13:25,172 INFO memory.MemoryStore: Block broadcast_6_piece0 stored as bytes in memory (estimated size 11.7 KiB, free 433.6 MiB)
2026-08-09 23:13:25,173 INFO storage.BlockManagerInfo: Added broadcast_6_piece0 in memory on 10.0.0.215:64257 (size: 11.7 KiB, free: 434.3 MiB)
2026-08-09 23:13:25,173 INFO spark.SparkContext: Created broadcast 6 from broadcast at DAGScheduler.scala:1513
2026-08-09 23:13:25,173 INFO scheduler.DAGScheduler: Submitting 3 missing tasks from ResultStage 4 (MapPartitionsRDD[8] at map at HiggsLoader.scala:15) (first 15 tasks are for partitions Vector(0, 1, 2))
2026-08-09 23:13:25,173 INFO scheduler.TaskSchedulerImpl: Adding task set 4.0 with 3 tasks resource profile 0
2026-08-09 23:13:25,174 INFO scheduler.FairSchedulableBuilder: Added task set TaskSet_4.0 tasks to pool default
2026-08-09 23:13:25,248 INFO codegen.CodeGenerator: Code generated in 24.6915 ms
2026-08-09 23:13:25,257 INFO datasources.FileScanRDD: Reading File path: file:///Users/rudybanerjee/northeastern_work/CS6240/project/data/scaling/parquet_100k/train/part-00000-47b82643-ad03-48c2-bce1-e0f70a3cff7f-c000.snappy.parquet, range: 0-2723314, partition values: [empty row]
2026-08-09 23:13:25,257 INFO datasources.FileScanRDD: Reading File path: file:///Users/rudybanerjee/northeastern_work/CS6240/project/data/scaling/parquet_100k/train/part-00002-47b82643-ad03-48c2-bce1-e0f70a3cff7f-c000.snappy.parquet, range: 0-2722742, partition values: [empty row]
2026-08-09 23:13:25,257 INFO datasources.FileScanRDD: Reading File path: file:///Users/rudybanerjee/northeastern_work/CS6240/project/data/scaling/parquet_100k/train/part-00001-47b82643-ad03-48c2-bce1-e0f70a3cff7f-c000.snappy.parquet, range: 0-2721503, partition values: [empty row]
2026-08-09 23:13:25,373 INFO compress.CodecPool: Got brand-new decompressor [.snappy]
2026-08-09 23:13:25,373 INFO compress.CodecPool: Got brand-new decompressor [.snappy]
2026-08-09 23:13:25,373 INFO compress.CodecPool: Got brand-new decompressor [.snappy]
2026-08-09 23:13:26,045 INFO memory.MemoryStore: Block rdd_8_2 stored as values in memory (estimated size 6.7 MiB, free 426.8 MiB)
2026-08-09 23:13:26,045 INFO storage.BlockManagerInfo: Added rdd_8_2 in memory on 10.0.0.215:64257 (size: 6.7 MiB, free: 427.5 MiB)
2026-08-09 23:13:26,057 INFO memory.MemoryStore: Block rdd_8_0 stored as values in memory (estimated size 6.7 MiB, free 420.1 MiB)
2026-08-09 23:13:26,058 INFO storage.BlockManagerInfo: Added rdd_8_0 in memory on 10.0.0.215:64257 (size: 6.7 MiB, free: 420.8 MiB)
2026-08-09 23:13:26,059 WARN storage.BlockManager: Block rdd_8_0 already exists on this machine; not re-adding it
2026-08-09 23:13:26,061 INFO memory.MemoryStore: Block rdd_8_1 stored as values in memory (estimated size 6.7 MiB, free 413.3 MiB)
2026-08-09 23:13:26,062 INFO storage.BlockManagerInfo: Added rdd_8_1 in memory on 10.0.0.215:64257 (size: 6.7 MiB, free: 414.0 MiB)
2026-08-09 23:13:26,069 INFO executor.Executor: Finished task 2.0 in stage 2.0 (TID 4). 1834 bytes result sent to driver
2026-08-09 23:13:26,071 INFO scheduler.TaskSetManager: Starting task 0.0 in stage 4.0 (TID 6) (10.0.0.215, executor driver, partition 0, PROCESS_LOCAL, 5030 bytes) taskResourceAssignments Map()
2026-08-09 23:13:26,072 INFO scheduler.TaskSetManager: Finished task 2.0 in stage 2.0 (TID 4) in 920 ms on 10.0.0.215 (executor driver) (1/3)
2026-08-09 23:13:26,073 INFO executor.Executor: Running task 0.0 in stage 4.0 (TID 6)
2026-08-09 23:13:26,083 INFO executor.Executor: Finished task 0.0 in stage 2.0 (TID 2). 1791 bytes result sent to driver
2026-08-09 23:13:26,083 INFO executor.Executor: Finished task 1.0 in stage 2.0 (TID 3). 1791 bytes result sent to driver
2026-08-09 23:13:26,084 INFO executor.Executor: Finished task 0.0 in stage 3.0 (TID 5). 1791 bytes result sent to driver
2026-08-09 23:13:26,084 INFO scheduler.TaskSetManager: Starting task 1.0 in stage 3.0 (TID 7) (10.0.0.215, executor driver, partition 1, PROCESS_LOCAL, 5030 bytes) taskResourceAssignments Map()
2026-08-09 23:13:26,084 INFO scheduler.TaskSetManager: Starting task 1.0 in stage 4.0 (TID 8) (10.0.0.215, executor driver, partition 1, PROCESS_LOCAL, 5030 bytes) taskResourceAssignments Map()
2026-08-09 23:13:26,084 INFO scheduler.TaskSetManager: Finished task 0.0 in stage 2.0 (TID 2) in 934 ms on 10.0.0.215 (executor driver) (2/3)
2026-08-09 23:13:26,084 INFO executor.Executor: Running task 1.0 in stage 4.0 (TID 8)
2026-08-09 23:13:26,085 INFO executor.Executor: Running task 1.0 in stage 3.0 (TID 7)
2026-08-09 23:13:26,085 INFO scheduler.TaskSetManager: Starting task 2.0 in stage 3.0 (TID 9) (10.0.0.215, executor driver, partition 2, PROCESS_LOCAL, 5030 bytes) taskResourceAssignments Map()
2026-08-09 23:13:26,085 INFO scheduler.TaskSetManager: Finished task 0.0 in stage 3.0 (TID 5) in 921 ms on 10.0.0.215 (executor driver) (1/3)
2026-08-09 23:13:26,085 INFO executor.Executor: Running task 2.0 in stage 3.0 (TID 9)
2026-08-09 23:13:26,085 INFO scheduler.TaskSetManager: Finished task 1.0 in stage 2.0 (TID 3) in 933 ms on 10.0.0.215 (executor driver) (3/3)
2026-08-09 23:13:26,085 INFO scheduler.TaskSchedulerImpl: Removed TaskSet 2.0, whose tasks have all completed, from pool default
2026-08-09 23:13:26,085 INFO scheduler.DAGScheduler: ResultStage 2 (zipWithIndex at EnsembleTrainer.scala:31) finished in 0.970 s
2026-08-09 23:13:26,086 INFO scheduler.DAGScheduler: Job 2 is finished. Cancelling potential speculative or zombie tasks for this job
2026-08-09 23:13:26,086 INFO scheduler.TaskSchedulerImpl: Killing all running tasks in stage 2: Stage finished
2026-08-09 23:13:26,086 INFO scheduler.DAGScheduler: Job 2 finished: zipWithIndex at EnsembleTrainer.scala:31, took 0.975694 s
2026-08-09 23:13:26,086 INFO storage.BlockManager: Found block rdd_8_0 locally
2026-08-09 23:13:26,087 INFO executor.Executor: Finished task 0.0 in stage 4.0 (TID 6). 1748 bytes result sent to driver
2026-08-09 23:13:26,088 INFO storage.BlockManager: Found block rdd_8_2 locally
2026-08-09 23:13:26,088 INFO storage.BlockManager: Found block rdd_8_1 locally
2026-08-09 23:13:26,087 INFO storage.BlockManager: Found block rdd_8_1 locally
2026-08-09 23:13:26,088 INFO scheduler.TaskSetManager: Starting task 2.0 in stage 4.0 (TID 10) (10.0.0.215, executor driver, partition 2, PROCESS_LOCAL, 5030 bytes) taskResourceAssignments Map()
2026-08-09 23:13:26,091 INFO executor.Executor: Running task 2.0 in stage 4.0 (TID 10)
2026-08-09 23:13:26,091 INFO scheduler.TaskSetManager: Finished task 0.0 in stage 4.0 (TID 6) in 21 ms on 10.0.0.215 (executor driver) (1/3)
2026-08-09 23:13:26,091 INFO executor.Executor: Finished task 2.0 in stage 3.0 (TID 9). 1791 bytes result sent to driver
2026-08-09 23:13:26,092 INFO executor.Executor: Finished task 1.0 in stage 4.0 (TID 8). 1791 bytes result sent to driver
2026-08-09 23:13:26,093 INFO scheduler.TaskSetManager: Finished task 1.0 in stage 4.0 (TID 8) in 9 ms on 10.0.0.215 (executor driver) (2/3)
2026-08-09 23:13:26,093 INFO storage.BlockManager: Found block rdd_8_2 locally
2026-08-09 23:13:26,093 INFO scheduler.TaskSetManager: Finished task 2.0 in stage 3.0 (TID 9) in 8 ms on 10.0.0.215 (executor driver) (2/3)
2026-08-09 23:13:26,094 INFO executor.Executor: Finished task 1.0 in stage 3.0 (TID 7). 1791 bytes result sent to driver
2026-08-09 23:13:26,094 INFO executor.Executor: Finished task 2.0 in stage 4.0 (TID 10). 1748 bytes result sent to driver
2026-08-09 23:13:26,095 INFO scheduler.TaskSetManager: Finished task 1.0 in stage 3.0 (TID 7) in 12 ms on 10.0.0.215 (executor driver) (3/3)
2026-08-09 23:13:26,095 INFO scheduler.TaskSchedulerImpl: Removed TaskSet 3.0, whose tasks have all completed, from pool default
2026-08-09 23:13:26,095 INFO scheduler.TaskSetManager: Finished task 2.0 in stage 4.0 (TID 10) in 7 ms on 10.0.0.215 (executor driver) (3/3)
2026-08-09 23:13:26,095 INFO scheduler.TaskSchedulerImpl: Removed TaskSet 4.0, whose tasks have all completed, from pool default
2026-08-09 23:13:26,096 INFO scheduler.DAGScheduler: ResultStage 3 (zipWithIndex at EnsembleTrainer.scala:31) finished in 0.944 s
2026-08-09 23:13:26,096 INFO scheduler.DAGScheduler: Job 3 is finished. Cancelling potential speculative or zombie tasks for this job
2026-08-09 23:13:26,096 INFO scheduler.TaskSchedulerImpl: Killing all running tasks in stage 3: Stage finished
2026-08-09 23:13:26,096 INFO scheduler.DAGScheduler: Job 3 finished: zipWithIndex at EnsembleTrainer.scala:31, took 0.985981 s
2026-08-09 23:13:26,096 INFO scheduler.DAGScheduler: ResultStage 4 (zipWithIndex at EnsembleTrainer.scala:31) finished in 0.930 s
2026-08-09 23:13:26,097 INFO scheduler.DAGScheduler: Job 4 is finished. Cancelling potential speculative or zombie tasks for this job
2026-08-09 23:13:26,097 INFO scheduler.TaskSchedulerImpl: Killing all running tasks in stage 4: Stage finished
2026-08-09 23:13:26,097 INFO scheduler.DAGScheduler: Job 4 finished: zipWithIndex at EnsembleTrainer.scala:31, took 0.986596 s
2026-08-09 23:13:26,114 INFO spark.SparkContext: Starting job: collect at EnsembleTrainer.scala:45
2026-08-09 23:13:26,115 INFO spark.SparkContext: Starting job: collect at EnsembleTrainer.scala:45
2026-08-09 23:13:26,115 INFO spark.SparkContext: Starting job: collect at EnsembleTrainer.scala:45
2026-08-09 23:13:26,125 INFO scheduler.DAGScheduler: Registering RDD 27 (map at EnsembleTrainer.scala:31) as input to shuffle 0
2026-08-09 23:13:26,128 INFO scheduler.DAGScheduler: Got job 5 (collect at EnsembleTrainer.scala:45) with 10 output partitions
2026-08-09 23:13:26,128 INFO scheduler.DAGScheduler: Final stage: ResultStage 6 (collect at EnsembleTrainer.scala:45)
2026-08-09 23:13:26,128 INFO scheduler.DAGScheduler: Parents of final stage: List(ShuffleMapStage 5)
2026-08-09 23:13:26,129 INFO scheduler.DAGScheduler: Missing parents: List(ShuffleMapStage 5)
2026-08-09 23:13:26,134 INFO scheduler.DAGScheduler: Submitting ShuffleMapStage 5 (MapPartitionsRDD[27] at map at EnsembleTrainer.scala:31), which has no missing parents
2026-08-09 23:13:26,147 INFO memory.MemoryStore: Block broadcast_7 stored as values in memory (estimated size 38.5 KiB, free 413.3 MiB)
2026-08-09 23:13:26,148 INFO memory.MemoryStore: Block broadcast_7_piece0 stored as bytes in memory (estimated size 12.3 KiB, free 413.3 MiB)
2026-08-09 23:13:26,149 INFO storage.BlockManagerInfo: Added broadcast_7_piece0 in memory on 10.0.0.215:64257 (size: 12.3 KiB, free: 414.0 MiB)
2026-08-09 23:13:26,150 INFO spark.SparkContext: Created broadcast 7 from broadcast at DAGScheduler.scala:1513
2026-08-09 23:13:26,151 INFO scheduler.DAGScheduler: Submitting 4 missing tasks from ShuffleMapStage 5 (MapPartitionsRDD[27] at map at EnsembleTrainer.scala:31) (first 15 tasks are for partitions Vector(0, 1, 2, 3))
2026-08-09 23:13:26,151 INFO scheduler.TaskSchedulerImpl: Adding task set 5.0 with 4 tasks resource profile 0
2026-08-09 23:13:26,153 INFO scheduler.FairSchedulableBuilder: Added task set TaskSet_5.0 tasks to pool default
2026-08-09 23:13:26,153 INFO scheduler.DAGScheduler: Registering RDD 21 (map at EnsembleTrainer.scala:31) as input to shuffle 2
2026-08-09 23:13:26,153 INFO scheduler.DAGScheduler: Got job 6 (collect at EnsembleTrainer.scala:45) with 10 output partitions
2026-08-09 23:13:26,153 INFO scheduler.DAGScheduler: Final stage: ResultStage 8 (collect at EnsembleTrainer.scala:45)
2026-08-09 23:13:26,153 INFO scheduler.DAGScheduler: Parents of final stage: List(ShuffleMapStage 7)
2026-08-09 23:13:26,153 INFO scheduler.DAGScheduler: Missing parents: List(ShuffleMapStage 7)
2026-08-09 23:13:26,154 INFO scheduler.DAGScheduler: Submitting ShuffleMapStage 7 (MapPartitionsRDD[21] at map at EnsembleTrainer.scala:31), which has no missing parents
2026-08-09 23:13:26,161 INFO scheduler.TaskSetManager: Starting task 0.0 in stage 5.0 (TID 11) (10.0.0.215, executor driver, partition 0, PROCESS_LOCAL, 5129 bytes) taskResourceAssignments Map()
2026-08-09 23:13:26,161 INFO memory.MemoryStore: Block broadcast_8 stored as values in memory (estimated size 38.5 KiB, free 413.3 MiB)
2026-08-09 23:13:26,162 INFO scheduler.TaskSetManager: Starting task 1.0 in stage 5.0 (TID 12) (10.0.0.215, executor driver, partition 1, PROCESS_LOCAL, 5129 bytes) taskResourceAssignments Map()
2026-08-09 23:13:26,162 INFO scheduler.TaskSetManager: Starting task 2.0 in stage 5.0 (TID 13) (10.0.0.215, executor driver, partition 2, PROCESS_LOCAL, 5129 bytes) taskResourceAssignments Map()
2026-08-09 23:13:26,162 INFO storage.BlockManagerInfo: Removed broadcast_6_piece0 on 10.0.0.215:64257 in memory (size: 11.7 KiB, free: 414.0 MiB)
2026-08-09 23:13:26,163 INFO memory.MemoryStore: Block broadcast_8_piece0 stored as bytes in memory (estimated size 12.3 KiB, free 413.3 MiB)
2026-08-09 23:13:26,163 INFO scheduler.TaskSetManager: Starting task 3.0 in stage 5.0 (TID 14) (10.0.0.215, executor driver, partition 3, PROCESS_LOCAL, 5129 bytes) taskResourceAssignments Map()
2026-08-09 23:13:26,163 INFO storage.BlockManagerInfo: Added broadcast_8_piece0 in memory on 10.0.0.215:64257 (size: 12.3 KiB, free: 414.0 MiB)
2026-08-09 23:13:26,163 INFO executor.Executor: Running task 0.0 in stage 5.0 (TID 11)
2026-08-09 23:13:26,164 INFO spark.SparkContext: Created broadcast 8 from broadcast at DAGScheduler.scala:1513
2026-08-09 23:13:26,164 INFO executor.Executor: Running task 1.0 in stage 5.0 (TID 12)
2026-08-09 23:13:26,164 INFO scheduler.DAGScheduler: Submitting 4 missing tasks from ShuffleMapStage 7 (MapPartitionsRDD[21] at map at EnsembleTrainer.scala:31) (first 15 tasks are for partitions Vector(0, 1, 2, 3))
2026-08-09 23:13:26,164 INFO scheduler.TaskSchedulerImpl: Adding task set 7.0 with 4 tasks resource profile 0
2026-08-09 23:13:26,165 INFO scheduler.FairSchedulableBuilder: Added task set TaskSet_7.0 tasks to pool default
2026-08-09 23:13:26,166 INFO scheduler.DAGScheduler: Registering RDD 24 (map at EnsembleTrainer.scala:31) as input to shuffle 1
2026-08-09 23:13:26,166 INFO scheduler.DAGScheduler: Got job 7 (collect at EnsembleTrainer.scala:45) with 10 output partitions
2026-08-09 23:13:26,166 INFO scheduler.DAGScheduler: Final stage: ResultStage 10 (collect at EnsembleTrainer.scala:45)
2026-08-09 23:13:26,167 INFO scheduler.DAGScheduler: Parents of final stage: List(ShuffleMapStage 9)
2026-08-09 23:13:26,167 INFO scheduler.DAGScheduler: Missing parents: List(ShuffleMapStage 9)
2026-08-09 23:13:26,167 INFO executor.Executor: Running task 2.0 in stage 5.0 (TID 13)
2026-08-09 23:13:26,167 INFO executor.Executor: Running task 3.0 in stage 5.0 (TID 14)
2026-08-09 23:13:26,168 INFO storage.BlockManagerInfo: Removed broadcast_4_piece0 on 10.0.0.215:64257 in memory (size: 11.7 KiB, free: 414.0 MiB)
2026-08-09 23:13:26,171 INFO scheduler.DAGScheduler: Submitting ShuffleMapStage 9 (MapPartitionsRDD[24] at map at EnsembleTrainer.scala:31), which has no missing parents
2026-08-09 23:13:26,171 INFO storage.BlockManagerInfo: Removed broadcast_5_piece0 on 10.0.0.215:64257 in memory (size: 11.7 KiB, free: 414.0 MiB)
2026-08-09 23:13:26,174 INFO memory.MemoryStore: Block broadcast_9 stored as values in memory (estimated size 38.5 KiB, free 413.3 MiB)
2026-08-09 23:13:26,175 INFO memory.MemoryStore: Block broadcast_9_piece0 stored as bytes in memory (estimated size 12.3 KiB, free 413.3 MiB)
2026-08-09 23:13:26,175 INFO storage.BlockManagerInfo: Added broadcast_9_piece0 in memory on 10.0.0.215:64257 (size: 12.3 KiB, free: 414.0 MiB)
2026-08-09 23:13:26,176 INFO storage.BlockManager: Found block rdd_8_2 locally
2026-08-09 23:13:26,176 INFO storage.BlockManager: Found block rdd_8_0 locally
2026-08-09 23:13:26,177 INFO spark.SparkContext: Created broadcast 9 from broadcast at DAGScheduler.scala:1513
2026-08-09 23:13:26,177 INFO scheduler.DAGScheduler: Submitting 4 missing tasks from ShuffleMapStage 9 (MapPartitionsRDD[24] at map at EnsembleTrainer.scala:31) (first 15 tasks are for partitions Vector(0, 1, 2, 3))
2026-08-09 23:13:26,177 INFO scheduler.TaskSchedulerImpl: Adding task set 9.0 with 4 tasks resource profile 0
2026-08-09 23:13:26,178 INFO storage.BlockManager: Found block rdd_8_1 locally
2026-08-09 23:13:26,178 INFO scheduler.FairSchedulableBuilder: Added task set TaskSet_9.0 tasks to pool default
2026-08-09 23:13:26,186 INFO datasources.FileScanRDD: Reading File path: file:///Users/rudybanerjee/northeastern_work/CS6240/project/data/scaling/parquet_100k/train/part-00003-47b82643-ad03-48c2-bce1-e0f70a3cff7f-c000.snappy.parquet, range: 0-1303247, partition values: [empty row]
2026-08-09 23:13:26,265 INFO memory.MemoryStore: Block rdd_8_3 stored as values in memory (estimated size 2.7 MiB, free 410.6 MiB)
2026-08-09 23:13:26,266 INFO storage.BlockManagerInfo: Added rdd_8_3 in memory on 10.0.0.215:64257 (size: 2.7 MiB, free: 411.3 MiB)
2026-08-09 23:13:26,388 INFO executor.Executor: Finished task 3.0 in stage 5.0 (TID 14). 1998 bytes result sent to driver
2026-08-09 23:13:26,388 INFO executor.Executor: Finished task 2.0 in stage 5.0 (TID 13). 1955 bytes result sent to driver
2026-08-09 23:13:26,390 INFO scheduler.TaskSetManager: Starting task 0.0 in stage 7.0 (TID 15) (10.0.0.215, executor driver, partition 0, PROCESS_LOCAL, 5129 bytes) taskResourceAssignments Map()
2026-08-09 23:13:26,392 INFO scheduler.TaskSetManager: Starting task 0.0 in stage 9.0 (TID 16) (10.0.0.215, executor driver, partition 0, PROCESS_LOCAL, 5129 bytes) taskResourceAssignments Map()
2026-08-09 23:13:26,393 INFO executor.Executor: Running task 0.0 in stage 7.0 (TID 15)
2026-08-09 23:13:26,394 INFO scheduler.TaskSetManager: Finished task 3.0 in stage 5.0 (TID 14) in 231 ms on 10.0.0.215 (executor driver) (1/4)
2026-08-09 23:13:26,395 INFO scheduler.TaskSetManager: Finished task 2.0 in stage 5.0 (TID 13) in 233 ms on 10.0.0.215 (executor driver) (2/4)
2026-08-09 23:13:26,398 INFO executor.Executor: Running task 0.0 in stage 9.0 (TID 16)
2026-08-09 23:13:26,399 INFO storage.BlockManager: Found block rdd_8_0 locally
2026-08-09 23:13:26,405 INFO storage.BlockManager: Found block rdd_8_0 locally
2026-08-09 23:13:26,408 INFO executor.Executor: Finished task 1.0 in stage 5.0 (TID 12). 1955 bytes result sent to driver
2026-08-09 23:13:26,410 INFO scheduler.TaskSetManager: Starting task 1.0 in stage 7.0 (TID 17) (10.0.0.215, executor driver, partition 1, PROCESS_LOCAL, 5129 bytes) taskResourceAssignments Map()
2026-08-09 23:13:26,411 INFO scheduler.TaskSetManager: Finished task 1.0 in stage 5.0 (TID 12) in 250 ms on 10.0.0.215 (executor driver) (3/4)
2026-08-09 23:13:26,411 INFO executor.Executor: Running task 1.0 in stage 7.0 (TID 17)
2026-08-09 23:13:26,414 INFO executor.Executor: Finished task 0.0 in stage 5.0 (TID 11). 1955 bytes result sent to driver
2026-08-09 23:13:26,415 INFO scheduler.TaskSetManager: Starting task 1.0 in stage 9.0 (TID 18) (10.0.0.215, executor driver, partition 1, PROCESS_LOCAL, 5129 bytes) taskResourceAssignments Map()
2026-08-09 23:13:26,416 INFO scheduler.TaskSetManager: Finished task 0.0 in stage 5.0 (TID 11) in 263 ms on 10.0.0.215 (executor driver) (4/4)
2026-08-09 23:13:26,416 INFO scheduler.TaskSchedulerImpl: Removed TaskSet 5.0, whose tasks have all completed, from pool default
2026-08-09 23:13:26,416 INFO scheduler.DAGScheduler: ShuffleMapStage 5 (map at EnsembleTrainer.scala:31) finished in 0.278 s
2026-08-09 23:13:26,417 INFO executor.Executor: Running task 1.0 in stage 9.0 (TID 18)
2026-08-09 23:13:26,417 INFO scheduler.DAGScheduler: looking for newly runnable stages
2026-08-09 23:13:26,417 INFO scheduler.DAGScheduler: running: Set(ShuffleMapStage 9, ShuffleMapStage 7)
2026-08-09 23:13:26,417 INFO scheduler.DAGScheduler: waiting: Set(ResultStage 6, ResultStage 10, ResultStage 8)
2026-08-09 23:13:26,419 INFO scheduler.DAGScheduler: failed: Set()
2026-08-09 23:13:26,422 INFO storage.BlockManager: Found block rdd_8_1 locally
2026-08-09 23:13:26,422 INFO storage.BlockManager: Found block rdd_8_1 locally
2026-08-09 23:13:26,422 INFO scheduler.DAGScheduler: Submitting ResultStage 6 (MapPartitionsRDD[29] at mapPartitions at EnsembleTrainer.scala:37), which has no missing parents
2026-08-09 23:13:26,429 INFO memory.MemoryStore: Block broadcast_10 stored as values in memory (estimated size 5.4 KiB, free 410.6 MiB)
2026-08-09 23:13:26,439 INFO memory.MemoryStore: Block broadcast_10_piece0 stored as bytes in memory (estimated size 3.0 KiB, free 410.6 MiB)
2026-08-09 23:13:26,440 INFO storage.BlockManagerInfo: Added broadcast_10_piece0 in memory on 10.0.0.215:64257 (size: 3.0 KiB, free: 411.3 MiB)
2026-08-09 23:13:26,440 INFO spark.SparkContext: Created broadcast 10 from broadcast at DAGScheduler.scala:1513
2026-08-09 23:13:26,440 INFO scheduler.DAGScheduler: Submitting 10 missing tasks from ResultStage 6 (MapPartitionsRDD[29] at mapPartitions at EnsembleTrainer.scala:37) (first 15 tasks are for partitions Vector(0, 1, 2, 3, 4, 5, 6, 7, 8, 9))
2026-08-09 23:13:26,440 INFO scheduler.TaskSchedulerImpl: Adding task set 6.0 with 10 tasks resource profile 0
2026-08-09 23:13:26,442 INFO scheduler.FairSchedulableBuilder: Added task set TaskSet_6.0 tasks to pool default
2026-08-09 23:13:26,580 INFO executor.Executor: Finished task 1.0 in stage 7.0 (TID 17). 1955 bytes result sent to driver
2026-08-09 23:13:26,582 INFO scheduler.TaskSetManager: Starting task 0.0 in stage 6.0 (TID 19) (10.0.0.215, executor driver, partition 0, NODE_LOCAL, 4271 bytes) taskResourceAssignments Map()
2026-08-09 23:13:26,583 INFO scheduler.TaskSetManager: Finished task 1.0 in stage 7.0 (TID 17) in 173 ms on 10.0.0.215 (executor driver) (1/4)
2026-08-09 23:13:26,583 INFO executor.Executor: Running task 0.0 in stage 6.0 (TID 19)
2026-08-09 23:13:26,588 INFO executor.Executor: Finished task 0.0 in stage 7.0 (TID 15). 1955 bytes result sent to driver
2026-08-09 23:13:26,589 INFO scheduler.TaskSetManager: Starting task 2.0 in stage 7.0 (TID 20) (10.0.0.215, executor driver, partition 2, PROCESS_LOCAL, 5129 bytes) taskResourceAssignments Map()
2026-08-09 23:13:26,589 INFO executor.Executor: Running task 2.0 in stage 7.0 (TID 20)
2026-08-09 23:13:26,589 INFO executor.Executor: Finished task 1.0 in stage 9.0 (TID 18). 1955 bytes result sent to driver
2026-08-09 23:13:26,589 INFO scheduler.TaskSetManager: Finished task 0.0 in stage 7.0 (TID 15) in 200 ms on 10.0.0.215 (executor driver) (2/4)
2026-08-09 23:13:26,590 INFO scheduler.TaskSetManager: Starting task 1.0 in stage 6.0 (TID 21) (10.0.0.215, executor driver, partition 1, NODE_LOCAL, 4271 bytes) taskResourceAssignments Map()
2026-08-09 23:13:26,591 INFO executor.Executor: Running task 1.0 in stage 6.0 (TID 21)
2026-08-09 23:13:26,591 INFO scheduler.TaskSetManager: Finished task 1.0 in stage 9.0 (TID 18) in 177 ms on 10.0.0.215 (executor driver) (1/4)
2026-08-09 23:13:26,593 INFO storage.BlockManager: Found block rdd_8_2 locally
2026-08-09 23:13:26,594 INFO executor.Executor: Finished task 0.0 in stage 9.0 (TID 16). 1955 bytes result sent to driver
2026-08-09 23:13:26,595 INFO scheduler.TaskSetManager: Starting task 2.0 in stage 9.0 (TID 22) (10.0.0.215, executor driver, partition 2, PROCESS_LOCAL, 5129 bytes) taskResourceAssignments Map()
2026-08-09 23:13:26,595 INFO scheduler.TaskSetManager: Finished task 0.0 in stage 9.0 (TID 16) in 204 ms on 10.0.0.215 (executor driver) (2/4)
2026-08-09 23:13:26,596 INFO executor.Executor: Running task 2.0 in stage 9.0 (TID 22)
2026-08-09 23:13:26,599 INFO storage.BlockManager: Found block rdd_8_2 locally
2026-08-09 23:13:26,613 INFO storage.ShuffleBlockFetcherIterator: Getting 4 (1549.3 KiB) non-empty blocks including 4 (1549.3 KiB) local and 0 (0.0 B) host-local and 0 (0.0 B) push-merged-local and 0 (0.0 B) remote blocks
2026-08-09 23:13:26,613 INFO storage.ShuffleBlockFetcherIterator: Getting 4 (1549.3 KiB) non-empty blocks including 4 (1549.3 KiB) local and 0 (0.0 B) host-local and 0 (0.0 B) push-merged-local and 0 (0.0 B) remote blocks
2026-08-09 23:13:26,615 INFO storage.ShuffleBlockFetcherIterator: Started 0 remote fetches in 13 ms
2026-08-09 23:13:26,615 INFO storage.ShuffleBlockFetcherIterator: Started 0 remote fetches in 13 ms
2026-08-09 23:13:26,676 INFO executor.Executor: Finished task 2.0 in stage 7.0 (TID 20). 1912 bytes result sent to driver
2026-08-09 23:13:26,678 INFO scheduler.TaskSetManager: Starting task 3.0 in stage 7.0 (TID 23) (10.0.0.215, executor driver, partition 3, PROCESS_LOCAL, 5129 bytes) taskResourceAssignments Map()
2026-08-09 23:13:26,679 INFO scheduler.TaskSetManager: Finished task 2.0 in stage 7.0 (TID 20) in 89 ms on 10.0.0.215 (executor driver) (3/4)
2026-08-09 23:13:26,680 INFO executor.Executor: Running task 3.0 in stage 7.0 (TID 23)
2026-08-09 23:13:26,683 INFO storage.BlockManager: Found block rdd_8_3 locally
2026-08-09 23:13:26,684 INFO executor.Executor: Finished task 2.0 in stage 9.0 (TID 22). 1912 bytes result sent to driver
2026-08-09 23:13:26,686 INFO scheduler.TaskSetManager: Starting task 3.0 in stage 9.0 (TID 24) (10.0.0.215, executor driver, partition 3, PROCESS_LOCAL, 5129 bytes) taskResourceAssignments Map()
2026-08-09 23:13:26,686 INFO scheduler.TaskSetManager: Finished task 2.0 in stage 9.0 (TID 22) in 91 ms on 10.0.0.215 (executor driver) (3/4)
2026-08-09 23:13:26,687 INFO executor.Executor: Running task 3.0 in stage 9.0 (TID 24)
2026-08-09 23:13:26,689 INFO storage.BlockManager: Found block rdd_8_3 locally
2026-08-09 23:13:26,720 INFO executor.Executor: Finished task 3.0 in stage 7.0 (TID 23). 1955 bytes result sent to driver
2026-08-09 23:13:26,720 INFO scheduler.TaskSetManager: Starting task 2.0 in stage 6.0 (TID 25) (10.0.0.215, executor driver, partition 2, NODE_LOCAL, 4271 bytes) taskResourceAssignments Map()
2026-08-09 23:13:26,721 INFO scheduler.TaskSetManager: Finished task 3.0 in stage 7.0 (TID 23) in 44 ms on 10.0.0.215 (executor driver) (4/4)
2026-08-09 23:13:26,721 INFO scheduler.TaskSchedulerImpl: Removed TaskSet 7.0, whose tasks have all completed, from pool default
2026-08-09 23:13:26,721 INFO executor.Executor: Running task 2.0 in stage 6.0 (TID 25)
2026-08-09 23:13:26,721 INFO scheduler.DAGScheduler: ShuffleMapStage 7 (map at EnsembleTrainer.scala:31) finished in 0.562 s
2026-08-09 23:13:26,722 INFO scheduler.DAGScheduler: looking for newly runnable stages
2026-08-09 23:13:26,722 INFO scheduler.DAGScheduler: running: Set(ShuffleMapStage 9, ResultStage 6)
2026-08-09 23:13:26,722 INFO scheduler.DAGScheduler: waiting: Set(ResultStage 10, ResultStage 8)
2026-08-09 23:13:26,722 INFO scheduler.DAGScheduler: failed: Set()
2026-08-09 23:13:26,722 INFO scheduler.DAGScheduler: Submitting ResultStage 8 (MapPartitionsRDD[23] at mapPartitions at EnsembleTrainer.scala:37), which has no missing parents
2026-08-09 23:13:26,725 INFO memory.MemoryStore: Block broadcast_11 stored as values in memory (estimated size 5.4 KiB, free 410.6 MiB)
2026-08-09 23:13:26,727 INFO memory.MemoryStore: Block broadcast_11_piece0 stored as bytes in memory (estimated size 3.0 KiB, free 410.6 MiB)
2026-08-09 23:13:26,727 INFO storage.ShuffleBlockFetcherIterator: Getting 4 (1549.3 KiB) non-empty blocks including 4 (1549.3 KiB) local and 0 (0.0 B) host-local and 0 (0.0 B) push-merged-local and 0 (0.0 B) remote blocks
2026-08-09 23:13:26,727 INFO storage.BlockManagerInfo: Added broadcast_11_piece0 in memory on 10.0.0.215:64257 (size: 3.0 KiB, free: 411.3 MiB)
2026-08-09 23:13:26,728 INFO storage.ShuffleBlockFetcherIterator: Started 0 remote fetches in 0 ms
2026-08-09 23:13:26,728 INFO spark.SparkContext: Created broadcast 11 from broadcast at DAGScheduler.scala:1513
2026-08-09 23:13:26,728 INFO scheduler.DAGScheduler: Submitting 10 missing tasks from ResultStage 8 (MapPartitionsRDD[23] at mapPartitions at EnsembleTrainer.scala:37) (first 15 tasks are for partitions Vector(0, 1, 2, 3, 4, 5, 6, 7, 8, 9))
2026-08-09 23:13:26,729 INFO scheduler.TaskSchedulerImpl: Adding task set 8.0 with 10 tasks resource profile 0
2026-08-09 23:13:26,729 INFO scheduler.FairSchedulableBuilder: Added task set TaskSet_8.0 tasks to pool default
2026-08-09 23:13:26,732 INFO executor.Executor: Finished task 3.0 in stage 9.0 (TID 24). 1955 bytes result sent to driver
2026-08-09 23:13:26,733 INFO scheduler.TaskSetManager: Starting task 0.0 in stage 8.0 (TID 26) (10.0.0.215, executor driver, partition 0, NODE_LOCAL, 4271 bytes) taskResourceAssignments Map()
2026-08-09 23:13:26,734 INFO scheduler.TaskSetManager: Finished task 3.0 in stage 9.0 (TID 24) in 49 ms on 10.0.0.215 (executor driver) (4/4)
2026-08-09 23:13:26,734 INFO scheduler.TaskSchedulerImpl: Removed TaskSet 9.0, whose tasks have all completed, from pool default
2026-08-09 23:13:26,734 INFO executor.Executor: Running task 0.0 in stage 8.0 (TID 26)
2026-08-09 23:13:26,734 INFO scheduler.DAGScheduler: ShuffleMapStage 9 (map at EnsembleTrainer.scala:31) finished in 0.562 s
2026-08-09 23:13:26,735 INFO scheduler.DAGScheduler: looking for newly runnable stages
2026-08-09 23:13:26,735 INFO scheduler.DAGScheduler: running: Set(ResultStage 6, ResultStage 8)
2026-08-09 23:13:26,735 INFO scheduler.DAGScheduler: waiting: Set(ResultStage 10)
2026-08-09 23:13:26,735 INFO scheduler.DAGScheduler: failed: Set()
2026-08-09 23:13:26,735 INFO scheduler.DAGScheduler: Submitting ResultStage 10 (MapPartitionsRDD[26] at mapPartitions at EnsembleTrainer.scala:37), which has no missing parents
2026-08-09 23:13:26,739 INFO memory.MemoryStore: Block broadcast_12 stored as values in memory (estimated size 5.4 KiB, free 410.6 MiB)
2026-08-09 23:13:26,740 INFO memory.MemoryStore: Block broadcast_12_piece0 stored as bytes in memory (estimated size 3.0 KiB, free 410.6 MiB)
2026-08-09 23:13:26,740 INFO storage.BlockManagerInfo: Added broadcast_12_piece0 in memory on 10.0.0.215:64257 (size: 3.0 KiB, free: 411.3 MiB)
2026-08-09 23:13:26,742 INFO spark.SparkContext: Created broadcast 12 from broadcast at DAGScheduler.scala:1513
2026-08-09 23:13:26,742 INFO storage.ShuffleBlockFetcherIterator: Getting 4 (1549.3 KiB) non-empty blocks including 4 (1549.3 KiB) local and 0 (0.0 B) host-local and 0 (0.0 B) push-merged-local and 0 (0.0 B) remote blocks
2026-08-09 23:13:26,742 INFO storage.ShuffleBlockFetcherIterator: Started 0 remote fetches in 1 ms
2026-08-09 23:13:26,742 INFO scheduler.DAGScheduler: Submitting 10 missing tasks from ResultStage 10 (MapPartitionsRDD[26] at mapPartitions at EnsembleTrainer.scala:37) (first 15 tasks are for partitions Vector(0, 1, 2, 3, 4, 5, 6, 7, 8, 9))
2026-08-09 23:13:26,743 INFO scheduler.TaskSchedulerImpl: Adding task set 10.0 with 10 tasks resource profile 0
2026-08-09 23:13:26,743 INFO scheduler.FairSchedulableBuilder: Added task set TaskSet_10.0 tasks to pool default
2026-08-09 23:13:27,056 INFO executor.Executor: Finished task 0.0 in stage 6.0 (TID 19). 8715 bytes result sent to driver
2026-08-09 23:13:27,058 INFO executor.Executor: Finished task 1.0 in stage 6.0 (TID 21). 8715 bytes result sent to driver
2026-08-09 23:13:27,058 INFO scheduler.TaskSetManager: Starting task 0.0 in stage 10.0 (TID 27) (10.0.0.215, executor driver, partition 0, NODE_LOCAL, 4271 bytes) taskResourceAssignments Map()
2026-08-09 23:13:27,059 INFO executor.Executor: Finished task 2.0 in stage 6.0 (TID 25). 8416 bytes result sent to driver
2026-08-09 23:13:27,059 INFO scheduler.TaskSetManager: Starting task 1.0 in stage 10.0 (TID 28) (10.0.0.215, executor driver, partition 1, NODE_LOCAL, 4271 bytes) taskResourceAssignments Map()
2026-08-09 23:13:27,059 INFO executor.Executor: Running task 0.0 in stage 10.0 (TID 27)
2026-08-09 23:13:27,060 INFO executor.Executor: Running task 1.0 in stage 10.0 (TID 28)
2026-08-09 23:13:27,061 INFO scheduler.TaskSetManager: Starting task 3.0 in stage 6.0 (TID 29) (10.0.0.215, executor driver, partition 3, NODE_LOCAL, 4271 bytes) taskResourceAssignments Map()
2026-08-09 23:13:27,062 INFO executor.Executor: Running task 3.0 in stage 6.0 (TID 29)
2026-08-09 23:13:27,064 INFO scheduler.TaskSetManager: Finished task 0.0 in stage 6.0 (TID 19) in 483 ms on 10.0.0.215 (executor driver) (1/10)
2026-08-09 23:13:27,064 INFO scheduler.TaskSetManager: Finished task 1.0 in stage 6.0 (TID 21) in 474 ms on 10.0.0.215 (executor driver) (2/10)
2026-08-09 23:13:27,064 INFO scheduler.TaskSetManager: Finished task 2.0 in stage 6.0 (TID 25) in 344 ms on 10.0.0.215 (executor driver) (3/10)
2026-08-09 23:13:27,065 INFO storage.ShuffleBlockFetcherIterator: Getting 4 (1549.3 KiB) non-empty blocks including 4 (1549.3 KiB) local and 0 (0.0 B) host-local and 0 (0.0 B) push-merged-local and 0 (0.0 B) remote blocks
2026-08-09 23:13:27,065 INFO storage.ShuffleBlockFetcherIterator: Started 0 remote fetches in 1 ms
2026-08-09 23:13:27,069 INFO storage.ShuffleBlockFetcherIterator: Getting 4 (1549.3 KiB) non-empty blocks including 4 (1549.3 KiB) local and 0 (0.0 B) host-local and 0 (0.0 B) push-merged-local and 0 (0.0 B) remote blocks
2026-08-09 23:13:27,069 INFO storage.ShuffleBlockFetcherIterator: Started 0 remote fetches in 1 ms
2026-08-09 23:13:27,072 INFO storage.ShuffleBlockFetcherIterator: Getting 4 (1549.3 KiB) non-empty blocks including 4 (1549.3 KiB) local and 0 (0.0 B) host-local and 0 (0.0 B) push-merged-local and 0 (0.0 B) remote blocks
2026-08-09 23:13:27,072 INFO storage.ShuffleBlockFetcherIterator: Started 0 remote fetches in 1 ms
2026-08-09 23:13:27,078 INFO executor.Executor: Finished task 0.0 in stage 8.0 (TID 26). 12004 bytes result sent to driver
2026-08-09 23:13:27,078 INFO scheduler.TaskSetManager: Starting task 1.0 in stage 8.0 (TID 30) (10.0.0.215, executor driver, partition 1, NODE_LOCAL, 4271 bytes) taskResourceAssignments Map()
2026-08-09 23:13:27,079 INFO executor.Executor: Running task 1.0 in stage 8.0 (TID 30)
2026-08-09 23:13:27,080 INFO scheduler.TaskSetManager: Finished task 0.0 in stage 8.0 (TID 26) in 347 ms on 10.0.0.215 (executor driver) (1/10)
2026-08-09 23:13:27,085 INFO storage.ShuffleBlockFetcherIterator: Getting 4 (1549.3 KiB) non-empty blocks including 4 (1549.3 KiB) local and 0 (0.0 B) host-local and 0 (0.0 B) push-merged-local and 0 (0.0 B) remote blocks
2026-08-09 23:13:27,085 INFO storage.ShuffleBlockFetcherIterator: Started 0 remote fetches in 1 ms
2026-08-09 23:13:27,213 INFO executor.Executor: Finished task 0.0 in stage 10.0 (TID 27). 6250 bytes result sent to driver
2026-08-09 23:13:27,214 INFO scheduler.TaskSetManager: Starting task 2.0 in stage 10.0 (TID 31) (10.0.0.215, executor driver, partition 2, NODE_LOCAL, 4271 bytes) taskResourceAssignments Map()
2026-08-09 23:13:27,214 INFO executor.Executor: Finished task 1.0 in stage 10.0 (TID 28). 6207 bytes result sent to driver
2026-08-09 23:13:27,215 INFO scheduler.TaskSetManager: Starting task 3.0 in stage 10.0 (TID 32) (10.0.0.215, executor driver, partition 3, NODE_LOCAL, 4271 bytes) taskResourceAssignments Map()
2026-08-09 23:13:27,215 INFO scheduler.TaskSetManager: Finished task 0.0 in stage 10.0 (TID 27) in 157 ms on 10.0.0.215 (executor driver) (1/10)
2026-08-09 23:13:27,215 INFO scheduler.TaskSetManager: Finished task 1.0 in stage 10.0 (TID 28) in 156 ms on 10.0.0.215 (executor driver) (2/10)
2026-08-09 23:13:27,216 INFO executor.Executor: Running task 3.0 in stage 10.0 (TID 32)
2026-08-09 23:13:27,216 INFO executor.Executor: Running task 2.0 in stage 10.0 (TID 31)
2026-08-09 23:13:27,222 INFO storage.ShuffleBlockFetcherIterator: Getting 4 (1549.3 KiB) non-empty blocks including 4 (1549.3 KiB) local and 0 (0.0 B) host-local and 0 (0.0 B) push-merged-local and 0 (0.0 B) remote blocks
2026-08-09 23:13:27,222 INFO storage.ShuffleBlockFetcherIterator: Getting 4 (1549.3 KiB) non-empty blocks including 4 (1549.3 KiB) local and 0 (0.0 B) host-local and 0 (0.0 B) push-merged-local and 0 (0.0 B) remote blocks
2026-08-09 23:13:27,223 INFO storage.ShuffleBlockFetcherIterator: Started 0 remote fetches in 2 ms
2026-08-09 23:13:27,223 INFO storage.ShuffleBlockFetcherIterator: Started 0 remote fetches in 2 ms
2026-08-09 23:13:27,227 INFO executor.Executor: Finished task 3.0 in stage 6.0 (TID 29). 8459 bytes result sent to driver
2026-08-09 23:13:27,228 INFO scheduler.TaskSetManager: Starting task 4.0 in stage 6.0 (TID 33) (10.0.0.215, executor driver, partition 4, NODE_LOCAL, 4271 bytes) taskResourceAssignments Map()
2026-08-09 23:13:27,228 INFO executor.Executor: Running task 4.0 in stage 6.0 (TID 33)
2026-08-09 23:13:27,230 INFO scheduler.TaskSetManager: Finished task 3.0 in stage 6.0 (TID 29) in 170 ms on 10.0.0.215 (executor driver) (4/10)
2026-08-09 23:13:27,231 INFO storage.ShuffleBlockFetcherIterator: Getting 4 (1549.3 KiB) non-empty blocks including 4 (1549.3 KiB) local and 0 (0.0 B) host-local and 0 (0.0 B) push-merged-local and 0 (0.0 B) remote blocks
2026-08-09 23:13:27,231 INFO storage.ShuffleBlockFetcherIterator: Started 0 remote fetches in 0 ms
2026-08-09 23:13:27,232 INFO executor.Executor: Finished task 1.0 in stage 8.0 (TID 30). 12327 bytes result sent to driver
2026-08-09 23:13:27,233 INFO scheduler.TaskSetManager: Starting task 2.0 in stage 8.0 (TID 34) (10.0.0.215, executor driver, partition 2, NODE_LOCAL, 4271 bytes) taskResourceAssignments Map()
2026-08-09 23:13:27,234 INFO executor.Executor: Running task 2.0 in stage 8.0 (TID 34)
2026-08-09 23:13:27,234 INFO scheduler.TaskSetManager: Finished task 1.0 in stage 8.0 (TID 30) in 156 ms on 10.0.0.215 (executor driver) (2/10)
2026-08-09 23:13:27,237 INFO storage.ShuffleBlockFetcherIterator: Getting 4 (1549.3 KiB) non-empty blocks including 4 (1549.3 KiB) local and 0 (0.0 B) host-local and 0 (0.0 B) push-merged-local and 0 (0.0 B) remote blocks
2026-08-09 23:13:27,237 INFO storage.ShuffleBlockFetcherIterator: Started 0 remote fetches in 0 ms
2026-08-09 23:13:27,323 INFO executor.Executor: Finished task 2.0 in stage 10.0 (TID 31). 6277 bytes result sent to driver
2026-08-09 23:13:27,323 INFO scheduler.TaskSetManager: Starting task 4.0 in stage 10.0 (TID 35) (10.0.0.215, executor driver, partition 4, NODE_LOCAL, 4271 bytes) taskResourceAssignments Map()
2026-08-09 23:13:27,324 INFO scheduler.TaskSetManager: Finished task 2.0 in stage 10.0 (TID 31) in 110 ms on 10.0.0.215 (executor driver) (3/10)
2026-08-09 23:13:27,324 INFO executor.Executor: Running task 4.0 in stage 10.0 (TID 35)
2026-08-09 23:13:27,327 INFO storage.ShuffleBlockFetcherIterator: Getting 4 (1549.3 KiB) non-empty blocks including 4 (1549.3 KiB) local and 0 (0.0 B) host-local and 0 (0.0 B) push-merged-local and 0 (0.0 B) remote blocks
2026-08-09 23:13:27,327 INFO storage.ShuffleBlockFetcherIterator: Started 0 remote fetches in 0 ms
2026-08-09 23:13:27,346 INFO executor.Executor: Finished task 3.0 in stage 10.0 (TID 32). 6137 bytes result sent to driver
2026-08-09 23:13:27,347 INFO executor.Executor: Finished task 2.0 in stage 8.0 (TID 34). 12047 bytes result sent to driver
2026-08-09 23:13:27,348 INFO scheduler.TaskSetManager: Starting task 5.0 in stage 10.0 (TID 36) (10.0.0.215, executor driver, partition 5, NODE_LOCAL, 4271 bytes) taskResourceAssignments Map()
2026-08-09 23:13:27,349 INFO scheduler.TaskSetManager: Starting task 3.0 in stage 8.0 (TID 37) (10.0.0.215, executor driver, partition 3, NODE_LOCAL, 4271 bytes) taskResourceAssignments Map()
2026-08-09 23:13:27,349 INFO scheduler.TaskSetManager: Finished task 3.0 in stage 10.0 (TID 32) in 134 ms on 10.0.0.215 (executor driver) (4/10)
2026-08-09 23:13:27,349 INFO executor.Executor: Running task 5.0 in stage 10.0 (TID 36)
2026-08-09 23:13:27,349 INFO executor.Executor: Running task 3.0 in stage 8.0 (TID 37)
2026-08-09 23:13:27,350 INFO scheduler.TaskSetManager: Finished task 2.0 in stage 8.0 (TID 34) in 117 ms on 10.0.0.215 (executor driver) (3/10)
2026-08-09 23:13:27,352 INFO executor.Executor: Finished task 4.0 in stage 6.0 (TID 33). 8672 bytes result sent to driver
2026-08-09 23:13:27,352 INFO storage.ShuffleBlockFetcherIterator: Getting 4 (1549.3 KiB) non-empty blocks including 4 (1549.3 KiB) local and 0 (0.0 B) host-local and 0 (0.0 B) push-merged-local and 0 (0.0 B) remote blocks
2026-08-09 23:13:27,352 INFO storage.ShuffleBlockFetcherIterator: Started 0 remote fetches in 0 ms
2026-08-09 23:13:27,352 INFO storage.ShuffleBlockFetcherIterator: Getting 4 (1549.3 KiB) non-empty blocks including 4 (1549.3 KiB) local and 0 (0.0 B) host-local and 0 (0.0 B) push-merged-local and 0 (0.0 B) remote blocks
2026-08-09 23:13:27,353 INFO storage.ShuffleBlockFetcherIterator: Started 0 remote fetches in 0 ms
2026-08-09 23:13:27,353 INFO scheduler.TaskSetManager: Starting task 5.0 in stage 6.0 (TID 38) (10.0.0.215, executor driver, partition 5, NODE_LOCAL, 4271 bytes) taskResourceAssignments Map()
2026-08-09 23:13:27,354 INFO executor.Executor: Running task 5.0 in stage 6.0 (TID 38)
2026-08-09 23:13:27,354 INFO scheduler.TaskSetManager: Finished task 4.0 in stage 6.0 (TID 33) in 126 ms on 10.0.0.215 (executor driver) (5/10)
2026-08-09 23:13:27,358 INFO storage.ShuffleBlockFetcherIterator: Getting 4 (1549.3 KiB) non-empty blocks including 4 (1549.3 KiB) local and 0 (0.0 B) host-local and 0 (0.0 B) push-merged-local and 0 (0.0 B) remote blocks
2026-08-09 23:13:27,358 INFO storage.ShuffleBlockFetcherIterator: Started 0 remote fetches in 0 ms
2026-08-09 23:13:27,394 INFO executor.Executor: Finished task 4.0 in stage 10.0 (TID 35). 6234 bytes result sent to driver
2026-08-09 23:13:27,396 INFO scheduler.TaskSetManager: Starting task 6.0 in stage 10.0 (TID 39) (10.0.0.215, executor driver, partition 6, NODE_LOCAL, 4271 bytes) taskResourceAssignments Map()
2026-08-09 23:13:27,396 INFO scheduler.TaskSetManager: Finished task 4.0 in stage 10.0 (TID 35) in 73 ms on 10.0.0.215 (executor driver) (5/10)
2026-08-09 23:13:27,397 INFO executor.Executor: Running task 6.0 in stage 10.0 (TID 39)
2026-08-09 23:13:27,401 INFO storage.ShuffleBlockFetcherIterator: Getting 4 (1549.3 KiB) non-empty blocks including 4 (1549.3 KiB) local and 0 (0.0 B) host-local and 0 (0.0 B) push-merged-local and 0 (0.0 B) remote blocks
2026-08-09 23:13:27,402 INFO storage.ShuffleBlockFetcherIterator: Started 0 remote fetches in 0 ms
2026-08-09 23:13:27,458 INFO executor.Executor: Finished task 5.0 in stage 6.0 (TID 38). 8247 bytes result sent to driver
2026-08-09 23:13:27,459 INFO executor.Executor: Finished task 5.0 in stage 10.0 (TID 36). 6207 bytes result sent to driver
2026-08-09 23:13:27,459 INFO scheduler.TaskSetManager: Starting task 6.0 in stage 6.0 (TID 40) (10.0.0.215, executor driver, partition 6, NODE_LOCAL, 4271 bytes) taskResourceAssignments Map()
2026-08-09 23:13:27,460 INFO scheduler.TaskSetManager: Starting task 7.0 in stage 10.0 (TID 41) (10.0.0.215, executor driver, partition 7, NODE_LOCAL, 4271 bytes) taskResourceAssignments Map()
2026-08-09 23:13:27,460 INFO scheduler.TaskSetManager: Finished task 5.0 in stage 6.0 (TID 38) in 107 ms on 10.0.0.215 (executor driver) (6/10)
2026-08-09 23:13:27,461 INFO scheduler.TaskSetManager: Finished task 5.0 in stage 10.0 (TID 36) in 114 ms on 10.0.0.215 (executor driver) (6/10)
2026-08-09 23:13:27,461 INFO executor.Executor: Running task 7.0 in stage 10.0 (TID 41)
2026-08-09 23:13:27,461 INFO executor.Executor: Running task 6.0 in stage 6.0 (TID 40)
2026-08-09 23:13:27,463 INFO storage.ShuffleBlockFetcherIterator: Getting 4 (1549.3 KiB) non-empty blocks including 4 (1549.3 KiB) local and 0 (0.0 B) host-local and 0 (0.0 B) push-merged-local and 0 (0.0 B) remote blocks
2026-08-09 23:13:27,463 INFO storage.ShuffleBlockFetcherIterator: Started 0 remote fetches in 0 ms
2026-08-09 23:13:27,466 INFO storage.ShuffleBlockFetcherIterator: Getting 4 (1549.3 KiB) non-empty blocks including 4 (1549.3 KiB) local and 0 (0.0 B) host-local and 0 (0.0 B) push-merged-local and 0 (0.0 B) remote blocks
2026-08-09 23:13:27,466 INFO storage.ShuffleBlockFetcherIterator: Started 0 remote fetches in 0 ms
2026-08-09 23:13:27,466 INFO executor.Executor: Finished task 6.0 in stage 10.0 (TID 39). 6137 bytes result sent to driver
2026-08-09 23:13:27,467 INFO scheduler.TaskSetManager: Starting task 8.0 in stage 10.0 (TID 42) (10.0.0.215, executor driver, partition 8, NODE_LOCAL, 4271 bytes) taskResourceAssignments Map()
2026-08-09 23:13:27,467 INFO executor.Executor: Running task 8.0 in stage 10.0 (TID 42)
2026-08-09 23:13:27,468 INFO scheduler.TaskSetManager: Finished task 6.0 in stage 10.0 (TID 39) in 73 ms on 10.0.0.215 (executor driver) (7/10)
2026-08-09 23:13:27,471 INFO storage.ShuffleBlockFetcherIterator: Getting 4 (1549.3 KiB) non-empty blocks including 4 (1549.3 KiB) local and 0 (0.0 B) host-local and 0 (0.0 B) push-merged-local and 0 (0.0 B) remote blocks
2026-08-09 23:13:27,471 INFO storage.ShuffleBlockFetcherIterator: Started 0 remote fetches in 0 ms
2026-08-09 23:13:27,480 INFO executor.Executor: Finished task 3.0 in stage 8.0 (TID 37). 12117 bytes result sent to driver
2026-08-09 23:13:27,482 INFO scheduler.TaskSetManager: Starting task 4.0 in stage 8.0 (TID 43) (10.0.0.215, executor driver, partition 4, NODE_LOCAL, 4271 bytes) taskResourceAssignments Map()
2026-08-09 23:13:27,483 INFO executor.Executor: Running task 4.0 in stage 8.0 (TID 43)
2026-08-09 23:13:27,483 INFO scheduler.TaskSetManager: Finished task 3.0 in stage 8.0 (TID 37) in 134 ms on 10.0.0.215 (executor driver) (4/10)
2026-08-09 23:13:27,485 INFO storage.ShuffleBlockFetcherIterator: Getting 4 (1549.3 KiB) non-empty blocks including 4 (1549.3 KiB) local and 0 (0.0 B) host-local and 0 (0.0 B) push-merged-local and 0 (0.0 B) remote blocks
2026-08-09 23:13:27,485 INFO storage.ShuffleBlockFetcherIterator: Started 0 remote fetches in 0 ms
2026-08-09 23:13:27,533 INFO executor.Executor: Finished task 6.0 in stage 6.0 (TID 40). 8443 bytes result sent to driver
2026-08-09 23:13:27,534 INFO scheduler.TaskSetManager: Starting task 7.0 in stage 6.0 (TID 44) (10.0.0.215, executor driver, partition 7, NODE_LOCAL, 4271 bytes) taskResourceAssignments Map()
2026-08-09 23:13:27,535 INFO scheduler.TaskSetManager: Finished task 6.0 in stage 6.0 (TID 40) in 76 ms on 10.0.0.215 (executor driver) (7/10)
2026-08-09 23:13:27,535 INFO executor.Executor: Running task 7.0 in stage 6.0 (TID 44)
2026-08-09 23:13:27,539 INFO storage.ShuffleBlockFetcherIterator: Getting 4 (1549.3 KiB) non-empty blocks including 4 (1549.3 KiB) local and 0 (0.0 B) host-local and 0 (0.0 B) push-merged-local and 0 (0.0 B) remote blocks
2026-08-09 23:13:27,539 INFO storage.ShuffleBlockFetcherIterator: Started 0 remote fetches in 0 ms
2026-08-09 23:13:27,551 INFO executor.Executor: Finished task 7.0 in stage 10.0 (TID 41). 6234 bytes result sent to driver
2026-08-09 23:13:27,552 INFO scheduler.TaskSetManager: Starting task 9.0 in stage 10.0 (TID 45) (10.0.0.215, executor driver, partition 9, NODE_LOCAL, 4271 bytes) taskResourceAssignments Map()
2026-08-09 23:13:27,552 INFO scheduler.TaskSetManager: Finished task 7.0 in stage 10.0 (TID 41) in 92 ms on 10.0.0.215 (executor driver) (8/10)
2026-08-09 23:13:27,553 INFO executor.Executor: Running task 9.0 in stage 10.0 (TID 45)
2026-08-09 23:13:27,556 INFO executor.Executor: Finished task 8.0 in stage 10.0 (TID 42). 6094 bytes result sent to driver
2026-08-09 23:13:27,556 INFO storage.ShuffleBlockFetcherIterator: Getting 4 (1549.3 KiB) non-empty blocks including 4 (1549.3 KiB) local and 0 (0.0 B) host-local and 0 (0.0 B) push-merged-local and 0 (0.0 B) remote blocks
2026-08-09 23:13:27,556 INFO storage.ShuffleBlockFetcherIterator: Started 0 remote fetches in 0 ms
2026-08-09 23:13:27,556 INFO scheduler.TaskSetManager: Starting task 8.0 in stage 6.0 (TID 46) (10.0.0.215, executor driver, partition 8, NODE_LOCAL, 4271 bytes) taskResourceAssignments Map()
2026-08-09 23:13:27,557 INFO executor.Executor: Running task 8.0 in stage 6.0 (TID 46)
2026-08-09 23:13:27,557 INFO scheduler.TaskSetManager: Finished task 8.0 in stage 10.0 (TID 42) in 91 ms on 10.0.0.215 (executor driver) (9/10)
2026-08-09 23:13:27,563 INFO storage.ShuffleBlockFetcherIterator: Getting 4 (1549.3 KiB) non-empty blocks including 4 (1549.3 KiB) local and 0 (0.0 B) host-local and 0 (0.0 B) push-merged-local and 0 (0.0 B) remote blocks
2026-08-09 23:13:27,563 INFO storage.ShuffleBlockFetcherIterator: Started 0 remote fetches in 0 ms
2026-08-09 23:13:27,569 INFO executor.Executor: Finished task 4.0 in stage 8.0 (TID 43). 12397 bytes result sent to driver
2026-08-09 23:13:27,570 INFO scheduler.TaskSetManager: Starting task 5.0 in stage 8.0 (TID 47) (10.0.0.215, executor driver, partition 5, NODE_LOCAL, 4271 bytes) taskResourceAssignments Map()
2026-08-09 23:13:27,570 INFO executor.Executor: Running task 5.0 in stage 8.0 (TID 47)
2026-08-09 23:13:27,570 INFO scheduler.TaskSetManager: Finished task 4.0 in stage 8.0 (TID 43) in 89 ms on 10.0.0.215 (executor driver) (5/10)
2026-08-09 23:13:27,572 INFO storage.ShuffleBlockFetcherIterator: Getting 4 (1549.3 KiB) non-empty blocks including 4 (1549.3 KiB) local and 0 (0.0 B) host-local and 0 (0.0 B) push-merged-local and 0 (0.0 B) remote blocks
2026-08-09 23:13:27,572 INFO storage.ShuffleBlockFetcherIterator: Started 0 remote fetches in 1 ms
2026-08-09 23:13:27,602 INFO executor.Executor: Finished task 7.0 in stage 6.0 (TID 44). 8672 bytes result sent to driver
2026-08-09 23:13:27,603 INFO scheduler.TaskSetManager: Starting task 9.0 in stage 6.0 (TID 48) (10.0.0.215, executor driver, partition 9, NODE_LOCAL, 4271 bytes) taskResourceAssignments Map()
2026-08-09 23:13:27,603 INFO executor.Executor: Running task 9.0 in stage 6.0 (TID 48)
2026-08-09 23:13:27,603 INFO scheduler.TaskSetManager: Finished task 7.0 in stage 6.0 (TID 44) in 69 ms on 10.0.0.215 (executor driver) (8/10)
2026-08-09 23:13:27,605 INFO storage.ShuffleBlockFetcherIterator: Getting 4 (1549.3 KiB) non-empty blocks including 4 (1549.3 KiB) local and 0 (0.0 B) host-local and 0 (0.0 B) push-merged-local and 0 (0.0 B) remote blocks
2026-08-09 23:13:27,606 INFO storage.ShuffleBlockFetcherIterator: Started 0 remote fetches in 0 ms
2026-08-09 23:13:27,630 INFO executor.Executor: Finished task 8.0 in stage 6.0 (TID 46). 8742 bytes result sent to driver
2026-08-09 23:13:27,631 INFO scheduler.TaskSetManager: Starting task 6.0 in stage 8.0 (TID 49) (10.0.0.215, executor driver, partition 6, NODE_LOCAL, 4271 bytes) taskResourceAssignments Map()
2026-08-09 23:13:27,631 INFO executor.Executor: Running task 6.0 in stage 8.0 (TID 49)
2026-08-09 23:13:27,631 INFO scheduler.TaskSetManager: Finished task 8.0 in stage 6.0 (TID 46) in 75 ms on 10.0.0.215 (executor driver) (9/10)
2026-08-09 23:13:27,634 INFO storage.ShuffleBlockFetcherIterator: Getting 4 (1549.3 KiB) non-empty blocks including 4 (1549.3 KiB) local and 0 (0.0 B) host-local and 0 (0.0 B) push-merged-local and 0 (0.0 B) remote blocks
2026-08-09 23:13:27,635 INFO storage.ShuffleBlockFetcherIterator: Started 0 remote fetches in 0 ms
2026-08-09 23:13:27,640 INFO executor.Executor: Finished task 9.0 in stage 10.0 (TID 45). 6277 bytes result sent to driver
2026-08-09 23:13:27,641 INFO scheduler.TaskSetManager: Starting task 7.0 in stage 8.0 (TID 50) (10.0.0.215, executor driver, partition 7, NODE_LOCAL, 4271 bytes) taskResourceAssignments Map()
2026-08-09 23:13:27,641 INFO executor.Executor: Running task 7.0 in stage 8.0 (TID 50)
2026-08-09 23:13:27,642 INFO scheduler.TaskSetManager: Finished task 9.0 in stage 10.0 (TID 45) in 91 ms on 10.0.0.215 (executor driver) (10/10)
2026-08-09 23:13:27,642 INFO scheduler.TaskSchedulerImpl: Removed TaskSet 10.0, whose tasks have all completed, from pool default
2026-08-09 23:13:27,642 INFO scheduler.DAGScheduler: ResultStage 10 (collect at EnsembleTrainer.scala:45) finished in 0.905 s
2026-08-09 23:13:27,642 INFO scheduler.DAGScheduler: Job 7 is finished. Cancelling potential speculative or zombie tasks for this job
2026-08-09 23:13:27,643 INFO scheduler.TaskSchedulerImpl: Killing all running tasks in stage 10: Stage finished
2026-08-09 23:13:27,643 INFO scheduler.DAGScheduler: Job 7 finished: collect at EnsembleTrainer.scala:45, took 1.527525 s
2026-08-09 23:13:27,645 INFO storage.ShuffleBlockFetcherIterator: Getting 4 (1549.3 KiB) non-empty blocks including 4 (1549.3 KiB) local and 0 (0.0 B) host-local and 0 (0.0 B) push-merged-local and 0 (0.0 B) remote blocks
2026-08-09 23:13:27,645 INFO storage.ShuffleBlockFetcherIterator: Started 0 remote fetches in 0 ms
2026-08-09 23:13:27,656 INFO memory.MemoryStore: Block broadcast_13 stored as values in memory (estimated size 82.9 KiB, free 410.5 MiB)
2026-08-09 23:13:27,659 INFO memory.MemoryStore: Block broadcast_13_piece0 stored as bytes in memory (estimated size 16.7 KiB, free 410.5 MiB)
2026-08-09 23:13:27,660 INFO storage.BlockManagerInfo: Added broadcast_13_piece0 in memory on 10.0.0.215:64257 (size: 16.7 KiB, free: 411.3 MiB)
2026-08-09 23:13:27,660 INFO spark.SparkContext: Created broadcast 13 from broadcast at EnsemblePredictor.scala:28
2026-08-09 23:13:27,661 INFO executor.Executor: Finished task 5.0 in stage 8.0 (TID 47). 12327 bytes result sent to driver
2026-08-09 23:13:27,662 INFO scheduler.TaskSetManager: Starting task 8.0 in stage 8.0 (TID 51) (10.0.0.215, executor driver, partition 8, NODE_LOCAL, 4271 bytes) taskResourceAssignments Map()
2026-08-09 23:13:27,662 INFO executor.Executor: Running task 8.0 in stage 8.0 (TID 51)
2026-08-09 23:13:27,663 INFO scheduler.TaskSetManager: Finished task 5.0 in stage 8.0 (TID 47) in 93 ms on 10.0.0.215 (executor driver) (6/10)
2026-08-09 23:13:27,664 INFO storage.ShuffleBlockFetcherIterator: Getting 4 (1549.3 KiB) non-empty blocks including 4 (1549.3 KiB) local and 0 (0.0 B) host-local and 0 (0.0 B) push-merged-local and 0 (0.0 B) remote blocks
2026-08-09 23:13:27,664 INFO storage.ShuffleBlockFetcherIterator: Started 0 remote fetches in 0 ms
2026-08-09 23:13:27,678 INFO spark.SparkContext: Starting job: count at Metrics.scala:12
2026-08-09 23:13:27,679 INFO scheduler.DAGScheduler: Got job 8 (count at Metrics.scala:12) with 2 output partitions
2026-08-09 23:13:27,679 INFO scheduler.DAGScheduler: Final stage: ResultStage 11 (count at Metrics.scala:12)
2026-08-09 23:13:27,679 INFO scheduler.DAGScheduler: Parents of final stage: List()
2026-08-09 23:13:27,679 INFO scheduler.DAGScheduler: Missing parents: List()
2026-08-09 23:13:27,680 INFO scheduler.DAGScheduler: Submitting ResultStage 11 (MapPartitionsRDD[31] at map at EnsembleExperiment.scala:28), which has no missing parents
2026-08-09 23:13:27,687 INFO memory.MemoryStore: Block broadcast_14 stored as values in memory (estimated size 38.2 KiB, free 410.4 MiB)
2026-08-09 23:13:27,688 INFO memory.MemoryStore: Block broadcast_14_piece0 stored as bytes in memory (estimated size 12.0 KiB, free 410.4 MiB)
2026-08-09 23:13:27,688 INFO storage.BlockManagerInfo: Added broadcast_14_piece0 in memory on 10.0.0.215:64257 (size: 12.0 KiB, free: 411.3 MiB)
2026-08-09 23:13:27,689 INFO spark.SparkContext: Created broadcast 14 from broadcast at DAGScheduler.scala:1513
2026-08-09 23:13:27,689 INFO scheduler.DAGScheduler: Submitting 2 missing tasks from ResultStage 11 (MapPartitionsRDD[31] at map at EnsembleExperiment.scala:28) (first 15 tasks are for partitions Vector(0, 1))
2026-08-09 23:13:27,689 INFO scheduler.TaskSchedulerImpl: Adding task set 11.0 with 2 tasks resource profile 0
2026-08-09 23:13:27,689 INFO scheduler.FairSchedulableBuilder: Added task set TaskSet_11.0 tasks to pool default
2026-08-09 23:13:27,695 INFO executor.Executor: Finished task 9.0 in stage 6.0 (TID 48). 8346 bytes result sent to driver
2026-08-09 23:13:27,695 INFO scheduler.TaskSetManager: Starting task 0.0 in stage 11.0 (TID 52) (10.0.0.215, executor driver, partition 0, PROCESS_LOCAL, 5029 bytes) taskResourceAssignments Map()
2026-08-09 23:13:27,696 INFO executor.Executor: Running task 0.0 in stage 11.0 (TID 52)
2026-08-09 23:13:27,696 INFO scheduler.TaskSetManager: Finished task 9.0 in stage 6.0 (TID 48) in 94 ms on 10.0.0.215 (executor driver) (10/10)
2026-08-09 23:13:27,696 INFO scheduler.TaskSchedulerImpl: Removed TaskSet 6.0, whose tasks have all completed, from pool default
2026-08-09 23:13:27,696 INFO scheduler.DAGScheduler: ResultStage 6 (collect at EnsembleTrainer.scala:45) finished in 1.268 s
2026-08-09 23:13:27,697 INFO scheduler.DAGScheduler: Job 5 is finished. Cancelling potential speculative or zombie tasks for this job
2026-08-09 23:13:27,697 INFO scheduler.TaskSchedulerImpl: Killing all running tasks in stage 6: Stage finished
2026-08-09 23:13:27,697 INFO scheduler.DAGScheduler: Job 5 finished: collect at EnsembleTrainer.scala:45, took 1.583118 s
2026-08-09 23:13:27,701 INFO memory.MemoryStore: Block broadcast_15 stored as values in memory (estimated size 116.6 KiB, free 410.3 MiB)
2026-08-09 23:13:27,703 INFO memory.MemoryStore: Block broadcast_15_piece0 stored as bytes in memory (estimated size 31.6 KiB, free 410.3 MiB)
2026-08-09 23:13:27,703 INFO storage.BlockManagerInfo: Added broadcast_15_piece0 in memory on 10.0.0.215:64257 (size: 31.6 KiB, free: 411.2 MiB)
2026-08-09 23:13:27,704 INFO spark.SparkContext: Created broadcast 15 from broadcast at EnsemblePredictor.scala:28
2026-08-09 23:13:27,709 INFO executor.Executor: Finished task 6.0 in stage 8.0 (TID 49). 12257 bytes result sent to driver
2026-08-09 23:13:27,710 INFO scheduler.TaskSetManager: Starting task 1.0 in stage 11.0 (TID 53) (10.0.0.215, executor driver, partition 1, PROCESS_LOCAL, 5029 bytes) taskResourceAssignments Map()
2026-08-09 23:13:27,710 INFO datasources.FileScanRDD: Reading File path: file:///Users/rudybanerjee/northeastern_work/CS6240/project/data/scaling/parquet_100k/test/part-00003-071e19e7-5af4-4303-a39d-3980b05696f5-c000.snappy.parquet, range: 0-1237681, partition values: [empty row]
2026-08-09 23:13:27,711 INFO executor.Executor: Running task 1.0 in stage 11.0 (TID 53)
2026-08-09 23:13:27,711 INFO scheduler.TaskSetManager: Finished task 6.0 in stage 8.0 (TID 49) in 80 ms on 10.0.0.215 (executor driver) (7/10)
2026-08-09 23:13:27,716 INFO datasources.FileScanRDD: Reading File path: file:///Users/rudybanerjee/northeastern_work/CS6240/project/data/scaling/parquet_100k/test/part-00000-071e19e7-5af4-4303-a39d-3980b05696f5-c000.snappy.parquet, range: 0-2390, partition values: [empty row]
2026-08-09 23:13:27,716 INFO spark.SparkContext: Starting job: count at Metrics.scala:12
2026-08-09 23:13:27,717 INFO scheduler.DAGScheduler: Got job 9 (count at Metrics.scala:12) with 2 output partitions
2026-08-09 23:13:27,717 INFO scheduler.DAGScheduler: Final stage: ResultStage 12 (count at Metrics.scala:12)
2026-08-09 23:13:27,717 INFO scheduler.DAGScheduler: Parents of final stage: List()
2026-08-09 23:13:27,718 INFO scheduler.DAGScheduler: Missing parents: List()
2026-08-09 23:13:27,718 INFO scheduler.DAGScheduler: Submitting ResultStage 12 (MapPartitionsRDD[33] at map at EnsembleExperiment.scala:28), which has no missing parents
2026-08-09 23:13:27,721 INFO memory.MemoryStore: Block broadcast_16 stored as values in memory (estimated size 38.2 KiB, free 410.2 MiB)
2026-08-09 23:13:27,722 INFO memory.MemoryStore: Block broadcast_16_piece0 stored as bytes in memory (estimated size 12.0 KiB, free 410.2 MiB)
2026-08-09 23:13:27,722 INFO storage.BlockManagerInfo: Added broadcast_16_piece0 in memory on 10.0.0.215:64257 (size: 12.0 KiB, free: 411.2 MiB)
2026-08-09 23:13:27,723 INFO spark.SparkContext: Created broadcast 16 from broadcast at DAGScheduler.scala:1513
2026-08-09 23:13:27,723 INFO scheduler.DAGScheduler: Submitting 2 missing tasks from ResultStage 12 (MapPartitionsRDD[33] at map at EnsembleExperiment.scala:28) (first 15 tasks are for partitions Vector(0, 1))
2026-08-09 23:13:27,723 INFO scheduler.TaskSchedulerImpl: Adding task set 12.0 with 2 tasks resource profile 0
2026-08-09 23:13:27,723 INFO scheduler.FairSchedulableBuilder: Added task set TaskSet_12.0 tasks to pool default
2026-08-09 23:13:27,728 INFO memory.MemoryStore: Block rdd_17_1 stored as values in memory (estimated size 16.0 B, free 410.2 MiB)
2026-08-09 23:13:27,728 INFO storage.BlockManagerInfo: Added rdd_17_1 in memory on 10.0.0.215:64257 (size: 16.0 B, free: 411.2 MiB)
2026-08-09 23:13:27,729 INFO memory.MemoryStore: Block rdd_31_1 stored as values in memory (estimated size 16.0 B, free 410.2 MiB)
2026-08-09 23:13:27,729 INFO storage.BlockManagerInfo: Added rdd_31_1 in memory on 10.0.0.215:64257 (size: 16.0 B, free: 411.2 MiB)
2026-08-09 23:13:27,731 INFO executor.Executor: Finished task 1.0 in stage 11.0 (TID 53). 1705 bytes result sent to driver
2026-08-09 23:13:27,732 INFO executor.Executor: Finished task 8.0 in stage 8.0 (TID 51). 12144 bytes result sent to driver
2026-08-09 23:13:27,732 INFO scheduler.TaskSetManager: Starting task 0.0 in stage 12.0 (TID 54) (10.0.0.215, executor driver, partition 0, PROCESS_LOCAL, 5029 bytes) taskResourceAssignments Map()
2026-08-09 23:13:27,732 INFO executor.Executor: Running task 0.0 in stage 12.0 (TID 54)
2026-08-09 23:13:27,732 INFO scheduler.TaskSetManager: Starting task 1.0 in stage 12.0 (TID 55) (10.0.0.215, executor driver, partition 1, PROCESS_LOCAL, 5029 bytes) taskResourceAssignments Map()
2026-08-09 23:13:27,732 INFO executor.Executor: Running task 1.0 in stage 12.0 (TID 55)
2026-08-09 23:13:27,732 INFO scheduler.TaskSetManager: Finished task 1.0 in stage 11.0 (TID 53) in 22 ms on 10.0.0.215 (executor driver) (1/2)
2026-08-09 23:13:27,733 INFO scheduler.TaskSetManager: Finished task 8.0 in stage 8.0 (TID 51) in 71 ms on 10.0.0.215 (executor driver) (8/10)
2026-08-09 23:13:27,735 INFO storage.BlockManager: Found block rdd_17_1 locally
2026-08-09 23:13:27,735 INFO memory.MemoryStore: Block rdd_33_1 stored as values in memory (estimated size 16.0 B, free 410.2 MiB)
2026-08-09 23:13:27,736 INFO storage.BlockManagerInfo: Added rdd_33_1 in memory on 10.0.0.215:64257 (size: 16.0 B, free: 411.2 MiB)
2026-08-09 23:13:27,736 INFO executor.Executor: Finished task 1.0 in stage 12.0 (TID 55). 1705 bytes result sent to driver
2026-08-09 23:13:27,737 INFO scheduler.TaskSetManager: Starting task 9.0 in stage 8.0 (TID 56) (10.0.0.215, executor driver, partition 9, NODE_LOCAL, 4271 bytes) taskResourceAssignments Map()
2026-08-09 23:13:27,737 INFO scheduler.TaskSetManager: Finished task 1.0 in stage 12.0 (TID 55) in 5 ms on 10.0.0.215 (executor driver) (1/2)
2026-08-09 23:13:27,738 INFO executor.Executor: Running task 9.0 in stage 8.0 (TID 56)
2026-08-09 23:13:27,739 INFO storage.ShuffleBlockFetcherIterator: Getting 4 (1549.3 KiB) non-empty blocks including 4 (1549.3 KiB) local and 0 (0.0 B) host-local and 0 (0.0 B) push-merged-local and 0 (0.0 B) remote blocks
2026-08-09 23:13:27,739 INFO storage.ShuffleBlockFetcherIterator: Started 0 remote fetches in 0 ms
2026-08-09 23:13:27,741 INFO executor.Executor: Finished task 7.0 in stage 8.0 (TID 50). 12257 bytes result sent to driver
2026-08-09 23:13:27,743 INFO scheduler.TaskSetManager: Finished task 7.0 in stage 8.0 (TID 50) in 102 ms on 10.0.0.215 (executor driver) (9/10)
2026-08-09 23:13:27,797 INFO memory.MemoryStore: Block rdd_17_0 stored as values in memory (estimated size 2.6 MiB, free 407.7 MiB)
2026-08-09 23:13:27,797 INFO storage.BlockManagerInfo: Added rdd_17_0 in memory on 10.0.0.215:64257 (size: 2.6 MiB, free: 408.7 MiB)
2026-08-09 23:13:27,798 INFO storage.BlockManager: Found block rdd_17_0 locally
2026-08-09 23:13:27,799 INFO executor.Executor: Finished task 9.0 in stage 8.0 (TID 56). 12144 bytes result sent to driver
2026-08-09 23:13:27,800 INFO scheduler.TaskSetManager: Finished task 9.0 in stage 8.0 (TID 56) in 63 ms on 10.0.0.215 (executor driver) (10/10)
2026-08-09 23:13:27,800 INFO scheduler.TaskSchedulerImpl: Removed TaskSet 8.0, whose tasks have all completed, from pool default
2026-08-09 23:13:27,800 INFO scheduler.DAGScheduler: ResultStage 8 (collect at EnsembleTrainer.scala:45) finished in 1.076 s
2026-08-09 23:13:27,800 INFO scheduler.DAGScheduler: Job 6 is finished. Cancelling potential speculative or zombie tasks for this job
2026-08-09 23:13:27,800 INFO scheduler.TaskSchedulerImpl: Killing all running tasks in stage 8: Stage finished
2026-08-09 23:13:27,801 INFO scheduler.DAGScheduler: Job 6 finished: collect at EnsembleTrainer.scala:45, took 1.685442 s
2026-08-09 23:13:27,803 INFO memory.MemoryStore: Block broadcast_17 stored as values in memory (estimated size 169.5 KiB, free 407.5 MiB)
2026-08-09 23:13:27,805 INFO memory.MemoryStore: Block broadcast_17_piece0 stored as bytes in memory (estimated size 51.8 KiB, free 407.5 MiB)
2026-08-09 23:13:27,805 INFO storage.BlockManagerInfo: Added broadcast_17_piece0 in memory on 10.0.0.215:64257 (size: 51.8 KiB, free: 408.6 MiB)
2026-08-09 23:13:27,805 INFO spark.SparkContext: Created broadcast 17 from broadcast at EnsemblePredictor.scala:28
2026-08-09 23:13:27,818 INFO spark.SparkContext: Starting job: count at Metrics.scala:12
2026-08-09 23:13:27,819 INFO scheduler.DAGScheduler: Got job 10 (count at Metrics.scala:12) with 2 output partitions
2026-08-09 23:13:27,819 INFO scheduler.DAGScheduler: Final stage: ResultStage 13 (count at Metrics.scala:12)
2026-08-09 23:13:27,819 INFO scheduler.DAGScheduler: Parents of final stage: List()
2026-08-09 23:13:27,820 INFO scheduler.DAGScheduler: Missing parents: List()
2026-08-09 23:13:27,821 INFO scheduler.DAGScheduler: Submitting ResultStage 13 (MapPartitionsRDD[35] at map at EnsembleExperiment.scala:28), which has no missing parents
2026-08-09 23:13:27,827 INFO memory.MemoryStore: Block broadcast_18 stored as values in memory (estimated size 38.2 KiB, free 407.4 MiB)
2026-08-09 23:13:27,829 INFO memory.MemoryStore: Block broadcast_18_piece0 stored as bytes in memory (estimated size 12.0 KiB, free 407.4 MiB)
2026-08-09 23:13:27,829 INFO storage.BlockManagerInfo: Added broadcast_18_piece0 in memory on 10.0.0.215:64257 (size: 12.0 KiB, free: 408.6 MiB)
2026-08-09 23:13:27,830 INFO spark.SparkContext: Created broadcast 18 from broadcast at DAGScheduler.scala:1513
2026-08-09 23:13:27,830 INFO scheduler.DAGScheduler: Submitting 2 missing tasks from ResultStage 13 (MapPartitionsRDD[35] at map at EnsembleExperiment.scala:28) (first 15 tasks are for partitions Vector(0, 1))
2026-08-09 23:13:27,831 INFO scheduler.TaskSchedulerImpl: Adding task set 13.0 with 2 tasks resource profile 0
2026-08-09 23:13:27,831 INFO scheduler.FairSchedulableBuilder: Added task set TaskSet_13.0 tasks to pool default
2026-08-09 23:13:27,832 INFO scheduler.TaskSetManager: Starting task 0.0 in stage 13.0 (TID 57) (10.0.0.215, executor driver, partition 0, PROCESS_LOCAL, 5029 bytes) taskResourceAssignments Map()
2026-08-09 23:13:27,832 INFO scheduler.TaskSetManager: Starting task 1.0 in stage 13.0 (TID 58) (10.0.0.215, executor driver, partition 1, PROCESS_LOCAL, 5029 bytes) taskResourceAssignments Map()
2026-08-09 23:13:27,833 INFO executor.Executor: Running task 0.0 in stage 13.0 (TID 57)
2026-08-09 23:13:27,834 INFO executor.Executor: Running task 1.0 in stage 13.0 (TID 58)
2026-08-09 23:13:27,840 INFO storage.BlockManager: Found block rdd_17_0 locally
2026-08-09 23:13:27,845 INFO storage.BlockManager: Found block rdd_17_1 locally
2026-08-09 23:13:27,845 INFO memory.MemoryStore: Block rdd_35_1 stored as values in memory (estimated size 16.0 B, free 407.4 MiB)
2026-08-09 23:13:27,849 INFO storage.BlockManagerInfo: Added rdd_35_1 in memory on 10.0.0.215:64257 (size: 16.0 B, free: 408.6 MiB)
2026-08-09 23:13:27,852 INFO executor.Executor: Finished task 1.0 in stage 13.0 (TID 58). 1705 bytes result sent to driver
2026-08-09 23:13:27,853 INFO scheduler.TaskSetManager: Finished task 1.0 in stage 13.0 (TID 58) in 21 ms on 10.0.0.215 (executor driver) (1/2)
2026-08-09 23:13:27,985 INFO memory.MemoryStore: Block rdd_33_0 stored as values in memory (estimated size 351.6 KiB, free 407.1 MiB)
2026-08-09 23:13:27,985 INFO memory.MemoryStore: Block rdd_31_0 stored as values in memory (estimated size 351.6 KiB, free 406.7 MiB)
2026-08-09 23:13:27,985 INFO storage.BlockManagerInfo: Added rdd_31_0 in memory on 10.0.0.215:64257 (size: 351.6 KiB, free: 408.3 MiB)
2026-08-09 23:13:27,985 INFO storage.BlockManagerInfo: Added rdd_33_0 in memory on 10.0.0.215:64257 (size: 351.6 KiB, free: 407.9 MiB)
2026-08-09 23:13:27,987 INFO executor.Executor: Finished task 0.0 in stage 11.0 (TID 52). 1791 bytes result sent to driver
2026-08-09 23:13:27,987 INFO executor.Executor: Finished task 0.0 in stage 12.0 (TID 54). 1791 bytes result sent to driver
2026-08-09 23:13:27,987 INFO scheduler.TaskSetManager: Finished task 0.0 in stage 11.0 (TID 52) in 292 ms on 10.0.0.215 (executor driver) (2/2)
2026-08-09 23:13:27,988 INFO scheduler.TaskSchedulerImpl: Removed TaskSet 11.0, whose tasks have all completed, from pool default
2026-08-09 23:13:27,988 INFO scheduler.TaskSetManager: Finished task 0.0 in stage 12.0 (TID 54) in 256 ms on 10.0.0.215 (executor driver) (2/2)
2026-08-09 23:13:27,988 INFO scheduler.TaskSchedulerImpl: Removed TaskSet 12.0, whose tasks have all completed, from pool default
2026-08-09 23:13:27,989 INFO scheduler.DAGScheduler: ResultStage 11 (count at Metrics.scala:12) finished in 0.306 s
2026-08-09 23:13:27,989 INFO scheduler.DAGScheduler: Job 8 is finished. Cancelling potential speculative or zombie tasks for this job
2026-08-09 23:13:27,989 INFO scheduler.TaskSchedulerImpl: Killing all running tasks in stage 11: Stage finished
2026-08-09 23:13:27,990 INFO scheduler.DAGScheduler: Job 8 finished: count at Metrics.scala:12, took 0.311665 s
2026-08-09 23:13:27,990 INFO scheduler.DAGScheduler: ResultStage 12 (count at Metrics.scala:12) finished in 0.271 s
2026-08-09 23:13:27,990 INFO memory.MemoryStore: Block rdd_35_0 stored as values in memory (estimated size 351.6 KiB, free 406.4 MiB)
2026-08-09 23:13:27,990 INFO scheduler.DAGScheduler: Job 9 is finished. Cancelling potential speculative or zombie tasks for this job
2026-08-09 23:13:27,990 INFO scheduler.TaskSchedulerImpl: Killing all running tasks in stage 12: Stage finished
2026-08-09 23:13:27,990 INFO scheduler.DAGScheduler: Job 9 finished: count at Metrics.scala:12, took 0.273708 s
2026-08-09 23:13:27,990 INFO storage.BlockManagerInfo: Added rdd_35_0 in memory on 10.0.0.215:64257 (size: 351.6 KiB, free: 407.6 MiB)
2026-08-09 23:13:27,992 INFO executor.Executor: Finished task 0.0 in stage 13.0 (TID 57). 1791 bytes result sent to driver
2026-08-09 23:13:27,993 INFO scheduler.TaskSetManager: Finished task 0.0 in stage 13.0 (TID 57) in 161 ms on 10.0.0.215 (executor driver) (2/2)
2026-08-09 23:13:27,994 INFO scheduler.TaskSchedulerImpl: Removed TaskSet 13.0, whose tasks have all completed, from pool default
2026-08-09 23:13:27,994 INFO scheduler.DAGScheduler: ResultStage 13 (count at Metrics.scala:12) finished in 0.172 s
2026-08-09 23:13:27,994 INFO scheduler.DAGScheduler: Job 10 is finished. Cancelling potential speculative or zombie tasks for this job
2026-08-09 23:13:27,994 INFO scheduler.TaskSchedulerImpl: Killing all running tasks in stage 13: Stage finished
2026-08-09 23:13:27,995 INFO scheduler.DAGScheduler: Job 10 finished: count at Metrics.scala:12, took 0.176455 s
2026-08-09 23:13:28,007 INFO spark.SparkContext: Starting job: count at Metrics.scala:14
2026-08-09 23:13:28,007 INFO scheduler.DAGScheduler: Got job 11 (count at Metrics.scala:14) with 2 output partitions
2026-08-09 23:13:28,007 INFO scheduler.DAGScheduler: Final stage: ResultStage 14 (count at Metrics.scala:14)
2026-08-09 23:13:28,007 INFO scheduler.DAGScheduler: Parents of final stage: List()
2026-08-09 23:13:28,008 INFO spark.SparkContext: Starting job: count at Metrics.scala:14
2026-08-09 23:13:28,008 INFO scheduler.DAGScheduler: Missing parents: List()
2026-08-09 23:13:28,009 INFO scheduler.DAGScheduler: Submitting ResultStage 14 (MapPartitionsRDD[36] at filter at Metrics.scala:14), which has no missing parents
2026-08-09 23:13:28,009 INFO spark.SparkContext: Starting job: count at Metrics.scala:14
2026-08-09 23:13:28,012 INFO memory.MemoryStore: Block broadcast_19 stored as values in memory (estimated size 38.5 KiB, free 406.3 MiB)
2026-08-09 23:13:28,013 INFO memory.MemoryStore: Block broadcast_19_piece0 stored as bytes in memory (estimated size 12.1 KiB, free 406.3 MiB)
2026-08-09 23:13:28,013 INFO storage.BlockManagerInfo: Added broadcast_19_piece0 in memory on 10.0.0.215:64257 (size: 12.1 KiB, free: 407.6 MiB)
2026-08-09 23:13:28,013 INFO spark.SparkContext: Created broadcast 19 from broadcast at DAGScheduler.scala:1513
2026-08-09 23:13:28,013 INFO scheduler.DAGScheduler: Submitting 2 missing tasks from ResultStage 14 (MapPartitionsRDD[36] at filter at Metrics.scala:14) (first 15 tasks are for partitions Vector(0, 1))
2026-08-09 23:13:28,013 INFO scheduler.TaskSchedulerImpl: Adding task set 14.0 with 2 tasks resource profile 0
2026-08-09 23:13:28,014 INFO scheduler.FairSchedulableBuilder: Added task set TaskSet_14.0 tasks to pool default
2026-08-09 23:13:28,014 INFO scheduler.DAGScheduler: Got job 12 (count at Metrics.scala:14) with 2 output partitions
2026-08-09 23:13:28,014 INFO scheduler.DAGScheduler: Final stage: ResultStage 15 (count at Metrics.scala:14)
2026-08-09 23:13:28,014 INFO scheduler.DAGScheduler: Parents of final stage: List()
2026-08-09 23:13:28,015 INFO scheduler.TaskSetManager: Starting task 0.0 in stage 14.0 (TID 59) (10.0.0.215, executor driver, partition 0, PROCESS_LOCAL, 5029 bytes) taskResourceAssignments Map()
2026-08-09 23:13:28,015 INFO scheduler.TaskSetManager: Starting task 1.0 in stage 14.0 (TID 60) (10.0.0.215, executor driver, partition 1, PROCESS_LOCAL, 5029 bytes) taskResourceAssignments Map()
2026-08-09 23:13:28,015 INFO executor.Executor: Running task 0.0 in stage 14.0 (TID 59)
2026-08-09 23:13:28,016 INFO executor.Executor: Running task 1.0 in stage 14.0 (TID 60)
2026-08-09 23:13:28,016 INFO scheduler.DAGScheduler: Missing parents: List()
2026-08-09 23:13:28,016 INFO scheduler.DAGScheduler: Submitting ResultStage 15 (MapPartitionsRDD[37] at filter at Metrics.scala:14), which has no missing parents
2026-08-09 23:13:28,020 INFO storage.BlockManager: Found block rdd_33_1 locally
2026-08-09 23:13:28,020 INFO memory.MemoryStore: Block broadcast_20 stored as values in memory (estimated size 38.5 KiB, free 406.3 MiB)
2026-08-09 23:13:28,021 INFO memory.MemoryStore: Block broadcast_20_piece0 stored as bytes in memory (estimated size 12.1 KiB, free 406.3 MiB)
2026-08-09 23:13:28,021 INFO executor.Executor: Finished task 1.0 in stage 14.0 (TID 60). 1662 bytes result sent to driver
2026-08-09 23:13:28,022 INFO storage.BlockManager: Found block rdd_33_0 locally
2026-08-09 23:13:28,022 INFO storage.BlockManagerInfo: Added broadcast_20_piece0 in memory on 10.0.0.215:64257 (size: 12.1 KiB, free: 407.6 MiB)
2026-08-09 23:13:28,024 INFO spark.SparkContext: Created broadcast 20 from broadcast at DAGScheduler.scala:1513
2026-08-09 23:13:28,024 INFO scheduler.TaskSetManager: Finished task 1.0 in stage 14.0 (TID 60) in 9 ms on 10.0.0.215 (executor driver) (1/2)
2026-08-09 23:13:28,025 INFO scheduler.DAGScheduler: Submitting 2 missing tasks from ResultStage 15 (MapPartitionsRDD[37] at filter at Metrics.scala:14) (first 15 tasks are for partitions Vector(0, 1))
2026-08-09 23:13:28,025 INFO scheduler.TaskSchedulerImpl: Adding task set 15.0 with 2 tasks resource profile 0
2026-08-09 23:13:28,026 INFO scheduler.FairSchedulableBuilder: Added task set TaskSet_15.0 tasks to pool default
2026-08-09 23:13:28,026 INFO executor.Executor: Finished task 0.0 in stage 14.0 (TID 59). 1748 bytes result sent to driver
2026-08-09 23:13:28,027 INFO scheduler.DAGScheduler: Got job 13 (count at Metrics.scala:14) with 2 output partitions
2026-08-09 23:13:28,027 INFO scheduler.DAGScheduler: Final stage: ResultStage 16 (count at Metrics.scala:14)
2026-08-09 23:13:28,027 INFO scheduler.DAGScheduler: Parents of final stage: List()
2026-08-09 23:13:28,027 INFO scheduler.TaskSetManager: Starting task 0.0 in stage 15.0 (TID 61) (10.0.0.215, executor driver, partition 0, PROCESS_LOCAL, 5029 bytes) taskResourceAssignments Map()
2026-08-09 23:13:28,027 INFO scheduler.TaskSetManager: Starting task 1.0 in stage 15.0 (TID 62) (10.0.0.215, executor driver, partition 1, PROCESS_LOCAL, 5029 bytes) taskResourceAssignments Map()
2026-08-09 23:13:28,028 INFO scheduler.DAGScheduler: Missing parents: List()
2026-08-09 23:13:28,028 INFO executor.Executor: Running task 0.0 in stage 15.0 (TID 61)
2026-08-09 23:13:28,028 INFO scheduler.TaskSetManager: Finished task 0.0 in stage 14.0 (TID 59) in 13 ms on 10.0.0.215 (executor driver) (2/2)
2026-08-09 23:13:28,028 INFO scheduler.TaskSchedulerImpl: Removed TaskSet 14.0, whose tasks have all completed, from pool default
2026-08-09 23:13:28,028 INFO scheduler.DAGScheduler: Submitting ResultStage 16 (MapPartitionsRDD[38] at filter at Metrics.scala:14), which has no missing parents
2026-08-09 23:13:28,028 INFO executor.Executor: Running task 1.0 in stage 15.0 (TID 62)
2026-08-09 23:13:28,031 INFO memory.MemoryStore: Block broadcast_21 stored as values in memory (estimated size 38.5 KiB, free 406.2 MiB)
2026-08-09 23:13:28,031 INFO storage.BlockManager: Found block rdd_31_1 locally
2026-08-09 23:13:28,032 INFO memory.MemoryStore: Block broadcast_21_piece0 stored as bytes in memory (estimated size 12.1 KiB, free 406.2 MiB)
2026-08-09 23:13:28,032 INFO executor.Executor: Finished task 1.0 in stage 15.0 (TID 62). 1662 bytes result sent to driver
2026-08-09 23:13:28,032 INFO storage.BlockManager: Found block rdd_31_0 locally
2026-08-09 23:13:28,032 INFO storage.BlockManagerInfo: Added broadcast_21_piece0 in memory on 10.0.0.215:64257 (size: 12.1 KiB, free: 407.5 MiB)
2026-08-09 23:13:28,034 INFO scheduler.TaskSetManager: Finished task 1.0 in stage 15.0 (TID 62) in 7 ms on 10.0.0.215 (executor driver) (1/2)
2026-08-09 23:13:28,034 INFO spark.SparkContext: Created broadcast 21 from broadcast at DAGScheduler.scala:1513
2026-08-09 23:13:28,034 INFO executor.Executor: Finished task 0.0 in stage 15.0 (TID 61). 1748 bytes result sent to driver
2026-08-09 23:13:28,034 INFO scheduler.DAGScheduler: Submitting 2 missing tasks from ResultStage 16 (MapPartitionsRDD[38] at filter at Metrics.scala:14) (first 15 tasks are for partitions Vector(0, 1))
2026-08-09 23:13:28,034 INFO scheduler.TaskSchedulerImpl: Adding task set 16.0 with 2 tasks resource profile 0
2026-08-09 23:13:28,035 INFO scheduler.FairSchedulableBuilder: Added task set TaskSet_16.0 tasks to pool default
2026-08-09 23:13:28,036 INFO scheduler.DAGScheduler: ResultStage 14 (count at Metrics.scala:14) finished in 0.025 s
2026-08-09 23:13:28,036 INFO scheduler.DAGScheduler: Job 11 is finished. Cancelling potential speculative or zombie tasks for this job
2026-08-09 23:13:28,036 INFO scheduler.TaskSetManager: Starting task 0.0 in stage 16.0 (TID 63) (10.0.0.215, executor driver, partition 0, PROCESS_LOCAL, 5029 bytes) taskResourceAssignments Map()
2026-08-09 23:13:28,036 INFO scheduler.TaskSetManager: Starting task 1.0 in stage 16.0 (TID 64) (10.0.0.215, executor driver, partition 1, PROCESS_LOCAL, 5029 bytes) taskResourceAssignments Map()
2026-08-09 23:13:28,037 INFO scheduler.TaskSchedulerImpl: Killing all running tasks in stage 14: Stage finished
2026-08-09 23:13:28,037 INFO scheduler.TaskSetManager: Finished task 0.0 in stage 15.0 (TID 61) in 10 ms on 10.0.0.215 (executor driver) (2/2)
2026-08-09 23:13:28,037 INFO scheduler.TaskSchedulerImpl: Removed TaskSet 15.0, whose tasks have all completed, from pool default
2026-08-09 23:13:28,037 INFO executor.Executor: Running task 0.0 in stage 16.0 (TID 63)
2026-08-09 23:13:28,038 INFO executor.Executor: Running task 1.0 in stage 16.0 (TID 64)
2026-08-09 23:13:28,038 INFO scheduler.DAGScheduler: ResultStage 15 (count at Metrics.scala:14) finished in 0.020 s
2026-08-09 23:13:28,038 INFO scheduler.DAGScheduler: Job 12 is finished. Cancelling potential speculative or zombie tasks for this job
2026-08-09 23:13:28,038 INFO scheduler.TaskSchedulerImpl: Killing all running tasks in stage 15: Stage finished
2026-08-09 23:13:28,039 INFO scheduler.DAGScheduler: Job 11 finished: count at Metrics.scala:14, took 0.031585 s
2026-08-09 23:13:28,040 INFO storage.BlockManager: Found block rdd_35_1 locally
2026-08-09 23:13:28,040 INFO storage.BlockManager: Found block rdd_35_0 locally
2026-08-09 23:13:28,041 INFO scheduler.DAGScheduler: Job 12 finished: count at Metrics.scala:14, took 0.032596 s
2026-08-09 23:13:28,042 INFO executor.Executor: Finished task 1.0 in stage 16.0 (TID 64). 1705 bytes result sent to driver
2026-08-09 23:13:28,042 INFO executor.Executor: Finished task 0.0 in stage 16.0 (TID 63). 1748 bytes result sent to driver
2026-08-09 23:13:28,043 INFO scheduler.TaskSetManager: Finished task 0.0 in stage 16.0 (TID 63) in 7 ms on 10.0.0.215 (executor driver) (1/2)
2026-08-09 23:13:28,043 INFO scheduler.TaskSetManager: Finished task 1.0 in stage 16.0 (TID 64) in 7 ms on 10.0.0.215 (executor driver) (2/2)
2026-08-09 23:13:28,043 INFO scheduler.TaskSchedulerImpl: Removed TaskSet 16.0, whose tasks have all completed, from pool default
2026-08-09 23:13:28,045 INFO scheduler.DAGScheduler: ResultStage 16 (count at Metrics.scala:14) finished in 0.016 s
2026-08-09 23:13:28,045 INFO scheduler.DAGScheduler: Job 13 is finished. Cancelling potential speculative or zombie tasks for this job
2026-08-09 23:13:28,045 INFO scheduler.TaskSchedulerImpl: Killing all running tasks in stage 16: Stage finished
2026-08-09 23:13:28,045 INFO scheduler.DAGScheduler: Job 13 finished: count at Metrics.scala:14, took 0.036199 s
2026-08-09 23:13:28,089 INFO spark.SparkContext: Starting job: sortByKey at BinaryClassificationMetrics.scala:189
2026-08-09 23:13:28,089 INFO spark.SparkContext: Starting job: sortByKey at BinaryClassificationMetrics.scala:189
2026-08-09 23:13:28,090 INFO spark.SparkContext: Starting job: sortByKey at BinaryClassificationMetrics.scala:189
2026-08-09 23:13:28,091 INFO scheduler.DAGScheduler: Registering RDD 42 (map at BinaryClassificationMetrics.scala:48) as input to shuffle 4
2026-08-09 23:13:28,091 INFO scheduler.DAGScheduler: Got job 14 (sortByKey at BinaryClassificationMetrics.scala:189) with 2 output partitions
2026-08-09 23:13:28,091 INFO scheduler.DAGScheduler: Final stage: ResultStage 18 (sortByKey at BinaryClassificationMetrics.scala:189)
2026-08-09 23:13:28,091 INFO scheduler.DAGScheduler: Parents of final stage: List(ShuffleMapStage 17)
2026-08-09 23:13:28,091 INFO scheduler.DAGScheduler: Missing parents: List(ShuffleMapStage 17)
2026-08-09 23:13:28,092 INFO scheduler.DAGScheduler: Submitting ShuffleMapStage 17 (MapPartitionsRDD[42] at map at BinaryClassificationMetrics.scala:48), which has no missing parents
2026-08-09 23:13:28,094 INFO memory.MemoryStore: Block broadcast_22 stored as values in memory (estimated size 40.1 KiB, free 406.2 MiB)
2026-08-09 23:13:28,095 INFO memory.MemoryStore: Block broadcast_22_piece0 stored as bytes in memory (estimated size 12.7 KiB, free 406.2 MiB)
2026-08-09 23:13:28,096 INFO storage.BlockManagerInfo: Added broadcast_22_piece0 in memory on 10.0.0.215:64257 (size: 12.7 KiB, free: 407.5 MiB)
2026-08-09 23:13:28,096 INFO spark.SparkContext: Created broadcast 22 from broadcast at DAGScheduler.scala:1513
2026-08-09 23:13:28,097 INFO scheduler.DAGScheduler: Submitting 2 missing tasks from ShuffleMapStage 17 (MapPartitionsRDD[42] at map at BinaryClassificationMetrics.scala:48) (first 15 tasks are for partitions Vector(0, 1))
2026-08-09 23:13:28,097 INFO scheduler.TaskSchedulerImpl: Adding task set 17.0 with 2 tasks resource profile 0
2026-08-09 23:13:28,097 INFO scheduler.FairSchedulableBuilder: Added task set TaskSet_17.0 tasks to pool default
2026-08-09 23:13:28,097 INFO scheduler.DAGScheduler: Registering RDD 43 (map at BinaryClassificationMetrics.scala:48) as input to shuffle 5
2026-08-09 23:13:28,097 INFO scheduler.DAGScheduler: Got job 15 (sortByKey at BinaryClassificationMetrics.scala:189) with 2 output partitions
2026-08-09 23:13:28,097 INFO scheduler.DAGScheduler: Final stage: ResultStage 20 (sortByKey at BinaryClassificationMetrics.scala:189)
2026-08-09 23:13:28,097 INFO scheduler.DAGScheduler: Parents of final stage: List(ShuffleMapStage 19)
2026-08-09 23:13:28,097 INFO scheduler.DAGScheduler: Missing parents: List(ShuffleMapStage 19)
2026-08-09 23:13:28,098 INFO scheduler.TaskSetManager: Starting task 0.0 in stage 17.0 (TID 65) (10.0.0.215, executor driver, partition 0, PROCESS_LOCAL, 5018 bytes) taskResourceAssignments Map()
2026-08-09 23:13:28,099 INFO scheduler.TaskSetManager: Starting task 1.0 in stage 17.0 (TID 66) (10.0.0.215, executor driver, partition 1, PROCESS_LOCAL, 5018 bytes) taskResourceAssignments Map()
2026-08-09 23:13:28,099 INFO scheduler.DAGScheduler: Submitting ShuffleMapStage 19 (MapPartitionsRDD[43] at map at BinaryClassificationMetrics.scala:48), which has no missing parents
2026-08-09 23:13:28,099 INFO executor.Executor: Running task 0.0 in stage 17.0 (TID 65)
2026-08-09 23:13:28,099 INFO executor.Executor: Running task 1.0 in stage 17.0 (TID 66)
2026-08-09 23:13:28,100 INFO memory.MemoryStore: Block broadcast_23 stored as values in memory (estimated size 40.1 KiB, free 406.1 MiB)
2026-08-09 23:13:28,100 INFO memory.MemoryStore: Block broadcast_23_piece0 stored as bytes in memory (estimated size 12.7 KiB, free 406.1 MiB)
2026-08-09 23:13:28,101 INFO storage.BlockManagerInfo: Added broadcast_23_piece0 in memory on 10.0.0.215:64257 (size: 12.7 KiB, free: 407.5 MiB)
2026-08-09 23:13:28,101 INFO spark.SparkContext: Created broadcast 23 from broadcast at DAGScheduler.scala:1513
2026-08-09 23:13:28,101 INFO scheduler.DAGScheduler: Submitting 2 missing tasks from ShuffleMapStage 19 (MapPartitionsRDD[43] at map at BinaryClassificationMetrics.scala:48) (first 15 tasks are for partitions Vector(0, 1))
2026-08-09 23:13:28,101 INFO scheduler.TaskSchedulerImpl: Adding task set 19.0 with 2 tasks resource profile 0
2026-08-09 23:13:28,102 INFO scheduler.FairSchedulableBuilder: Added task set TaskSet_19.0 tasks to pool default
2026-08-09 23:13:28,102 INFO scheduler.TaskSetManager: Starting task 0.0 in stage 19.0 (TID 67) (10.0.0.215, executor driver, partition 0, PROCESS_LOCAL, 5018 bytes) taskResourceAssignments Map()
2026-08-09 23:13:28,102 INFO scheduler.TaskSetManager: Starting task 1.0 in stage 19.0 (TID 68) (10.0.0.215, executor driver, partition 1, PROCESS_LOCAL, 5018 bytes) taskResourceAssignments Map()
2026-08-09 23:13:28,102 INFO scheduler.DAGScheduler: Registering RDD 44 (map at BinaryClassificationMetrics.scala:48) as input to shuffle 3
2026-08-09 23:13:28,103 INFO executor.Executor: Running task 1.0 in stage 19.0 (TID 68)
2026-08-09 23:13:28,103 INFO scheduler.DAGScheduler: Got job 16 (sortByKey at BinaryClassificationMetrics.scala:189) with 2 output partitions
2026-08-09 23:13:28,103 INFO scheduler.DAGScheduler: Final stage: ResultStage 22 (sortByKey at BinaryClassificationMetrics.scala:189)
2026-08-09 23:13:28,103 INFO scheduler.DAGScheduler: Parents of final stage: List(ShuffleMapStage 21)
2026-08-09 23:13:28,103 INFO scheduler.DAGScheduler: Missing parents: List(ShuffleMapStage 21)
2026-08-09 23:13:28,103 INFO executor.Executor: Running task 0.0 in stage 19.0 (TID 67)
2026-08-09 23:13:28,107 INFO scheduler.DAGScheduler: Submitting ShuffleMapStage 21 (MapPartitionsRDD[44] at map at BinaryClassificationMetrics.scala:48), which has no missing parents
2026-08-09 23:13:28,109 INFO memory.MemoryStore: Block broadcast_24 stored as values in memory (estimated size 40.1 KiB, free 406.1 MiB)
2026-08-09 23:13:28,110 INFO memory.MemoryStore: Block broadcast_24_piece0 stored as bytes in memory (estimated size 12.7 KiB, free 406.1 MiB)
2026-08-09 23:13:28,111 INFO storage.BlockManager: Found block rdd_31_1 locally
2026-08-09 23:13:28,111 INFO storage.BlockManager: Found block rdd_33_1 locally
2026-08-09 23:13:28,111 INFO storage.BlockManager: Found block rdd_31_0 locally
2026-08-09 23:13:28,111 INFO storage.BlockManager: Found block rdd_33_0 locally
2026-08-09 23:13:28,111 INFO storage.BlockManagerInfo: Added broadcast_24_piece0 in memory on 10.0.0.215:64257 (size: 12.7 KiB, free: 407.5 MiB)
2026-08-09 23:13:28,111 INFO spark.SparkContext: Created broadcast 24 from broadcast at DAGScheduler.scala:1513
2026-08-09 23:13:28,113 INFO scheduler.DAGScheduler: Submitting 2 missing tasks from ShuffleMapStage 21 (MapPartitionsRDD[44] at map at BinaryClassificationMetrics.scala:48) (first 15 tasks are for partitions Vector(0, 1))
2026-08-09 23:13:28,114 INFO scheduler.TaskSchedulerImpl: Adding task set 21.0 with 2 tasks resource profile 0
2026-08-09 23:13:28,114 INFO scheduler.FairSchedulableBuilder: Added task set TaskSet_21.0 tasks to pool default
2026-08-09 23:13:28,125 INFO executor.Executor: Finished task 1.0 in stage 17.0 (TID 66). 1904 bytes result sent to driver
2026-08-09 23:13:28,126 INFO scheduler.TaskSetManager: Starting task 0.0 in stage 21.0 (TID 69) (10.0.0.215, executor driver, partition 0, PROCESS_LOCAL, 5018 bytes) taskResourceAssignments Map()
2026-08-09 23:13:28,126 INFO executor.Executor: Finished task 1.0 in stage 19.0 (TID 68). 1904 bytes result sent to driver
2026-08-09 23:13:28,126 INFO scheduler.TaskSetManager: Finished task 1.0 in stage 17.0 (TID 66) in 28 ms on 10.0.0.215 (executor driver) (1/2)
2026-08-09 23:13:28,127 INFO scheduler.TaskSetManager: Starting task 1.0 in stage 21.0 (TID 70) (10.0.0.215, executor driver, partition 1, PROCESS_LOCAL, 5018 bytes) taskResourceAssignments Map()
2026-08-09 23:13:28,127 INFO executor.Executor: Running task 0.0 in stage 21.0 (TID 69)
2026-08-09 23:13:28,127 INFO executor.Executor: Running task 1.0 in stage 21.0 (TID 70)
2026-08-09 23:13:28,127 INFO scheduler.TaskSetManager: Finished task 1.0 in stage 19.0 (TID 68) in 25 ms on 10.0.0.215 (executor driver) (1/2)
2026-08-09 23:13:28,132 INFO storage.BlockManager: Found block rdd_35_0 locally
2026-08-09 23:13:28,134 INFO storage.BlockManager: Found block rdd_35_1 locally
2026-08-09 23:13:28,135 INFO executor.Executor: Finished task 1.0 in stage 21.0 (TID 70). 1947 bytes result sent to driver
2026-08-09 23:13:28,137 INFO scheduler.TaskSetManager: Finished task 1.0 in stage 21.0 (TID 70) in 10 ms on 10.0.0.215 (executor driver) (1/2)
2026-08-09 23:13:28,138 INFO storage.BlockManagerInfo: Removed broadcast_21_piece0 on 10.0.0.215:64257 in memory (size: 12.1 KiB, free: 407.5 MiB)
2026-08-09 23:13:28,148 INFO storage.BlockManagerInfo: Removed broadcast_18_piece0 on 10.0.0.215:64257 in memory (size: 12.0 KiB, free: 407.5 MiB)
2026-08-09 23:13:28,151 INFO storage.BlockManagerInfo: Removed broadcast_20_piece0 on 10.0.0.215:64257 in memory (size: 12.1 KiB, free: 407.5 MiB)
2026-08-09 23:13:28,152 INFO executor.Executor: Finished task 0.0 in stage 17.0 (TID 65). 2076 bytes result sent to driver
2026-08-09 23:13:28,153 INFO executor.Executor: Finished task 0.0 in stage 19.0 (TID 67). 2076 bytes result sent to driver
2026-08-09 23:13:28,154 INFO scheduler.TaskSetManager: Finished task 0.0 in stage 17.0 (TID 65) in 57 ms on 10.0.0.215 (executor driver) (2/2)
2026-08-09 23:13:28,154 INFO scheduler.TaskSchedulerImpl: Removed TaskSet 17.0, whose tasks have all completed, from pool default
2026-08-09 23:13:28,154 INFO scheduler.TaskSetManager: Finished task 0.0 in stage 19.0 (TID 67) in 52 ms on 10.0.0.215 (executor driver) (2/2)
2026-08-09 23:13:28,154 INFO scheduler.DAGScheduler: ShuffleMapStage 17 (map at BinaryClassificationMetrics.scala:48) finished in 0.061 s
2026-08-09 23:13:28,154 INFO scheduler.DAGScheduler: looking for newly runnable stages
2026-08-09 23:13:28,154 INFO scheduler.DAGScheduler: running: Set(ShuffleMapStage 19, ShuffleMapStage 21)
2026-08-09 23:13:28,154 INFO executor.Executor: Finished task 0.0 in stage 21.0 (TID 69). 2076 bytes result sent to driver
2026-08-09 23:13:28,154 INFO scheduler.DAGScheduler: waiting: Set(ResultStage 20, ResultStage 18, ResultStage 22)
2026-08-09 23:13:28,154 INFO scheduler.DAGScheduler: failed: Set()
2026-08-09 23:13:28,154 INFO scheduler.TaskSchedulerImpl: Removed TaskSet 19.0, whose tasks have all completed, from pool default
2026-08-09 23:13:28,154 INFO scheduler.DAGScheduler: Submitting ResultStage 18 (MapPartitionsRDD[53] at sortByKey at BinaryClassificationMetrics.scala:189), which has no missing parents
2026-08-09 23:13:28,155 INFO scheduler.TaskSetManager: Finished task 0.0 in stage 21.0 (TID 69) in 29 ms on 10.0.0.215 (executor driver) (2/2)
2026-08-09 23:13:28,155 INFO scheduler.TaskSchedulerImpl: Removed TaskSet 21.0, whose tasks have all completed, from pool default
2026-08-09 23:13:28,156 INFO storage.BlockManagerInfo: Removed broadcast_19_piece0 on 10.0.0.215:64257 in memory (size: 12.1 KiB, free: 407.6 MiB)
2026-08-09 23:13:28,156 INFO memory.MemoryStore: Block broadcast_25 stored as values in memory (estimated size 6.7 KiB, free 406.2 MiB)
2026-08-09 23:13:28,156 INFO memory.MemoryStore: Block broadcast_25_piece0 stored as bytes in memory (estimated size 3.4 KiB, free 406.3 MiB)
2026-08-09 23:13:28,156 INFO storage.BlockManagerInfo: Added broadcast_25_piece0 in memory on 10.0.0.215:64257 (size: 3.4 KiB, free: 407.5 MiB)
2026-08-09 23:13:28,156 INFO spark.SparkContext: Created broadcast 25 from broadcast at DAGScheduler.scala:1513
2026-08-09 23:13:28,157 INFO scheduler.DAGScheduler: Submitting 2 missing tasks from ResultStage 18 (MapPartitionsRDD[53] at sortByKey at BinaryClassificationMetrics.scala:189) (first 15 tasks are for partitions Vector(0, 1))
2026-08-09 23:13:28,157 INFO scheduler.TaskSchedulerImpl: Adding task set 18.0 with 2 tasks resource profile 0
2026-08-09 23:13:28,157 INFO scheduler.FairSchedulableBuilder: Added task set TaskSet_18.0 tasks to pool default
2026-08-09 23:13:28,157 INFO scheduler.DAGScheduler: ShuffleMapStage 19 (map at BinaryClassificationMetrics.scala:48) finished in 0.058 s
2026-08-09 23:13:28,157 INFO scheduler.DAGScheduler: looking for newly runnable stages
2026-08-09 23:13:28,157 INFO scheduler.DAGScheduler: running: Set(ShuffleMapStage 21, ResultStage 18)
2026-08-09 23:13:28,157 INFO scheduler.DAGScheduler: waiting: Set(ResultStage 20, ResultStage 22)
2026-08-09 23:13:28,157 INFO scheduler.TaskSetManager: Starting task 0.0 in stage 18.0 (TID 71) (10.0.0.215, executor driver, partition 0, NODE_LOCAL, 4271 bytes) taskResourceAssignments Map()
2026-08-09 23:13:28,157 INFO scheduler.DAGScheduler: failed: Set()
2026-08-09 23:13:28,158 INFO scheduler.TaskSetManager: Starting task 1.0 in stage 18.0 (TID 72) (10.0.0.215, executor driver, partition 1, NODE_LOCAL, 4271 bytes) taskResourceAssignments Map()
2026-08-09 23:13:28,158 INFO scheduler.DAGScheduler: Submitting ResultStage 20 (MapPartitionsRDD[51] at sortByKey at BinaryClassificationMetrics.scala:189), which has no missing parents
2026-08-09 23:13:28,158 INFO executor.Executor: Running task 0.0 in stage 18.0 (TID 71)
2026-08-09 23:13:28,158 INFO executor.Executor: Running task 1.0 in stage 18.0 (TID 72)
2026-08-09 23:13:28,161 INFO memory.MemoryStore: Block broadcast_26 stored as values in memory (estimated size 6.7 KiB, free 406.3 MiB)
2026-08-09 23:13:28,162 INFO memory.MemoryStore: Block broadcast_26_piece0 stored as bytes in memory (estimated size 3.4 KiB, free 406.3 MiB)
2026-08-09 23:13:28,163 INFO storage.BlockManagerInfo: Added broadcast_26_piece0 in memory on 10.0.0.215:64257 (size: 3.4 KiB, free: 407.5 MiB)
2026-08-09 23:13:28,163 INFO spark.SparkContext: Created broadcast 26 from broadcast at DAGScheduler.scala:1513
2026-08-09 23:13:28,164 INFO scheduler.DAGScheduler: Submitting 2 missing tasks from ResultStage 20 (MapPartitionsRDD[51] at sortByKey at BinaryClassificationMetrics.scala:189) (first 15 tasks are for partitions Vector(0, 1))
2026-08-09 23:13:28,164 INFO scheduler.TaskSchedulerImpl: Adding task set 20.0 with 2 tasks resource profile 0
2026-08-09 23:13:28,164 INFO scheduler.FairSchedulableBuilder: Added task set TaskSet_20.0 tasks to pool default
2026-08-09 23:13:28,164 INFO scheduler.DAGScheduler: ShuffleMapStage 21 (map at BinaryClassificationMetrics.scala:48) finished in 0.056 s
2026-08-09 23:13:28,164 INFO scheduler.DAGScheduler: looking for newly runnable stages
2026-08-09 23:13:28,164 INFO scheduler.DAGScheduler: running: Set(ResultStage 20, ResultStage 18)
2026-08-09 23:13:28,164 INFO scheduler.DAGScheduler: waiting: Set(ResultStage 22)
2026-08-09 23:13:28,164 INFO scheduler.DAGScheduler: failed: Set()
2026-08-09 23:13:28,165 INFO scheduler.DAGScheduler: Submitting ResultStage 22 (MapPartitionsRDD[52] at sortByKey at BinaryClassificationMetrics.scala:189), which has no missing parents
2026-08-09 23:13:28,165 INFO scheduler.TaskSetManager: Starting task 0.0 in stage 20.0 (TID 73) (10.0.0.215, executor driver, partition 0, NODE_LOCAL, 4271 bytes) taskResourceAssignments Map()
2026-08-09 23:13:28,165 INFO scheduler.TaskSetManager: Starting task 1.0 in stage 20.0 (TID 74) (10.0.0.215, executor driver, partition 1, NODE_LOCAL, 4271 bytes) taskResourceAssignments Map()
2026-08-09 23:13:28,165 INFO executor.Executor: Running task 0.0 in stage 20.0 (TID 73)
2026-08-09 23:13:28,165 INFO memory.MemoryStore: Block broadcast_27 stored as values in memory (estimated size 6.7 KiB, free 406.2 MiB)
2026-08-09 23:13:28,166 INFO memory.MemoryStore: Block broadcast_27_piece0 stored as bytes in memory (estimated size 3.4 KiB, free 406.2 MiB)
2026-08-09 23:13:28,166 INFO storage.ShuffleBlockFetcherIterator: Getting 1 (368.0 B) non-empty blocks including 1 (368.0 B) local and 0 (0.0 B) host-local and 0 (0.0 B) push-merged-local and 0 (0.0 B) remote blocks
2026-08-09 23:13:28,166 INFO storage.ShuffleBlockFetcherIterator: Started 0 remote fetches in 0 ms
2026-08-09 23:13:28,168 INFO executor.Executor: Running task 1.0 in stage 20.0 (TID 74)
2026-08-09 23:13:28,169 INFO storage.BlockManagerInfo: Added broadcast_27_piece0 in memory on 10.0.0.215:64257 (size: 3.4 KiB, free: 407.5 MiB)
2026-08-09 23:13:28,170 INFO storage.ShuffleBlockFetcherIterator: Getting 1 (334.0 B) non-empty blocks including 1 (334.0 B) local and 0 (0.0 B) host-local and 0 (0.0 B) push-merged-local and 0 (0.0 B) remote blocks
2026-08-09 23:13:28,170 INFO spark.SparkContext: Created broadcast 27 from broadcast at DAGScheduler.scala:1513
2026-08-09 23:13:28,170 INFO storage.ShuffleBlockFetcherIterator: Started 0 remote fetches in 0 ms
2026-08-09 23:13:28,170 INFO scheduler.DAGScheduler: Submitting 2 missing tasks from ResultStage 22 (MapPartitionsRDD[52] at sortByKey at BinaryClassificationMetrics.scala:189) (first 15 tasks are for partitions Vector(0, 1))
2026-08-09 23:13:28,170 INFO scheduler.TaskSchedulerImpl: Adding task set 22.0 with 2 tasks resource profile 0
2026-08-09 23:13:28,170 INFO scheduler.FairSchedulableBuilder: Added task set TaskSet_22.0 tasks to pool default
2026-08-09 23:13:28,173 INFO storage.ShuffleBlockFetcherIterator: Getting 1 (334.0 B) non-empty blocks including 1 (334.0 B) local and 0 (0.0 B) host-local and 0 (0.0 B) push-merged-local and 0 (0.0 B) remote blocks
2026-08-09 23:13:28,173 INFO storage.ShuffleBlockFetcherIterator: Started 0 remote fetches in 0 ms
2026-08-09 23:13:28,173 INFO storage.ShuffleBlockFetcherIterator: Getting 1 (368.0 B) non-empty blocks including 1 (368.0 B) local and 0 (0.0 B) host-local and 0 (0.0 B) push-merged-local and 0 (0.0 B) remote blocks
2026-08-09 23:13:28,173 INFO storage.ShuffleBlockFetcherIterator: Started 0 remote fetches in 0 ms
2026-08-09 23:13:28,179 INFO executor.Executor: Finished task 1.0 in stage 18.0 (TID 72). 1540 bytes result sent to driver
2026-08-09 23:13:28,179 INFO executor.Executor: Finished task 0.0 in stage 18.0 (TID 71). 1548 bytes result sent to driver
2026-08-09 23:13:28,179 INFO executor.Executor: Finished task 0.0 in stage 20.0 (TID 73). 1548 bytes result sent to driver
2026-08-09 23:13:28,179 INFO scheduler.TaskSetManager: Starting task 0.0 in stage 22.0 (TID 75) (10.0.0.215, executor driver, partition 0, NODE_LOCAL, 4271 bytes) taskResourceAssignments Map()
2026-08-09 23:13:28,179 INFO executor.Executor: Finished task 1.0 in stage 20.0 (TID 74). 1540 bytes result sent to driver
2026-08-09 23:13:28,180 INFO scheduler.TaskSetManager: Finished task 1.0 in stage 18.0 (TID 72) in 22 ms on 10.0.0.215 (executor driver) (1/2)
2026-08-09 23:13:28,180 INFO executor.Executor: Running task 0.0 in stage 22.0 (TID 75)
2026-08-09 23:13:28,180 INFO scheduler.TaskSetManager: Starting task 1.0 in stage 22.0 (TID 76) (10.0.0.215, executor driver, partition 1, NODE_LOCAL, 4271 bytes) taskResourceAssignments Map()
2026-08-09 23:13:28,181 INFO executor.Executor: Running task 1.0 in stage 22.0 (TID 76)
2026-08-09 23:13:28,181 INFO scheduler.TaskSetManager: Finished task 0.0 in stage 18.0 (TID 71) in 24 ms on 10.0.0.215 (executor driver) (2/2)
2026-08-09 23:13:28,181 INFO scheduler.TaskSchedulerImpl: Removed TaskSet 18.0, whose tasks have all completed, from pool default
2026-08-09 23:13:28,181 INFO scheduler.TaskSetManager: Finished task 1.0 in stage 20.0 (TID 74) in 16 ms on 10.0.0.215 (executor driver) (1/2)
2026-08-09 23:13:28,182 INFO storage.ShuffleBlockFetcherIterator: Getting 1 (368.0 B) non-empty blocks including 1 (368.0 B) local and 0 (0.0 B) host-local and 0 (0.0 B) push-merged-local and 0 (0.0 B) remote blocks
2026-08-09 23:13:28,182 INFO storage.ShuffleBlockFetcherIterator: Started 0 remote fetches in 0 ms
2026-08-09 23:13:28,182 INFO scheduler.TaskSetManager: Finished task 0.0 in stage 20.0 (TID 73) in 17 ms on 10.0.0.215 (executor driver) (2/2)
2026-08-09 23:13:28,182 INFO scheduler.TaskSchedulerImpl: Removed TaskSet 20.0, whose tasks have all completed, from pool default
2026-08-09 23:13:28,182 INFO scheduler.DAGScheduler: ResultStage 18 (sortByKey at BinaryClassificationMetrics.scala:189) finished in 0.027 s
2026-08-09 23:13:28,182 INFO scheduler.DAGScheduler: Job 14 is finished. Cancelling potential speculative or zombie tasks for this job
2026-08-09 23:13:28,182 INFO scheduler.TaskSchedulerImpl: Killing all running tasks in stage 18: Stage finished
2026-08-09 23:13:28,182 INFO executor.Executor: Finished task 0.0 in stage 22.0 (TID 75). 1548 bytes result sent to driver
2026-08-09 23:13:28,183 INFO storage.ShuffleBlockFetcherIterator: Getting 1 (334.0 B) non-empty blocks including 1 (334.0 B) local and 0 (0.0 B) host-local and 0 (0.0 B) push-merged-local and 0 (0.0 B) remote blocks
2026-08-09 23:13:28,183 INFO scheduler.DAGScheduler: Job 14 finished: sortByKey at BinaryClassificationMetrics.scala:189, took 0.093342 s
2026-08-09 23:13:28,183 INFO storage.ShuffleBlockFetcherIterator: Started 0 remote fetches in 0 ms
2026-08-09 23:13:28,183 INFO executor.Executor: Finished task 1.0 in stage 22.0 (TID 76). 1497 bytes result sent to driver
2026-08-09 23:13:28,183 INFO scheduler.TaskSetManager: Finished task 0.0 in stage 22.0 (TID 75) in 4 ms on 10.0.0.215 (executor driver) (1/2)
2026-08-09 23:13:28,183 INFO scheduler.DAGScheduler: ResultStage 20 (sortByKey at BinaryClassificationMetrics.scala:189) finished in 0.024 s
2026-08-09 23:13:28,183 INFO scheduler.DAGScheduler: Job 15 is finished. Cancelling potential speculative or zombie tasks for this job
2026-08-09 23:13:28,183 INFO scheduler.TaskSchedulerImpl: Killing all running tasks in stage 20: Stage finished
2026-08-09 23:13:28,184 INFO scheduler.TaskSetManager: Finished task 1.0 in stage 22.0 (TID 76) in 4 ms on 10.0.0.215 (executor driver) (2/2)
2026-08-09 23:13:28,184 INFO scheduler.TaskSchedulerImpl: Removed TaskSet 22.0, whose tasks have all completed, from pool default
2026-08-09 23:13:28,184 INFO scheduler.DAGScheduler: Job 15 finished: sortByKey at BinaryClassificationMetrics.scala:189, took 0.093570 s
2026-08-09 23:13:28,184 INFO scheduler.DAGScheduler: ResultStage 22 (sortByKey at BinaryClassificationMetrics.scala:189) finished in 0.019 s
2026-08-09 23:13:28,185 INFO scheduler.DAGScheduler: Job 16 is finished. Cancelling potential speculative or zombie tasks for this job
2026-08-09 23:13:28,185 INFO scheduler.TaskSchedulerImpl: Killing all running tasks in stage 22: Stage finished
2026-08-09 23:13:28,186 INFO scheduler.DAGScheduler: Job 16 finished: sortByKey at BinaryClassificationMetrics.scala:189, took 0.096384 s
2026-08-09 23:13:28,220 INFO spark.SparkContext: Starting job: collect at BinaryClassificationMetrics.scala:237
2026-08-09 23:13:28,220 INFO spark.SparkContext: Starting job: collect at BinaryClassificationMetrics.scala:237
2026-08-09 23:13:28,221 INFO spark.SparkContext: Starting job: collect at BinaryClassificationMetrics.scala:237
2026-08-09 23:13:28,221 INFO scheduler.DAGScheduler: Registering RDD 45 (combineByKey at BinaryClassificationMetrics.scala:188) as input to shuffle 7
2026-08-09 23:13:28,221 INFO scheduler.DAGScheduler: Got job 17 (collect at BinaryClassificationMetrics.scala:237) with 2 output partitions
2026-08-09 23:13:28,221 INFO scheduler.DAGScheduler: Final stage: ResultStage 25 (collect at BinaryClassificationMetrics.scala:237)
2026-08-09 23:13:28,221 INFO scheduler.DAGScheduler: Parents of final stage: List(ShuffleMapStage 24)
2026-08-09 23:13:28,221 INFO scheduler.DAGScheduler: Missing parents: List(ShuffleMapStage 24)
2026-08-09 23:13:28,222 INFO scheduler.DAGScheduler: Submitting ShuffleMapStage 24 (ShuffledRDD[45] at combineByKey at BinaryClassificationMetrics.scala:188), which has no missing parents
2026-08-09 23:13:28,224 INFO memory.MemoryStore: Block broadcast_28 stored as values in memory (estimated size 5.2 KiB, free 406.2 MiB)
2026-08-09 23:13:28,224 INFO memory.MemoryStore: Block broadcast_28_piece0 stored as bytes in memory (estimated size 2.9 KiB, free 406.2 MiB)
2026-08-09 23:13:28,225 INFO storage.BlockManagerInfo: Added broadcast_28_piece0 in memory on 10.0.0.215:64257 (size: 2.9 KiB, free: 407.5 MiB)
2026-08-09 23:13:28,225 INFO spark.SparkContext: Created broadcast 28 from broadcast at DAGScheduler.scala:1513
2026-08-09 23:13:28,226 INFO scheduler.DAGScheduler: Submitting 2 missing tasks from ShuffleMapStage 24 (ShuffledRDD[45] at combineByKey at BinaryClassificationMetrics.scala:188) (first 15 tasks are for partitions Vector(0, 1))
2026-08-09 23:13:28,226 INFO scheduler.TaskSchedulerImpl: Adding task set 24.0 with 2 tasks resource profile 0
2026-08-09 23:13:28,226 INFO scheduler.FairSchedulableBuilder: Added task set TaskSet_24.0 tasks to pool default
2026-08-09 23:13:28,227 INFO scheduler.DAGScheduler: Registering RDD 46 (combineByKey at BinaryClassificationMetrics.scala:188) as input to shuffle 6
2026-08-09 23:13:28,227 INFO scheduler.TaskSetManager: Starting task 0.0 in stage 24.0 (TID 77) (10.0.0.215, executor driver, partition 0, NODE_LOCAL, 4260 bytes) taskResourceAssignments Map()
2026-08-09 23:13:28,227 INFO scheduler.TaskSetManager: Starting task 1.0 in stage 24.0 (TID 78) (10.0.0.215, executor driver, partition 1, NODE_LOCAL, 4260 bytes) taskResourceAssignments Map()
2026-08-09 23:13:28,227 INFO scheduler.DAGScheduler: Got job 18 (collect at BinaryClassificationMetrics.scala:237) with 2 output partitions
2026-08-09 23:13:28,228 INFO scheduler.DAGScheduler: Final stage: ResultStage 28 (collect at BinaryClassificationMetrics.scala:237)
2026-08-09 23:13:28,228 INFO scheduler.DAGScheduler: Parents of final stage: List(ShuffleMapStage 27)
2026-08-09 23:13:28,228 INFO scheduler.DAGScheduler: Missing parents: List(ShuffleMapStage 27)
2026-08-09 23:13:28,228 INFO scheduler.DAGScheduler: Submitting ShuffleMapStage 27 (ShuffledRDD[46] at combineByKey at BinaryClassificationMetrics.scala:188), which has no missing parents
2026-08-09 23:13:28,229 INFO executor.Executor: Running task 0.0 in stage 24.0 (TID 77)
2026-08-09 23:13:28,229 INFO memory.MemoryStore: Block broadcast_29 stored as values in memory (estimated size 5.2 KiB, free 406.2 MiB)
2026-08-09 23:13:28,230 INFO executor.Executor: Running task 1.0 in stage 24.0 (TID 78)
2026-08-09 23:13:28,230 INFO memory.MemoryStore: Block broadcast_29_piece0 stored as bytes in memory (estimated size 2.9 KiB, free 406.2 MiB)
2026-08-09 23:13:28,231 INFO storage.BlockManagerInfo: Added broadcast_29_piece0 in memory on 10.0.0.215:64257 (size: 2.9 KiB, free: 407.5 MiB)
2026-08-09 23:13:28,231 INFO spark.SparkContext: Created broadcast 29 from broadcast at DAGScheduler.scala:1513
2026-08-09 23:13:28,231 INFO scheduler.DAGScheduler: Submitting 2 missing tasks from ShuffleMapStage 27 (ShuffledRDD[46] at combineByKey at BinaryClassificationMetrics.scala:188) (first 15 tasks are for partitions Vector(0, 1))
2026-08-09 23:13:28,232 INFO scheduler.TaskSchedulerImpl: Adding task set 27.0 with 2 tasks resource profile 0
2026-08-09 23:13:28,232 INFO scheduler.FairSchedulableBuilder: Added task set TaskSet_27.0 tasks to pool default
2026-08-09 23:13:28,232 INFO scheduler.DAGScheduler: Registering RDD 47 (combineByKey at BinaryClassificationMetrics.scala:188) as input to shuffle 8
2026-08-09 23:13:28,233 INFO scheduler.DAGScheduler: Got job 19 (collect at BinaryClassificationMetrics.scala:237) with 2 output partitions
2026-08-09 23:13:28,233 INFO scheduler.DAGScheduler: Final stage: ResultStage 31 (collect at BinaryClassificationMetrics.scala:237)
2026-08-09 23:13:28,233 INFO scheduler.DAGScheduler: Parents of final stage: List(ShuffleMapStage 30)
2026-08-09 23:13:28,233 INFO scheduler.DAGScheduler: Missing parents: List(ShuffleMapStage 30)
2026-08-09 23:13:28,233 INFO scheduler.TaskSetManager: Starting task 0.0 in stage 27.0 (TID 79) (10.0.0.215, executor driver, partition 0, NODE_LOCAL, 4260 bytes) taskResourceAssignments Map()
2026-08-09 23:13:28,234 INFO scheduler.TaskSetManager: Starting task 1.0 in stage 27.0 (TID 80) (10.0.0.215, executor driver, partition 1, NODE_LOCAL, 4260 bytes) taskResourceAssignments Map()
2026-08-09 23:13:28,234 INFO executor.Executor: Running task 0.0 in stage 27.0 (TID 79)
2026-08-09 23:13:28,234 INFO executor.Executor: Running task 1.0 in stage 27.0 (TID 80)
2026-08-09 23:13:28,234 INFO scheduler.DAGScheduler: Submitting ShuffleMapStage 30 (ShuffledRDD[47] at combineByKey at BinaryClassificationMetrics.scala:188), which has no missing parents
2026-08-09 23:13:28,235 INFO memory.MemoryStore: Block broadcast_30 stored as values in memory (estimated size 5.2 KiB, free 406.2 MiB)
2026-08-09 23:13:28,236 INFO memory.MemoryStore: Block broadcast_30_piece0 stored as bytes in memory (estimated size 2.9 KiB, free 406.2 MiB)
2026-08-09 23:13:28,237 INFO storage.ShuffleBlockFetcherIterator: Getting 1 (368.0 B) non-empty blocks including 1 (368.0 B) local and 0 (0.0 B) host-local and 0 (0.0 B) push-merged-local and 0 (0.0 B) remote blocks
2026-08-09 23:13:28,237 INFO storage.ShuffleBlockFetcherIterator: Started 0 remote fetches in 0 ms
2026-08-09 23:13:28,237 INFO storage.BlockManagerInfo: Added broadcast_30_piece0 in memory on 10.0.0.215:64257 (size: 2.9 KiB, free: 407.5 MiB)
2026-08-09 23:13:28,238 INFO storage.ShuffleBlockFetcherIterator: Getting 1 (334.0 B) non-empty blocks including 1 (334.0 B) local and 0 (0.0 B) host-local and 0 (0.0 B) push-merged-local and 0 (0.0 B) remote blocks
2026-08-09 23:13:28,238 INFO storage.ShuffleBlockFetcherIterator: Started 0 remote fetches in 0 ms
2026-08-09 23:13:28,238 INFO storage.ShuffleBlockFetcherIterator: Getting 1 (368.0 B) non-empty blocks including 1 (368.0 B) local and 0 (0.0 B) host-local and 0 (0.0 B) push-merged-local and 0 (0.0 B) remote blocks
2026-08-09 23:13:28,238 INFO storage.ShuffleBlockFetcherIterator: Getting 1 (334.0 B) non-empty blocks including 1 (334.0 B) local and 0 (0.0 B) host-local and 0 (0.0 B) push-merged-local and 0 (0.0 B) remote blocks
2026-08-09 23:13:28,238 INFO storage.ShuffleBlockFetcherIterator: Started 0 remote fetches in 1 ms
2026-08-09 23:13:28,238 INFO storage.ShuffleBlockFetcherIterator: Started 0 remote fetches in 0 ms
2026-08-09 23:13:28,238 INFO spark.SparkContext: Created broadcast 30 from broadcast at DAGScheduler.scala:1513
2026-08-09 23:13:28,239 INFO scheduler.DAGScheduler: Submitting 2 missing tasks from ShuffleMapStage 30 (ShuffledRDD[47] at combineByKey at BinaryClassificationMetrics.scala:188) (first 15 tasks are for partitions Vector(0, 1))
2026-08-09 23:13:28,239 INFO scheduler.TaskSchedulerImpl: Adding task set 30.0 with 2 tasks resource profile 0
2026-08-09 23:13:28,242 INFO scheduler.FairSchedulableBuilder: Added task set TaskSet_30.0 tasks to pool default
2026-08-09 23:13:28,242 INFO executor.Executor: Finished task 0.0 in stage 24.0 (TID 77). 1469 bytes result sent to driver
2026-08-09 23:13:28,243 INFO executor.Executor: Finished task 1.0 in stage 24.0 (TID 78). 1469 bytes result sent to driver
2026-08-09 23:13:28,244 INFO scheduler.TaskSetManager: Starting task 0.0 in stage 30.0 (TID 81) (10.0.0.215, executor driver, partition 0, NODE_LOCAL, 4260 bytes) taskResourceAssignments Map()
2026-08-09 23:13:28,244 INFO executor.Executor: Finished task 0.0 in stage 27.0 (TID 79). 1469 bytes result sent to driver
2026-08-09 23:13:28,244 INFO scheduler.TaskSetManager: Starting task 1.0 in stage 30.0 (TID 82) (10.0.0.215, executor driver, partition 1, NODE_LOCAL, 4260 bytes) taskResourceAssignments Map()
2026-08-09 23:13:28,244 INFO executor.Executor: Running task 0.0 in stage 30.0 (TID 81)
2026-08-09 23:13:28,244 INFO executor.Executor: Running task 1.0 in stage 30.0 (TID 82)
2026-08-09 23:13:28,244 INFO scheduler.TaskSetManager: Finished task 1.0 in stage 24.0 (TID 78) in 17 ms on 10.0.0.215 (executor driver) (1/2)
2026-08-09 23:13:28,244 INFO scheduler.TaskSetManager: Finished task 0.0 in stage 24.0 (TID 77) in 17 ms on 10.0.0.215 (executor driver) (2/2)
2026-08-09 23:13:28,244 INFO scheduler.TaskSchedulerImpl: Removed TaskSet 24.0, whose tasks have all completed, from pool default
2026-08-09 23:13:28,244 INFO scheduler.TaskSetManager: Finished task 0.0 in stage 27.0 (TID 79) in 11 ms on 10.0.0.215 (executor driver) (1/2)
2026-08-09 23:13:28,246 INFO scheduler.DAGScheduler: ShuffleMapStage 24 (combineByKey at BinaryClassificationMetrics.scala:188) finished in 0.024 s
2026-08-09 23:13:28,246 INFO scheduler.DAGScheduler: looking for newly runnable stages
2026-08-09 23:13:28,246 INFO scheduler.DAGScheduler: running: Set(ShuffleMapStage 30, ShuffleMapStage 27)
2026-08-09 23:13:28,246 INFO scheduler.DAGScheduler: waiting: Set(ResultStage 31, ResultStage 28, ResultStage 25)
2026-08-09 23:13:28,246 INFO scheduler.DAGScheduler: failed: Set()
2026-08-09 23:13:28,246 INFO executor.Executor: Finished task 1.0 in stage 27.0 (TID 80). 1469 bytes result sent to driver
2026-08-09 23:13:28,246 INFO scheduler.DAGScheduler: Submitting ResultStage 25 (MapPartitionsRDD[60] at mapPartitions at BinaryClassificationMetrics.scala:237), which has no missing parents
2026-08-09 23:13:28,247 INFO storage.ShuffleBlockFetcherIterator: Getting 1 (334.0 B) non-empty blocks including 1 (334.0 B) local and 0 (0.0 B) host-local and 0 (0.0 B) push-merged-local and 0 (0.0 B) remote blocks
2026-08-09 23:13:28,247 INFO storage.ShuffleBlockFetcherIterator: Started 0 remote fetches in 0 ms
2026-08-09 23:13:28,248 INFO memory.MemoryStore: Block broadcast_31 stored as values in memory (estimated size 6.2 KiB, free 406.2 MiB)
2026-08-09 23:13:28,249 INFO scheduler.TaskSetManager: Finished task 1.0 in stage 27.0 (TID 80) in 15 ms on 10.0.0.215 (executor driver) (2/2)
2026-08-09 23:13:28,249 INFO scheduler.TaskSchedulerImpl: Removed TaskSet 27.0, whose tasks have all completed, from pool default
2026-08-09 23:13:28,249 INFO memory.MemoryStore: Block broadcast_31_piece0 stored as bytes in memory (estimated size 3.4 KiB, free 406.2 MiB)
2026-08-09 23:13:28,250 INFO storage.ShuffleBlockFetcherIterator: Getting 1 (368.0 B) non-empty blocks including 1 (368.0 B) local and 0 (0.0 B) host-local and 0 (0.0 B) push-merged-local and 0 (0.0 B) remote blocks
2026-08-09 23:13:28,250 INFO storage.BlockManagerInfo: Added broadcast_31_piece0 in memory on 10.0.0.215:64257 (size: 3.4 KiB, free: 407.5 MiB)
2026-08-09 23:13:28,250 INFO storage.ShuffleBlockFetcherIterator: Started 0 remote fetches in 1 ms
2026-08-09 23:13:28,250 INFO executor.Executor: Finished task 1.0 in stage 30.0 (TID 82). 1469 bytes result sent to driver
2026-08-09 23:13:28,251 INFO spark.SparkContext: Created broadcast 31 from broadcast at DAGScheduler.scala:1513
2026-08-09 23:13:28,251 INFO scheduler.TaskSetManager: Finished task 1.0 in stage 30.0 (TID 82) in 7 ms on 10.0.0.215 (executor driver) (1/2)
2026-08-09 23:13:28,252 INFO scheduler.DAGScheduler: Submitting 2 missing tasks from ResultStage 25 (MapPartitionsRDD[60] at mapPartitions at BinaryClassificationMetrics.scala:237) (first 15 tasks are for partitions Vector(0, 1))
2026-08-09 23:13:28,252 INFO scheduler.TaskSchedulerImpl: Adding task set 25.0 with 2 tasks resource profile 0
2026-08-09 23:13:28,252 INFO scheduler.FairSchedulableBuilder: Added task set TaskSet_25.0 tasks to pool default
2026-08-09 23:13:28,253 INFO scheduler.DAGScheduler: ShuffleMapStage 27 (combineByKey at BinaryClassificationMetrics.scala:188) finished in 0.024 s
2026-08-09 23:13:28,253 INFO scheduler.DAGScheduler: looking for newly runnable stages
2026-08-09 23:13:28,253 INFO scheduler.DAGScheduler: running: Set(ShuffleMapStage 30, ResultStage 25)
2026-08-09 23:13:28,253 INFO scheduler.DAGScheduler: waiting: Set(ResultStage 31, ResultStage 28)
2026-08-09 23:13:28,253 INFO scheduler.DAGScheduler: failed: Set()
2026-08-09 23:13:28,253 INFO scheduler.DAGScheduler: Submitting ResultStage 28 (MapPartitionsRDD[62] at mapPartitions at BinaryClassificationMetrics.scala:237), which has no missing parents
2026-08-09 23:13:28,253 INFO scheduler.TaskSetManager: Starting task 0.0 in stage 25.0 (TID 83) (10.0.0.215, executor driver, partition 0, NODE_LOCAL, 4271 bytes) taskResourceAssignments Map()
2026-08-09 23:13:28,254 INFO executor.Executor: Finished task 0.0 in stage 30.0 (TID 81). 1469 bytes result sent to driver
2026-08-09 23:13:28,254 INFO scheduler.TaskSetManager: Starting task 1.0 in stage 25.0 (TID 84) (10.0.0.215, executor driver, partition 1, NODE_LOCAL, 4271 bytes) taskResourceAssignments Map()
2026-08-09 23:13:28,255 INFO executor.Executor: Running task 0.0 in stage 25.0 (TID 83)
2026-08-09 23:13:28,255 INFO executor.Executor: Running task 1.0 in stage 25.0 (TID 84)
2026-08-09 23:13:28,255 INFO scheduler.TaskSetManager: Finished task 0.0 in stage 30.0 (TID 81) in 12 ms on 10.0.0.215 (executor driver) (2/2)
2026-08-09 23:13:28,255 INFO scheduler.TaskSchedulerImpl: Removed TaskSet 30.0, whose tasks have all completed, from pool default
2026-08-09 23:13:28,255 INFO memory.MemoryStore: Block broadcast_32 stored as values in memory (estimated size 6.2 KiB, free 406.2 MiB)
2026-08-09 23:13:28,255 INFO memory.MemoryStore: Block broadcast_32_piece0 stored as bytes in memory (estimated size 3.4 KiB, free 406.2 MiB)
2026-08-09 23:13:28,256 INFO storage.BlockManagerInfo: Added broadcast_32_piece0 in memory on 10.0.0.215:64257 (size: 3.4 KiB, free: 407.5 MiB)
2026-08-09 23:13:28,257 INFO spark.SparkContext: Created broadcast 32 from broadcast at DAGScheduler.scala:1513
2026-08-09 23:13:28,258 INFO scheduler.DAGScheduler: Submitting 2 missing tasks from ResultStage 28 (MapPartitionsRDD[62] at mapPartitions at BinaryClassificationMetrics.scala:237) (first 15 tasks are for partitions Vector(0, 1))
2026-08-09 23:13:28,258 INFO scheduler.TaskSchedulerImpl: Adding task set 28.0 with 2 tasks resource profile 0
2026-08-09 23:13:28,258 INFO scheduler.FairSchedulableBuilder: Added task set TaskSet_28.0 tasks to pool default
2026-08-09 23:13:28,259 INFO scheduler.TaskSetManager: Starting task 0.0 in stage 28.0 (TID 85) (10.0.0.215, executor driver, partition 0, NODE_LOCAL, 4271 bytes) taskResourceAssignments Map()
2026-08-09 23:13:28,259 INFO scheduler.TaskSetManager: Starting task 1.0 in stage 28.0 (TID 86) (10.0.0.215, executor driver, partition 1, NODE_LOCAL, 4271 bytes) taskResourceAssignments Map()
2026-08-09 23:13:28,260 INFO scheduler.DAGScheduler: ShuffleMapStage 30 (combineByKey at BinaryClassificationMetrics.scala:188) finished in 0.024 s
2026-08-09 23:13:28,260 INFO scheduler.DAGScheduler: looking for newly runnable stages
2026-08-09 23:13:28,260 INFO scheduler.DAGScheduler: running: Set(ResultStage 28, ResultStage 25)
2026-08-09 23:13:28,260 INFO scheduler.DAGScheduler: waiting: Set(ResultStage 31)
2026-08-09 23:13:28,260 INFO scheduler.DAGScheduler: failed: Set()
2026-08-09 23:13:28,260 INFO executor.Executor: Running task 0.0 in stage 28.0 (TID 85)
2026-08-09 23:13:28,260 INFO executor.Executor: Running task 1.0 in stage 28.0 (TID 86)
2026-08-09 23:13:28,261 INFO scheduler.DAGScheduler: Submitting ResultStage 31 (MapPartitionsRDD[61] at mapPartitions at BinaryClassificationMetrics.scala:237), which has no missing parents
2026-08-09 23:13:28,263 INFO memory.MemoryStore: Block broadcast_33 stored as values in memory (estimated size 6.2 KiB, free 406.2 MiB)
2026-08-09 23:13:28,267 INFO memory.MemoryStore: Block broadcast_33_piece0 stored as bytes in memory (estimated size 3.4 KiB, free 406.2 MiB)
2026-08-09 23:13:28,269 INFO storage.ShuffleBlockFetcherIterator: Getting 2 (608.0 B) non-empty blocks including 2 (608.0 B) local and 0 (0.0 B) host-local and 0 (0.0 B) push-merged-local and 0 (0.0 B) remote blocks
2026-08-09 23:13:28,269 INFO storage.ShuffleBlockFetcherIterator: Getting 2 (580.0 B) non-empty blocks including 2 (580.0 B) local and 0 (0.0 B) host-local and 0 (0.0 B) push-merged-local and 0 (0.0 B) remote blocks
2026-08-09 23:13:28,269 INFO storage.ShuffleBlockFetcherIterator: Started 0 remote fetches in 0 ms
2026-08-09 23:13:28,269 INFO storage.BlockManagerInfo: Added broadcast_33_piece0 in memory on 10.0.0.215:64257 (size: 3.4 KiB, free: 407.5 MiB)
2026-08-09 23:13:28,269 INFO storage.ShuffleBlockFetcherIterator: Started 0 remote fetches in 0 ms
2026-08-09 23:13:28,269 INFO spark.SparkContext: Created broadcast 33 from broadcast at DAGScheduler.scala:1513
2026-08-09 23:13:28,269 INFO scheduler.DAGScheduler: Submitting 2 missing tasks from ResultStage 31 (MapPartitionsRDD[61] at mapPartitions at BinaryClassificationMetrics.scala:237) (first 15 tasks are for partitions Vector(0, 1))
2026-08-09 23:13:28,269 INFO scheduler.TaskSchedulerImpl: Adding task set 31.0 with 2 tasks resource profile 0
2026-08-09 23:13:28,269 INFO storage.ShuffleBlockFetcherIterator: Getting 2 (580.0 B) non-empty blocks including 2 (580.0 B) local and 0 (0.0 B) host-local and 0 (0.0 B) push-merged-local and 0 (0.0 B) remote blocks
2026-08-09 23:13:28,269 INFO storage.ShuffleBlockFetcherIterator: Started 0 remote fetches in 0 ms
2026-08-09 23:13:28,270 INFO storage.ShuffleBlockFetcherIterator: Getting 2 (608.0 B) non-empty blocks including 2 (608.0 B) local and 0 (0.0 B) host-local and 0 (0.0 B) push-merged-local and 0 (0.0 B) remote blocks
2026-08-09 23:13:28,270 INFO storage.ShuffleBlockFetcherIterator: Started 0 remote fetches in 0 ms
2026-08-09 23:13:28,270 INFO scheduler.FairSchedulableBuilder: Added task set TaskSet_31.0 tasks to pool default
2026-08-09 23:13:28,275 INFO storage.BlockManagerInfo: Removed broadcast_26_piece0 on 10.0.0.215:64257 in memory (size: 3.4 KiB, free: 407.5 MiB)
2026-08-09 23:13:28,279 INFO executor.Executor: Finished task 1.0 in stage 25.0 (TID 84). 1499 bytes result sent to driver
2026-08-09 23:13:28,280 INFO scheduler.TaskSetManager: Starting task 0.0 in stage 31.0 (TID 87) (10.0.0.215, executor driver, partition 0, NODE_LOCAL, 4271 bytes) taskResourceAssignments Map()
2026-08-09 23:13:28,281 INFO executor.Executor: Finished task 0.0 in stage 25.0 (TID 83). 1499 bytes result sent to driver
2026-08-09 23:13:28,281 INFO executor.Executor: Finished task 1.0 in stage 28.0 (TID 86). 1499 bytes result sent to driver
2026-08-09 23:13:28,281 INFO scheduler.TaskSetManager: Finished task 1.0 in stage 25.0 (TID 84) in 27 ms on 10.0.0.215 (executor driver) (1/2)
2026-08-09 23:13:28,282 INFO executor.Executor: Running task 0.0 in stage 31.0 (TID 87)
2026-08-09 23:13:28,282 INFO scheduler.TaskSetManager: Starting task 1.0 in stage 31.0 (TID 88) (10.0.0.215, executor driver, partition 1, NODE_LOCAL, 4271 bytes) taskResourceAssignments Map()
2026-08-09 23:13:28,281 INFO executor.Executor: Finished task 0.0 in stage 28.0 (TID 85). 1499 bytes result sent to driver
2026-08-09 23:13:28,283 INFO storage.ShuffleBlockFetcherIterator: Getting 2 (580.0 B) non-empty blocks including 2 (580.0 B) local and 0 (0.0 B) host-local and 0 (0.0 B) push-merged-local and 0 (0.0 B) remote blocks
2026-08-09 23:13:28,283 INFO storage.ShuffleBlockFetcherIterator: Started 0 remote fetches in 0 ms
2026-08-09 23:13:28,284 INFO executor.Executor: Running task 1.0 in stage 31.0 (TID 88)
2026-08-09 23:13:28,285 INFO scheduler.TaskSetManager: Finished task 0.0 in stage 25.0 (TID 83) in 32 ms on 10.0.0.215 (executor driver) (2/2)
2026-08-09 23:13:28,285 INFO scheduler.TaskSchedulerImpl: Removed TaskSet 25.0, whose tasks have all completed, from pool default
2026-08-09 23:13:28,285 INFO scheduler.TaskSetManager: Finished task 0.0 in stage 28.0 (TID 85) in 26 ms on 10.0.0.215 (executor driver) (1/2)
2026-08-09 23:13:28,285 INFO scheduler.DAGScheduler: ResultStage 25 (collect at BinaryClassificationMetrics.scala:237) finished in 0.038 s
2026-08-09 23:13:28,286 INFO scheduler.DAGScheduler: Job 17 is finished. Cancelling potential speculative or zombie tasks for this job
2026-08-09 23:13:28,286 INFO scheduler.TaskSchedulerImpl: Killing all running tasks in stage 25: Stage finished
2026-08-09 23:13:28,286 INFO scheduler.TaskSetManager: Finished task 1.0 in stage 28.0 (TID 86) in 27 ms on 10.0.0.215 (executor driver) (2/2)
2026-08-09 23:13:28,286 INFO scheduler.TaskSchedulerImpl: Removed TaskSet 28.0, whose tasks have all completed, from pool default
2026-08-09 23:13:28,287 INFO executor.Executor: Finished task 0.0 in stage 31.0 (TID 87). 1413 bytes result sent to driver
2026-08-09 23:13:28,287 INFO storage.ShuffleBlockFetcherIterator: Getting 2 (608.0 B) non-empty blocks including 2 (608.0 B) local and 0 (0.0 B) host-local and 0 (0.0 B) push-merged-local and 0 (0.0 B) remote blocks
2026-08-09 23:13:28,287 INFO scheduler.DAGScheduler: ResultStage 28 (collect at BinaryClassificationMetrics.scala:237) finished in 0.034 s
2026-08-09 23:13:28,287 INFO storage.ShuffleBlockFetcherIterator: Started 0 remote fetches in 0 ms
2026-08-09 23:13:28,287 INFO scheduler.DAGScheduler: Job 18 is finished. Cancelling potential speculative or zombie tasks for this job
2026-08-09 23:13:28,287 INFO scheduler.TaskSchedulerImpl: Killing all running tasks in stage 28: Stage finished
2026-08-09 23:13:28,288 INFO storage.BlockManagerInfo: Removed broadcast_25_piece0 on 10.0.0.215:64257 in memory (size: 3.4 KiB, free: 407.5 MiB)
2026-08-09 23:13:28,288 INFO scheduler.DAGScheduler: Job 17 finished: collect at BinaryClassificationMetrics.scala:237, took 0.068084 s
2026-08-09 23:13:28,288 INFO scheduler.DAGScheduler: Job 18 finished: collect at BinaryClassificationMetrics.scala:237, took 0.068453 s
2026-08-09 23:13:28,289 INFO executor.Executor: Finished task 1.0 in stage 31.0 (TID 88). 1413 bytes result sent to driver
2026-08-09 23:13:28,289 INFO evaluation.BinaryClassificationMetrics: Total counts: {numPos: 5174.0, numNeg: 4826.0}
2026-08-09 23:13:28,290 INFO evaluation.BinaryClassificationMetrics: Total counts: {numPos: 5174.0, numNeg: 4826.0}
2026-08-09 23:13:28,291 INFO scheduler.TaskSetManager: Finished task 0.0 in stage 31.0 (TID 87) in 11 ms on 10.0.0.215 (executor driver) (1/2)
2026-08-09 23:13:28,291 INFO scheduler.TaskSetManager: Finished task 1.0 in stage 31.0 (TID 88) in 9 ms on 10.0.0.215 (executor driver) (2/2)
2026-08-09 23:13:28,291 INFO scheduler.TaskSchedulerImpl: Removed TaskSet 31.0, whose tasks have all completed, from pool default
2026-08-09 23:13:28,294 INFO scheduler.DAGScheduler: ResultStage 31 (collect at BinaryClassificationMetrics.scala:237) finished in 0.031 s
2026-08-09 23:13:28,294 INFO scheduler.DAGScheduler: Job 19 is finished. Cancelling potential speculative or zombie tasks for this job
2026-08-09 23:13:28,294 INFO scheduler.TaskSchedulerImpl: Killing all running tasks in stage 31: Stage finished
2026-08-09 23:13:28,294 INFO scheduler.DAGScheduler: Job 19 finished: collect at BinaryClassificationMetrics.scala:237, took 0.073279 s
2026-08-09 23:13:28,294 INFO evaluation.BinaryClassificationMetrics: Total counts: {numPos: 5174.0, numNeg: 4826.0}
2026-08-09 23:13:28,323 INFO spark.SparkContext: Starting job: collect at AreaUnderCurve.scala:44
2026-08-09 23:13:28,326 INFO scheduler.DAGScheduler: Got job 20 (collect at AreaUnderCurve.scala:44) with 2 output partitions
2026-08-09 23:13:28,326 INFO scheduler.DAGScheduler: Final stage: ResultStage 34 (collect at AreaUnderCurve.scala:44)
2026-08-09 23:13:28,326 INFO scheduler.DAGScheduler: Parents of final stage: List(ShuffleMapStage 33)
2026-08-09 23:13:28,327 INFO storage.BlockManagerInfo: Removed broadcast_28_piece0 on 10.0.0.215:64257 in memory (size: 2.9 KiB, free: 407.5 MiB)
2026-08-09 23:13:28,327 INFO scheduler.DAGScheduler: Missing parents: List()
2026-08-09 23:13:28,328 INFO scheduler.DAGScheduler: Submitting ResultStage 34 (MapPartitionsRDD[74] at mapPartitions at AreaUnderCurve.scala:44), which has no missing parents
2026-08-09 23:13:28,329 INFO spark.SparkContext: Starting job: collect at AreaUnderCurve.scala:44
2026-08-09 23:13:28,330 INFO spark.SparkContext: Starting job: collect at AreaUnderCurve.scala:44
2026-08-09 23:13:28,331 INFO memory.MemoryStore: Block broadcast_34 stored as values in memory (estimated size 7.8 KiB, free 406.2 MiB)
2026-08-09 23:13:28,331 INFO memory.MemoryStore: Block broadcast_34_piece0 stored as bytes in memory (estimated size 3.8 KiB, free 406.2 MiB)
2026-08-09 23:13:28,334 INFO storage.BlockManagerInfo: Removed broadcast_7_piece0 on 10.0.0.215:64257 in memory (size: 12.3 KiB, free: 407.5 MiB)
2026-08-09 23:13:28,334 INFO storage.BlockManagerInfo: Added broadcast_34_piece0 in memory on 10.0.0.215:64257 (size: 3.8 KiB, free: 407.5 MiB)
2026-08-09 23:13:28,334 INFO spark.SparkContext: Created broadcast 34 from broadcast at DAGScheduler.scala:1513
2026-08-09 23:13:28,334 INFO scheduler.DAGScheduler: Submitting 2 missing tasks from ResultStage 34 (MapPartitionsRDD[74] at mapPartitions at AreaUnderCurve.scala:44) (first 15 tasks are for partitions Vector(0, 1))
2026-08-09 23:13:28,334 INFO scheduler.TaskSchedulerImpl: Adding task set 34.0 with 2 tasks resource profile 0
2026-08-09 23:13:28,335 INFO scheduler.FairSchedulableBuilder: Added task set TaskSet_34.0 tasks to pool default
2026-08-09 23:13:28,335 INFO scheduler.DAGScheduler: Got job 21 (collect at AreaUnderCurve.scala:44) with 2 output partitions
2026-08-09 23:13:28,335 INFO scheduler.DAGScheduler: Final stage: ResultStage 37 (collect at AreaUnderCurve.scala:44)
2026-08-09 23:13:28,335 INFO scheduler.DAGScheduler: Parents of final stage: List(ShuffleMapStage 36)
2026-08-09 23:13:28,335 INFO scheduler.TaskSetManager: Starting task 0.0 in stage 34.0 (TID 89) (10.0.0.215, executor driver, partition 0, NODE_LOCAL, 4271 bytes) taskResourceAssignments Map()
2026-08-09 23:13:28,335 INFO scheduler.DAGScheduler: Missing parents: List()
2026-08-09 23:13:28,336 INFO scheduler.TaskSetManager: Starting task 1.0 in stage 34.0 (TID 90) (10.0.0.215, executor driver, partition 1, NODE_LOCAL, 4271 bytes) taskResourceAssignments Map()
2026-08-09 23:13:28,336 INFO scheduler.DAGScheduler: Submitting ResultStage 37 (MapPartitionsRDD[77] at mapPartitions at AreaUnderCurve.scala:44), which has no missing parents
2026-08-09 23:13:28,337 INFO executor.Executor: Running task 1.0 in stage 34.0 (TID 90)
2026-08-09 23:13:28,337 INFO memory.MemoryStore: Block broadcast_35 stored as values in memory (estimated size 7.8 KiB, free 406.3 MiB)
2026-08-09 23:13:28,338 INFO storage.BlockManagerInfo: Removed broadcast_9_piece0 on 10.0.0.215:64257 in memory (size: 12.3 KiB, free: 407.6 MiB)
2026-08-09 23:13:28,338 INFO memory.MemoryStore: Block broadcast_35_piece0 stored as bytes in memory (estimated size 3.8 KiB, free 406.3 MiB)
2026-08-09 23:13:28,339 INFO storage.BlockManagerInfo: Added broadcast_35_piece0 in memory on 10.0.0.215:64257 (size: 3.8 KiB, free: 407.6 MiB)
2026-08-09 23:13:28,339 INFO spark.SparkContext: Created broadcast 35 from broadcast at DAGScheduler.scala:1513
2026-08-09 23:13:28,339 INFO scheduler.DAGScheduler: Submitting 2 missing tasks from ResultStage 37 (MapPartitionsRDD[77] at mapPartitions at AreaUnderCurve.scala:44) (first 15 tasks are for partitions Vector(0, 1))
2026-08-09 23:13:28,339 INFO scheduler.TaskSchedulerImpl: Adding task set 37.0 with 2 tasks resource profile 0
2026-08-09 23:13:28,340 INFO executor.Executor: Running task 0.0 in stage 34.0 (TID 89)
2026-08-09 23:13:28,340 INFO scheduler.FairSchedulableBuilder: Added task set TaskSet_37.0 tasks to pool default
2026-08-09 23:13:28,341 INFO scheduler.TaskSetManager: Starting task 0.0 in stage 37.0 (TID 91) (10.0.0.215, executor driver, partition 0, NODE_LOCAL, 4271 bytes) taskResourceAssignments Map()
2026-08-09 23:13:28,341 INFO scheduler.DAGScheduler: Got job 22 (collect at AreaUnderCurve.scala:44) with 2 output partitions
2026-08-09 23:13:28,341 INFO scheduler.DAGScheduler: Final stage: ResultStage 40 (collect at AreaUnderCurve.scala:44)
2026-08-09 23:13:28,341 INFO scheduler.DAGScheduler: Parents of final stage: List(ShuffleMapStage 39)
2026-08-09 23:13:28,341 INFO scheduler.TaskSetManager: Starting task 1.0 in stage 37.0 (TID 92) (10.0.0.215, executor driver, partition 1, NODE_LOCAL, 4271 bytes) taskResourceAssignments Map()
2026-08-09 23:13:28,341 INFO scheduler.DAGScheduler: Missing parents: List()
2026-08-09 23:13:28,342 INFO storage.BlockManagerInfo: Removed broadcast_8_piece0 on 10.0.0.215:64257 in memory (size: 12.3 KiB, free: 407.6 MiB)
2026-08-09 23:13:28,343 INFO executor.Executor: Running task 1.0 in stage 37.0 (TID 92)
2026-08-09 23:13:28,343 INFO executor.Executor: Running task 0.0 in stage 37.0 (TID 91)
2026-08-09 23:13:28,344 INFO scheduler.DAGScheduler: Submitting ResultStage 40 (MapPartitionsRDD[72] at mapPartitions at AreaUnderCurve.scala:44), which has no missing parents
2026-08-09 23:13:28,345 INFO storage.ShuffleBlockFetcherIterator: Getting 2 (580.0 B) non-empty blocks including 2 (580.0 B) local and 0 (0.0 B) host-local and 0 (0.0 B) push-merged-local and 0 (0.0 B) remote blocks
2026-08-09 23:13:28,345 INFO memory.MemoryStore: Block broadcast_36 stored as values in memory (estimated size 7.8 KiB, free 406.3 MiB)
2026-08-09 23:13:28,345 INFO storage.ShuffleBlockFetcherIterator: Started 0 remote fetches in 0 ms
2026-08-09 23:13:28,346 INFO memory.MemoryStore: Block broadcast_36_piece0 stored as bytes in memory (estimated size 3.8 KiB, free 406.3 MiB)
2026-08-09 23:13:28,346 INFO storage.ShuffleBlockFetcherIterator: Getting 2 (608.0 B) non-empty blocks including 2 (608.0 B) local and 0 (0.0 B) host-local and 0 (0.0 B) push-merged-local and 0 (0.0 B) remote blocks
2026-08-09 23:13:28,346 INFO storage.BlockManagerInfo: Added broadcast_36_piece0 in memory on 10.0.0.215:64257 (size: 3.8 KiB, free: 407.6 MiB)
2026-08-09 23:13:28,346 INFO storage.ShuffleBlockFetcherIterator: Started 0 remote fetches in 1 ms
2026-08-09 23:13:28,347 INFO spark.SparkContext: Created broadcast 36 from broadcast at DAGScheduler.scala:1513
2026-08-09 23:13:28,347 INFO scheduler.DAGScheduler: Submitting 2 missing tasks from ResultStage 40 (MapPartitionsRDD[72] at mapPartitions at AreaUnderCurve.scala:44) (first 15 tasks are for partitions Vector(0, 1))
2026-08-09 23:13:28,347 INFO scheduler.TaskSchedulerImpl: Adding task set 40.0 with 2 tasks resource profile 0
2026-08-09 23:13:28,348 INFO scheduler.FairSchedulableBuilder: Added task set TaskSet_40.0 tasks to pool default
2026-08-09 23:13:28,348 INFO storage.ShuffleBlockFetcherIterator: Getting 2 (608.0 B) non-empty blocks including 2 (608.0 B) local and 0 (0.0 B) host-local and 0 (0.0 B) push-merged-local and 0 (0.0 B) remote blocks
2026-08-09 23:13:28,348 INFO storage.ShuffleBlockFetcherIterator: Started 0 remote fetches in 0 ms
2026-08-09 23:13:28,348 INFO memory.MemoryStore: Block rdd_64_1 stored as values in memory (estimated size 520.0 B, free 406.3 MiB)
2026-08-09 23:13:28,349 INFO memory.MemoryStore: Block rdd_64_0 stored as values in memory (estimated size 440.0 B, free 406.3 MiB)
2026-08-09 23:13:28,349 INFO storage.BlockManagerInfo: Added rdd_64_1 in memory on 10.0.0.215:64257 (size: 520.0 B, free: 407.6 MiB)
2026-08-09 23:13:28,349 INFO storage.BlockManagerInfo: Added rdd_64_0 in memory on 10.0.0.215:64257 (size: 440.0 B, free: 407.6 MiB)
2026-08-09 23:13:28,350 INFO memory.MemoryStore: Block rdd_71_1 stored as values in memory (estimated size 520.0 B, free 406.3 MiB)
2026-08-09 23:13:28,350 INFO storage.ShuffleBlockFetcherIterator: Getting 2 (580.0 B) non-empty blocks including 2 (580.0 B) local and 0 (0.0 B) host-local and 0 (0.0 B) push-merged-local and 0 (0.0 B) remote blocks
2026-08-09 23:13:28,350 INFO storage.ShuffleBlockFetcherIterator: Started 0 remote fetches in 0 ms
2026-08-09 23:13:28,350 INFO storage.BlockManagerInfo: Added rdd_71_1 in memory on 10.0.0.215:64257 (size: 520.0 B, free: 407.6 MiB)
2026-08-09 23:13:28,352 INFO memory.MemoryStore: Block rdd_71_0 stored as values in memory (estimated size 440.0 B, free 406.3 MiB)
2026-08-09 23:13:28,352 INFO storage.BlockManagerInfo: Removed broadcast_11_piece0 on 10.0.0.215:64257 in memory (size: 3.0 KiB, free: 407.6 MiB)
2026-08-09 23:13:28,352 INFO storage.BlockManagerInfo: Added rdd_71_0 in memory on 10.0.0.215:64257 (size: 440.0 B, free: 407.6 MiB)
2026-08-09 23:13:28,353 INFO storage.BlockManagerInfo: Removed broadcast_12_piece0 on 10.0.0.215:64257 in memory (size: 3.0 KiB, free: 407.6 MiB)
2026-08-09 23:13:28,354 INFO executor.Executor: Finished task 1.0 in stage 34.0 (TID 90). 1532 bytes result sent to driver
2026-08-09 23:13:28,354 INFO executor.Executor: Finished task 1.0 in stage 37.0 (TID 92). 1532 bytes result sent to driver
2026-08-09 23:13:28,354 INFO executor.Executor: Finished task 0.0 in stage 34.0 (TID 89). 1532 bytes result sent to driver
2026-08-09 23:13:28,354 INFO executor.Executor: Finished task 0.0 in stage 37.0 (TID 91). 1575 bytes result sent to driver
2026-08-09 23:13:28,354 INFO scheduler.TaskSetManager: Starting task 0.0 in stage 40.0 (TID 93) (10.0.0.215, executor driver, partition 0, NODE_LOCAL, 4271 bytes) taskResourceAssignments Map()
2026-08-09 23:13:28,355 INFO scheduler.TaskSetManager: Finished task 1.0 in stage 34.0 (TID 90) in 20 ms on 10.0.0.215 (executor driver) (1/2)
2026-08-09 23:13:28,355 INFO scheduler.TaskSetManager: Starting task 1.0 in stage 40.0 (TID 94) (10.0.0.215, executor driver, partition 1, NODE_LOCAL, 4271 bytes) taskResourceAssignments Map()
2026-08-09 23:13:28,355 INFO executor.Executor: Running task 1.0 in stage 40.0 (TID 94)
2026-08-09 23:13:28,356 INFO executor.Executor: Running task 0.0 in stage 40.0 (TID 93)
2026-08-09 23:13:28,356 INFO scheduler.TaskSetManager: Finished task 1.0 in stage 37.0 (TID 92) in 15 ms on 10.0.0.215 (executor driver) (1/2)
2026-08-09 23:13:28,356 INFO scheduler.TaskSetManager: Finished task 0.0 in stage 37.0 (TID 91) in 15 ms on 10.0.0.215 (executor driver) (2/2)
2026-08-09 23:13:28,356 INFO scheduler.DAGScheduler: ResultStage 37 (collect at AreaUnderCurve.scala:44) finished in 0.019 s
2026-08-09 23:13:28,356 INFO storage.BlockManagerInfo: Removed broadcast_10_piece0 on 10.0.0.215:64257 in memory (size: 3.0 KiB, free: 407.6 MiB)
2026-08-09 23:13:28,356 INFO scheduler.TaskSchedulerImpl: Removed TaskSet 37.0, whose tasks have all completed, from pool default
2026-08-09 23:13:28,356 INFO scheduler.DAGScheduler: Job 21 is finished. Cancelling potential speculative or zombie tasks for this job
2026-08-09 23:13:28,356 INFO scheduler.TaskSetManager: Finished task 0.0 in stage 34.0 (TID 89) in 21 ms on 10.0.0.215 (executor driver) (2/2)
2026-08-09 23:13:28,357 INFO scheduler.TaskSchedulerImpl: Removed TaskSet 34.0, whose tasks have all completed, from pool default
2026-08-09 23:13:28,357 INFO scheduler.TaskSchedulerImpl: Killing all running tasks in stage 37: Stage finished
2026-08-09 23:13:28,357 INFO scheduler.DAGScheduler: Job 21 finished: collect at AreaUnderCurve.scala:44, took 0.027210 s
2026-08-09 23:13:28,357 INFO scheduler.DAGScheduler: ResultStage 34 (collect at AreaUnderCurve.scala:44) finished in 0.027 s
2026-08-09 23:13:28,358 INFO scheduler.DAGScheduler: Job 20 is finished. Cancelling potential speculative or zombie tasks for this job
2026-08-09 23:13:28,358 INFO scheduler.TaskSchedulerImpl: Killing all running tasks in stage 34: Stage finished
2026-08-09 23:13:28,358 INFO scheduler.DAGScheduler: Job 20 finished: collect at AreaUnderCurve.scala:44, took 0.033802 s
2026-08-09 23:13:28,359 INFO storage.BlockManagerInfo: Removed broadcast_16_piece0 on 10.0.0.215:64257 in memory (size: 12.0 KiB, free: 407.6 MiB)
2026-08-09 23:13:28,359 INFO storage.ShuffleBlockFetcherIterator: Getting 2 (608.0 B) non-empty blocks including 2 (608.0 B) local and 0 (0.0 B) host-local and 0 (0.0 B) push-merged-local and 0 (0.0 B) remote blocks
2026-08-09 23:13:28,359 INFO storage.ShuffleBlockFetcherIterator: Getting 2 (580.0 B) non-empty blocks including 2 (580.0 B) local and 0 (0.0 B) host-local and 0 (0.0 B) push-merged-local and 0 (0.0 B) remote blocks
2026-08-09 23:13:28,359 INFO storage.ShuffleBlockFetcherIterator: Started 0 remote fetches in 0 ms
2026-08-09 23:13:28,359 INFO storage.ShuffleBlockFetcherIterator: Started 0 remote fetches in 0 ms
2026-08-09 23:13:28,360 INFO memory.MemoryStore: Block rdd_63_1 stored as values in memory (estimated size 520.0 B, free 406.4 MiB)
2026-08-09 23:13:28,360 INFO storage.BlockManagerInfo: Added rdd_63_1 in memory on 10.0.0.215:64257 (size: 520.0 B, free: 407.6 MiB)
2026-08-09 23:13:28,360 INFO memory.MemoryStore: Block rdd_63_0 stored as values in memory (estimated size 440.0 B, free 406.4 MiB)
2026-08-09 23:13:28,361 INFO storage.BlockManagerInfo: Added rdd_63_0 in memory on 10.0.0.215:64257 (size: 440.0 B, free: 407.6 MiB)
2026-08-09 23:13:28,362 INFO executor.Executor: Finished task 0.0 in stage 40.0 (TID 93). 1489 bytes result sent to driver
2026-08-09 23:13:28,363 INFO executor.Executor: Finished task 1.0 in stage 40.0 (TID 94). 1532 bytes result sent to driver
2026-08-09 23:13:28,363 INFO storage.BlockManagerInfo: Removed broadcast_14_piece0 on 10.0.0.215:64257 in memory (size: 12.0 KiB, free: 407.6 MiB)
2026-08-09 23:13:28,363 INFO scheduler.TaskSetManager: Finished task 0.0 in stage 40.0 (TID 93) in 9 ms on 10.0.0.215 (executor driver) (1/2)
2026-08-09 23:13:28,363 INFO scheduler.TaskSetManager: Finished task 1.0 in stage 40.0 (TID 94) in 8 ms on 10.0.0.215 (executor driver) (2/2)
2026-08-09 23:13:28,363 INFO scheduler.TaskSchedulerImpl: Removed TaskSet 40.0, whose tasks have all completed, from pool default
2026-08-09 23:13:28,363 INFO scheduler.DAGScheduler: ResultStage 40 (collect at AreaUnderCurve.scala:44) finished in 0.018 s
2026-08-09 23:13:28,364 INFO scheduler.DAGScheduler: Job 22 is finished. Cancelling potential speculative or zombie tasks for this job
2026-08-09 23:13:28,364 INFO scheduler.TaskSchedulerImpl: Killing all running tasks in stage 40: Stage finished
2026-08-09 23:13:28,364 INFO scheduler.DAGScheduler: Job 22 finished: collect at AreaUnderCurve.scala:44, took 0.033802 s
2026-08-09 23:13:28,366 INFO storage.BlockManagerInfo: Removed broadcast_29_piece0 on 10.0.0.215:64257 in memory (size: 2.9 KiB, free: 407.6 MiB)
[naive] maxDepth=5 maxNodes=20 -> accuracy=0.6636 auc=0.7110744996620707
[naive] maxDepth=10 maxNodes=50 -> accuracy=0.6674 auc=0.722510969684727
[naive] maxDepth=20 maxNodes=100 -> accuracy=0.6638 auc=0.7209901879572238
2026-08-09 23:13:28,369 INFO storage.BlockManagerInfo: Removed broadcast_22_piece0 on 10.0.0.215:64257 in memory (size: 12.7 KiB, free: 407.6 MiB)
2026-08-09 23:13:28,371 INFO storage.BlockManagerInfo: Removed broadcast_24_piece0 on 10.0.0.215:64257 in memory (size: 12.7 KiB, free: 407.6 MiB)
2026-08-09 23:13:28,372 INFO spark.SparkContext: Starting job: zipWithIndex at EnsembleTrainer.scala:31
2026-08-09 23:13:28,372 INFO scheduler.DAGScheduler: Got job 23 (zipWithIndex at EnsembleTrainer.scala:31) with 3 output partitions
2026-08-09 23:13:28,372 INFO scheduler.DAGScheduler: Final stage: ResultStage 41 (zipWithIndex at EnsembleTrainer.scala:31)
2026-08-09 23:13:28,372 INFO scheduler.DAGScheduler: Parents of final stage: List()
2026-08-09 23:13:28,372 INFO storage.BlockManagerInfo: Removed broadcast_27_piece0 on 10.0.0.215:64257 in memory (size: 3.4 KiB, free: 407.6 MiB)
2026-08-09 23:13:28,372 INFO scheduler.DAGScheduler: Missing parents: List()
2026-08-09 23:13:28,373 INFO scheduler.DAGScheduler: Submitting ResultStage 41 (MapPartitionsRDD[8] at map at HiggsLoader.scala:15), which has no missing parents
2026-08-09 23:13:28,375 INFO storage.BlockManagerInfo: Removed broadcast_23_piece0 on 10.0.0.215:64257 in memory (size: 12.7 KiB, free: 407.6 MiB)
2026-08-09 23:13:28,375 INFO memory.MemoryStore: Block broadcast_37 stored as values in memory (estimated size 37.5 KiB, free 406.6 MiB)
2026-08-09 23:13:28,375 INFO memory.MemoryStore: Block broadcast_37_piece0 stored as bytes in memory (estimated size 11.7 KiB, free 406.6 MiB)
2026-08-09 23:13:28,375 INFO storage.BlockManagerInfo: Added broadcast_37_piece0 in memory on 10.0.0.215:64257 (size: 11.7 KiB, free: 407.6 MiB)
2026-08-09 23:13:28,376 INFO spark.SparkContext: Created broadcast 37 from broadcast at DAGScheduler.scala:1513
2026-08-09 23:13:28,376 INFO scheduler.DAGScheduler: Submitting 3 missing tasks from ResultStage 41 (MapPartitionsRDD[8] at map at HiggsLoader.scala:15) (first 15 tasks are for partitions Vector(0, 1, 2))
2026-08-09 23:13:28,376 INFO scheduler.TaskSchedulerImpl: Adding task set 41.0 with 3 tasks resource profile 0
2026-08-09 23:13:28,377 INFO scheduler.FairSchedulableBuilder: Added task set TaskSet_41.0 tasks to pool default
2026-08-09 23:13:28,377 INFO scheduler.TaskSetManager: Starting task 0.0 in stage 41.0 (TID 95) (10.0.0.215, executor driver, partition 0, PROCESS_LOCAL, 5030 bytes) taskResourceAssignments Map()
2026-08-09 23:13:28,377 INFO scheduler.TaskSetManager: Starting task 1.0 in stage 41.0 (TID 96) (10.0.0.215, executor driver, partition 1, PROCESS_LOCAL, 5030 bytes) taskResourceAssignments Map()
2026-08-09 23:13:28,378 INFO scheduler.TaskSetManager: Starting task 2.0 in stage 41.0 (TID 97) (10.0.0.215, executor driver, partition 2, PROCESS_LOCAL, 5030 bytes) taskResourceAssignments Map()
2026-08-09 23:13:28,378 INFO executor.Executor: Running task 0.0 in stage 41.0 (TID 95)
2026-08-09 23:13:28,378 INFO executor.Executor: Running task 2.0 in stage 41.0 (TID 97)
2026-08-09 23:13:28,378 INFO executor.Executor: Running task 1.0 in stage 41.0 (TID 96)
2026-08-09 23:13:28,380 INFO storage.BlockManager: Found block rdd_8_2 locally
2026-08-09 23:13:28,381 INFO storage.BlockManager: Found block rdd_8_1 locally
2026-08-09 23:13:28,381 INFO storage.BlockManager: Found block rdd_8_0 locally
2026-08-09 23:13:28,382 INFO executor.Executor: Finished task 2.0 in stage 41.0 (TID 97). 1748 bytes result sent to driver
2026-08-09 23:13:28,382 INFO executor.Executor: Finished task 1.0 in stage 41.0 (TID 96). 1748 bytes result sent to driver
2026-08-09 23:13:28,382 INFO scheduler.TaskSetManager: Finished task 2.0 in stage 41.0 (TID 97) in 4 ms on 10.0.0.215 (executor driver) (1/3)
2026-08-09 23:13:28,382 INFO scheduler.TaskSetManager: Finished task 1.0 in stage 41.0 (TID 96) in 5 ms on 10.0.0.215 (executor driver) (2/3)
2026-08-09 23:13:28,383 INFO executor.Executor: Finished task 0.0 in stage 41.0 (TID 95). 1748 bytes result sent to driver
2026-08-09 23:13:28,384 INFO scheduler.TaskSetManager: Finished task 0.0 in stage 41.0 (TID 95) in 7 ms on 10.0.0.215 (executor driver) (3/3)
2026-08-09 23:13:28,384 INFO scheduler.TaskSchedulerImpl: Removed TaskSet 41.0, whose tasks have all completed, from pool default
2026-08-09 23:13:28,384 INFO scheduler.DAGScheduler: ResultStage 41 (zipWithIndex at EnsembleTrainer.scala:31) finished in 0.011 s
2026-08-09 23:13:28,384 INFO scheduler.DAGScheduler: Job 23 is finished. Cancelling potential speculative or zombie tasks for this job
2026-08-09 23:13:28,384 INFO scheduler.TaskSchedulerImpl: Killing all running tasks in stage 41: Stage finished
2026-08-09 23:13:28,384 INFO scheduler.DAGScheduler: Job 23 finished: zipWithIndex at EnsembleTrainer.scala:31, took 0.012365 s
2026-08-09 23:13:28,390 INFO spark.SparkContext: Starting job: collect at EnsembleTrainer.scala:45
2026-08-09 23:13:28,390 INFO scheduler.DAGScheduler: Registering RDD 79 (map at EnsembleTrainer.scala:31) as input to shuffle 9
2026-08-09 23:13:28,390 INFO scheduler.DAGScheduler: Got job 24 (collect at EnsembleTrainer.scala:45) with 20 output partitions
2026-08-09 23:13:28,390 INFO scheduler.DAGScheduler: Final stage: ResultStage 43 (collect at EnsembleTrainer.scala:45)
2026-08-09 23:13:28,390 INFO scheduler.DAGScheduler: Parents of final stage: List(ShuffleMapStage 42)
2026-08-09 23:13:28,391 INFO scheduler.DAGScheduler: Missing parents: List(ShuffleMapStage 42)
2026-08-09 23:13:28,392 INFO scheduler.DAGScheduler: Submitting ShuffleMapStage 42 (MapPartitionsRDD[79] at map at EnsembleTrainer.scala:31), which has no missing parents
2026-08-09 23:13:28,393 INFO memory.MemoryStore: Block broadcast_38 stored as values in memory (estimated size 38.5 KiB, free 406.5 MiB)
2026-08-09 23:13:28,393 INFO memory.MemoryStore: Block broadcast_38_piece0 stored as bytes in memory (estimated size 12.3 KiB, free 406.5 MiB)
2026-08-09 23:13:28,394 INFO storage.BlockManagerInfo: Added broadcast_38_piece0 in memory on 10.0.0.215:64257 (size: 12.3 KiB, free: 407.6 MiB)
2026-08-09 23:13:28,394 INFO spark.SparkContext: Created broadcast 38 from broadcast at DAGScheduler.scala:1513
2026-08-09 23:13:28,394 INFO scheduler.DAGScheduler: Submitting 4 missing tasks from ShuffleMapStage 42 (MapPartitionsRDD[79] at map at EnsembleTrainer.scala:31) (first 15 tasks are for partitions Vector(0, 1, 2, 3))
2026-08-09 23:13:28,394 INFO scheduler.TaskSchedulerImpl: Adding task set 42.0 with 4 tasks resource profile 0
2026-08-09 23:13:28,394 INFO scheduler.FairSchedulableBuilder: Added task set TaskSet_42.0 tasks to pool default
2026-08-09 23:13:28,394 INFO scheduler.TaskSetManager: Starting task 0.0 in stage 42.0 (TID 98) (10.0.0.215, executor driver, partition 0, PROCESS_LOCAL, 5129 bytes) taskResourceAssignments Map()
2026-08-09 23:13:28,395 INFO scheduler.TaskSetManager: Starting task 1.0 in stage 42.0 (TID 99) (10.0.0.215, executor driver, partition 1, PROCESS_LOCAL, 5129 bytes) taskResourceAssignments Map()
2026-08-09 23:13:28,395 INFO scheduler.TaskSetManager: Starting task 2.0 in stage 42.0 (TID 100) (10.0.0.215, executor driver, partition 2, PROCESS_LOCAL, 5129 bytes) taskResourceAssignments Map()
2026-08-09 23:13:28,395 INFO scheduler.TaskSetManager: Starting task 3.0 in stage 42.0 (TID 101) (10.0.0.215, executor driver, partition 3, PROCESS_LOCAL, 5129 bytes) taskResourceAssignments Map()
2026-08-09 23:13:28,395 INFO executor.Executor: Running task 0.0 in stage 42.0 (TID 98)
2026-08-09 23:13:28,395 INFO executor.Executor: Running task 2.0 in stage 42.0 (TID 100)
2026-08-09 23:13:28,395 INFO executor.Executor: Running task 1.0 in stage 42.0 (TID 99)
2026-08-09 23:13:28,395 INFO executor.Executor: Running task 3.0 in stage 42.0 (TID 101)
2026-08-09 23:13:28,398 INFO storage.BlockManager: Found block rdd_8_2 locally
2026-08-09 23:13:28,398 INFO storage.BlockManager: Found block rdd_8_3 locally
2026-08-09 23:13:28,398 INFO storage.BlockManager: Found block rdd_8_1 locally
2026-08-09 23:13:28,399 INFO storage.BlockManager: Found block rdd_8_0 locally
2026-08-09 23:13:28,449 INFO executor.Executor: Finished task 3.0 in stage 42.0 (TID 101). 1922 bytes result sent to driver
2026-08-09 23:13:28,450 INFO scheduler.TaskSetManager: Finished task 3.0 in stage 42.0 (TID 101) in 54 ms on 10.0.0.215 (executor driver) (1/4)
2026-08-09 23:13:28,466 INFO executor.Executor: Finished task 2.0 in stage 42.0 (TID 100). 1922 bytes result sent to driver
2026-08-09 23:13:28,467 INFO scheduler.TaskSetManager: Finished task 2.0 in stage 42.0 (TID 100) in 72 ms on 10.0.0.215 (executor driver) (2/4)
2026-08-09 23:13:28,467 INFO executor.Executor: Finished task 0.0 in stage 42.0 (TID 98). 1922 bytes result sent to driver
2026-08-09 23:13:28,467 INFO scheduler.TaskSetManager: Finished task 0.0 in stage 42.0 (TID 98) in 73 ms on 10.0.0.215 (executor driver) (3/4)
2026-08-09 23:13:28,470 INFO executor.Executor: Finished task 1.0 in stage 42.0 (TID 99). 1922 bytes result sent to driver
2026-08-09 23:13:28,470 INFO scheduler.TaskSetManager: Finished task 1.0 in stage 42.0 (TID 99) in 75 ms on 10.0.0.215 (executor driver) (4/4)
2026-08-09 23:13:28,470 INFO scheduler.TaskSchedulerImpl: Removed TaskSet 42.0, whose tasks have all completed, from pool default
2026-08-09 23:13:28,471 INFO scheduler.DAGScheduler: ShuffleMapStage 42 (map at EnsembleTrainer.scala:31) finished in 0.079 s
2026-08-09 23:13:28,471 INFO scheduler.DAGScheduler: looking for newly runnable stages
2026-08-09 23:13:28,471 INFO scheduler.DAGScheduler: running: Set()
2026-08-09 23:13:28,471 INFO scheduler.DAGScheduler: waiting: Set(ResultStage 43)
2026-08-09 23:13:28,471 INFO scheduler.DAGScheduler: failed: Set()
2026-08-09 23:13:28,471 INFO scheduler.DAGScheduler: Submitting ResultStage 43 (MapPartitionsRDD[81] at mapPartitions at EnsembleTrainer.scala:37), which has no missing parents
2026-08-09 23:13:28,472 INFO memory.MemoryStore: Block broadcast_39 stored as values in memory (estimated size 5.4 KiB, free 406.5 MiB)
2026-08-09 23:13:28,473 INFO memory.MemoryStore: Block broadcast_39_piece0 stored as bytes in memory (estimated size 3.0 KiB, free 406.5 MiB)
2026-08-09 23:13:28,473 INFO storage.BlockManagerInfo: Added broadcast_39_piece0 in memory on 10.0.0.215:64257 (size: 3.0 KiB, free: 407.6 MiB)
2026-08-09 23:13:28,473 INFO spark.SparkContext: Created broadcast 39 from broadcast at DAGScheduler.scala:1513
2026-08-09 23:13:28,473 INFO scheduler.DAGScheduler: Submitting 20 missing tasks from ResultStage 43 (MapPartitionsRDD[81] at mapPartitions at EnsembleTrainer.scala:37) (first 15 tasks are for partitions Vector(0, 1, 2, 3, 4, 5, 6, 7, 8, 9, 10, 11, 12, 13, 14))
2026-08-09 23:13:28,473 INFO scheduler.TaskSchedulerImpl: Adding task set 43.0 with 20 tasks resource profile 0
2026-08-09 23:13:28,474 INFO scheduler.FairSchedulableBuilder: Added task set TaskSet_43.0 tasks to pool default
2026-08-09 23:13:28,474 INFO scheduler.TaskSetManager: Starting task 0.0 in stage 43.0 (TID 102) (10.0.0.215, executor driver, partition 0, NODE_LOCAL, 4271 bytes) taskResourceAssignments Map()
2026-08-09 23:13:28,474 INFO scheduler.TaskSetManager: Starting task 1.0 in stage 43.0 (TID 103) (10.0.0.215, executor driver, partition 1, NODE_LOCAL, 4271 bytes) taskResourceAssignments Map()
2026-08-09 23:13:28,474 INFO scheduler.TaskSetManager: Starting task 2.0 in stage 43.0 (TID 104) (10.0.0.215, executor driver, partition 2, NODE_LOCAL, 4271 bytes) taskResourceAssignments Map()
2026-08-09 23:13:28,474 INFO scheduler.TaskSetManager: Starting task 3.0 in stage 43.0 (TID 105) (10.0.0.215, executor driver, partition 3, NODE_LOCAL, 4271 bytes) taskResourceAssignments Map()
2026-08-09 23:13:28,475 INFO executor.Executor: Running task 0.0 in stage 43.0 (TID 102)
2026-08-09 23:13:28,475 INFO executor.Executor: Running task 1.0 in stage 43.0 (TID 103)
2026-08-09 23:13:28,475 INFO executor.Executor: Running task 2.0 in stage 43.0 (TID 104)
2026-08-09 23:13:28,475 INFO executor.Executor: Running task 3.0 in stage 43.0 (TID 105)
2026-08-09 23:13:28,476 INFO storage.ShuffleBlockFetcherIterator: Getting 4 (795.0 KiB) non-empty blocks including 4 (795.0 KiB) local and 0 (0.0 B) host-local and 0 (0.0 B) push-merged-local and 0 (0.0 B) remote blocks
2026-08-09 23:13:28,476 INFO storage.ShuffleBlockFetcherIterator: Getting 4 (795.0 KiB) non-empty blocks including 4 (795.0 KiB) local and 0 (0.0 B) host-local and 0 (0.0 B) push-merged-local and 0 (0.0 B) remote blocks
2026-08-09 23:13:28,476 INFO storage.ShuffleBlockFetcherIterator: Started 0 remote fetches in 0 ms
2026-08-09 23:13:28,476 INFO storage.ShuffleBlockFetcherIterator: Started 0 remote fetches in 0 ms
2026-08-09 23:13:28,476 INFO storage.ShuffleBlockFetcherIterator: Getting 4 (795.0 KiB) non-empty blocks including 4 (795.0 KiB) local and 0 (0.0 B) host-local and 0 (0.0 B) push-merged-local and 0 (0.0 B) remote blocks
2026-08-09 23:13:28,476 INFO storage.ShuffleBlockFetcherIterator: Started 0 remote fetches in 0 ms
2026-08-09 23:13:28,477 INFO storage.ShuffleBlockFetcherIterator: Getting 4 (795.0 KiB) non-empty blocks including 4 (795.0 KiB) local and 0 (0.0 B) host-local and 0 (0.0 B) push-merged-local and 0 (0.0 B) remote blocks
2026-08-09 23:13:28,477 INFO storage.ShuffleBlockFetcherIterator: Started 0 remote fetches in 0 ms
2026-08-09 23:13:28,531 INFO executor.Executor: Finished task 2.0 in stage 43.0 (TID 104). 12101 bytes result sent to driver
2026-08-09 23:13:28,531 INFO scheduler.TaskSetManager: Starting task 4.0 in stage 43.0 (TID 106) (10.0.0.215, executor driver, partition 4, NODE_LOCAL, 4271 bytes) taskResourceAssignments Map()
2026-08-09 23:13:28,532 INFO executor.Executor: Running task 4.0 in stage 43.0 (TID 106)
2026-08-09 23:13:28,533 INFO scheduler.TaskSetManager: Finished task 2.0 in stage 43.0 (TID 104) in 59 ms on 10.0.0.215 (executor driver) (1/20)
2026-08-09 23:13:28,533 INFO executor.Executor: Finished task 1.0 in stage 43.0 (TID 103). 12241 bytes result sent to driver
2026-08-09 23:13:28,533 INFO storage.ShuffleBlockFetcherIterator: Getting 4 (795.0 KiB) non-empty blocks including 4 (795.0 KiB) local and 0 (0.0 B) host-local and 0 (0.0 B) push-merged-local and 0 (0.0 B) remote blocks
2026-08-09 23:13:28,533 INFO storage.ShuffleBlockFetcherIterator: Started 0 remote fetches in 0 ms
2026-08-09 23:13:28,534 INFO scheduler.TaskSetManager: Starting task 5.0 in stage 43.0 (TID 107) (10.0.0.215, executor driver, partition 5, NODE_LOCAL, 4271 bytes) taskResourceAssignments Map()
2026-08-09 23:13:28,534 INFO executor.Executor: Running task 5.0 in stage 43.0 (TID 107)
2026-08-09 23:13:28,534 INFO scheduler.TaskSetManager: Finished task 1.0 in stage 43.0 (TID 103) in 60 ms on 10.0.0.215 (executor driver) (2/20)
2026-08-09 23:13:28,534 INFO executor.Executor: Finished task 0.0 in stage 43.0 (TID 102). 12031 bytes result sent to driver
2026-08-09 23:13:28,535 INFO scheduler.TaskSetManager: Starting task 6.0 in stage 43.0 (TID 108) (10.0.0.215, executor driver, partition 6, NODE_LOCAL, 4271 bytes) taskResourceAssignments Map()
2026-08-09 23:13:28,535 INFO storage.ShuffleBlockFetcherIterator: Getting 4 (795.0 KiB) non-empty blocks including 4 (795.0 KiB) local and 0 (0.0 B) host-local and 0 (0.0 B) push-merged-local and 0 (0.0 B) remote blocks
2026-08-09 23:13:28,535 INFO storage.ShuffleBlockFetcherIterator: Started 0 remote fetches in 0 ms
2026-08-09 23:13:28,535 INFO executor.Executor: Running task 6.0 in stage 43.0 (TID 108)
2026-08-09 23:13:28,536 INFO scheduler.TaskSetManager: Finished task 0.0 in stage 43.0 (TID 102) in 62 ms on 10.0.0.215 (executor driver) (3/20)
2026-08-09 23:13:28,538 INFO storage.ShuffleBlockFetcherIterator: Getting 4 (795.0 KiB) non-empty blocks including 4 (795.0 KiB) local and 0 (0.0 B) host-local and 0 (0.0 B) push-merged-local and 0 (0.0 B) remote blocks
2026-08-09 23:13:28,538 INFO storage.ShuffleBlockFetcherIterator: Started 0 remote fetches in 0 ms
2026-08-09 23:13:28,539 INFO executor.Executor: Finished task 3.0 in stage 43.0 (TID 105). 12101 bytes result sent to driver
2026-08-09 23:13:28,540 INFO scheduler.TaskSetManager: Starting task 7.0 in stage 43.0 (TID 109) (10.0.0.215, executor driver, partition 7, NODE_LOCAL, 4271 bytes) taskResourceAssignments Map()
2026-08-09 23:13:28,541 INFO scheduler.TaskSetManager: Finished task 3.0 in stage 43.0 (TID 105) in 67 ms on 10.0.0.215 (executor driver) (4/20)
2026-08-09 23:13:28,542 INFO executor.Executor: Running task 7.0 in stage 43.0 (TID 109)
2026-08-09 23:13:28,543 INFO storage.ShuffleBlockFetcherIterator: Getting 4 (795.0 KiB) non-empty blocks including 4 (795.0 KiB) local and 0 (0.0 B) host-local and 0 (0.0 B) push-merged-local and 0 (0.0 B) remote blocks
2026-08-09 23:13:28,543 INFO storage.ShuffleBlockFetcherIterator: Started 0 remote fetches in 0 ms
2026-08-09 23:13:28,565 INFO storage.BlockManager: Removing RDD 64
2026-08-09 23:13:28,571 INFO storage.BlockManagerInfo: Removed broadcast_32_piece0 on 10.0.0.215:64257 in memory (size: 3.4 KiB, free: 407.6 MiB)
2026-08-09 23:13:28,574 INFO storage.BlockManagerInfo: Removed broadcast_34_piece0 on 10.0.0.215:64257 in memory (size: 3.8 KiB, free: 407.6 MiB)
2026-08-09 23:13:28,575 INFO storage.BlockManagerInfo: Removed broadcast_35_piece0 on 10.0.0.215:64257 in memory (size: 3.8 KiB, free: 407.6 MiB)
2026-08-09 23:13:28,577 INFO storage.BlockManagerInfo: Removed broadcast_38_piece0 on 10.0.0.215:64257 in memory (size: 12.3 KiB, free: 407.6 MiB)
2026-08-09 23:13:28,578 INFO storage.BlockManager: Removing RDD 63
2026-08-09 23:13:28,580 INFO storage.BlockManagerInfo: Removed broadcast_36_piece0 on 10.0.0.215:64257 in memory (size: 3.8 KiB, free: 407.6 MiB)
2026-08-09 23:13:28,582 INFO storage.BlockManager: Removing RDD 35
2026-08-09 23:13:28,584 INFO storage.BlockManagerInfo: Removed broadcast_37_piece0 on 10.0.0.215:64257 in memory (size: 11.7 KiB, free: 408.0 MiB)
2026-08-09 23:13:28,586 INFO storage.BlockManager: Removing RDD 71
2026-08-09 23:13:28,587 INFO storage.BlockManagerInfo: Removed broadcast_33_piece0 on 10.0.0.215:64257 in memory (size: 3.4 KiB, free: 408.0 MiB)
2026-08-09 23:13:28,588 INFO storage.BlockManagerInfo: Removed broadcast_30_piece0 on 10.0.0.215:64257 in memory (size: 2.9 KiB, free: 408.0 MiB)
2026-08-09 23:13:28,590 INFO storage.BlockManagerInfo: Removed broadcast_31_piece0 on 10.0.0.215:64257 in memory (size: 3.4 KiB, free: 408.0 MiB)
2026-08-09 23:13:28,591 INFO storage.BlockManagerInfo: Removed broadcast_17_piece0 on 10.0.0.215:64257 in memory (size: 51.8 KiB, free: 408.0 MiB)
2026-08-09 23:13:28,596 INFO executor.Executor: Finished task 4.0 in stage 43.0 (TID 106). 12047 bytes result sent to driver
2026-08-09 23:13:28,596 INFO scheduler.TaskSetManager: Starting task 8.0 in stage 43.0 (TID 110) (10.0.0.215, executor driver, partition 8, NODE_LOCAL, 4271 bytes) taskResourceAssignments Map()
2026-08-09 23:13:28,597 INFO scheduler.TaskSetManager: Finished task 4.0 in stage 43.0 (TID 106) in 66 ms on 10.0.0.215 (executor driver) (5/20)
2026-08-09 23:13:28,597 INFO executor.Executor: Finished task 5.0 in stage 43.0 (TID 107). 11864 bytes result sent to driver
2026-08-09 23:13:28,597 INFO executor.Executor: Running task 8.0 in stage 43.0 (TID 110)
2026-08-09 23:13:28,597 INFO scheduler.TaskSetManager: Starting task 9.0 in stage 43.0 (TID 111) (10.0.0.215, executor driver, partition 9, NODE_LOCAL, 4271 bytes) taskResourceAssignments Map()
2026-08-09 23:13:28,598 INFO scheduler.TaskSetManager: Finished task 5.0 in stage 43.0 (TID 107) in 64 ms on 10.0.0.215 (executor driver) (6/20)
2026-08-09 23:13:28,598 INFO executor.Executor: Running task 9.0 in stage 43.0 (TID 111)
2026-08-09 23:13:28,598 INFO executor.Executor: Finished task 6.0 in stage 43.0 (TID 108). 11907 bytes result sent to driver
2026-08-09 23:13:28,598 INFO scheduler.TaskSetManager: Starting task 10.0 in stage 43.0 (TID 112) (10.0.0.215, executor driver, partition 10, NODE_LOCAL, 4271 bytes) taskResourceAssignments Map()
2026-08-09 23:13:28,598 INFO executor.Executor: Running task 10.0 in stage 43.0 (TID 112)
2026-08-09 23:13:28,598 INFO scheduler.TaskSetManager: Finished task 6.0 in stage 43.0 (TID 108) in 63 ms on 10.0.0.215 (executor driver) (7/20)
2026-08-09 23:13:28,599 INFO storage.ShuffleBlockFetcherIterator: Getting 4 (795.0 KiB) non-empty blocks including 4 (795.0 KiB) local and 0 (0.0 B) host-local and 0 (0.0 B) push-merged-local and 0 (0.0 B) remote blocks
2026-08-09 23:13:28,599 INFO storage.ShuffleBlockFetcherIterator: Getting 4 (795.0 KiB) non-empty blocks including 4 (795.0 KiB) local and 0 (0.0 B) host-local and 0 (0.0 B) push-merged-local and 0 (0.0 B) remote blocks
2026-08-09 23:13:28,599 INFO storage.ShuffleBlockFetcherIterator: Started 0 remote fetches in 0 ms
2026-08-09 23:13:28,599 INFO storage.ShuffleBlockFetcherIterator: Started 0 remote fetches in 0 ms
2026-08-09 23:13:28,600 INFO storage.ShuffleBlockFetcherIterator: Getting 4 (795.0 KiB) non-empty blocks including 4 (795.0 KiB) local and 0 (0.0 B) host-local and 0 (0.0 B) push-merged-local and 0 (0.0 B) remote blocks
2026-08-09 23:13:28,600 INFO storage.ShuffleBlockFetcherIterator: Started 0 remote fetches in 0 ms
2026-08-09 23:13:28,600 INFO executor.Executor: Finished task 7.0 in stage 43.0 (TID 109). 12004 bytes result sent to driver
2026-08-09 23:13:28,600 INFO scheduler.TaskSetManager: Starting task 11.0 in stage 43.0 (TID 113) (10.0.0.215, executor driver, partition 11, NODE_LOCAL, 4271 bytes) taskResourceAssignments Map()
2026-08-09 23:13:28,601 INFO executor.Executor: Running task 11.0 in stage 43.0 (TID 113)
2026-08-09 23:13:28,601 INFO scheduler.TaskSetManager: Finished task 7.0 in stage 43.0 (TID 109) in 61 ms on 10.0.0.215 (executor driver) (8/20)
2026-08-09 23:13:28,601 INFO storage.ShuffleBlockFetcherIterator: Getting 4 (795.0 KiB) non-empty blocks including 4 (795.0 KiB) local and 0 (0.0 B) host-local and 0 (0.0 B) push-merged-local and 0 (0.0 B) remote blocks
2026-08-09 23:13:28,602 INFO storage.ShuffleBlockFetcherIterator: Started 0 remote fetches in 0 ms
2026-08-09 23:13:28,650 INFO executor.Executor: Finished task 8.0 in stage 43.0 (TID 110). 12004 bytes result sent to driver
2026-08-09 23:13:28,650 INFO executor.Executor: Finished task 11.0 in stage 43.0 (TID 113). 11681 bytes result sent to driver
2026-08-09 23:13:28,650 INFO scheduler.TaskSetManager: Starting task 12.0 in stage 43.0 (TID 114) (10.0.0.215, executor driver, partition 12, NODE_LOCAL, 4271 bytes) taskResourceAssignments Map()
2026-08-09 23:13:28,651 INFO scheduler.TaskSetManager: Starting task 13.0 in stage 43.0 (TID 115) (10.0.0.215, executor driver, partition 13, NODE_LOCAL, 4271 bytes) taskResourceAssignments Map()
2026-08-09 23:13:28,651 INFO scheduler.TaskSetManager: Finished task 8.0 in stage 43.0 (TID 110) in 55 ms on 10.0.0.215 (executor driver) (9/20)
2026-08-09 23:13:28,651 INFO executor.Executor: Running task 13.0 in stage 43.0 (TID 115)
2026-08-09 23:13:28,651 INFO scheduler.TaskSetManager: Finished task 11.0 in stage 43.0 (TID 113) in 51 ms on 10.0.0.215 (executor driver) (10/20)
2026-08-09 23:13:28,651 INFO executor.Executor: Running task 12.0 in stage 43.0 (TID 114)
2026-08-09 23:13:28,652 INFO storage.ShuffleBlockFetcherIterator: Getting 4 (795.0 KiB) non-empty blocks including 4 (795.0 KiB) local and 0 (0.0 B) host-local and 0 (0.0 B) push-merged-local and 0 (0.0 B) remote blocks
2026-08-09 23:13:28,652 INFO storage.ShuffleBlockFetcherIterator: Started 0 remote fetches in 0 ms
2026-08-09 23:13:28,652 INFO executor.Executor: Finished task 9.0 in stage 43.0 (TID 111). 11891 bytes result sent to driver
2026-08-09 23:13:28,653 INFO scheduler.TaskSetManager: Starting task 14.0 in stage 43.0 (TID 116) (10.0.0.215, executor driver, partition 14, NODE_LOCAL, 4271 bytes) taskResourceAssignments Map()
2026-08-09 23:13:28,654 INFO executor.Executor: Running task 14.0 in stage 43.0 (TID 116)
2026-08-09 23:13:28,654 INFO scheduler.TaskSetManager: Finished task 9.0 in stage 43.0 (TID 111) in 57 ms on 10.0.0.215 (executor driver) (11/20)
2026-08-09 23:13:28,654 INFO storage.ShuffleBlockFetcherIterator: Getting 4 (795.0 KiB) non-empty blocks including 4 (795.0 KiB) local and 0 (0.0 B) host-local and 0 (0.0 B) push-merged-local and 0 (0.0 B) remote blocks
2026-08-09 23:13:28,654 INFO storage.ShuffleBlockFetcherIterator: Started 0 remote fetches in 0 ms
2026-08-09 23:13:28,655 INFO storage.ShuffleBlockFetcherIterator: Getting 4 (795.0 KiB) non-empty blocks including 4 (795.0 KiB) local and 0 (0.0 B) host-local and 0 (0.0 B) push-merged-local and 0 (0.0 B) remote blocks
2026-08-09 23:13:28,655 INFO storage.ShuffleBlockFetcherIterator: Started 0 remote fetches in 0 ms
2026-08-09 23:13:28,660 INFO executor.Executor: Finished task 10.0 in stage 43.0 (TID 112). 12171 bytes result sent to driver
2026-08-09 23:13:28,661 INFO scheduler.TaskSetManager: Starting task 15.0 in stage 43.0 (TID 117) (10.0.0.215, executor driver, partition 15, NODE_LOCAL, 4271 bytes) taskResourceAssignments Map()
2026-08-09 23:13:28,661 INFO executor.Executor: Running task 15.0 in stage 43.0 (TID 117)
2026-08-09 23:13:28,661 INFO scheduler.TaskSetManager: Finished task 10.0 in stage 43.0 (TID 112) in 63 ms on 10.0.0.215 (executor driver) (12/20)
2026-08-09 23:13:28,663 INFO storage.ShuffleBlockFetcherIterator: Getting 4 (795.0 KiB) non-empty blocks including 4 (795.0 KiB) local and 0 (0.0 B) host-local and 0 (0.0 B) push-merged-local and 0 (0.0 B) remote blocks
2026-08-09 23:13:28,663 INFO storage.ShuffleBlockFetcherIterator: Started 0 remote fetches in 0 ms
2026-08-09 23:13:28,697 INFO executor.Executor: Finished task 13.0 in stage 43.0 (TID 115). 12241 bytes result sent to driver
2026-08-09 23:13:28,697 INFO scheduler.TaskSetManager: Starting task 16.0 in stage 43.0 (TID 118) (10.0.0.215, executor driver, partition 16, NODE_LOCAL, 4271 bytes) taskResourceAssignments Map()
2026-08-09 23:13:28,697 INFO executor.Executor: Running task 16.0 in stage 43.0 (TID 118)
2026-08-09 23:13:28,698 INFO scheduler.TaskSetManager: Finished task 13.0 in stage 43.0 (TID 115) in 47 ms on 10.0.0.215 (executor driver) (13/20)
2026-08-09 23:13:28,698 INFO executor.Executor: Finished task 12.0 in stage 43.0 (TID 114). 12004 bytes result sent to driver
2026-08-09 23:13:28,698 INFO scheduler.TaskSetManager: Starting task 17.0 in stage 43.0 (TID 119) (10.0.0.215, executor driver, partition 17, NODE_LOCAL, 4271 bytes) taskResourceAssignments Map()
2026-08-09 23:13:28,699 INFO storage.ShuffleBlockFetcherIterator: Getting 4 (795.0 KiB) non-empty blocks including 4 (795.0 KiB) local and 0 (0.0 B) host-local and 0 (0.0 B) push-merged-local and 0 (0.0 B) remote blocks
2026-08-09 23:13:28,699 INFO executor.Executor: Running task 17.0 in stage 43.0 (TID 119)
2026-08-09 23:13:28,699 INFO storage.ShuffleBlockFetcherIterator: Started 0 remote fetches in 0 ms
2026-08-09 23:13:28,699 INFO scheduler.TaskSetManager: Finished task 12.0 in stage 43.0 (TID 114) in 49 ms on 10.0.0.215 (executor driver) (14/20)
2026-08-09 23:13:28,699 INFO executor.Executor: Finished task 15.0 in stage 43.0 (TID 117). 12214 bytes result sent to driver
2026-08-09 23:13:28,700 INFO scheduler.TaskSetManager: Starting task 18.0 in stage 43.0 (TID 120) (10.0.0.215, executor driver, partition 18, NODE_LOCAL, 4271 bytes) taskResourceAssignments Map()
2026-08-09 23:13:28,700 INFO executor.Executor: Running task 18.0 in stage 43.0 (TID 120)
2026-08-09 23:13:28,700 INFO storage.ShuffleBlockFetcherIterator: Getting 4 (795.0 KiB) non-empty blocks including 4 (795.0 KiB) local and 0 (0.0 B) host-local and 0 (0.0 B) push-merged-local and 0 (0.0 B) remote blocks
2026-08-09 23:13:28,700 INFO scheduler.TaskSetManager: Finished task 15.0 in stage 43.0 (TID 117) in 40 ms on 10.0.0.215 (executor driver) (15/20)
2026-08-09 23:13:28,700 INFO storage.ShuffleBlockFetcherIterator: Started 0 remote fetches in 0 ms
2026-08-09 23:13:28,701 INFO executor.Executor: Finished task 14.0 in stage 43.0 (TID 116). 12031 bytes result sent to driver
2026-08-09 23:13:28,702 INFO storage.ShuffleBlockFetcherIterator: Getting 4 (795.0 KiB) non-empty blocks including 4 (795.0 KiB) local and 0 (0.0 B) host-local and 0 (0.0 B) push-merged-local and 0 (0.0 B) remote blocks
2026-08-09 23:13:28,702 INFO storage.ShuffleBlockFetcherIterator: Started 0 remote fetches in 0 ms
2026-08-09 23:13:28,702 INFO scheduler.TaskSetManager: Starting task 19.0 in stage 43.0 (TID 121) (10.0.0.215, executor driver, partition 19, NODE_LOCAL, 4271 bytes) taskResourceAssignments Map()
2026-08-09 23:13:28,702 INFO scheduler.TaskSetManager: Finished task 14.0 in stage 43.0 (TID 116) in 49 ms on 10.0.0.215 (executor driver) (16/20)
2026-08-09 23:13:28,703 INFO executor.Executor: Running task 19.0 in stage 43.0 (TID 121)
2026-08-09 23:13:28,706 INFO storage.ShuffleBlockFetcherIterator: Getting 4 (795.0 KiB) non-empty blocks including 4 (795.0 KiB) local and 0 (0.0 B) host-local and 0 (0.0 B) push-merged-local and 0 (0.0 B) remote blocks
2026-08-09 23:13:28,707 INFO storage.ShuffleBlockFetcherIterator: Started 0 remote fetches in 2 ms
2026-08-09 23:13:28,747 INFO executor.Executor: Finished task 17.0 in stage 43.0 (TID 119). 12004 bytes result sent to driver
2026-08-09 23:13:28,748 INFO scheduler.TaskSetManager: Finished task 17.0 in stage 43.0 (TID 119) in 50 ms on 10.0.0.215 (executor driver) (17/20)
2026-08-09 23:13:28,749 INFO executor.Executor: Finished task 19.0 in stage 43.0 (TID 121). 12284 bytes result sent to driver
2026-08-09 23:13:28,750 INFO scheduler.TaskSetManager: Finished task 19.0 in stage 43.0 (TID 121) in 48 ms on 10.0.0.215 (executor driver) (18/20)
2026-08-09 23:13:28,751 INFO executor.Executor: Finished task 18.0 in stage 43.0 (TID 120). 12257 bytes result sent to driver
2026-08-09 23:13:28,751 INFO scheduler.TaskSetManager: Finished task 18.0 in stage 43.0 (TID 120) in 51 ms on 10.0.0.215 (executor driver) (19/20)
2026-08-09 23:13:28,752 INFO executor.Executor: Finished task 16.0 in stage 43.0 (TID 118). 11794 bytes result sent to driver
2026-08-09 23:13:28,752 INFO scheduler.TaskSetManager: Finished task 16.0 in stage 43.0 (TID 118) in 55 ms on 10.0.0.215 (executor driver) (20/20)
2026-08-09 23:13:28,752 INFO scheduler.TaskSchedulerImpl: Removed TaskSet 43.0, whose tasks have all completed, from pool default
2026-08-09 23:13:28,752 INFO scheduler.DAGScheduler: ResultStage 43 (collect at EnsembleTrainer.scala:45) finished in 0.280 s
2026-08-09 23:13:28,752 INFO scheduler.DAGScheduler: Job 24 is finished. Cancelling potential speculative or zombie tasks for this job
2026-08-09 23:13:28,752 INFO scheduler.TaskSchedulerImpl: Killing all running tasks in stage 43: Stage finished
2026-08-09 23:13:28,752 INFO scheduler.DAGScheduler: Job 24 finished: collect at EnsembleTrainer.scala:45, took 0.362629 s
2026-08-09 23:13:28,754 INFO memory.MemoryStore: Block broadcast_40 stored as values in memory (estimated size 84.5 KiB, free 407.2 MiB)
2026-08-09 23:13:28,755 INFO memory.MemoryStore: Block broadcast_40_piece0 stored as bytes in memory (estimated size 26.7 KiB, free 407.1 MiB)
2026-08-09 23:13:28,755 INFO storage.BlockManagerInfo: Added broadcast_40_piece0 in memory on 10.0.0.215:64257 (size: 26.7 KiB, free: 408.0 MiB)
2026-08-09 23:13:28,755 INFO spark.SparkContext: Created broadcast 40 from broadcast at EnsemblePredictor.scala:28
2026-08-09 23:13:28,759 INFO spark.SparkContext: Starting job: count at Metrics.scala:12
2026-08-09 23:13:28,760 INFO scheduler.DAGScheduler: Got job 25 (count at Metrics.scala:12) with 2 output partitions
2026-08-09 23:13:28,760 INFO scheduler.DAGScheduler: Final stage: ResultStage 44 (count at Metrics.scala:12)
2026-08-09 23:13:28,760 INFO scheduler.DAGScheduler: Parents of final stage: List()
2026-08-09 23:13:28,760 INFO scheduler.DAGScheduler: Missing parents: List()
2026-08-09 23:13:28,760 INFO scheduler.DAGScheduler: Submitting ResultStage 44 (MapPartitionsRDD[83] at map at NestedPrefixSearch.scala:29), which has no missing parents
2026-08-09 23:13:28,761 INFO memory.MemoryStore: Block broadcast_41 stored as values in memory (estimated size 38.2 KiB, free 407.1 MiB)
2026-08-09 23:13:28,762 INFO memory.MemoryStore: Block broadcast_41_piece0 stored as bytes in memory (estimated size 12.0 KiB, free 407.1 MiB)
2026-08-09 23:13:28,762 INFO storage.BlockManagerInfo: Added broadcast_41_piece0 in memory on 10.0.0.215:64257 (size: 12.0 KiB, free: 408.0 MiB)
2026-08-09 23:13:28,762 INFO spark.SparkContext: Created broadcast 41 from broadcast at DAGScheduler.scala:1513
2026-08-09 23:13:28,762 INFO scheduler.DAGScheduler: Submitting 2 missing tasks from ResultStage 44 (MapPartitionsRDD[83] at map at NestedPrefixSearch.scala:29) (first 15 tasks are for partitions Vector(0, 1))
2026-08-09 23:13:28,762 INFO scheduler.TaskSchedulerImpl: Adding task set 44.0 with 2 tasks resource profile 0
2026-08-09 23:13:28,762 INFO scheduler.FairSchedulableBuilder: Added task set TaskSet_44.0 tasks to pool default
2026-08-09 23:13:28,763 INFO scheduler.TaskSetManager: Starting task 0.0 in stage 44.0 (TID 122) (10.0.0.215, executor driver, partition 0, PROCESS_LOCAL, 5029 bytes) taskResourceAssignments Map()
2026-08-09 23:13:28,763 INFO scheduler.TaskSetManager: Starting task 1.0 in stage 44.0 (TID 123) (10.0.0.215, executor driver, partition 1, PROCESS_LOCAL, 5029 bytes) taskResourceAssignments Map()
2026-08-09 23:13:28,763 INFO executor.Executor: Running task 1.0 in stage 44.0 (TID 123)
2026-08-09 23:13:28,763 INFO executor.Executor: Running task 0.0 in stage 44.0 (TID 122)
2026-08-09 23:13:28,765 INFO storage.BlockManager: Found block rdd_17_1 locally
2026-08-09 23:13:28,765 INFO storage.BlockManager: Found block rdd_17_0 locally
2026-08-09 23:13:28,765 INFO memory.MemoryStore: Block rdd_83_1 stored as values in memory (estimated size 16.0 B, free 407.1 MiB)
2026-08-09 23:13:28,765 INFO storage.BlockManagerInfo: Added rdd_83_1 in memory on 10.0.0.215:64257 (size: 16.0 B, free: 408.0 MiB)
2026-08-09 23:13:28,766 INFO executor.Executor: Finished task 1.0 in stage 44.0 (TID 123). 1662 bytes result sent to driver
2026-08-09 23:13:28,766 INFO scheduler.TaskSetManager: Finished task 1.0 in stage 44.0 (TID 123) in 3 ms on 10.0.0.215 (executor driver) (1/2)
2026-08-09 23:13:28,788 INFO memory.MemoryStore: Block rdd_83_0 stored as values in memory (estimated size 351.6 KiB, free 406.8 MiB)
2026-08-09 23:13:28,788 INFO storage.BlockManagerInfo: Added rdd_83_0 in memory on 10.0.0.215:64257 (size: 351.6 KiB, free: 407.7 MiB)
2026-08-09 23:13:28,789 INFO executor.Executor: Finished task 0.0 in stage 44.0 (TID 122). 1748 bytes result sent to driver
2026-08-09 23:13:28,789 INFO scheduler.TaskSetManager: Finished task 0.0 in stage 44.0 (TID 122) in 27 ms on 10.0.0.215 (executor driver) (2/2)
2026-08-09 23:13:28,789 INFO scheduler.TaskSchedulerImpl: Removed TaskSet 44.0, whose tasks have all completed, from pool default
2026-08-09 23:13:28,789 INFO scheduler.DAGScheduler: ResultStage 44 (count at Metrics.scala:12) finished in 0.028 s
2026-08-09 23:13:28,789 INFO scheduler.DAGScheduler: Job 25 is finished. Cancelling potential speculative or zombie tasks for this job
2026-08-09 23:13:28,789 INFO scheduler.TaskSchedulerImpl: Killing all running tasks in stage 44: Stage finished
2026-08-09 23:13:28,789 INFO scheduler.DAGScheduler: Job 25 finished: count at Metrics.scala:12, took 0.029521 s
2026-08-09 23:13:28,793 INFO spark.SparkContext: Starting job: count at Metrics.scala:14
2026-08-09 23:13:28,793 INFO scheduler.DAGScheduler: Got job 26 (count at Metrics.scala:14) with 2 output partitions
2026-08-09 23:13:28,793 INFO scheduler.DAGScheduler: Final stage: ResultStage 45 (count at Metrics.scala:14)
2026-08-09 23:13:28,793 INFO scheduler.DAGScheduler: Parents of final stage: List()
2026-08-09 23:13:28,793 INFO scheduler.DAGScheduler: Missing parents: List()
2026-08-09 23:13:28,793 INFO scheduler.DAGScheduler: Submitting ResultStage 45 (MapPartitionsRDD[84] at filter at Metrics.scala:14), which has no missing parents
2026-08-09 23:13:28,794 INFO memory.MemoryStore: Block broadcast_42 stored as values in memory (estimated size 38.5 KiB, free 406.7 MiB)
2026-08-09 23:13:28,795 INFO memory.MemoryStore: Block broadcast_42_piece0 stored as bytes in memory (estimated size 12.1 KiB, free 406.7 MiB)
2026-08-09 23:13:28,795 INFO storage.BlockManagerInfo: Added broadcast_42_piece0 in memory on 10.0.0.215:64257 (size: 12.1 KiB, free: 407.7 MiB)
2026-08-09 23:13:28,795 INFO spark.SparkContext: Created broadcast 42 from broadcast at DAGScheduler.scala:1513
2026-08-09 23:13:28,795 INFO scheduler.DAGScheduler: Submitting 2 missing tasks from ResultStage 45 (MapPartitionsRDD[84] at filter at Metrics.scala:14) (first 15 tasks are for partitions Vector(0, 1))
2026-08-09 23:13:28,795 INFO scheduler.TaskSchedulerImpl: Adding task set 45.0 with 2 tasks resource profile 0
2026-08-09 23:13:28,796 INFO scheduler.FairSchedulableBuilder: Added task set TaskSet_45.0 tasks to pool default
2026-08-09 23:13:28,796 INFO scheduler.TaskSetManager: Starting task 0.0 in stage 45.0 (TID 124) (10.0.0.215, executor driver, partition 0, PROCESS_LOCAL, 5029 bytes) taskResourceAssignments Map()
2026-08-09 23:13:28,796 INFO scheduler.TaskSetManager: Starting task 1.0 in stage 45.0 (TID 125) (10.0.0.215, executor driver, partition 1, PROCESS_LOCAL, 5029 bytes) taskResourceAssignments Map()
2026-08-09 23:13:28,796 INFO executor.Executor: Running task 1.0 in stage 45.0 (TID 125)
2026-08-09 23:13:28,796 INFO executor.Executor: Running task 0.0 in stage 45.0 (TID 124)
2026-08-09 23:13:28,798 INFO storage.BlockManager: Found block rdd_83_0 locally
2026-08-09 23:13:28,798 INFO storage.BlockManager: Found block rdd_83_1 locally
2026-08-09 23:13:28,799 INFO executor.Executor: Finished task 1.0 in stage 45.0 (TID 125). 1662 bytes result sent to driver
2026-08-09 23:13:28,799 INFO scheduler.TaskSetManager: Finished task 1.0 in stage 45.0 (TID 125) in 3 ms on 10.0.0.215 (executor driver) (1/2)
2026-08-09 23:13:28,799 INFO executor.Executor: Finished task 0.0 in stage 45.0 (TID 124). 1748 bytes result sent to driver
2026-08-09 23:13:28,800 INFO scheduler.TaskSetManager: Finished task 0.0 in stage 45.0 (TID 124) in 4 ms on 10.0.0.215 (executor driver) (2/2)
2026-08-09 23:13:28,800 INFO scheduler.TaskSchedulerImpl: Removed TaskSet 45.0, whose tasks have all completed, from pool default
2026-08-09 23:13:28,800 INFO scheduler.DAGScheduler: ResultStage 45 (count at Metrics.scala:14) finished in 0.006 s
2026-08-09 23:13:28,800 INFO scheduler.DAGScheduler: Job 26 is finished. Cancelling potential speculative or zombie tasks for this job
2026-08-09 23:13:28,800 INFO scheduler.TaskSchedulerImpl: Killing all running tasks in stage 45: Stage finished
2026-08-09 23:13:28,801 INFO scheduler.DAGScheduler: Job 26 finished: count at Metrics.scala:14, took 0.007889 s
2026-08-09 23:13:28,810 INFO spark.SparkContext: Starting job: sortByKey at BinaryClassificationMetrics.scala:189
2026-08-09 23:13:28,811 INFO scheduler.DAGScheduler: Registering RDD 86 (map at BinaryClassificationMetrics.scala:48) as input to shuffle 10
2026-08-09 23:13:28,811 INFO scheduler.DAGScheduler: Got job 27 (sortByKey at BinaryClassificationMetrics.scala:189) with 2 output partitions
2026-08-09 23:13:28,811 INFO scheduler.DAGScheduler: Final stage: ResultStage 47 (sortByKey at BinaryClassificationMetrics.scala:189)
2026-08-09 23:13:28,811 INFO scheduler.DAGScheduler: Parents of final stage: List(ShuffleMapStage 46)
2026-08-09 23:13:28,811 INFO scheduler.DAGScheduler: Missing parents: List(ShuffleMapStage 46)
2026-08-09 23:13:28,812 INFO scheduler.DAGScheduler: Submitting ShuffleMapStage 46 (MapPartitionsRDD[86] at map at BinaryClassificationMetrics.scala:48), which has no missing parents
2026-08-09 23:13:28,812 INFO memory.MemoryStore: Block broadcast_43 stored as values in memory (estimated size 40.1 KiB, free 406.7 MiB)
2026-08-09 23:13:28,813 INFO memory.MemoryStore: Block broadcast_43_piece0 stored as bytes in memory (estimated size 12.7 KiB, free 406.7 MiB)
2026-08-09 23:13:28,813 INFO storage.BlockManagerInfo: Added broadcast_43_piece0 in memory on 10.0.0.215:64257 (size: 12.7 KiB, free: 407.6 MiB)
2026-08-09 23:13:28,813 INFO spark.SparkContext: Created broadcast 43 from broadcast at DAGScheduler.scala:1513
2026-08-09 23:13:28,813 INFO scheduler.DAGScheduler: Submitting 2 missing tasks from ShuffleMapStage 46 (MapPartitionsRDD[86] at map at BinaryClassificationMetrics.scala:48) (first 15 tasks are for partitions Vector(0, 1))
2026-08-09 23:13:28,813 INFO scheduler.TaskSchedulerImpl: Adding task set 46.0 with 2 tasks resource profile 0
2026-08-09 23:13:28,815 INFO scheduler.FairSchedulableBuilder: Added task set TaskSet_46.0 tasks to pool default
2026-08-09 23:13:28,815 INFO scheduler.TaskSetManager: Starting task 0.0 in stage 46.0 (TID 126) (10.0.0.215, executor driver, partition 0, PROCESS_LOCAL, 5018 bytes) taskResourceAssignments Map()
2026-08-09 23:13:28,815 INFO scheduler.TaskSetManager: Starting task 1.0 in stage 46.0 (TID 127) (10.0.0.215, executor driver, partition 1, PROCESS_LOCAL, 5018 bytes) taskResourceAssignments Map()
2026-08-09 23:13:28,815 INFO executor.Executor: Running task 1.0 in stage 46.0 (TID 127)
2026-08-09 23:13:28,815 INFO executor.Executor: Running task 0.0 in stage 46.0 (TID 126)
2026-08-09 23:13:28,817 INFO storage.BlockManager: Found block rdd_83_0 locally
2026-08-09 23:13:28,817 INFO storage.BlockManager: Found block rdd_83_1 locally
2026-08-09 23:13:28,818 INFO executor.Executor: Finished task 1.0 in stage 46.0 (TID 127). 1904 bytes result sent to driver
2026-08-09 23:13:28,818 INFO scheduler.TaskSetManager: Finished task 1.0 in stage 46.0 (TID 127) in 3 ms on 10.0.0.215 (executor driver) (1/2)
2026-08-09 23:13:28,825 INFO executor.Executor: Finished task 0.0 in stage 46.0 (TID 126). 2033 bytes result sent to driver
2026-08-09 23:13:28,826 INFO scheduler.TaskSetManager: Finished task 0.0 in stage 46.0 (TID 126) in 11 ms on 10.0.0.215 (executor driver) (2/2)
2026-08-09 23:13:28,826 INFO scheduler.TaskSchedulerImpl: Removed TaskSet 46.0, whose tasks have all completed, from pool default
2026-08-09 23:13:28,826 INFO scheduler.DAGScheduler: ShuffleMapStage 46 (map at BinaryClassificationMetrics.scala:48) finished in 0.014 s
2026-08-09 23:13:28,826 INFO scheduler.DAGScheduler: looking for newly runnable stages
2026-08-09 23:13:28,826 INFO scheduler.DAGScheduler: running: Set()
2026-08-09 23:13:28,826 INFO scheduler.DAGScheduler: waiting: Set(ResultStage 47)
2026-08-09 23:13:28,826 INFO scheduler.DAGScheduler: failed: Set()
2026-08-09 23:13:28,827 INFO scheduler.DAGScheduler: Submitting ResultStage 47 (MapPartitionsRDD[89] at sortByKey at BinaryClassificationMetrics.scala:189), which has no missing parents
2026-08-09 23:13:28,827 INFO memory.MemoryStore: Block broadcast_44 stored as values in memory (estimated size 6.7 KiB, free 406.6 MiB)
2026-08-09 23:13:28,827 INFO memory.MemoryStore: Block broadcast_44_piece0 stored as bytes in memory (estimated size 3.4 KiB, free 406.6 MiB)
2026-08-09 23:13:28,828 INFO storage.BlockManagerInfo: Added broadcast_44_piece0 in memory on 10.0.0.215:64257 (size: 3.4 KiB, free: 407.6 MiB)
2026-08-09 23:13:28,828 INFO spark.SparkContext: Created broadcast 44 from broadcast at DAGScheduler.scala:1513
2026-08-09 23:13:28,828 INFO scheduler.DAGScheduler: Submitting 2 missing tasks from ResultStage 47 (MapPartitionsRDD[89] at sortByKey at BinaryClassificationMetrics.scala:189) (first 15 tasks are for partitions Vector(0, 1))
2026-08-09 23:13:28,828 INFO scheduler.TaskSchedulerImpl: Adding task set 47.0 with 2 tasks resource profile 0
2026-08-09 23:13:28,828 INFO scheduler.FairSchedulableBuilder: Added task set TaskSet_47.0 tasks to pool default
2026-08-09 23:13:28,828 INFO scheduler.TaskSetManager: Starting task 0.0 in stage 47.0 (TID 128) (10.0.0.215, executor driver, partition 0, NODE_LOCAL, 4271 bytes) taskResourceAssignments Map()
2026-08-09 23:13:28,829 INFO scheduler.TaskSetManager: Starting task 1.0 in stage 47.0 (TID 129) (10.0.0.215, executor driver, partition 1, NODE_LOCAL, 4271 bytes) taskResourceAssignments Map()
2026-08-09 23:13:28,829 INFO executor.Executor: Running task 0.0 in stage 47.0 (TID 128)
2026-08-09 23:13:28,829 INFO executor.Executor: Running task 1.0 in stage 47.0 (TID 129)
2026-08-09 23:13:28,830 INFO storage.ShuffleBlockFetcherIterator: Getting 1 (304.0 B) non-empty blocks including 1 (304.0 B) local and 0 (0.0 B) host-local and 0 (0.0 B) push-merged-local and 0 (0.0 B) remote blocks
2026-08-09 23:13:28,830 INFO storage.ShuffleBlockFetcherIterator: Started 0 remote fetches in 0 ms
2026-08-09 23:13:28,830 INFO storage.ShuffleBlockFetcherIterator: Getting 1 (304.0 B) non-empty blocks including 1 (304.0 B) local and 0 (0.0 B) host-local and 0 (0.0 B) push-merged-local and 0 (0.0 B) remote blocks
2026-08-09 23:13:28,830 INFO storage.ShuffleBlockFetcherIterator: Started 0 remote fetches in 0 ms
2026-08-09 23:13:28,831 INFO executor.Executor: Finished task 1.0 in stage 47.0 (TID 129). 1438 bytes result sent to driver
2026-08-09 23:13:28,831 INFO executor.Executor: Finished task 0.0 in stage 47.0 (TID 128). 1438 bytes result sent to driver
2026-08-09 23:13:28,831 INFO scheduler.TaskSetManager: Finished task 1.0 in stage 47.0 (TID 129) in 2 ms on 10.0.0.215 (executor driver) (1/2)
2026-08-09 23:13:28,831 INFO scheduler.TaskSetManager: Finished task 0.0 in stage 47.0 (TID 128) in 3 ms on 10.0.0.215 (executor driver) (2/2)
2026-08-09 23:13:28,831 INFO scheduler.TaskSchedulerImpl: Removed TaskSet 47.0, whose tasks have all completed, from pool default
2026-08-09 23:13:28,831 INFO scheduler.DAGScheduler: ResultStage 47 (sortByKey at BinaryClassificationMetrics.scala:189) finished in 0.004 s
2026-08-09 23:13:28,832 INFO scheduler.DAGScheduler: Job 27 is finished. Cancelling potential speculative or zombie tasks for this job
2026-08-09 23:13:28,832 INFO scheduler.TaskSchedulerImpl: Killing all running tasks in stage 47: Stage finished
2026-08-09 23:13:28,832 INFO scheduler.DAGScheduler: Job 27 finished: sortByKey at BinaryClassificationMetrics.scala:189, took 0.021649 s
2026-08-09 23:13:28,840 INFO spark.SparkContext: Starting job: collect at BinaryClassificationMetrics.scala:237
2026-08-09 23:13:28,841 INFO scheduler.DAGScheduler: Registering RDD 87 (combineByKey at BinaryClassificationMetrics.scala:188) as input to shuffle 11
2026-08-09 23:13:28,841 INFO scheduler.DAGScheduler: Got job 28 (collect at BinaryClassificationMetrics.scala:237) with 2 output partitions
2026-08-09 23:13:28,841 INFO scheduler.DAGScheduler: Final stage: ResultStage 50 (collect at BinaryClassificationMetrics.scala:237)
2026-08-09 23:13:28,841 INFO scheduler.DAGScheduler: Parents of final stage: List(ShuffleMapStage 49)
2026-08-09 23:13:28,841 INFO scheduler.DAGScheduler: Missing parents: List(ShuffleMapStage 49)
2026-08-09 23:13:28,842 INFO scheduler.DAGScheduler: Submitting ShuffleMapStage 49 (ShuffledRDD[87] at combineByKey at BinaryClassificationMetrics.scala:188), which has no missing parents
2026-08-09 23:13:28,842 INFO memory.MemoryStore: Block broadcast_45 stored as values in memory (estimated size 5.2 KiB, free 406.6 MiB)
2026-08-09 23:13:28,843 INFO memory.MemoryStore: Block broadcast_45_piece0 stored as bytes in memory (estimated size 2.9 KiB, free 406.6 MiB)
2026-08-09 23:13:28,843 INFO storage.BlockManagerInfo: Added broadcast_45_piece0 in memory on 10.0.0.215:64257 (size: 2.9 KiB, free: 407.6 MiB)
2026-08-09 23:13:28,843 INFO spark.SparkContext: Created broadcast 45 from broadcast at DAGScheduler.scala:1513
2026-08-09 23:13:28,844 INFO scheduler.DAGScheduler: Submitting 2 missing tasks from ShuffleMapStage 49 (ShuffledRDD[87] at combineByKey at BinaryClassificationMetrics.scala:188) (first 15 tasks are for partitions Vector(0, 1))
2026-08-09 23:13:28,844 INFO scheduler.TaskSchedulerImpl: Adding task set 49.0 with 2 tasks resource profile 0
2026-08-09 23:13:28,845 INFO scheduler.FairSchedulableBuilder: Added task set TaskSet_49.0 tasks to pool default
2026-08-09 23:13:28,845 INFO scheduler.TaskSetManager: Starting task 0.0 in stage 49.0 (TID 130) (10.0.0.215, executor driver, partition 0, NODE_LOCAL, 4260 bytes) taskResourceAssignments Map()
2026-08-09 23:13:28,845 INFO scheduler.TaskSetManager: Starting task 1.0 in stage 49.0 (TID 131) (10.0.0.215, executor driver, partition 1, NODE_LOCAL, 4260 bytes) taskResourceAssignments Map()
2026-08-09 23:13:28,845 INFO executor.Executor: Running task 1.0 in stage 49.0 (TID 131)
2026-08-09 23:13:28,845 INFO executor.Executor: Running task 0.0 in stage 49.0 (TID 130)
2026-08-09 23:13:28,847 INFO storage.ShuffleBlockFetcherIterator: Getting 1 (304.0 B) non-empty blocks including 1 (304.0 B) local and 0 (0.0 B) host-local and 0 (0.0 B) push-merged-local and 0 (0.0 B) remote blocks
2026-08-09 23:13:28,847 INFO storage.ShuffleBlockFetcherIterator: Started 0 remote fetches in 0 ms
2026-08-09 23:13:28,847 INFO storage.ShuffleBlockFetcherIterator: Getting 1 (304.0 B) non-empty blocks including 1 (304.0 B) local and 0 (0.0 B) host-local and 0 (0.0 B) push-merged-local and 0 (0.0 B) remote blocks
2026-08-09 23:13:28,847 INFO storage.ShuffleBlockFetcherIterator: Started 0 remote fetches in 0 ms
2026-08-09 23:13:28,849 INFO executor.Executor: Finished task 0.0 in stage 49.0 (TID 130). 1426 bytes result sent to driver
2026-08-09 23:13:28,849 INFO executor.Executor: Finished task 1.0 in stage 49.0 (TID 131). 1426 bytes result sent to driver
2026-08-09 23:13:28,849 INFO scheduler.TaskSetManager: Finished task 0.0 in stage 49.0 (TID 130) in 4 ms on 10.0.0.215 (executor driver) (1/2)
2026-08-09 23:13:28,850 INFO scheduler.TaskSetManager: Finished task 1.0 in stage 49.0 (TID 131) in 5 ms on 10.0.0.215 (executor driver) (2/2)
2026-08-09 23:13:28,850 INFO scheduler.TaskSchedulerImpl: Removed TaskSet 49.0, whose tasks have all completed, from pool default
2026-08-09 23:13:28,850 INFO scheduler.DAGScheduler: ShuffleMapStage 49 (combineByKey at BinaryClassificationMetrics.scala:188) finished in 0.008 s
2026-08-09 23:13:28,850 INFO scheduler.DAGScheduler: looking for newly runnable stages
2026-08-09 23:13:28,850 INFO scheduler.DAGScheduler: running: Set()
2026-08-09 23:13:28,850 INFO scheduler.DAGScheduler: waiting: Set(ResultStage 50)
2026-08-09 23:13:28,850 INFO scheduler.DAGScheduler: failed: Set()
2026-08-09 23:13:28,850 INFO scheduler.DAGScheduler: Submitting ResultStage 50 (MapPartitionsRDD[92] at mapPartitions at BinaryClassificationMetrics.scala:237), which has no missing parents
2026-08-09 23:13:28,851 INFO memory.MemoryStore: Block broadcast_46 stored as values in memory (estimated size 6.2 KiB, free 406.6 MiB)
2026-08-09 23:13:28,851 INFO memory.MemoryStore: Block broadcast_46_piece0 stored as bytes in memory (estimated size 3.4 KiB, free 406.6 MiB)
2026-08-09 23:13:28,851 INFO storage.BlockManagerInfo: Added broadcast_46_piece0 in memory on 10.0.0.215:64257 (size: 3.4 KiB, free: 407.6 MiB)
2026-08-09 23:13:28,851 INFO spark.SparkContext: Created broadcast 46 from broadcast at DAGScheduler.scala:1513
2026-08-09 23:13:28,852 INFO scheduler.DAGScheduler: Submitting 2 missing tasks from ResultStage 50 (MapPartitionsRDD[92] at mapPartitions at BinaryClassificationMetrics.scala:237) (first 15 tasks are for partitions Vector(0, 1))
2026-08-09 23:13:28,852 INFO scheduler.TaskSchedulerImpl: Adding task set 50.0 with 2 tasks resource profile 0
2026-08-09 23:13:28,852 INFO scheduler.FairSchedulableBuilder: Added task set TaskSet_50.0 tasks to pool default
2026-08-09 23:13:28,852 INFO scheduler.TaskSetManager: Starting task 0.0 in stage 50.0 (TID 132) (10.0.0.215, executor driver, partition 0, NODE_LOCAL, 4271 bytes) taskResourceAssignments Map()
2026-08-09 23:13:28,852 INFO scheduler.TaskSetManager: Starting task 1.0 in stage 50.0 (TID 133) (10.0.0.215, executor driver, partition 1, NODE_LOCAL, 4271 bytes) taskResourceAssignments Map()
2026-08-09 23:13:28,852 INFO executor.Executor: Running task 1.0 in stage 50.0 (TID 133)
2026-08-09 23:13:28,852 INFO executor.Executor: Running task 0.0 in stage 50.0 (TID 132)
2026-08-09 23:13:28,854 INFO storage.ShuffleBlockFetcherIterator: Getting 2 (527.0 B) non-empty blocks including 2 (527.0 B) local and 0 (0.0 B) host-local and 0 (0.0 B) push-merged-local and 0 (0.0 B) remote blocks
2026-08-09 23:13:28,854 INFO storage.ShuffleBlockFetcherIterator: Started 0 remote fetches in 0 ms
2026-08-09 23:13:28,855 INFO storage.ShuffleBlockFetcherIterator: Getting 2 (527.0 B) non-empty blocks including 2 (527.0 B) local and 0 (0.0 B) host-local and 0 (0.0 B) push-merged-local and 0 (0.0 B) remote blocks
2026-08-09 23:13:28,855 INFO storage.ShuffleBlockFetcherIterator: Started 0 remote fetches in 0 ms
2026-08-09 23:13:28,855 INFO executor.Executor: Finished task 1.0 in stage 50.0 (TID 133). 1456 bytes result sent to driver
2026-08-09 23:13:28,855 INFO executor.Executor: Finished task 0.0 in stage 50.0 (TID 132). 1456 bytes result sent to driver
2026-08-09 23:13:28,855 INFO scheduler.TaskSetManager: Finished task 1.0 in stage 50.0 (TID 133) in 3 ms on 10.0.0.215 (executor driver) (1/2)
2026-08-09 23:13:28,855 INFO scheduler.TaskSetManager: Finished task 0.0 in stage 50.0 (TID 132) in 3 ms on 10.0.0.215 (executor driver) (2/2)
2026-08-09 23:13:28,855 INFO scheduler.TaskSchedulerImpl: Removed TaskSet 50.0, whose tasks have all completed, from pool default
2026-08-09 23:13:28,856 INFO scheduler.DAGScheduler: ResultStage 50 (collect at BinaryClassificationMetrics.scala:237) finished in 0.006 s
2026-08-09 23:13:28,856 INFO scheduler.DAGScheduler: Job 28 is finished. Cancelling potential speculative or zombie tasks for this job
2026-08-09 23:13:28,856 INFO scheduler.TaskSchedulerImpl: Killing all running tasks in stage 50: Stage finished
2026-08-09 23:13:28,856 INFO scheduler.DAGScheduler: Job 28 finished: collect at BinaryClassificationMetrics.scala:237, took 0.015420 s
2026-08-09 23:13:28,856 INFO evaluation.BinaryClassificationMetrics: Total counts: {numPos: 5174.0, numNeg: 4826.0}
2026-08-09 23:13:28,866 INFO spark.SparkContext: Starting job: collect at AreaUnderCurve.scala:44
2026-08-09 23:13:28,866 INFO scheduler.DAGScheduler: Got job 29 (collect at AreaUnderCurve.scala:44) with 2 output partitions
2026-08-09 23:13:28,866 INFO scheduler.DAGScheduler: Final stage: ResultStage 53 (collect at AreaUnderCurve.scala:44)
2026-08-09 23:13:28,866 INFO scheduler.DAGScheduler: Parents of final stage: List(ShuffleMapStage 52)
2026-08-09 23:13:28,866 INFO scheduler.DAGScheduler: Missing parents: List()
2026-08-09 23:13:28,867 INFO scheduler.DAGScheduler: Submitting ResultStage 53 (MapPartitionsRDD[97] at mapPartitions at AreaUnderCurve.scala:44), which has no missing parents
2026-08-09 23:13:28,868 INFO memory.MemoryStore: Block broadcast_47 stored as values in memory (estimated size 7.8 KiB, free 406.6 MiB)
2026-08-09 23:13:28,872 INFO memory.MemoryStore: Block broadcast_47_piece0 stored as bytes in memory (estimated size 3.8 KiB, free 406.6 MiB)
2026-08-09 23:13:28,872 INFO storage.BlockManagerInfo: Added broadcast_47_piece0 in memory on 10.0.0.215:64257 (size: 3.8 KiB, free: 407.6 MiB)
2026-08-09 23:13:28,872 INFO spark.SparkContext: Created broadcast 47 from broadcast at DAGScheduler.scala:1513
2026-08-09 23:13:28,873 INFO scheduler.DAGScheduler: Submitting 2 missing tasks from ResultStage 53 (MapPartitionsRDD[97] at mapPartitions at AreaUnderCurve.scala:44) (first 15 tasks are for partitions Vector(0, 1))
2026-08-09 23:13:28,873 INFO scheduler.TaskSchedulerImpl: Adding task set 53.0 with 2 tasks resource profile 0
2026-08-09 23:13:28,873 INFO scheduler.FairSchedulableBuilder: Added task set TaskSet_53.0 tasks to pool default
2026-08-09 23:13:28,874 INFO storage.BlockManagerInfo: Removed broadcast_44_piece0 on 10.0.0.215:64257 in memory (size: 3.4 KiB, free: 407.6 MiB)
2026-08-09 23:13:28,874 INFO scheduler.TaskSetManager: Starting task 0.0 in stage 53.0 (TID 134) (10.0.0.215, executor driver, partition 0, NODE_LOCAL, 4271 bytes) taskResourceAssignments Map()
2026-08-09 23:13:28,874 INFO scheduler.TaskSetManager: Starting task 1.0 in stage 53.0 (TID 135) (10.0.0.215, executor driver, partition 1, NODE_LOCAL, 4271 bytes) taskResourceAssignments Map()
2026-08-09 23:13:28,874 INFO executor.Executor: Running task 0.0 in stage 53.0 (TID 134)
2026-08-09 23:13:28,876 INFO executor.Executor: Running task 1.0 in stage 53.0 (TID 135)
2026-08-09 23:13:28,878 INFO storage.BlockManagerInfo: Removed broadcast_42_piece0 on 10.0.0.215:64257 in memory (size: 12.1 KiB, free: 407.6 MiB)
2026-08-09 23:13:28,878 INFO storage.ShuffleBlockFetcherIterator: Getting 2 (527.0 B) non-empty blocks including 2 (527.0 B) local and 0 (0.0 B) host-local and 0 (0.0 B) push-merged-local and 0 (0.0 B) remote blocks
2026-08-09 23:13:28,878 INFO storage.ShuffleBlockFetcherIterator: Started 0 remote fetches in 0 ms
2026-08-09 23:13:28,878 INFO storage.ShuffleBlockFetcherIterator: Getting 2 (527.0 B) non-empty blocks including 2 (527.0 B) local and 0 (0.0 B) host-local and 0 (0.0 B) push-merged-local and 0 (0.0 B) remote blocks
2026-08-09 23:13:28,879 INFO storage.ShuffleBlockFetcherIterator: Started 0 remote fetches in 0 ms
2026-08-09 23:13:28,879 INFO memory.MemoryStore: Block rdd_93_0 stored as values in memory (estimated size 272.0 B, free 406.7 MiB)
2026-08-09 23:13:28,879 INFO memory.MemoryStore: Block rdd_93_1 stored as values in memory (estimated size 272.0 B, free 406.7 MiB)
2026-08-09 23:13:28,879 INFO storage.BlockManagerInfo: Added rdd_93_0 in memory on 10.0.0.215:64257 (size: 272.0 B, free: 407.6 MiB)
2026-08-09 23:13:28,879 INFO storage.BlockManagerInfo: Added rdd_93_1 in memory on 10.0.0.215:64257 (size: 272.0 B, free: 407.6 MiB)
2026-08-09 23:13:28,880 INFO executor.Executor: Finished task 1.0 in stage 53.0 (TID 135). 1532 bytes result sent to driver
2026-08-09 23:13:28,880 INFO executor.Executor: Finished task 0.0 in stage 53.0 (TID 134). 1532 bytes result sent to driver
2026-08-09 23:13:28,881 INFO scheduler.TaskSetManager: Finished task 1.0 in stage 53.0 (TID 135) in 7 ms on 10.0.0.215 (executor driver) (1/2)
2026-08-09 23:13:28,881 INFO scheduler.TaskSetManager: Finished task 0.0 in stage 53.0 (TID 134) in 7 ms on 10.0.0.215 (executor driver) (2/2)
2026-08-09 23:13:28,881 INFO scheduler.TaskSchedulerImpl: Removed TaskSet 53.0, whose tasks have all completed, from pool default
2026-08-09 23:13:28,881 INFO storage.BlockManagerInfo: Removed broadcast_45_piece0 on 10.0.0.215:64257 in memory (size: 2.9 KiB, free: 407.6 MiB)
2026-08-09 23:13:28,881 INFO scheduler.DAGScheduler: ResultStage 53 (collect at AreaUnderCurve.scala:44) finished in 0.014 s
2026-08-09 23:13:28,882 INFO scheduler.DAGScheduler: Job 29 is finished. Cancelling potential speculative or zombie tasks for this job
2026-08-09 23:13:28,882 INFO scheduler.TaskSchedulerImpl: Killing all running tasks in stage 53: Stage finished
2026-08-09 23:13:28,882 INFO scheduler.DAGScheduler: Job 29 finished: collect at AreaUnderCurve.scala:44, took 0.016002 s
2026-08-09 23:13:28,885 INFO storage.BlockManagerInfo: Removed broadcast_43_piece0 on 10.0.0.215:64257 in memory (size: 12.7 KiB, free: 407.7 MiB)
2026-08-09 23:13:28,886 INFO memory.MemoryStore: Block broadcast_48 stored as values in memory (estimated size 187.6 KiB, free 406.6 MiB)
2026-08-09 23:13:28,887 INFO storage.BlockManagerInfo: Removed broadcast_41_piece0 on 10.0.0.215:64257 in memory (size: 12.0 KiB, free: 407.7 MiB)
2026-08-09 23:13:28,888 INFO memory.MemoryStore: Block broadcast_48_piece0 stored as bytes in memory (estimated size 51.1 KiB, free 406.5 MiB)
2026-08-09 23:13:28,888 INFO storage.BlockManagerInfo: Removed broadcast_46_piece0 on 10.0.0.215:64257 in memory (size: 3.4 KiB, free: 407.7 MiB)
2026-08-09 23:13:28,888 INFO storage.BlockManagerInfo: Added broadcast_48_piece0 in memory on 10.0.0.215:64257 (size: 51.1 KiB, free: 407.6 MiB)
2026-08-09 23:13:28,889 INFO spark.SparkContext: Created broadcast 48 from broadcast at EnsemblePredictor.scala:28
2026-08-09 23:13:28,911 INFO spark.SparkContext: Starting job: count at Metrics.scala:12
2026-08-09 23:13:28,911 INFO storage.BlockManagerInfo: Removed broadcast_39_piece0 on 10.0.0.215:64257 in memory (size: 3.0 KiB, free: 407.6 MiB)
2026-08-09 23:13:28,912 INFO scheduler.DAGScheduler: Got job 30 (count at Metrics.scala:12) with 2 output partitions
2026-08-09 23:13:28,912 INFO scheduler.DAGScheduler: Final stage: ResultStage 54 (count at Metrics.scala:12)
2026-08-09 23:13:28,912 INFO scheduler.DAGScheduler: Parents of final stage: List()
2026-08-09 23:13:28,913 INFO scheduler.DAGScheduler: Missing parents: List()
2026-08-09 23:13:28,913 INFO storage.BlockManagerInfo: Removed broadcast_15_piece0 on 10.0.0.215:64257 in memory (size: 31.6 KiB, free: 407.7 MiB)
2026-08-09 23:13:28,913 INFO scheduler.DAGScheduler: Submitting ResultStage 54 (MapPartitionsRDD[99] at map at NestedPrefixSearch.scala:29), which has no missing parents
2026-08-09 23:13:28,914 INFO storage.BlockManagerInfo: Removed broadcast_13_piece0 on 10.0.0.215:64257 in memory (size: 16.7 KiB, free: 407.7 MiB)
2026-08-09 23:13:28,914 INFO memory.MemoryStore: Block broadcast_49 stored as values in memory (estimated size 38.2 KiB, free 406.8 MiB)
2026-08-09 23:13:28,915 INFO memory.MemoryStore: Block broadcast_49_piece0 stored as bytes in memory (estimated size 12.0 KiB, free 406.8 MiB)
2026-08-09 23:13:28,916 INFO storage.BlockManager: Removing RDD 31
2026-08-09 23:13:28,916 INFO storage.BlockManagerInfo: Added broadcast_49_piece0 in memory on 10.0.0.215:64257 (size: 12.0 KiB, free: 408.0 MiB)
2026-08-09 23:13:28,916 INFO spark.SparkContext: Created broadcast 49 from broadcast at DAGScheduler.scala:1513
2026-08-09 23:13:28,917 INFO scheduler.DAGScheduler: Submitting 2 missing tasks from ResultStage 54 (MapPartitionsRDD[99] at map at NestedPrefixSearch.scala:29) (first 15 tasks are for partitions Vector(0, 1))
2026-08-09 23:13:28,917 INFO scheduler.TaskSchedulerImpl: Adding task set 54.0 with 2 tasks resource profile 0
2026-08-09 23:13:28,918 INFO storage.BlockManager: Removing RDD 33
2026-08-09 23:13:28,918 INFO scheduler.FairSchedulableBuilder: Added task set TaskSet_54.0 tasks to pool default
2026-08-09 23:13:28,918 INFO scheduler.TaskSetManager: Starting task 0.0 in stage 54.0 (TID 136) (10.0.0.215, executor driver, partition 0, PROCESS_LOCAL, 5029 bytes) taskResourceAssignments Map()
2026-08-09 23:13:28,919 INFO scheduler.TaskSetManager: Starting task 1.0 in stage 54.0 (TID 137) (10.0.0.215, executor driver, partition 1, PROCESS_LOCAL, 5029 bytes) taskResourceAssignments Map()
2026-08-09 23:13:28,920 INFO executor.Executor: Running task 1.0 in stage 54.0 (TID 137)
2026-08-09 23:13:28,920 INFO executor.Executor: Running task 0.0 in stage 54.0 (TID 136)
2026-08-09 23:13:28,922 INFO storage.BlockManager: Found block rdd_17_0 locally
2026-08-09 23:13:28,922 INFO storage.BlockManager: Found block rdd_17_1 locally
2026-08-09 23:13:28,922 INFO memory.MemoryStore: Block rdd_99_1 stored as values in memory (estimated size 16.0 B, free 407.4 MiB)
2026-08-09 23:13:28,923 INFO storage.BlockManagerInfo: Added rdd_99_1 in memory on 10.0.0.215:64257 (size: 16.0 B, free: 408.4 MiB)
2026-08-09 23:13:28,924 INFO executor.Executor: Finished task 1.0 in stage 54.0 (TID 137). 1705 bytes result sent to driver
2026-08-09 23:13:28,924 INFO scheduler.TaskSetManager: Finished task 1.0 in stage 54.0 (TID 137) in 6 ms on 10.0.0.215 (executor driver) (1/2)
2026-08-09 23:13:28,966 INFO memory.MemoryStore: Block rdd_99_0 stored as values in memory (estimated size 351.6 KiB, free 407.1 MiB)
2026-08-09 23:13:28,966 INFO storage.BlockManagerInfo: Added rdd_99_0 in memory on 10.0.0.215:64257 (size: 351.6 KiB, free: 408.0 MiB)
2026-08-09 23:13:28,967 INFO executor.Executor: Finished task 0.0 in stage 54.0 (TID 136). 1748 bytes result sent to driver
2026-08-09 23:13:28,967 INFO scheduler.TaskSetManager: Finished task 0.0 in stage 54.0 (TID 136) in 49 ms on 10.0.0.215 (executor driver) (2/2)
2026-08-09 23:13:28,967 INFO scheduler.TaskSchedulerImpl: Removed TaskSet 54.0, whose tasks have all completed, from pool default
2026-08-09 23:13:28,967 INFO scheduler.DAGScheduler: ResultStage 54 (count at Metrics.scala:12) finished in 0.054 s
2026-08-09 23:13:28,967 INFO scheduler.DAGScheduler: Job 30 is finished. Cancelling potential speculative or zombie tasks for this job
2026-08-09 23:13:28,967 INFO scheduler.TaskSchedulerImpl: Killing all running tasks in stage 54: Stage finished
2026-08-09 23:13:28,967 INFO scheduler.DAGScheduler: Job 30 finished: count at Metrics.scala:12, took 0.055753 s
2026-08-09 23:13:28,974 INFO spark.SparkContext: Starting job: count at Metrics.scala:14
2026-08-09 23:13:28,975 INFO scheduler.DAGScheduler: Got job 31 (count at Metrics.scala:14) with 2 output partitions
2026-08-09 23:13:28,975 INFO scheduler.DAGScheduler: Final stage: ResultStage 55 (count at Metrics.scala:14)
2026-08-09 23:13:28,975 INFO scheduler.DAGScheduler: Parents of final stage: List()
2026-08-09 23:13:28,975 INFO scheduler.DAGScheduler: Missing parents: List()
2026-08-09 23:13:28,975 INFO scheduler.DAGScheduler: Submitting ResultStage 55 (MapPartitionsRDD[100] at filter at Metrics.scala:14), which has no missing parents
2026-08-09 23:13:28,976 INFO memory.MemoryStore: Block broadcast_50 stored as values in memory (estimated size 38.5 KiB, free 407.1 MiB)
2026-08-09 23:13:28,977 INFO memory.MemoryStore: Block broadcast_50_piece0 stored as bytes in memory (estimated size 12.1 KiB, free 407.1 MiB)
2026-08-09 23:13:28,977 INFO storage.BlockManagerInfo: Added broadcast_50_piece0 in memory on 10.0.0.215:64257 (size: 12.1 KiB, free: 408.0 MiB)
2026-08-09 23:13:28,977 INFO spark.SparkContext: Created broadcast 50 from broadcast at DAGScheduler.scala:1513
2026-08-09 23:13:28,977 INFO scheduler.DAGScheduler: Submitting 2 missing tasks from ResultStage 55 (MapPartitionsRDD[100] at filter at Metrics.scala:14) (first 15 tasks are for partitions Vector(0, 1))
2026-08-09 23:13:28,977 INFO scheduler.TaskSchedulerImpl: Adding task set 55.0 with 2 tasks resource profile 0
2026-08-09 23:13:28,977 INFO scheduler.FairSchedulableBuilder: Added task set TaskSet_55.0 tasks to pool default
2026-08-09 23:13:28,978 INFO scheduler.TaskSetManager: Starting task 0.0 in stage 55.0 (TID 138) (10.0.0.215, executor driver, partition 0, PROCESS_LOCAL, 5029 bytes) taskResourceAssignments Map()
2026-08-09 23:13:28,978 INFO scheduler.TaskSetManager: Starting task 1.0 in stage 55.0 (TID 139) (10.0.0.215, executor driver, partition 1, PROCESS_LOCAL, 5029 bytes) taskResourceAssignments Map()
2026-08-09 23:13:28,978 INFO executor.Executor: Running task 1.0 in stage 55.0 (TID 139)
2026-08-09 23:13:28,978 INFO executor.Executor: Running task 0.0 in stage 55.0 (TID 138)
2026-08-09 23:13:28,979 INFO storage.BlockManager: Found block rdd_99_0 locally
2026-08-09 23:13:28,979 INFO storage.BlockManager: Found block rdd_99_1 locally
2026-08-09 23:13:28,980 INFO executor.Executor: Finished task 1.0 in stage 55.0 (TID 139). 1662 bytes result sent to driver
2026-08-09 23:13:28,980 INFO scheduler.TaskSetManager: Finished task 1.0 in stage 55.0 (TID 139) in 2 ms on 10.0.0.215 (executor driver) (1/2)
2026-08-09 23:13:28,981 INFO executor.Executor: Finished task 0.0 in stage 55.0 (TID 138). 1748 bytes result sent to driver
2026-08-09 23:13:28,982 INFO scheduler.TaskSetManager: Finished task 0.0 in stage 55.0 (TID 138) in 4 ms on 10.0.0.215 (executor driver) (2/2)
2026-08-09 23:13:28,982 INFO scheduler.TaskSchedulerImpl: Removed TaskSet 55.0, whose tasks have all completed, from pool default
2026-08-09 23:13:28,982 INFO scheduler.DAGScheduler: ResultStage 55 (count at Metrics.scala:14) finished in 0.006 s
2026-08-09 23:13:28,982 INFO scheduler.DAGScheduler: Job 31 is finished. Cancelling potential speculative or zombie tasks for this job
2026-08-09 23:13:28,982 INFO scheduler.TaskSchedulerImpl: Killing all running tasks in stage 55: Stage finished
2026-08-09 23:13:28,982 INFO scheduler.DAGScheduler: Job 31 finished: count at Metrics.scala:14, took 0.007766 s
2026-08-09 23:13:28,993 INFO spark.SparkContext: Starting job: sortByKey at BinaryClassificationMetrics.scala:189
2026-08-09 23:13:28,994 INFO scheduler.DAGScheduler: Registering RDD 102 (map at BinaryClassificationMetrics.scala:48) as input to shuffle 12
2026-08-09 23:13:28,994 INFO scheduler.DAGScheduler: Got job 32 (sortByKey at BinaryClassificationMetrics.scala:189) with 2 output partitions
2026-08-09 23:13:28,994 INFO scheduler.DAGScheduler: Final stage: ResultStage 57 (sortByKey at BinaryClassificationMetrics.scala:189)
2026-08-09 23:13:28,994 INFO scheduler.DAGScheduler: Parents of final stage: List(ShuffleMapStage 56)
2026-08-09 23:13:28,994 INFO scheduler.DAGScheduler: Missing parents: List(ShuffleMapStage 56)
2026-08-09 23:13:28,995 INFO scheduler.DAGScheduler: Submitting ShuffleMapStage 56 (MapPartitionsRDD[102] at map at BinaryClassificationMetrics.scala:48), which has no missing parents
2026-08-09 23:13:28,997 INFO memory.MemoryStore: Block broadcast_51 stored as values in memory (estimated size 40.1 KiB, free 407.0 MiB)
2026-08-09 23:13:28,997 INFO memory.MemoryStore: Block broadcast_51_piece0 stored as bytes in memory (estimated size 12.7 KiB, free 407.0 MiB)
2026-08-09 23:13:28,997 INFO storage.BlockManagerInfo: Added broadcast_51_piece0 in memory on 10.0.0.215:64257 (size: 12.7 KiB, free: 408.0 MiB)
2026-08-09 23:13:28,998 INFO spark.SparkContext: Created broadcast 51 from broadcast at DAGScheduler.scala:1513
2026-08-09 23:13:28,998 INFO scheduler.DAGScheduler: Submitting 2 missing tasks from ShuffleMapStage 56 (MapPartitionsRDD[102] at map at BinaryClassificationMetrics.scala:48) (first 15 tasks are for partitions Vector(0, 1))
2026-08-09 23:13:28,998 INFO scheduler.TaskSchedulerImpl: Adding task set 56.0 with 2 tasks resource profile 0
2026-08-09 23:13:28,998 INFO scheduler.FairSchedulableBuilder: Added task set TaskSet_56.0 tasks to pool default
2026-08-09 23:13:28,998 INFO scheduler.TaskSetManager: Starting task 0.0 in stage 56.0 (TID 140) (10.0.0.215, executor driver, partition 0, PROCESS_LOCAL, 5018 bytes) taskResourceAssignments Map()
2026-08-09 23:13:28,999 INFO scheduler.TaskSetManager: Starting task 1.0 in stage 56.0 (TID 141) (10.0.0.215, executor driver, partition 1, PROCESS_LOCAL, 5018 bytes) taskResourceAssignments Map()
2026-08-09 23:13:28,999 INFO executor.Executor: Running task 1.0 in stage 56.0 (TID 141)
2026-08-09 23:13:28,999 INFO executor.Executor: Running task 0.0 in stage 56.0 (TID 140)
2026-08-09 23:13:29,001 INFO storage.BlockManager: Found block rdd_99_1 locally
2026-08-09 23:13:29,001 INFO storage.BlockManager: Found block rdd_99_0 locally
2026-08-09 23:13:29,002 INFO executor.Executor: Finished task 1.0 in stage 56.0 (TID 141). 1904 bytes result sent to driver
2026-08-09 23:13:29,003 INFO scheduler.TaskSetManager: Finished task 1.0 in stage 56.0 (TID 141) in 4 ms on 10.0.0.215 (executor driver) (1/2)
2026-08-09 23:13:29,012 INFO executor.Executor: Finished task 0.0 in stage 56.0 (TID 140). 2033 bytes result sent to driver
2026-08-09 23:13:29,012 INFO scheduler.TaskSetManager: Finished task 0.0 in stage 56.0 (TID 140) in 14 ms on 10.0.0.215 (executor driver) (2/2)
2026-08-09 23:13:29,012 INFO scheduler.TaskSchedulerImpl: Removed TaskSet 56.0, whose tasks have all completed, from pool default
2026-08-09 23:13:29,013 INFO scheduler.DAGScheduler: ShuffleMapStage 56 (map at BinaryClassificationMetrics.scala:48) finished in 0.017 s
2026-08-09 23:13:29,013 INFO scheduler.DAGScheduler: looking for newly runnable stages
2026-08-09 23:13:29,013 INFO scheduler.DAGScheduler: running: Set()
2026-08-09 23:13:29,013 INFO scheduler.DAGScheduler: waiting: Set(ResultStage 57)
2026-08-09 23:13:29,013 INFO scheduler.DAGScheduler: failed: Set()
2026-08-09 23:13:29,013 INFO scheduler.DAGScheduler: Submitting ResultStage 57 (MapPartitionsRDD[105] at sortByKey at BinaryClassificationMetrics.scala:189), which has no missing parents
2026-08-09 23:13:29,013 INFO memory.MemoryStore: Block broadcast_52 stored as values in memory (estimated size 6.7 KiB, free 407.0 MiB)
2026-08-09 23:13:29,014 INFO memory.MemoryStore: Block broadcast_52_piece0 stored as bytes in memory (estimated size 3.4 KiB, free 407.0 MiB)
2026-08-09 23:13:29,014 INFO storage.BlockManagerInfo: Added broadcast_52_piece0 in memory on 10.0.0.215:64257 (size: 3.4 KiB, free: 408.0 MiB)
2026-08-09 23:13:29,014 INFO spark.SparkContext: Created broadcast 52 from broadcast at DAGScheduler.scala:1513
2026-08-09 23:13:29,014 INFO scheduler.DAGScheduler: Submitting 2 missing tasks from ResultStage 57 (MapPartitionsRDD[105] at sortByKey at BinaryClassificationMetrics.scala:189) (first 15 tasks are for partitions Vector(0, 1))
2026-08-09 23:13:29,014 INFO scheduler.TaskSchedulerImpl: Adding task set 57.0 with 2 tasks resource profile 0
2026-08-09 23:13:29,014 INFO scheduler.FairSchedulableBuilder: Added task set TaskSet_57.0 tasks to pool default
2026-08-09 23:13:29,015 INFO scheduler.TaskSetManager: Starting task 0.0 in stage 57.0 (TID 142) (10.0.0.215, executor driver, partition 0, NODE_LOCAL, 4271 bytes) taskResourceAssignments Map()
2026-08-09 23:13:29,015 INFO scheduler.TaskSetManager: Starting task 1.0 in stage 57.0 (TID 143) (10.0.0.215, executor driver, partition 1, NODE_LOCAL, 4271 bytes) taskResourceAssignments Map()
2026-08-09 23:13:29,015 INFO executor.Executor: Running task 0.0 in stage 57.0 (TID 142)
2026-08-09 23:13:29,015 INFO executor.Executor: Running task 1.0 in stage 57.0 (TID 143)
2026-08-09 23:13:29,016 INFO storage.ShuffleBlockFetcherIterator: Getting 1 (368.0 B) non-empty blocks including 1 (368.0 B) local and 0 (0.0 B) host-local and 0 (0.0 B) push-merged-local and 0 (0.0 B) remote blocks
2026-08-09 23:13:29,016 INFO storage.ShuffleBlockFetcherIterator: Started 0 remote fetches in 0 ms
2026-08-09 23:13:29,017 INFO executor.Executor: Finished task 0.0 in stage 57.0 (TID 142). 1462 bytes result sent to driver
2026-08-09 23:13:29,017 INFO storage.ShuffleBlockFetcherIterator: Getting 1 (334.0 B) non-empty blocks including 1 (334.0 B) local and 0 (0.0 B) host-local and 0 (0.0 B) push-merged-local and 0 (0.0 B) remote blocks
2026-08-09 23:13:29,017 INFO storage.ShuffleBlockFetcherIterator: Started 0 remote fetches in 0 ms
2026-08-09 23:13:29,017 INFO executor.Executor: Finished task 1.0 in stage 57.0 (TID 143). 1497 bytes result sent to driver
2026-08-09 23:13:29,018 INFO scheduler.TaskSetManager: Finished task 0.0 in stage 57.0 (TID 142) in 3 ms on 10.0.0.215 (executor driver) (1/2)
2026-08-09 23:13:29,018 INFO scheduler.TaskSetManager: Finished task 1.0 in stage 57.0 (TID 143) in 3 ms on 10.0.0.215 (executor driver) (2/2)
2026-08-09 23:13:29,018 INFO scheduler.TaskSchedulerImpl: Removed TaskSet 57.0, whose tasks have all completed, from pool default
2026-08-09 23:13:29,018 INFO scheduler.DAGScheduler: ResultStage 57 (sortByKey at BinaryClassificationMetrics.scala:189) finished in 0.005 s
2026-08-09 23:13:29,018 INFO scheduler.DAGScheduler: Job 32 is finished. Cancelling potential speculative or zombie tasks for this job
2026-08-09 23:13:29,018 INFO scheduler.TaskSchedulerImpl: Killing all running tasks in stage 57: Stage finished
2026-08-09 23:13:29,018 INFO scheduler.DAGScheduler: Job 32 finished: sortByKey at BinaryClassificationMetrics.scala:189, took 0.025077 s
2026-08-09 23:13:29,027 INFO spark.SparkContext: Starting job: collect at BinaryClassificationMetrics.scala:237
2026-08-09 23:13:29,031 INFO scheduler.DAGScheduler: Registering RDD 103 (combineByKey at BinaryClassificationMetrics.scala:188) as input to shuffle 13
2026-08-09 23:13:29,031 INFO scheduler.DAGScheduler: Got job 33 (collect at BinaryClassificationMetrics.scala:237) with 2 output partitions
2026-08-09 23:13:29,031 INFO scheduler.DAGScheduler: Final stage: ResultStage 60 (collect at BinaryClassificationMetrics.scala:237)
2026-08-09 23:13:29,031 INFO scheduler.DAGScheduler: Parents of final stage: List(ShuffleMapStage 59)
2026-08-09 23:13:29,031 INFO scheduler.DAGScheduler: Missing parents: List(ShuffleMapStage 59)
2026-08-09 23:13:29,031 INFO scheduler.DAGScheduler: Submitting ShuffleMapStage 59 (ShuffledRDD[103] at combineByKey at BinaryClassificationMetrics.scala:188), which has no missing parents
2026-08-09 23:13:29,032 INFO memory.MemoryStore: Block broadcast_53 stored as values in memory (estimated size 5.2 KiB, free 407.0 MiB)
2026-08-09 23:13:29,032 INFO memory.MemoryStore: Block broadcast_53_piece0 stored as bytes in memory (estimated size 2.9 KiB, free 407.0 MiB)
2026-08-09 23:13:29,032 INFO storage.BlockManagerInfo: Added broadcast_53_piece0 in memory on 10.0.0.215:64257 (size: 2.9 KiB, free: 408.0 MiB)
2026-08-09 23:13:29,032 INFO spark.SparkContext: Created broadcast 53 from broadcast at DAGScheduler.scala:1513
2026-08-09 23:13:29,032 INFO scheduler.DAGScheduler: Submitting 2 missing tasks from ShuffleMapStage 59 (ShuffledRDD[103] at combineByKey at BinaryClassificationMetrics.scala:188) (first 15 tasks are for partitions Vector(0, 1))
2026-08-09 23:13:29,033 INFO scheduler.TaskSchedulerImpl: Adding task set 59.0 with 2 tasks resource profile 0
2026-08-09 23:13:29,033 INFO scheduler.FairSchedulableBuilder: Added task set TaskSet_59.0 tasks to pool default
2026-08-09 23:13:29,033 INFO scheduler.TaskSetManager: Starting task 0.0 in stage 59.0 (TID 144) (10.0.0.215, executor driver, partition 0, NODE_LOCAL, 4260 bytes) taskResourceAssignments Map()
2026-08-09 23:13:29,033 INFO scheduler.TaskSetManager: Starting task 1.0 in stage 59.0 (TID 145) (10.0.0.215, executor driver, partition 1, NODE_LOCAL, 4260 bytes) taskResourceAssignments Map()
2026-08-09 23:13:29,033 INFO executor.Executor: Running task 1.0 in stage 59.0 (TID 145)
2026-08-09 23:13:29,033 INFO executor.Executor: Running task 0.0 in stage 59.0 (TID 144)
2026-08-09 23:13:29,035 INFO storage.ShuffleBlockFetcherIterator: Getting 1 (334.0 B) non-empty blocks including 1 (334.0 B) local and 0 (0.0 B) host-local and 0 (0.0 B) push-merged-local and 0 (0.0 B) remote blocks
2026-08-09 23:13:29,035 INFO storage.ShuffleBlockFetcherIterator: Getting 1 (368.0 B) non-empty blocks including 1 (368.0 B) local and 0 (0.0 B) host-local and 0 (0.0 B) push-merged-local and 0 (0.0 B) remote blocks
2026-08-09 23:13:29,035 INFO storage.ShuffleBlockFetcherIterator: Started 0 remote fetches in 0 ms
2026-08-09 23:13:29,035 INFO storage.ShuffleBlockFetcherIterator: Started 0 remote fetches in 0 ms
2026-08-09 23:13:29,036 INFO executor.Executor: Finished task 0.0 in stage 59.0 (TID 144). 1426 bytes result sent to driver
2026-08-09 23:13:29,037 INFO scheduler.TaskSetManager: Finished task 0.0 in stage 59.0 (TID 144) in 4 ms on 10.0.0.215 (executor driver) (1/2)
2026-08-09 23:13:29,037 INFO executor.Executor: Finished task 1.0 in stage 59.0 (TID 145). 1426 bytes result sent to driver
2026-08-09 23:13:29,037 INFO scheduler.TaskSetManager: Finished task 1.0 in stage 59.0 (TID 145) in 4 ms on 10.0.0.215 (executor driver) (2/2)
2026-08-09 23:13:29,037 INFO scheduler.TaskSchedulerImpl: Removed TaskSet 59.0, whose tasks have all completed, from pool default
2026-08-09 23:13:29,037 INFO scheduler.DAGScheduler: ShuffleMapStage 59 (combineByKey at BinaryClassificationMetrics.scala:188) finished in 0.005 s
2026-08-09 23:13:29,037 INFO scheduler.DAGScheduler: looking for newly runnable stages
2026-08-09 23:13:29,037 INFO scheduler.DAGScheduler: running: Set()
2026-08-09 23:13:29,037 INFO scheduler.DAGScheduler: waiting: Set(ResultStage 60)
2026-08-09 23:13:29,037 INFO scheduler.DAGScheduler: failed: Set()
2026-08-09 23:13:29,037 INFO scheduler.DAGScheduler: Submitting ResultStage 60 (MapPartitionsRDD[108] at mapPartitions at BinaryClassificationMetrics.scala:237), which has no missing parents
2026-08-09 23:13:29,038 INFO memory.MemoryStore: Block broadcast_54 stored as values in memory (estimated size 6.2 KiB, free 407.0 MiB)
2026-08-09 23:13:29,038 INFO memory.MemoryStore: Block broadcast_54_piece0 stored as bytes in memory (estimated size 3.4 KiB, free 407.0 MiB)
2026-08-09 23:13:29,038 INFO storage.BlockManagerInfo: Added broadcast_54_piece0 in memory on 10.0.0.215:64257 (size: 3.4 KiB, free: 408.0 MiB)
2026-08-09 23:13:29,038 INFO spark.SparkContext: Created broadcast 54 from broadcast at DAGScheduler.scala:1513
2026-08-09 23:13:29,038 INFO scheduler.DAGScheduler: Submitting 2 missing tasks from ResultStage 60 (MapPartitionsRDD[108] at mapPartitions at BinaryClassificationMetrics.scala:237) (first 15 tasks are for partitions Vector(0, 1))
2026-08-09 23:13:29,038 INFO scheduler.TaskSchedulerImpl: Adding task set 60.0 with 2 tasks resource profile 0
2026-08-09 23:13:29,039 INFO scheduler.FairSchedulableBuilder: Added task set TaskSet_60.0 tasks to pool default
2026-08-09 23:13:29,039 INFO scheduler.TaskSetManager: Starting task 0.0 in stage 60.0 (TID 146) (10.0.0.215, executor driver, partition 0, NODE_LOCAL, 4271 bytes) taskResourceAssignments Map()
2026-08-09 23:13:29,039 INFO scheduler.TaskSetManager: Starting task 1.0 in stage 60.0 (TID 147) (10.0.0.215, executor driver, partition 1, NODE_LOCAL, 4271 bytes) taskResourceAssignments Map()
2026-08-09 23:13:29,039 INFO executor.Executor: Running task 0.0 in stage 60.0 (TID 146)
2026-08-09 23:13:29,039 INFO executor.Executor: Running task 1.0 in stage 60.0 (TID 147)
2026-08-09 23:13:29,040 INFO storage.ShuffleBlockFetcherIterator: Getting 2 (580.0 B) non-empty blocks including 2 (580.0 B) local and 0 (0.0 B) host-local and 0 (0.0 B) push-merged-local and 0 (0.0 B) remote blocks
2026-08-09 23:13:29,040 INFO storage.ShuffleBlockFetcherIterator: Started 0 remote fetches in 0 ms
2026-08-09 23:13:29,040 INFO storage.ShuffleBlockFetcherIterator: Getting 2 (608.0 B) non-empty blocks including 2 (608.0 B) local and 0 (0.0 B) host-local and 0 (0.0 B) push-merged-local and 0 (0.0 B) remote blocks
2026-08-09 23:13:29,040 INFO storage.ShuffleBlockFetcherIterator: Started 0 remote fetches in 0 ms
2026-08-09 23:13:29,041 INFO executor.Executor: Finished task 0.0 in stage 60.0 (TID 146). 1370 bytes result sent to driver
2026-08-09 23:13:29,041 INFO executor.Executor: Finished task 1.0 in stage 60.0 (TID 147). 1370 bytes result sent to driver
2026-08-09 23:13:29,041 INFO scheduler.TaskSetManager: Finished task 0.0 in stage 60.0 (TID 146) in 2 ms on 10.0.0.215 (executor driver) (1/2)
2026-08-09 23:13:29,041 INFO scheduler.TaskSetManager: Finished task 1.0 in stage 60.0 (TID 147) in 2 ms on 10.0.0.215 (executor driver) (2/2)
2026-08-09 23:13:29,041 INFO scheduler.TaskSchedulerImpl: Removed TaskSet 60.0, whose tasks have all completed, from pool default
2026-08-09 23:13:29,041 INFO scheduler.DAGScheduler: ResultStage 60 (collect at BinaryClassificationMetrics.scala:237) finished in 0.003 s
2026-08-09 23:13:29,041 INFO scheduler.DAGScheduler: Job 33 is finished. Cancelling potential speculative or zombie tasks for this job
2026-08-09 23:13:29,041 INFO scheduler.TaskSchedulerImpl: Killing all running tasks in stage 60: Stage finished
2026-08-09 23:13:29,041 INFO scheduler.DAGScheduler: Job 33 finished: collect at BinaryClassificationMetrics.scala:237, took 0.014651 s
2026-08-09 23:13:29,042 INFO evaluation.BinaryClassificationMetrics: Total counts: {numPos: 5174.0, numNeg: 4826.0}
2026-08-09 23:13:29,047 INFO spark.SparkContext: Starting job: collect at AreaUnderCurve.scala:44
2026-08-09 23:13:29,047 INFO scheduler.DAGScheduler: Got job 34 (collect at AreaUnderCurve.scala:44) with 2 output partitions
2026-08-09 23:13:29,047 INFO scheduler.DAGScheduler: Final stage: ResultStage 63 (collect at AreaUnderCurve.scala:44)
2026-08-09 23:13:29,047 INFO scheduler.DAGScheduler: Parents of final stage: List(ShuffleMapStage 62)
2026-08-09 23:13:29,047 INFO scheduler.DAGScheduler: Missing parents: List()
2026-08-09 23:13:29,048 INFO scheduler.DAGScheduler: Submitting ResultStage 63 (MapPartitionsRDD[113] at mapPartitions at AreaUnderCurve.scala:44), which has no missing parents
2026-08-09 23:13:29,048 INFO memory.MemoryStore: Block broadcast_55 stored as values in memory (estimated size 7.8 KiB, free 407.0 MiB)
2026-08-09 23:13:29,048 INFO memory.MemoryStore: Block broadcast_55_piece0 stored as bytes in memory (estimated size 3.8 KiB, free 407.0 MiB)
2026-08-09 23:13:29,049 INFO storage.BlockManagerInfo: Added broadcast_55_piece0 in memory on 10.0.0.215:64257 (size: 3.8 KiB, free: 408.0 MiB)
2026-08-09 23:13:29,049 INFO spark.SparkContext: Created broadcast 55 from broadcast at DAGScheduler.scala:1513
2026-08-09 23:13:29,049 INFO scheduler.DAGScheduler: Submitting 2 missing tasks from ResultStage 63 (MapPartitionsRDD[113] at mapPartitions at AreaUnderCurve.scala:44) (first 15 tasks are for partitions Vector(0, 1))
2026-08-09 23:13:29,049 INFO scheduler.TaskSchedulerImpl: Adding task set 63.0 with 2 tasks resource profile 0
2026-08-09 23:13:29,049 INFO scheduler.FairSchedulableBuilder: Added task set TaskSet_63.0 tasks to pool default
2026-08-09 23:13:29,049 INFO scheduler.TaskSetManager: Starting task 0.0 in stage 63.0 (TID 148) (10.0.0.215, executor driver, partition 0, NODE_LOCAL, 4271 bytes) taskResourceAssignments Map()
2026-08-09 23:13:29,049 INFO scheduler.TaskSetManager: Starting task 1.0 in stage 63.0 (TID 149) (10.0.0.215, executor driver, partition 1, NODE_LOCAL, 4271 bytes) taskResourceAssignments Map()
2026-08-09 23:13:29,049 INFO executor.Executor: Running task 1.0 in stage 63.0 (TID 149)
2026-08-09 23:13:29,049 INFO executor.Executor: Running task 0.0 in stage 63.0 (TID 148)
2026-08-09 23:13:29,051 INFO storage.ShuffleBlockFetcherIterator: Getting 2 (608.0 B) non-empty blocks including 2 (608.0 B) local and 0 (0.0 B) host-local and 0 (0.0 B) push-merged-local and 0 (0.0 B) remote blocks
2026-08-09 23:13:29,051 INFO storage.ShuffleBlockFetcherIterator: Getting 2 (580.0 B) non-empty blocks including 2 (580.0 B) local and 0 (0.0 B) host-local and 0 (0.0 B) push-merged-local and 0 (0.0 B) remote blocks
2026-08-09 23:13:29,051 INFO storage.ShuffleBlockFetcherIterator: Started 0 remote fetches in 0 ms
2026-08-09 23:13:29,051 INFO storage.ShuffleBlockFetcherIterator: Started 0 remote fetches in 0 ms
2026-08-09 23:13:29,052 INFO memory.MemoryStore: Block rdd_109_0 stored as values in memory (estimated size 440.0 B, free 407.0 MiB)
2026-08-09 23:13:29,052 INFO memory.MemoryStore: Block rdd_109_1 stored as values in memory (estimated size 520.0 B, free 407.0 MiB)
2026-08-09 23:13:29,052 INFO storage.BlockManagerInfo: Added rdd_109_0 in memory on 10.0.0.215:64257 (size: 440.0 B, free: 408.0 MiB)
2026-08-09 23:13:29,052 INFO storage.BlockManagerInfo: Added rdd_109_1 in memory on 10.0.0.215:64257 (size: 520.0 B, free: 408.0 MiB)
2026-08-09 23:13:29,052 INFO executor.Executor: Finished task 0.0 in stage 63.0 (TID 148). 1489 bytes result sent to driver
2026-08-09 23:13:29,053 INFO executor.Executor: Finished task 1.0 in stage 63.0 (TID 149). 1532 bytes result sent to driver
2026-08-09 23:13:29,053 INFO scheduler.TaskSetManager: Finished task 0.0 in stage 63.0 (TID 148) in 4 ms on 10.0.0.215 (executor driver) (1/2)
2026-08-09 23:13:29,053 INFO scheduler.TaskSetManager: Finished task 1.0 in stage 63.0 (TID 149) in 4 ms on 10.0.0.215 (executor driver) (2/2)
2026-08-09 23:13:29,053 INFO scheduler.TaskSchedulerImpl: Removed TaskSet 63.0, whose tasks have all completed, from pool default
2026-08-09 23:13:29,053 INFO scheduler.DAGScheduler: ResultStage 63 (collect at AreaUnderCurve.scala:44) finished in 0.005 s
2026-08-09 23:13:29,053 INFO scheduler.DAGScheduler: Job 34 is finished. Cancelling potential speculative or zombie tasks for this job
2026-08-09 23:13:29,053 INFO scheduler.TaskSchedulerImpl: Killing all running tasks in stage 63: Stage finished
2026-08-09 23:13:29,053 INFO scheduler.DAGScheduler: Job 34 finished: collect at AreaUnderCurve.scala:44, took 0.006715 s
2026-08-09 23:13:29,057 INFO memory.MemoryStore: Block broadcast_56 stored as values in memory (estimated size 375.4 KiB, free 406.6 MiB)
2026-08-09 23:13:29,059 INFO memory.MemoryStore: Block broadcast_56_piece0 stored as bytes in memory (estimated size 100.9 KiB, free 406.5 MiB)
2026-08-09 23:13:29,059 INFO storage.BlockManagerInfo: Added broadcast_56_piece0 in memory on 10.0.0.215:64257 (size: 100.9 KiB, free: 407.9 MiB)
2026-08-09 23:13:29,059 INFO spark.SparkContext: Created broadcast 56 from broadcast at EnsemblePredictor.scala:28
2026-08-09 23:13:29,065 INFO spark.SparkContext: Starting job: count at Metrics.scala:12
2026-08-09 23:13:29,066 INFO storage.BlockManagerInfo: Removed broadcast_49_piece0 on 10.0.0.215:64257 in memory (size: 12.0 KiB, free: 407.9 MiB)
2026-08-09 23:13:29,066 INFO scheduler.DAGScheduler: Got job 35 (count at Metrics.scala:12) with 2 output partitions
2026-08-09 23:13:29,066 INFO scheduler.DAGScheduler: Final stage: ResultStage 64 (count at Metrics.scala:12)
2026-08-09 23:13:29,066 INFO scheduler.DAGScheduler: Parents of final stage: List()
2026-08-09 23:13:29,067 INFO scheduler.DAGScheduler: Missing parents: List()
2026-08-09 23:13:29,067 INFO scheduler.DAGScheduler: Submitting ResultStage 64 (MapPartitionsRDD[115] at map at NestedPrefixSearch.scala:29), which has no missing parents
2026-08-09 23:13:29,067 INFO storage.BlockManager: Removing RDD 93
2026-08-09 23:13:29,068 INFO memory.MemoryStore: Block broadcast_57 stored as values in memory (estimated size 38.2 KiB, free 406.5 MiB)
2026-08-09 23:13:29,068 INFO storage.BlockManagerInfo: Removed broadcast_54_piece0 on 10.0.0.215:64257 in memory (size: 3.4 KiB, free: 407.9 MiB)
2026-08-09 23:13:29,069 INFO memory.MemoryStore: Block broadcast_57_piece0 stored as bytes in memory (estimated size 12.0 KiB, free 406.5 MiB)
2026-08-09 23:13:29,069 INFO storage.BlockManagerInfo: Added broadcast_57_piece0 in memory on 10.0.0.215:64257 (size: 12.0 KiB, free: 407.9 MiB)
2026-08-09 23:13:29,069 INFO spark.SparkContext: Created broadcast 57 from broadcast at DAGScheduler.scala:1513
2026-08-09 23:13:29,070 INFO scheduler.DAGScheduler: Submitting 2 missing tasks from ResultStage 64 (MapPartitionsRDD[115] at map at NestedPrefixSearch.scala:29) (first 15 tasks are for partitions Vector(0, 1))
2026-08-09 23:13:29,070 INFO scheduler.TaskSchedulerImpl: Adding task set 64.0 with 2 tasks resource profile 0
2026-08-09 23:13:29,070 INFO storage.BlockManagerInfo: Removed broadcast_40_piece0 on 10.0.0.215:64257 in memory (size: 26.7 KiB, free: 407.9 MiB)
2026-08-09 23:13:29,070 INFO scheduler.FairSchedulableBuilder: Added task set TaskSet_64.0 tasks to pool default
2026-08-09 23:13:29,070 INFO scheduler.TaskSetManager: Starting task 0.0 in stage 64.0 (TID 150) (10.0.0.215, executor driver, partition 0, PROCESS_LOCAL, 5029 bytes) taskResourceAssignments Map()
2026-08-09 23:13:29,070 INFO scheduler.TaskSetManager: Starting task 1.0 in stage 64.0 (TID 151) (10.0.0.215, executor driver, partition 1, PROCESS_LOCAL, 5029 bytes) taskResourceAssignments Map()
2026-08-09 23:13:29,071 INFO storage.BlockManager: Removing RDD 83
2026-08-09 23:13:29,071 INFO executor.Executor: Running task 1.0 in stage 64.0 (TID 151)
2026-08-09 23:13:29,071 INFO executor.Executor: Running task 0.0 in stage 64.0 (TID 150)
2026-08-09 23:13:29,072 INFO storage.BlockManager: Removing RDD 109
2026-08-09 23:13:29,072 INFO storage.BlockManager: Found block rdd_17_1 locally
2026-08-09 23:13:29,072 INFO storage.BlockManager: Found block rdd_17_0 locally
2026-08-09 23:13:29,073 INFO memory.MemoryStore: Block rdd_115_1 stored as values in memory (estimated size 16.0 B, free 407.0 MiB)
2026-08-09 23:13:29,073 INFO storage.BlockManagerInfo: Added rdd_115_1 in memory on 10.0.0.215:64257 (size: 16.0 B, free: 408.2 MiB)
2026-08-09 23:13:29,073 INFO storage.BlockManagerInfo: Removed broadcast_51_piece0 on 10.0.0.215:64257 in memory (size: 12.7 KiB, free: 408.3 MiB)
2026-08-09 23:13:29,075 INFO storage.BlockManagerInfo: Removed broadcast_47_piece0 on 10.0.0.215:64257 in memory (size: 3.8 KiB, free: 408.3 MiB)
2026-08-09 23:13:29,075 INFO executor.Executor: Finished task 1.0 in stage 64.0 (TID 151). 1705 bytes result sent to driver
2026-08-09 23:13:29,075 INFO scheduler.TaskSetManager: Finished task 1.0 in stage 64.0 (TID 151) in 5 ms on 10.0.0.215 (executor driver) (1/2)
2026-08-09 23:13:29,076 INFO storage.BlockManagerInfo: Removed broadcast_52_piece0 on 10.0.0.215:64257 in memory (size: 3.4 KiB, free: 408.3 MiB)
2026-08-09 23:13:29,077 INFO storage.BlockManagerInfo: Removed broadcast_50_piece0 on 10.0.0.215:64257 in memory (size: 12.1 KiB, free: 408.3 MiB)
2026-08-09 23:13:29,078 INFO storage.BlockManagerInfo: Removed broadcast_55_piece0 on 10.0.0.215:64257 in memory (size: 3.8 KiB, free: 408.3 MiB)
2026-08-09 23:13:29,080 INFO storage.BlockManagerInfo: Removed broadcast_53_piece0 on 10.0.0.215:64257 in memory (size: 2.9 KiB, free: 408.3 MiB)
2026-08-09 23:13:29,081 INFO storage.BlockManager: Removing RDD 99
2026-08-09 23:13:29,086 INFO storage.BlockManagerInfo: Removed broadcast_48_piece0 on 10.0.0.215:64257 in memory (size: 51.1 KiB, free: 408.7 MiB)
2026-08-09 23:13:29,150 INFO memory.MemoryStore: Block rdd_115_0 stored as values in memory (estimated size 351.6 KiB, free 407.3 MiB)
2026-08-09 23:13:29,151 INFO storage.BlockManagerInfo: Added rdd_115_0 in memory on 10.0.0.215:64257 (size: 351.6 KiB, free: 408.3 MiB)
2026-08-09 23:13:29,151 INFO executor.Executor: Finished task 0.0 in stage 64.0 (TID 150). 1791 bytes result sent to driver
2026-08-09 23:13:29,151 INFO scheduler.TaskSetManager: Finished task 0.0 in stage 64.0 (TID 150) in 81 ms on 10.0.0.215 (executor driver) (2/2)
2026-08-09 23:13:29,151 INFO scheduler.TaskSchedulerImpl: Removed TaskSet 64.0, whose tasks have all completed, from pool default
2026-08-09 23:13:29,152 INFO scheduler.DAGScheduler: ResultStage 64 (count at Metrics.scala:12) finished in 0.085 s
2026-08-09 23:13:29,152 INFO scheduler.DAGScheduler: Job 35 is finished. Cancelling potential speculative or zombie tasks for this job
2026-08-09 23:13:29,152 INFO scheduler.TaskSchedulerImpl: Killing all running tasks in stage 64: Stage finished
2026-08-09 23:13:29,152 INFO scheduler.DAGScheduler: Job 35 finished: count at Metrics.scala:12, took 0.086197 s
2026-08-09 23:13:29,155 INFO spark.SparkContext: Starting job: count at Metrics.scala:14
2026-08-09 23:13:29,155 INFO scheduler.DAGScheduler: Got job 36 (count at Metrics.scala:14) with 2 output partitions
2026-08-09 23:13:29,155 INFO scheduler.DAGScheduler: Final stage: ResultStage 65 (count at Metrics.scala:14)
2026-08-09 23:13:29,155 INFO scheduler.DAGScheduler: Parents of final stage: List()
2026-08-09 23:13:29,155 INFO scheduler.DAGScheduler: Missing parents: List()
2026-08-09 23:13:29,155 INFO scheduler.DAGScheduler: Submitting ResultStage 65 (MapPartitionsRDD[116] at filter at Metrics.scala:14), which has no missing parents
2026-08-09 23:13:29,156 INFO memory.MemoryStore: Block broadcast_58 stored as values in memory (estimated size 38.5 KiB, free 407.3 MiB)
2026-08-09 23:13:29,156 INFO memory.MemoryStore: Block broadcast_58_piece0 stored as bytes in memory (estimated size 12.1 KiB, free 407.3 MiB)
2026-08-09 23:13:29,157 INFO storage.BlockManagerInfo: Added broadcast_58_piece0 in memory on 10.0.0.215:64257 (size: 12.1 KiB, free: 408.3 MiB)
2026-08-09 23:13:29,157 INFO spark.SparkContext: Created broadcast 58 from broadcast at DAGScheduler.scala:1513
2026-08-09 23:13:29,157 INFO scheduler.DAGScheduler: Submitting 2 missing tasks from ResultStage 65 (MapPartitionsRDD[116] at filter at Metrics.scala:14) (first 15 tasks are for partitions Vector(0, 1))
2026-08-09 23:13:29,157 INFO scheduler.TaskSchedulerImpl: Adding task set 65.0 with 2 tasks resource profile 0
2026-08-09 23:13:29,157 INFO scheduler.FairSchedulableBuilder: Added task set TaskSet_65.0 tasks to pool default
2026-08-09 23:13:29,157 INFO scheduler.TaskSetManager: Starting task 0.0 in stage 65.0 (TID 152) (10.0.0.215, executor driver, partition 0, PROCESS_LOCAL, 5029 bytes) taskResourceAssignments Map()
2026-08-09 23:13:29,157 INFO scheduler.TaskSetManager: Starting task 1.0 in stage 65.0 (TID 153) (10.0.0.215, executor driver, partition 1, PROCESS_LOCAL, 5029 bytes) taskResourceAssignments Map()
2026-08-09 23:13:29,157 INFO executor.Executor: Running task 0.0 in stage 65.0 (TID 152)
2026-08-09 23:13:29,157 INFO executor.Executor: Running task 1.0 in stage 65.0 (TID 153)
2026-08-09 23:13:29,159 INFO storage.BlockManager: Found block rdd_115_1 locally
2026-08-09 23:13:29,159 INFO storage.BlockManager: Found block rdd_115_0 locally
2026-08-09 23:13:29,159 INFO executor.Executor: Finished task 1.0 in stage 65.0 (TID 153). 1662 bytes result sent to driver
2026-08-09 23:13:29,159 INFO scheduler.TaskSetManager: Finished task 1.0 in stage 65.0 (TID 153) in 2 ms on 10.0.0.215 (executor driver) (1/2)
2026-08-09 23:13:29,160 INFO executor.Executor: Finished task 0.0 in stage 65.0 (TID 152). 1705 bytes result sent to driver
2026-08-09 23:13:29,160 INFO scheduler.TaskSetManager: Finished task 0.0 in stage 65.0 (TID 152) in 3 ms on 10.0.0.215 (executor driver) (2/2)
2026-08-09 23:13:29,160 INFO scheduler.TaskSchedulerImpl: Removed TaskSet 65.0, whose tasks have all completed, from pool default
2026-08-09 23:13:29,160 INFO scheduler.DAGScheduler: ResultStage 65 (count at Metrics.scala:14) finished in 0.004 s
2026-08-09 23:13:29,160 INFO scheduler.DAGScheduler: Job 36 is finished. Cancelling potential speculative or zombie tasks for this job
2026-08-09 23:13:29,160 INFO scheduler.TaskSchedulerImpl: Killing all running tasks in stage 65: Stage finished
2026-08-09 23:13:29,160 INFO scheduler.DAGScheduler: Job 36 finished: count at Metrics.scala:14, took 0.004903 s
2026-08-09 23:13:29,165 INFO spark.SparkContext: Starting job: sortByKey at BinaryClassificationMetrics.scala:189
2026-08-09 23:13:29,166 INFO scheduler.DAGScheduler: Registering RDD 118 (map at BinaryClassificationMetrics.scala:48) as input to shuffle 14
2026-08-09 23:13:29,166 INFO scheduler.DAGScheduler: Got job 37 (sortByKey at BinaryClassificationMetrics.scala:189) with 2 output partitions
2026-08-09 23:13:29,166 INFO scheduler.DAGScheduler: Final stage: ResultStage 67 (sortByKey at BinaryClassificationMetrics.scala:189)
2026-08-09 23:13:29,166 INFO scheduler.DAGScheduler: Parents of final stage: List(ShuffleMapStage 66)
2026-08-09 23:13:29,166 INFO scheduler.DAGScheduler: Missing parents: List(ShuffleMapStage 66)
2026-08-09 23:13:29,166 INFO scheduler.DAGScheduler: Submitting ShuffleMapStage 66 (MapPartitionsRDD[118] at map at BinaryClassificationMetrics.scala:48), which has no missing parents
2026-08-09 23:13:29,167 INFO memory.MemoryStore: Block broadcast_59 stored as values in memory (estimated size 40.1 KiB, free 407.2 MiB)
2026-08-09 23:13:29,167 INFO memory.MemoryStore: Block broadcast_59_piece0 stored as bytes in memory (estimated size 12.7 KiB, free 407.2 MiB)
2026-08-09 23:13:29,168 INFO storage.BlockManagerInfo: Added broadcast_59_piece0 in memory on 10.0.0.215:64257 (size: 12.7 KiB, free: 408.3 MiB)
2026-08-09 23:13:29,168 INFO spark.SparkContext: Created broadcast 59 from broadcast at DAGScheduler.scala:1513
2026-08-09 23:13:29,168 INFO scheduler.DAGScheduler: Submitting 2 missing tasks from ShuffleMapStage 66 (MapPartitionsRDD[118] at map at BinaryClassificationMetrics.scala:48) (first 15 tasks are for partitions Vector(0, 1))
2026-08-09 23:13:29,168 INFO scheduler.TaskSchedulerImpl: Adding task set 66.0 with 2 tasks resource profile 0
2026-08-09 23:13:29,168 INFO scheduler.FairSchedulableBuilder: Added task set TaskSet_66.0 tasks to pool default
2026-08-09 23:13:29,168 INFO scheduler.TaskSetManager: Starting task 0.0 in stage 66.0 (TID 154) (10.0.0.215, executor driver, partition 0, PROCESS_LOCAL, 5018 bytes) taskResourceAssignments Map()
2026-08-09 23:13:29,168 INFO scheduler.TaskSetManager: Starting task 1.0 in stage 66.0 (TID 155) (10.0.0.215, executor driver, partition 1, PROCESS_LOCAL, 5018 bytes) taskResourceAssignments Map()
2026-08-09 23:13:29,169 INFO executor.Executor: Running task 1.0 in stage 66.0 (TID 155)
2026-08-09 23:13:29,169 INFO executor.Executor: Running task 0.0 in stage 66.0 (TID 154)
2026-08-09 23:13:29,171 INFO storage.BlockManager: Found block rdd_115_0 locally
2026-08-09 23:13:29,171 INFO storage.BlockManager: Found block rdd_115_1 locally
2026-08-09 23:13:29,172 INFO executor.Executor: Finished task 1.0 in stage 66.0 (TID 155). 1904 bytes result sent to driver
2026-08-09 23:13:29,172 INFO scheduler.TaskSetManager: Finished task 1.0 in stage 66.0 (TID 155) in 4 ms on 10.0.0.215 (executor driver) (1/2)
2026-08-09 23:13:29,176 INFO executor.Executor: Finished task 0.0 in stage 66.0 (TID 154). 2033 bytes result sent to driver
2026-08-09 23:13:29,176 INFO scheduler.TaskSetManager: Finished task 0.0 in stage 66.0 (TID 154) in 8 ms on 10.0.0.215 (executor driver) (2/2)
2026-08-09 23:13:29,176 INFO scheduler.TaskSchedulerImpl: Removed TaskSet 66.0, whose tasks have all completed, from pool default
2026-08-09 23:13:29,176 INFO scheduler.DAGScheduler: ShuffleMapStage 66 (map at BinaryClassificationMetrics.scala:48) finished in 0.009 s
2026-08-09 23:13:29,177 INFO scheduler.DAGScheduler: looking for newly runnable stages
2026-08-09 23:13:29,177 INFO scheduler.DAGScheduler: running: Set()
2026-08-09 23:13:29,177 INFO scheduler.DAGScheduler: waiting: Set(ResultStage 67)
2026-08-09 23:13:29,177 INFO scheduler.DAGScheduler: failed: Set()
2026-08-09 23:13:29,177 INFO scheduler.DAGScheduler: Submitting ResultStage 67 (MapPartitionsRDD[121] at sortByKey at BinaryClassificationMetrics.scala:189), which has no missing parents
2026-08-09 23:13:29,177 INFO memory.MemoryStore: Block broadcast_60 stored as values in memory (estimated size 6.7 KiB, free 407.2 MiB)
2026-08-09 23:13:29,177 INFO memory.MemoryStore: Block broadcast_60_piece0 stored as bytes in memory (estimated size 3.4 KiB, free 407.2 MiB)
2026-08-09 23:13:29,178 INFO storage.BlockManagerInfo: Added broadcast_60_piece0 in memory on 10.0.0.215:64257 (size: 3.4 KiB, free: 408.3 MiB)
2026-08-09 23:13:29,178 INFO spark.SparkContext: Created broadcast 60 from broadcast at DAGScheduler.scala:1513
2026-08-09 23:13:29,178 INFO scheduler.DAGScheduler: Submitting 2 missing tasks from ResultStage 67 (MapPartitionsRDD[121] at sortByKey at BinaryClassificationMetrics.scala:189) (first 15 tasks are for partitions Vector(0, 1))
2026-08-09 23:13:29,178 INFO scheduler.TaskSchedulerImpl: Adding task set 67.0 with 2 tasks resource profile 0
2026-08-09 23:13:29,178 INFO scheduler.FairSchedulableBuilder: Added task set TaskSet_67.0 tasks to pool default
2026-08-09 23:13:29,178 INFO scheduler.TaskSetManager: Starting task 0.0 in stage 67.0 (TID 156) (10.0.0.215, executor driver, partition 0, NODE_LOCAL, 4271 bytes) taskResourceAssignments Map()
2026-08-09 23:13:29,178 INFO scheduler.TaskSetManager: Starting task 1.0 in stage 67.0 (TID 157) (10.0.0.215, executor driver, partition 1, NODE_LOCAL, 4271 bytes) taskResourceAssignments Map()
2026-08-09 23:13:29,178 INFO executor.Executor: Running task 0.0 in stage 67.0 (TID 156)
2026-08-09 23:13:29,178 INFO executor.Executor: Running task 1.0 in stage 67.0 (TID 157)
2026-08-09 23:13:29,180 INFO storage.ShuffleBlockFetcherIterator: Getting 1 (490.0 B) non-empty blocks including 1 (490.0 B) local and 0 (0.0 B) host-local and 0 (0.0 B) push-merged-local and 0 (0.0 B) remote blocks
2026-08-09 23:13:29,180 INFO storage.ShuffleBlockFetcherIterator: Getting 1 (405.0 B) non-empty blocks including 1 (405.0 B) local and 0 (0.0 B) host-local and 0 (0.0 B) push-merged-local and 0 (0.0 B) remote blocks
2026-08-09 23:13:29,180 INFO storage.ShuffleBlockFetcherIterator: Started 0 remote fetches in 0 ms
2026-08-09 23:13:29,180 INFO storage.ShuffleBlockFetcherIterator: Started 0 remote fetches in 0 ms
2026-08-09 23:13:29,180 INFO executor.Executor: Finished task 1.0 in stage 67.0 (TID 157). 1529 bytes result sent to driver
2026-08-09 23:13:29,180 INFO executor.Executor: Finished task 0.0 in stage 67.0 (TID 156). 1553 bytes result sent to driver
2026-08-09 23:13:29,181 INFO scheduler.TaskSetManager: Finished task 0.0 in stage 67.0 (TID 156) in 3 ms on 10.0.0.215 (executor driver) (1/2)
2026-08-09 23:13:29,181 INFO scheduler.TaskSetManager: Finished task 1.0 in stage 67.0 (TID 157) in 3 ms on 10.0.0.215 (executor driver) (2/2)
2026-08-09 23:13:29,181 INFO scheduler.TaskSchedulerImpl: Removed TaskSet 67.0, whose tasks have all completed, from pool default
2026-08-09 23:13:29,181 INFO scheduler.DAGScheduler: ResultStage 67 (sortByKey at BinaryClassificationMetrics.scala:189) finished in 0.004 s
2026-08-09 23:13:29,181 INFO scheduler.DAGScheduler: Job 37 is finished. Cancelling potential speculative or zombie tasks for this job
2026-08-09 23:13:29,181 INFO scheduler.TaskSchedulerImpl: Killing all running tasks in stage 67: Stage finished
2026-08-09 23:13:29,181 INFO scheduler.DAGScheduler: Job 37 finished: sortByKey at BinaryClassificationMetrics.scala:189, took 0.016032 s
2026-08-09 23:13:29,186 INFO spark.SparkContext: Starting job: collect at BinaryClassificationMetrics.scala:237
2026-08-09 23:13:29,187 INFO scheduler.DAGScheduler: Registering RDD 119 (combineByKey at BinaryClassificationMetrics.scala:188) as input to shuffle 15
2026-08-09 23:13:29,187 INFO scheduler.DAGScheduler: Got job 38 (collect at BinaryClassificationMetrics.scala:237) with 2 output partitions
2026-08-09 23:13:29,187 INFO scheduler.DAGScheduler: Final stage: ResultStage 70 (collect at BinaryClassificationMetrics.scala:237)
2026-08-09 23:13:29,187 INFO scheduler.DAGScheduler: Parents of final stage: List(ShuffleMapStage 69)
2026-08-09 23:13:29,187 INFO scheduler.DAGScheduler: Missing parents: List(ShuffleMapStage 69)
2026-08-09 23:13:29,187 INFO scheduler.DAGScheduler: Submitting ShuffleMapStage 69 (ShuffledRDD[119] at combineByKey at BinaryClassificationMetrics.scala:188), which has no missing parents
2026-08-09 23:13:29,188 INFO memory.MemoryStore: Block broadcast_61 stored as values in memory (estimated size 5.2 KiB, free 407.2 MiB)
2026-08-09 23:13:29,188 INFO memory.MemoryStore: Block broadcast_61_piece0 stored as bytes in memory (estimated size 2.9 KiB, free 407.2 MiB)
2026-08-09 23:13:29,188 INFO storage.BlockManagerInfo: Added broadcast_61_piece0 in memory on 10.0.0.215:64257 (size: 2.9 KiB, free: 408.3 MiB)
2026-08-09 23:13:29,189 INFO spark.SparkContext: Created broadcast 61 from broadcast at DAGScheduler.scala:1513
2026-08-09 23:13:29,189 INFO scheduler.DAGScheduler: Submitting 2 missing tasks from ShuffleMapStage 69 (ShuffledRDD[119] at combineByKey at BinaryClassificationMetrics.scala:188) (first 15 tasks are for partitions Vector(0, 1))
2026-08-09 23:13:29,189 INFO scheduler.TaskSchedulerImpl: Adding task set 69.0 with 2 tasks resource profile 0
2026-08-09 23:13:29,189 INFO scheduler.FairSchedulableBuilder: Added task set TaskSet_69.0 tasks to pool default
2026-08-09 23:13:29,189 INFO scheduler.TaskSetManager: Starting task 0.0 in stage 69.0 (TID 158) (10.0.0.215, executor driver, partition 0, NODE_LOCAL, 4260 bytes) taskResourceAssignments Map()
2026-08-09 23:13:29,189 INFO scheduler.TaskSetManager: Starting task 1.0 in stage 69.0 (TID 159) (10.0.0.215, executor driver, partition 1, NODE_LOCAL, 4260 bytes) taskResourceAssignments Map()
2026-08-09 23:13:29,190 INFO executor.Executor: Running task 0.0 in stage 69.0 (TID 158)
2026-08-09 23:13:29,190 INFO executor.Executor: Running task 1.0 in stage 69.0 (TID 159)
2026-08-09 23:13:29,191 INFO storage.ShuffleBlockFetcherIterator: Getting 1 (405.0 B) non-empty blocks including 1 (405.0 B) local and 0 (0.0 B) host-local and 0 (0.0 B) push-merged-local and 0 (0.0 B) remote blocks
2026-08-09 23:13:29,191 INFO storage.ShuffleBlockFetcherIterator: Started 0 remote fetches in 0 ms
2026-08-09 23:13:29,191 INFO storage.ShuffleBlockFetcherIterator: Getting 1 (490.0 B) non-empty blocks including 1 (490.0 B) local and 0 (0.0 B) host-local and 0 (0.0 B) push-merged-local and 0 (0.0 B) remote blocks
2026-08-09 23:13:29,191 INFO storage.ShuffleBlockFetcherIterator: Started 0 remote fetches in 0 ms
2026-08-09 23:13:29,193 INFO executor.Executor: Finished task 1.0 in stage 69.0 (TID 159). 1426 bytes result sent to driver
2026-08-09 23:13:29,194 INFO executor.Executor: Finished task 0.0 in stage 69.0 (TID 158). 1426 bytes result sent to driver
2026-08-09 23:13:29,194 INFO scheduler.TaskSetManager: Finished task 1.0 in stage 69.0 (TID 159) in 5 ms on 10.0.0.215 (executor driver) (1/2)
2026-08-09 23:13:29,194 INFO scheduler.TaskSetManager: Finished task 0.0 in stage 69.0 (TID 158) in 5 ms on 10.0.0.215 (executor driver) (2/2)
2026-08-09 23:13:29,194 INFO scheduler.TaskSchedulerImpl: Removed TaskSet 69.0, whose tasks have all completed, from pool default
2026-08-09 23:13:29,194 INFO scheduler.DAGScheduler: ShuffleMapStage 69 (combineByKey at BinaryClassificationMetrics.scala:188) finished in 0.006 s
2026-08-09 23:13:29,194 INFO scheduler.DAGScheduler: looking for newly runnable stages
2026-08-09 23:13:29,194 INFO scheduler.DAGScheduler: running: Set()
2026-08-09 23:13:29,194 INFO scheduler.DAGScheduler: waiting: Set(ResultStage 70)
2026-08-09 23:13:29,194 INFO scheduler.DAGScheduler: failed: Set()
2026-08-09 23:13:29,194 INFO scheduler.DAGScheduler: Submitting ResultStage 70 (MapPartitionsRDD[124] at mapPartitions at BinaryClassificationMetrics.scala:237), which has no missing parents
2026-08-09 23:13:29,195 INFO memory.MemoryStore: Block broadcast_62 stored as values in memory (estimated size 6.2 KiB, free 407.2 MiB)
2026-08-09 23:13:29,195 INFO memory.MemoryStore: Block broadcast_62_piece0 stored as bytes in memory (estimated size 3.4 KiB, free 407.2 MiB)
2026-08-09 23:13:29,195 INFO storage.BlockManagerInfo: Added broadcast_62_piece0 in memory on 10.0.0.215:64257 (size: 3.4 KiB, free: 408.3 MiB)
2026-08-09 23:13:29,195 INFO spark.SparkContext: Created broadcast 62 from broadcast at DAGScheduler.scala:1513
2026-08-09 23:13:29,195 INFO scheduler.DAGScheduler: Submitting 2 missing tasks from ResultStage 70 (MapPartitionsRDD[124] at mapPartitions at BinaryClassificationMetrics.scala:237) (first 15 tasks are for partitions Vector(0, 1))
2026-08-09 23:13:29,195 INFO scheduler.TaskSchedulerImpl: Adding task set 70.0 with 2 tasks resource profile 0
2026-08-09 23:13:29,196 INFO scheduler.FairSchedulableBuilder: Added task set TaskSet_70.0 tasks to pool default
2026-08-09 23:13:29,196 INFO scheduler.TaskSetManager: Starting task 0.0 in stage 70.0 (TID 160) (10.0.0.215, executor driver, partition 0, NODE_LOCAL, 4271 bytes) taskResourceAssignments Map()
2026-08-09 23:13:29,196 INFO scheduler.TaskSetManager: Starting task 1.0 in stage 70.0 (TID 161) (10.0.0.215, executor driver, partition 1, NODE_LOCAL, 4271 bytes) taskResourceAssignments Map()
2026-08-09 23:13:29,196 INFO executor.Executor: Running task 1.0 in stage 70.0 (TID 161)
2026-08-09 23:13:29,196 INFO executor.Executor: Running task 0.0 in stage 70.0 (TID 160)
2026-08-09 23:13:29,197 INFO storage.ShuffleBlockFetcherIterator: Getting 2 (702.0 B) non-empty blocks including 2 (702.0 B) local and 0 (0.0 B) host-local and 0 (0.0 B) push-merged-local and 0 (0.0 B) remote blocks
2026-08-09 23:13:29,197 INFO storage.ShuffleBlockFetcherIterator: Getting 2 (702.0 B) non-empty blocks including 2 (702.0 B) local and 0 (0.0 B) host-local and 0 (0.0 B) push-merged-local and 0 (0.0 B) remote blocks
2026-08-09 23:13:29,197 INFO storage.ShuffleBlockFetcherIterator: Started 0 remote fetches in 0 ms
2026-08-09 23:13:29,197 INFO storage.ShuffleBlockFetcherIterator: Started 0 remote fetches in 0 ms
2026-08-09 23:13:29,198 INFO executor.Executor: Finished task 1.0 in stage 70.0 (TID 161). 1413 bytes result sent to driver
2026-08-09 23:13:29,198 INFO executor.Executor: Finished task 0.0 in stage 70.0 (TID 160). 1413 bytes result sent to driver
2026-08-09 23:13:29,198 INFO scheduler.TaskSetManager: Finished task 1.0 in stage 70.0 (TID 161) in 2 ms on 10.0.0.215 (executor driver) (1/2)
2026-08-09 23:13:29,198 INFO scheduler.TaskSetManager: Finished task 0.0 in stage 70.0 (TID 160) in 2 ms on 10.0.0.215 (executor driver) (2/2)
2026-08-09 23:13:29,198 INFO scheduler.TaskSchedulerImpl: Removed TaskSet 70.0, whose tasks have all completed, from pool default
2026-08-09 23:13:29,199 INFO scheduler.DAGScheduler: ResultStage 70 (collect at BinaryClassificationMetrics.scala:237) finished in 0.005 s
2026-08-09 23:13:29,199 INFO scheduler.DAGScheduler: Job 38 is finished. Cancelling potential speculative or zombie tasks for this job
2026-08-09 23:13:29,199 INFO scheduler.TaskSchedulerImpl: Killing all running tasks in stage 70: Stage finished
2026-08-09 23:13:29,199 INFO scheduler.DAGScheduler: Job 38 finished: collect at BinaryClassificationMetrics.scala:237, took 0.012230 s
2026-08-09 23:13:29,199 INFO evaluation.BinaryClassificationMetrics: Total counts: {numPos: 5174.0, numNeg: 4826.0}
2026-08-09 23:13:29,204 INFO spark.SparkContext: Starting job: collect at AreaUnderCurve.scala:44
2026-08-09 23:13:29,204 INFO scheduler.DAGScheduler: Got job 39 (collect at AreaUnderCurve.scala:44) with 2 output partitions
2026-08-09 23:13:29,204 INFO scheduler.DAGScheduler: Final stage: ResultStage 73 (collect at AreaUnderCurve.scala:44)
2026-08-09 23:13:29,204 INFO scheduler.DAGScheduler: Parents of final stage: List(ShuffleMapStage 72)
2026-08-09 23:13:29,204 INFO scheduler.DAGScheduler: Missing parents: List()
2026-08-09 23:13:29,205 INFO scheduler.DAGScheduler: Submitting ResultStage 73 (MapPartitionsRDD[129] at mapPartitions at AreaUnderCurve.scala:44), which has no missing parents
2026-08-09 23:13:29,205 INFO memory.MemoryStore: Block broadcast_63 stored as values in memory (estimated size 7.8 KiB, free 407.2 MiB)
2026-08-09 23:13:29,206 INFO memory.MemoryStore: Block broadcast_63_piece0 stored as bytes in memory (estimated size 3.8 KiB, free 407.2 MiB)
2026-08-09 23:13:29,206 INFO storage.BlockManagerInfo: Added broadcast_63_piece0 in memory on 10.0.0.215:64257 (size: 3.8 KiB, free: 408.3 MiB)
2026-08-09 23:13:29,206 INFO spark.SparkContext: Created broadcast 63 from broadcast at DAGScheduler.scala:1513
2026-08-09 23:13:29,206 INFO scheduler.DAGScheduler: Submitting 2 missing tasks from ResultStage 73 (MapPartitionsRDD[129] at mapPartitions at AreaUnderCurve.scala:44) (first 15 tasks are for partitions Vector(0, 1))
2026-08-09 23:13:29,206 INFO scheduler.TaskSchedulerImpl: Adding task set 73.0 with 2 tasks resource profile 0
2026-08-09 23:13:29,206 INFO scheduler.FairSchedulableBuilder: Added task set TaskSet_73.0 tasks to pool default
2026-08-09 23:13:29,206 INFO scheduler.TaskSetManager: Starting task 0.0 in stage 73.0 (TID 162) (10.0.0.215, executor driver, partition 0, NODE_LOCAL, 4271 bytes) taskResourceAssignments Map()
2026-08-09 23:13:29,206 INFO scheduler.TaskSetManager: Starting task 1.0 in stage 73.0 (TID 163) (10.0.0.215, executor driver, partition 1, NODE_LOCAL, 4271 bytes) taskResourceAssignments Map()
2026-08-09 23:13:29,207 INFO executor.Executor: Running task 1.0 in stage 73.0 (TID 163)
2026-08-09 23:13:29,207 INFO executor.Executor: Running task 0.0 in stage 73.0 (TID 162)
2026-08-09 23:13:29,208 INFO storage.ShuffleBlockFetcherIterator: Getting 2 (702.0 B) non-empty blocks including 2 (702.0 B) local and 0 (0.0 B) host-local and 0 (0.0 B) push-merged-local and 0 (0.0 B) remote blocks
2026-08-09 23:13:29,208 INFO storage.ShuffleBlockFetcherIterator: Started 0 remote fetches in 0 ms
2026-08-09 23:13:29,208 INFO storage.ShuffleBlockFetcherIterator: Getting 2 (702.0 B) non-empty blocks including 2 (702.0 B) local and 0 (0.0 B) host-local and 0 (0.0 B) push-merged-local and 0 (0.0 B) remote blocks
2026-08-09 23:13:29,208 INFO storage.ShuffleBlockFetcherIterator: Started 0 remote fetches in 0 ms
2026-08-09 23:13:29,208 INFO memory.MemoryStore: Block rdd_125_0 stored as values in memory (estimated size 856.0 B, free 407.2 MiB)
2026-08-09 23:13:29,209 INFO storage.BlockManagerInfo: Added rdd_125_0 in memory on 10.0.0.215:64257 (size: 856.0 B, free: 408.3 MiB)
2026-08-09 23:13:29,209 INFO memory.MemoryStore: Block rdd_125_1 stored as values in memory (estimated size 944.0 B, free 407.2 MiB)
2026-08-09 23:13:29,209 INFO storage.BlockManagerInfo: Added rdd_125_1 in memory on 10.0.0.215:64257 (size: 944.0 B, free: 408.3 MiB)
2026-08-09 23:13:29,209 INFO executor.Executor: Finished task 0.0 in stage 73.0 (TID 162). 1489 bytes result sent to driver
2026-08-09 23:13:29,209 INFO executor.Executor: Finished task 1.0 in stage 73.0 (TID 163). 1532 bytes result sent to driver
2026-08-09 23:13:29,209 INFO scheduler.TaskSetManager: Finished task 0.0 in stage 73.0 (TID 162) in 3 ms on 10.0.0.215 (executor driver) (1/2)
2026-08-09 23:13:29,209 INFO scheduler.TaskSetManager: Finished task 1.0 in stage 73.0 (TID 163) in 3 ms on 10.0.0.215 (executor driver) (2/2)
2026-08-09 23:13:29,209 INFO scheduler.TaskSchedulerImpl: Removed TaskSet 73.0, whose tasks have all completed, from pool default
2026-08-09 23:13:29,209 INFO scheduler.DAGScheduler: ResultStage 73 (collect at AreaUnderCurve.scala:44) finished in 0.004 s
2026-08-09 23:13:29,210 INFO scheduler.DAGScheduler: Job 39 is finished. Cancelling potential speculative or zombie tasks for this job
2026-08-09 23:13:29,210 INFO scheduler.TaskSchedulerImpl: Killing all running tasks in stage 73: Stage finished
2026-08-09 23:13:29,210 INFO scheduler.DAGScheduler: Job 39 finished: collect at AreaUnderCurve.scala:44, took 0.005811 s
[prefix] numModels=5 -> accuracy=0.6634 auc=0.7146409587867292
[prefix] numModels=10 -> accuracy=0.6553 auc=0.722104937964072
[prefix] numModels=20 -> accuracy=0.6571 auc=0.7289835882847564
2026-08-09 23:13:29,212 INFO spark.SparkContext: Starting job: zipWithIndex at EnsembleTrainer.scala:31
2026-08-09 23:13:29,212 INFO scheduler.DAGScheduler: Got job 40 (zipWithIndex at EnsembleTrainer.scala:31) with 3 output partitions
2026-08-09 23:13:29,212 INFO scheduler.DAGScheduler: Final stage: ResultStage 74 (zipWithIndex at EnsembleTrainer.scala:31)
2026-08-09 23:13:29,212 INFO scheduler.DAGScheduler: Parents of final stage: List()
2026-08-09 23:13:29,212 INFO scheduler.DAGScheduler: Missing parents: List()
2026-08-09 23:13:29,213 INFO scheduler.DAGScheduler: Submitting ResultStage 74 (MapPartitionsRDD[8] at map at HiggsLoader.scala:15), which has no missing parents
2026-08-09 23:13:29,214 INFO memory.MemoryStore: Block broadcast_64 stored as values in memory (estimated size 37.5 KiB, free 407.2 MiB)
2026-08-09 23:13:29,214 INFO memory.MemoryStore: Block broadcast_64_piece0 stored as bytes in memory (estimated size 11.7 KiB, free 407.1 MiB)
2026-08-09 23:13:29,214 INFO storage.BlockManagerInfo: Added broadcast_64_piece0 in memory on 10.0.0.215:64257 (size: 11.7 KiB, free: 408.3 MiB)
2026-08-09 23:13:29,214 INFO spark.SparkContext: Created broadcast 64 from broadcast at DAGScheduler.scala:1513
2026-08-09 23:13:29,214 INFO scheduler.DAGScheduler: Submitting 3 missing tasks from ResultStage 74 (MapPartitionsRDD[8] at map at HiggsLoader.scala:15) (first 15 tasks are for partitions Vector(0, 1, 2))
2026-08-09 23:13:29,214 INFO scheduler.TaskSchedulerImpl: Adding task set 74.0 with 3 tasks resource profile 0
2026-08-09 23:13:29,214 INFO scheduler.FairSchedulableBuilder: Added task set TaskSet_74.0 tasks to pool default
2026-08-09 23:13:29,215 INFO scheduler.TaskSetManager: Starting task 0.0 in stage 74.0 (TID 164) (10.0.0.215, executor driver, partition 0, PROCESS_LOCAL, 5030 bytes) taskResourceAssignments Map()
2026-08-09 23:13:29,215 INFO scheduler.TaskSetManager: Starting task 1.0 in stage 74.0 (TID 165) (10.0.0.215, executor driver, partition 1, PROCESS_LOCAL, 5030 bytes) taskResourceAssignments Map()
2026-08-09 23:13:29,215 INFO scheduler.TaskSetManager: Starting task 2.0 in stage 74.0 (TID 166) (10.0.0.215, executor driver, partition 2, PROCESS_LOCAL, 5030 bytes) taskResourceAssignments Map()
2026-08-09 23:13:29,215 INFO executor.Executor: Running task 2.0 in stage 74.0 (TID 166)
2026-08-09 23:13:29,215 INFO executor.Executor: Running task 1.0 in stage 74.0 (TID 165)
2026-08-09 23:13:29,215 INFO executor.Executor: Running task 0.0 in stage 74.0 (TID 164)
2026-08-09 23:13:29,216 INFO storage.BlockManager: Found block rdd_8_2 locally
2026-08-09 23:13:29,216 INFO storage.BlockManager: Found block rdd_8_1 locally
2026-08-09 23:13:29,217 INFO storage.BlockManager: Found block rdd_8_0 locally
2026-08-09 23:13:29,217 INFO executor.Executor: Finished task 1.0 in stage 74.0 (TID 165). 1705 bytes result sent to driver
2026-08-09 23:13:29,217 INFO executor.Executor: Finished task 2.0 in stage 74.0 (TID 166). 1662 bytes result sent to driver
2026-08-09 23:13:29,217 INFO executor.Executor: Finished task 0.0 in stage 74.0 (TID 164). 1705 bytes result sent to driver
2026-08-09 23:13:29,217 INFO scheduler.TaskSetManager: Finished task 1.0 in stage 74.0 (TID 165) in 2 ms on 10.0.0.215 (executor driver) (1/3)
2026-08-09 23:13:29,218 INFO scheduler.TaskSetManager: Finished task 2.0 in stage 74.0 (TID 166) in 3 ms on 10.0.0.215 (executor driver) (2/3)
2026-08-09 23:13:29,218 INFO scheduler.TaskSetManager: Finished task 0.0 in stage 74.0 (TID 164) in 3 ms on 10.0.0.215 (executor driver) (3/3)
2026-08-09 23:13:29,218 INFO scheduler.TaskSchedulerImpl: Removed TaskSet 74.0, whose tasks have all completed, from pool default
2026-08-09 23:13:29,218 INFO scheduler.DAGScheduler: ResultStage 74 (zipWithIndex at EnsembleTrainer.scala:31) finished in 0.005 s
2026-08-09 23:13:29,218 INFO scheduler.DAGScheduler: Job 40 is finished. Cancelling potential speculative or zombie tasks for this job
2026-08-09 23:13:29,218 INFO scheduler.TaskSchedulerImpl: Killing all running tasks in stage 74: Stage finished
2026-08-09 23:13:29,218 INFO scheduler.DAGScheduler: Job 40 finished: zipWithIndex at EnsembleTrainer.scala:31, took 0.005885 s
2026-08-09 23:13:29,222 INFO spark.SparkContext: Starting job: collect at EnsembleTrainer.scala:45
2026-08-09 23:13:29,222 INFO scheduler.DAGScheduler: Registering RDD 131 (map at EnsembleTrainer.scala:31) as input to shuffle 16
2026-08-09 23:13:29,222 INFO scheduler.DAGScheduler: Got job 41 (collect at EnsembleTrainer.scala:45) with 20 output partitions
2026-08-09 23:13:29,222 INFO scheduler.DAGScheduler: Final stage: ResultStage 76 (collect at EnsembleTrainer.scala:45)
2026-08-09 23:13:29,222 INFO scheduler.DAGScheduler: Parents of final stage: List(ShuffleMapStage 75)
2026-08-09 23:13:29,222 INFO scheduler.DAGScheduler: Missing parents: List(ShuffleMapStage 75)
2026-08-09 23:13:29,223 INFO scheduler.DAGScheduler: Submitting ShuffleMapStage 75 (MapPartitionsRDD[131] at map at EnsembleTrainer.scala:31), which has no missing parents
2026-08-09 23:13:29,224 INFO memory.MemoryStore: Block broadcast_65 stored as values in memory (estimated size 38.5 KiB, free 407.1 MiB)
2026-08-09 23:13:29,224 INFO memory.MemoryStore: Block broadcast_65_piece0 stored as bytes in memory (estimated size 12.3 KiB, free 407.1 MiB)
2026-08-09 23:13:29,224 INFO storage.BlockManagerInfo: Added broadcast_65_piece0 in memory on 10.0.0.215:64257 (size: 12.3 KiB, free: 408.3 MiB)
2026-08-09 23:13:29,225 INFO spark.SparkContext: Created broadcast 65 from broadcast at DAGScheduler.scala:1513
2026-08-09 23:13:29,225 INFO scheduler.DAGScheduler: Submitting 4 missing tasks from ShuffleMapStage 75 (MapPartitionsRDD[131] at map at EnsembleTrainer.scala:31) (first 15 tasks are for partitions Vector(0, 1, 2, 3))
2026-08-09 23:13:29,225 INFO scheduler.TaskSchedulerImpl: Adding task set 75.0 with 4 tasks resource profile 0
2026-08-09 23:13:29,225 INFO scheduler.FairSchedulableBuilder: Added task set TaskSet_75.0 tasks to pool default
2026-08-09 23:13:29,225 INFO scheduler.TaskSetManager: Starting task 0.0 in stage 75.0 (TID 167) (10.0.0.215, executor driver, partition 0, PROCESS_LOCAL, 5129 bytes) taskResourceAssignments Map()
2026-08-09 23:13:29,225 INFO scheduler.TaskSetManager: Starting task 1.0 in stage 75.0 (TID 168) (10.0.0.215, executor driver, partition 1, PROCESS_LOCAL, 5129 bytes) taskResourceAssignments Map()
2026-08-09 23:13:29,225 INFO scheduler.TaskSetManager: Starting task 2.0 in stage 75.0 (TID 169) (10.0.0.215, executor driver, partition 2, PROCESS_LOCAL, 5129 bytes) taskResourceAssignments Map()
2026-08-09 23:13:29,225 INFO scheduler.TaskSetManager: Starting task 3.0 in stage 75.0 (TID 170) (10.0.0.215, executor driver, partition 3, PROCESS_LOCAL, 5129 bytes) taskResourceAssignments Map()
2026-08-09 23:13:29,225 INFO executor.Executor: Running task 0.0 in stage 75.0 (TID 167)
2026-08-09 23:13:29,225 INFO executor.Executor: Running task 3.0 in stage 75.0 (TID 170)
2026-08-09 23:13:29,225 INFO executor.Executor: Running task 1.0 in stage 75.0 (TID 168)
2026-08-09 23:13:29,225 INFO executor.Executor: Running task 2.0 in stage 75.0 (TID 169)
2026-08-09 23:13:29,227 INFO storage.BlockManager: Found block rdd_8_2 locally
2026-08-09 23:13:29,227 INFO storage.BlockManager: Found block rdd_8_1 locally
2026-08-09 23:13:29,227 INFO storage.BlockManager: Found block rdd_8_0 locally
2026-08-09 23:13:29,228 INFO storage.BlockManager: Found block rdd_8_3 locally
2026-08-09 23:13:29,256 INFO executor.Executor: Finished task 3.0 in stage 75.0 (TID 170). 1922 bytes result sent to driver
2026-08-09 23:13:29,257 INFO scheduler.TaskSetManager: Finished task 3.0 in stage 75.0 (TID 170) in 32 ms on 10.0.0.215 (executor driver) (1/4)
2026-08-09 23:13:29,280 INFO executor.Executor: Finished task 1.0 in stage 75.0 (TID 168). 1922 bytes result sent to driver
2026-08-09 23:13:29,280 INFO executor.Executor: Finished task 0.0 in stage 75.0 (TID 167). 1922 bytes result sent to driver
2026-08-09 23:13:29,280 INFO scheduler.TaskSetManager: Finished task 0.0 in stage 75.0 (TID 167) in 55 ms on 10.0.0.215 (executor driver) (2/4)
2026-08-09 23:13:29,281 INFO scheduler.TaskSetManager: Finished task 1.0 in stage 75.0 (TID 168) in 56 ms on 10.0.0.215 (executor driver) (3/4)
2026-08-09 23:13:29,283 INFO executor.Executor: Finished task 2.0 in stage 75.0 (TID 169). 1922 bytes result sent to driver
2026-08-09 23:13:29,284 INFO scheduler.TaskSetManager: Finished task 2.0 in stage 75.0 (TID 169) in 59 ms on 10.0.0.215 (executor driver) (4/4)
2026-08-09 23:13:29,284 INFO scheduler.TaskSchedulerImpl: Removed TaskSet 75.0, whose tasks have all completed, from pool default
2026-08-09 23:13:29,284 INFO scheduler.DAGScheduler: ShuffleMapStage 75 (map at EnsembleTrainer.scala:31) finished in 0.061 s
2026-08-09 23:13:29,284 INFO scheduler.DAGScheduler: looking for newly runnable stages
2026-08-09 23:13:29,284 INFO scheduler.DAGScheduler: running: Set()
2026-08-09 23:13:29,284 INFO scheduler.DAGScheduler: waiting: Set(ResultStage 76)
2026-08-09 23:13:29,284 INFO scheduler.DAGScheduler: failed: Set()
2026-08-09 23:13:29,284 INFO scheduler.DAGScheduler: Submitting ResultStage 76 (MapPartitionsRDD[133] at mapPartitions at EnsembleTrainer.scala:37), which has no missing parents
2026-08-09 23:13:29,285 INFO memory.MemoryStore: Block broadcast_66 stored as values in memory (estimated size 5.4 KiB, free 407.1 MiB)
2026-08-09 23:13:29,288 INFO memory.MemoryStore: Block broadcast_66_piece0 stored as bytes in memory (estimated size 3.0 KiB, free 407.1 MiB)
2026-08-09 23:13:29,290 INFO storage.BlockManagerInfo: Added broadcast_66_piece0 in memory on 10.0.0.215:64257 (size: 3.0 KiB, free: 408.3 MiB)
2026-08-09 23:13:29,290 INFO storage.BlockManagerInfo: Removed broadcast_62_piece0 on 10.0.0.215:64257 in memory (size: 3.4 KiB, free: 408.3 MiB)
2026-08-09 23:13:29,290 INFO spark.SparkContext: Created broadcast 66 from broadcast at DAGScheduler.scala:1513
2026-08-09 23:13:29,290 INFO scheduler.DAGScheduler: Submitting 20 missing tasks from ResultStage 76 (MapPartitionsRDD[133] at mapPartitions at EnsembleTrainer.scala:37) (first 15 tasks are for partitions Vector(0, 1, 2, 3, 4, 5, 6, 7, 8, 9, 10, 11, 12, 13, 14))
2026-08-09 23:13:29,291 INFO scheduler.TaskSchedulerImpl: Adding task set 76.0 with 20 tasks resource profile 0
2026-08-09 23:13:29,291 INFO scheduler.FairSchedulableBuilder: Added task set TaskSet_76.0 tasks to pool default
2026-08-09 23:13:29,292 INFO scheduler.TaskSetManager: Starting task 0.0 in stage 76.0 (TID 171) (10.0.0.215, executor driver, partition 0, NODE_LOCAL, 4271 bytes) taskResourceAssignments Map()
2026-08-09 23:13:29,292 INFO scheduler.TaskSetManager: Starting task 1.0 in stage 76.0 (TID 172) (10.0.0.215, executor driver, partition 1, NODE_LOCAL, 4271 bytes) taskResourceAssignments Map()
2026-08-09 23:13:29,292 INFO scheduler.TaskSetManager: Starting task 2.0 in stage 76.0 (TID 173) (10.0.0.215, executor driver, partition 2, NODE_LOCAL, 4271 bytes) taskResourceAssignments Map()
2026-08-09 23:13:29,292 INFO scheduler.TaskSetManager: Starting task 3.0 in stage 76.0 (TID 174) (10.0.0.215, executor driver, partition 3, NODE_LOCAL, 4271 bytes) taskResourceAssignments Map()
2026-08-09 23:13:29,292 INFO executor.Executor: Running task 0.0 in stage 76.0 (TID 171)
2026-08-09 23:13:29,293 INFO executor.Executor: Running task 1.0 in stage 76.0 (TID 172)
2026-08-09 23:13:29,294 INFO executor.Executor: Running task 2.0 in stage 76.0 (TID 173)
2026-08-09 23:13:29,295 INFO storage.ShuffleBlockFetcherIterator: Getting 4 (795.0 KiB) non-empty blocks including 4 (795.0 KiB) local and 0 (0.0 B) host-local and 0 (0.0 B) push-merged-local and 0 (0.0 B) remote blocks
2026-08-09 23:13:29,296 INFO storage.ShuffleBlockFetcherIterator: Started 0 remote fetches in 0 ms
2026-08-09 23:13:29,296 INFO storage.ShuffleBlockFetcherIterator: Getting 4 (795.0 KiB) non-empty blocks including 4 (795.0 KiB) local and 0 (0.0 B) host-local and 0 (0.0 B) push-merged-local and 0 (0.0 B) remote blocks
2026-08-09 23:13:29,296 INFO storage.ShuffleBlockFetcherIterator: Started 0 remote fetches in 0 ms
2026-08-09 23:13:29,297 INFO storage.ShuffleBlockFetcherIterator: Getting 4 (795.0 KiB) non-empty blocks including 4 (795.0 KiB) local and 0 (0.0 B) host-local and 0 (0.0 B) push-merged-local and 0 (0.0 B) remote blocks
2026-08-09 23:13:29,297 INFO storage.ShuffleBlockFetcherIterator: Started 0 remote fetches in 0 ms
2026-08-09 23:13:29,298 INFO executor.Executor: Running task 3.0 in stage 76.0 (TID 174)
2026-08-09 23:13:29,300 INFO storage.ShuffleBlockFetcherIterator: Getting 4 (795.0 KiB) non-empty blocks including 4 (795.0 KiB) local and 0 (0.0 B) host-local and 0 (0.0 B) push-merged-local and 0 (0.0 B) remote blocks
2026-08-09 23:13:29,301 INFO storage.ShuffleBlockFetcherIterator: Started 0 remote fetches in 0 ms
2026-08-09 23:13:29,303 INFO storage.BlockManagerInfo: Removed broadcast_58_piece0 on 10.0.0.215:64257 in memory (size: 12.1 KiB, free: 408.3 MiB)
2026-08-09 23:13:29,315 INFO storage.BlockManagerInfo: Removed broadcast_61_piece0 on 10.0.0.215:64257 in memory (size: 2.9 KiB, free: 408.3 MiB)
2026-08-09 23:13:29,316 INFO storage.BlockManagerInfo: Removed broadcast_59_piece0 on 10.0.0.215:64257 in memory (size: 12.7 KiB, free: 408.3 MiB)
2026-08-09 23:13:29,323 INFO storage.BlockManagerInfo: Removed broadcast_56_piece0 on 10.0.0.215:64257 in memory (size: 100.9 KiB, free: 408.4 MiB)
2026-08-09 23:13:29,325 INFO storage.BlockManager: Removing RDD 115
2026-08-09 23:13:29,327 INFO storage.BlockManagerInfo: Removed broadcast_60_piece0 on 10.0.0.215:64257 in memory (size: 3.4 KiB, free: 408.7 MiB)
2026-08-09 23:13:29,328 INFO storage.BlockManagerInfo: Removed broadcast_63_piece0 on 10.0.0.215:64257 in memory (size: 3.8 KiB, free: 408.7 MiB)
2026-08-09 23:13:29,329 INFO storage.BlockManagerInfo: Removed broadcast_57_piece0 on 10.0.0.215:64257 in memory (size: 12.0 KiB, free: 408.8 MiB)
2026-08-09 23:13:29,330 INFO storage.BlockManager: Removing RDD 125
2026-08-09 23:13:29,332 INFO storage.BlockManagerInfo: Removed broadcast_64_piece0 on 10.0.0.215:64257 in memory (size: 11.7 KiB, free: 408.8 MiB)
2026-08-09 23:13:29,350 INFO executor.Executor: Finished task 1.0 in stage 76.0 (TID 172). 12284 bytes result sent to driver
2026-08-09 23:13:29,350 INFO executor.Executor: Finished task 2.0 in stage 76.0 (TID 173). 12101 bytes result sent to driver
2026-08-09 23:13:29,350 INFO scheduler.TaskSetManager: Starting task 4.0 in stage 76.0 (TID 175) (10.0.0.215, executor driver, partition 4, NODE_LOCAL, 4271 bytes) taskResourceAssignments Map()
2026-08-09 23:13:29,350 INFO scheduler.TaskSetManager: Starting task 5.0 in stage 76.0 (TID 176) (10.0.0.215, executor driver, partition 5, NODE_LOCAL, 4271 bytes) taskResourceAssignments Map()
2026-08-09 23:13:29,350 INFO executor.Executor: Running task 5.0 in stage 76.0 (TID 176)
2026-08-09 23:13:29,351 INFO executor.Executor: Running task 4.0 in stage 76.0 (TID 175)
2026-08-09 23:13:29,351 INFO scheduler.TaskSetManager: Finished task 1.0 in stage 76.0 (TID 172) in 59 ms on 10.0.0.215 (executor driver) (1/20)
2026-08-09 23:13:29,351 INFO scheduler.TaskSetManager: Finished task 2.0 in stage 76.0 (TID 173) in 59 ms on 10.0.0.215 (executor driver) (2/20)
2026-08-09 23:13:29,352 INFO storage.ShuffleBlockFetcherIterator: Getting 4 (795.0 KiB) non-empty blocks including 4 (795.0 KiB) local and 0 (0.0 B) host-local and 0 (0.0 B) push-merged-local and 0 (0.0 B) remote blocks
2026-08-09 23:13:29,352 INFO storage.ShuffleBlockFetcherIterator: Started 0 remote fetches in 0 ms
2026-08-09 23:13:29,352 INFO storage.ShuffleBlockFetcherIterator: Getting 4 (795.0 KiB) non-empty blocks including 4 (795.0 KiB) local and 0 (0.0 B) host-local and 0 (0.0 B) push-merged-local and 0 (0.0 B) remote blocks
2026-08-09 23:13:29,352 INFO storage.ShuffleBlockFetcherIterator: Started 0 remote fetches in 0 ms
2026-08-09 23:13:29,360 INFO executor.Executor: Finished task 3.0 in stage 76.0 (TID 174). 12144 bytes result sent to driver
2026-08-09 23:13:29,362 INFO scheduler.TaskSetManager: Starting task 6.0 in stage 76.0 (TID 177) (10.0.0.215, executor driver, partition 6, NODE_LOCAL, 4271 bytes) taskResourceAssignments Map()
2026-08-09 23:13:29,362 INFO executor.Executor: Running task 6.0 in stage 76.0 (TID 177)
2026-08-09 23:13:29,363 INFO scheduler.TaskSetManager: Finished task 3.0 in stage 76.0 (TID 174) in 71 ms on 10.0.0.215 (executor driver) (3/20)
2026-08-09 23:13:29,364 INFO storage.ShuffleBlockFetcherIterator: Getting 4 (795.0 KiB) non-empty blocks including 4 (795.0 KiB) local and 0 (0.0 B) host-local and 0 (0.0 B) push-merged-local and 0 (0.0 B) remote blocks
2026-08-09 23:13:29,364 INFO storage.ShuffleBlockFetcherIterator: Started 0 remote fetches in 0 ms
2026-08-09 23:13:29,366 INFO executor.Executor: Finished task 0.0 in stage 76.0 (TID 171). 12074 bytes result sent to driver
2026-08-09 23:13:29,367 INFO scheduler.TaskSetManager: Starting task 7.0 in stage 76.0 (TID 178) (10.0.0.215, executor driver, partition 7, NODE_LOCAL, 4271 bytes) taskResourceAssignments Map()
2026-08-09 23:13:29,368 INFO scheduler.TaskSetManager: Finished task 0.0 in stage 76.0 (TID 171) in 77 ms on 10.0.0.215 (executor driver) (4/20)
2026-08-09 23:13:29,368 INFO executor.Executor: Running task 7.0 in stage 76.0 (TID 178)
2026-08-09 23:13:29,370 INFO storage.ShuffleBlockFetcherIterator: Getting 4 (795.0 KiB) non-empty blocks including 4 (795.0 KiB) local and 0 (0.0 B) host-local and 0 (0.0 B) push-merged-local and 0 (0.0 B) remote blocks
2026-08-09 23:13:29,370 INFO storage.ShuffleBlockFetcherIterator: Started 0 remote fetches in 0 ms
2026-08-09 23:13:29,390 INFO executor.Executor: Finished task 5.0 in stage 76.0 (TID 176). 11821 bytes result sent to driver
2026-08-09 23:13:29,390 INFO executor.Executor: Finished task 4.0 in stage 76.0 (TID 175). 11961 bytes result sent to driver
2026-08-09 23:13:29,391 INFO scheduler.TaskSetManager: Starting task 8.0 in stage 76.0 (TID 179) (10.0.0.215, executor driver, partition 8, NODE_LOCAL, 4271 bytes) taskResourceAssignments Map()
2026-08-09 23:13:29,391 INFO scheduler.TaskSetManager: Starting task 9.0 in stage 76.0 (TID 180) (10.0.0.215, executor driver, partition 9, NODE_LOCAL, 4271 bytes) taskResourceAssignments Map()
2026-08-09 23:13:29,391 INFO scheduler.TaskSetManager: Finished task 4.0 in stage 76.0 (TID 175) in 41 ms on 10.0.0.215 (executor driver) (5/20)
2026-08-09 23:13:29,391 INFO scheduler.TaskSetManager: Finished task 5.0 in stage 76.0 (TID 176) in 41 ms on 10.0.0.215 (executor driver) (6/20)
2026-08-09 23:13:29,391 INFO executor.Executor: Running task 8.0 in stage 76.0 (TID 179)
2026-08-09 23:13:29,391 INFO executor.Executor: Running task 9.0 in stage 76.0 (TID 180)
2026-08-09 23:13:29,393 INFO storage.ShuffleBlockFetcherIterator: Getting 4 (795.0 KiB) non-empty blocks including 4 (795.0 KiB) local and 0 (0.0 B) host-local and 0 (0.0 B) push-merged-local and 0 (0.0 B) remote blocks
2026-08-09 23:13:29,393 INFO storage.ShuffleBlockFetcherIterator: Started 0 remote fetches in 0 ms
2026-08-09 23:13:29,393 INFO storage.ShuffleBlockFetcherIterator: Getting 4 (795.0 KiB) non-empty blocks including 4 (795.0 KiB) local and 0 (0.0 B) host-local and 0 (0.0 B) push-merged-local and 0 (0.0 B) remote blocks
2026-08-09 23:13:29,393 INFO storage.ShuffleBlockFetcherIterator: Started 0 remote fetches in 0 ms
2026-08-09 23:13:29,401 INFO executor.Executor: Finished task 6.0 in stage 76.0 (TID 177). 11864 bytes result sent to driver
2026-08-09 23:13:29,402 INFO scheduler.TaskSetManager: Starting task 10.0 in stage 76.0 (TID 181) (10.0.0.215, executor driver, partition 10, NODE_LOCAL, 4271 bytes) taskResourceAssignments Map()
2026-08-09 23:13:29,403 INFO executor.Executor: Running task 10.0 in stage 76.0 (TID 181)
2026-08-09 23:13:29,403 INFO scheduler.TaskSetManager: Finished task 6.0 in stage 76.0 (TID 177) in 42 ms on 10.0.0.215 (executor driver) (7/20)
2026-08-09 23:13:29,404 INFO storage.ShuffleBlockFetcherIterator: Getting 4 (795.0 KiB) non-empty blocks including 4 (795.0 KiB) local and 0 (0.0 B) host-local and 0 (0.0 B) push-merged-local and 0 (0.0 B) remote blocks
2026-08-09 23:13:29,404 INFO storage.ShuffleBlockFetcherIterator: Started 0 remote fetches in 0 ms
2026-08-09 23:13:29,416 INFO executor.Executor: Finished task 7.0 in stage 76.0 (TID 178). 12004 bytes result sent to driver
2026-08-09 23:13:29,417 INFO scheduler.TaskSetManager: Starting task 11.0 in stage 76.0 (TID 182) (10.0.0.215, executor driver, partition 11, NODE_LOCAL, 4271 bytes) taskResourceAssignments Map()
2026-08-09 23:13:29,417 INFO executor.Executor: Running task 11.0 in stage 76.0 (TID 182)
2026-08-09 23:13:29,417 INFO scheduler.TaskSetManager: Finished task 7.0 in stage 76.0 (TID 178) in 50 ms on 10.0.0.215 (executor driver) (8/20)
2026-08-09 23:13:29,418 INFO storage.ShuffleBlockFetcherIterator: Getting 4 (795.0 KiB) non-empty blocks including 4 (795.0 KiB) local and 0 (0.0 B) host-local and 0 (0.0 B) push-merged-local and 0 (0.0 B) remote blocks
2026-08-09 23:13:29,418 INFO storage.ShuffleBlockFetcherIterator: Started 0 remote fetches in 0 ms
2026-08-09 23:13:29,424 INFO executor.Executor: Finished task 8.0 in stage 76.0 (TID 179). 12004 bytes result sent to driver
2026-08-09 23:13:29,427 INFO scheduler.TaskSetManager: Starting task 12.0 in stage 76.0 (TID 183) (10.0.0.215, executor driver, partition 12, NODE_LOCAL, 4271 bytes) taskResourceAssignments Map()
2026-08-09 23:13:29,428 INFO executor.Executor: Running task 12.0 in stage 76.0 (TID 183)
2026-08-09 23:13:29,428 INFO scheduler.TaskSetManager: Finished task 8.0 in stage 76.0 (TID 179) in 38 ms on 10.0.0.215 (executor driver) (9/20)
2026-08-09 23:13:29,429 INFO storage.ShuffleBlockFetcherIterator: Getting 4 (795.0 KiB) non-empty blocks including 4 (795.0 KiB) local and 0 (0.0 B) host-local and 0 (0.0 B) push-merged-local and 0 (0.0 B) remote blocks
2026-08-09 23:13:29,429 INFO storage.ShuffleBlockFetcherIterator: Started 0 remote fetches in 0 ms
2026-08-09 23:13:29,429 INFO storage.BlockManagerInfo: Removed broadcast_65_piece0 on 10.0.0.215:64257 in memory (size: 12.3 KiB, free: 408.8 MiB)
2026-08-09 23:13:29,430 INFO executor.Executor: Finished task 9.0 in stage 76.0 (TID 180). 11934 bytes result sent to driver
2026-08-09 23:13:29,430 INFO scheduler.TaskSetManager: Starting task 13.0 in stage 76.0 (TID 184) (10.0.0.215, executor driver, partition 13, NODE_LOCAL, 4271 bytes) taskResourceAssignments Map()
2026-08-09 23:13:29,430 INFO executor.Executor: Running task 13.0 in stage 76.0 (TID 184)
2026-08-09 23:13:29,430 INFO scheduler.TaskSetManager: Finished task 9.0 in stage 76.0 (TID 180) in 39 ms on 10.0.0.215 (executor driver) (10/20)
2026-08-09 23:13:29,431 INFO storage.ShuffleBlockFetcherIterator: Getting 4 (795.0 KiB) non-empty blocks including 4 (795.0 KiB) local and 0 (0.0 B) host-local and 0 (0.0 B) push-merged-local and 0 (0.0 B) remote blocks
2026-08-09 23:13:29,431 INFO storage.ShuffleBlockFetcherIterator: Started 0 remote fetches in 0 ms
2026-08-09 23:13:29,439 INFO executor.Executor: Finished task 10.0 in stage 76.0 (TID 181). 12214 bytes result sent to driver
2026-08-09 23:13:29,440 INFO scheduler.TaskSetManager: Starting task 14.0 in stage 76.0 (TID 185) (10.0.0.215, executor driver, partition 14, NODE_LOCAL, 4271 bytes) taskResourceAssignments Map()
2026-08-09 23:13:29,440 INFO executor.Executor: Running task 14.0 in stage 76.0 (TID 185)
2026-08-09 23:13:29,440 INFO scheduler.TaskSetManager: Finished task 10.0 in stage 76.0 (TID 181) in 38 ms on 10.0.0.215 (executor driver) (11/20)
2026-08-09 23:13:29,441 INFO storage.ShuffleBlockFetcherIterator: Getting 4 (795.0 KiB) non-empty blocks including 4 (795.0 KiB) local and 0 (0.0 B) host-local and 0 (0.0 B) push-merged-local and 0 (0.0 B) remote blocks
2026-08-09 23:13:29,441 INFO storage.ShuffleBlockFetcherIterator: Started 0 remote fetches in 0 ms
2026-08-09 23:13:29,460 INFO executor.Executor: Finished task 11.0 in stage 76.0 (TID 182). 11724 bytes result sent to driver
2026-08-09 23:13:29,460 INFO executor.Executor: Finished task 12.0 in stage 76.0 (TID 183). 12004 bytes result sent to driver
2026-08-09 23:13:29,460 INFO scheduler.TaskSetManager: Starting task 15.0 in stage 76.0 (TID 186) (10.0.0.215, executor driver, partition 15, NODE_LOCAL, 4271 bytes) taskResourceAssignments Map()
2026-08-09 23:13:29,460 INFO executor.Executor: Running task 15.0 in stage 76.0 (TID 186)
2026-08-09 23:13:29,460 INFO scheduler.TaskSetManager: Starting task 16.0 in stage 76.0 (TID 187) (10.0.0.215, executor driver, partition 16, NODE_LOCAL, 4271 bytes) taskResourceAssignments Map()
2026-08-09 23:13:29,460 INFO scheduler.TaskSetManager: Finished task 11.0 in stage 76.0 (TID 182) in 43 ms on 10.0.0.215 (executor driver) (12/20)
2026-08-09 23:13:29,461 INFO executor.Executor: Running task 16.0 in stage 76.0 (TID 187)
2026-08-09 23:13:29,461 INFO scheduler.TaskSetManager: Finished task 12.0 in stage 76.0 (TID 183) in 37 ms on 10.0.0.215 (executor driver) (13/20)
2026-08-09 23:13:29,461 INFO storage.ShuffleBlockFetcherIterator: Getting 4 (795.0 KiB) non-empty blocks including 4 (795.0 KiB) local and 0 (0.0 B) host-local and 0 (0.0 B) push-merged-local and 0 (0.0 B) remote blocks
2026-08-09 23:13:29,461 INFO storage.ShuffleBlockFetcherIterator: Started 0 remote fetches in 0 ms
2026-08-09 23:13:29,461 INFO storage.ShuffleBlockFetcherIterator: Getting 4 (795.0 KiB) non-empty blocks including 4 (795.0 KiB) local and 0 (0.0 B) host-local and 0 (0.0 B) push-merged-local and 0 (0.0 B) remote blocks
2026-08-09 23:13:29,461 INFO storage.ShuffleBlockFetcherIterator: Started 0 remote fetches in 0 ms
2026-08-09 23:13:29,466 INFO executor.Executor: Finished task 13.0 in stage 76.0 (TID 184). 12284 bytes result sent to driver
2026-08-09 23:13:29,466 INFO scheduler.TaskSetManager: Starting task 17.0 in stage 76.0 (TID 188) (10.0.0.215, executor driver, partition 17, NODE_LOCAL, 4271 bytes) taskResourceAssignments Map()
2026-08-09 23:13:29,467 INFO executor.Executor: Running task 17.0 in stage 76.0 (TID 188)
2026-08-09 23:13:29,467 INFO scheduler.TaskSetManager: Finished task 13.0 in stage 76.0 (TID 184) in 37 ms on 10.0.0.215 (executor driver) (14/20)
2026-08-09 23:13:29,468 INFO storage.ShuffleBlockFetcherIterator: Getting 4 (795.0 KiB) non-empty blocks including 4 (795.0 KiB) local and 0 (0.0 B) host-local and 0 (0.0 B) push-merged-local and 0 (0.0 B) remote blocks
2026-08-09 23:13:29,469 INFO storage.ShuffleBlockFetcherIterator: Started 0 remote fetches in 0 ms
2026-08-09 23:13:29,473 INFO executor.Executor: Finished task 14.0 in stage 76.0 (TID 185). 12031 bytes result sent to driver
2026-08-09 23:13:29,473 INFO scheduler.TaskSetManager: Starting task 18.0 in stage 76.0 (TID 189) (10.0.0.215, executor driver, partition 18, NODE_LOCAL, 4271 bytes) taskResourceAssignments Map()
2026-08-09 23:13:29,473 INFO executor.Executor: Running task 18.0 in stage 76.0 (TID 189)
2026-08-09 23:13:29,473 INFO scheduler.TaskSetManager: Finished task 14.0 in stage 76.0 (TID 185) in 33 ms on 10.0.0.215 (executor driver) (15/20)
2026-08-09 23:13:29,475 INFO storage.ShuffleBlockFetcherIterator: Getting 4 (795.0 KiB) non-empty blocks including 4 (795.0 KiB) local and 0 (0.0 B) host-local and 0 (0.0 B) push-merged-local and 0 (0.0 B) remote blocks
2026-08-09 23:13:29,475 INFO storage.ShuffleBlockFetcherIterator: Started 0 remote fetches in 0 ms
2026-08-09 23:13:29,492 INFO executor.Executor: Finished task 15.0 in stage 76.0 (TID 186). 12171 bytes result sent to driver
2026-08-09 23:13:29,493 INFO scheduler.TaskSetManager: Starting task 19.0 in stage 76.0 (TID 190) (10.0.0.215, executor driver, partition 19, NODE_LOCAL, 4271 bytes) taskResourceAssignments Map()
2026-08-09 23:13:29,493 INFO executor.Executor: Running task 19.0 in stage 76.0 (TID 190)
2026-08-09 23:13:29,493 INFO scheduler.TaskSetManager: Finished task 15.0 in stage 76.0 (TID 186) in 33 ms on 10.0.0.215 (executor driver) (16/20)
2026-08-09 23:13:29,495 INFO executor.Executor: Finished task 16.0 in stage 76.0 (TID 187). 11751 bytes result sent to driver
2026-08-09 23:13:29,495 INFO storage.ShuffleBlockFetcherIterator: Getting 4 (795.0 KiB) non-empty blocks including 4 (795.0 KiB) local and 0 (0.0 B) host-local and 0 (0.0 B) push-merged-local and 0 (0.0 B) remote blocks
2026-08-09 23:13:29,495 INFO storage.ShuffleBlockFetcherIterator: Started 0 remote fetches in 0 ms
2026-08-09 23:13:29,495 INFO scheduler.TaskSetManager: Finished task 16.0 in stage 76.0 (TID 187) in 35 ms on 10.0.0.215 (executor driver) (17/20)
2026-08-09 23:13:29,498 INFO executor.Executor: Finished task 17.0 in stage 76.0 (TID 188). 11961 bytes result sent to driver
2026-08-09 23:13:29,498 INFO scheduler.TaskSetManager: Finished task 17.0 in stage 76.0 (TID 188) in 32 ms on 10.0.0.215 (executor driver) (18/20)
2026-08-09 23:13:29,503 INFO executor.Executor: Finished task 18.0 in stage 76.0 (TID 189). 12214 bytes result sent to driver
2026-08-09 23:13:29,504 INFO scheduler.TaskSetManager: Finished task 18.0 in stage 76.0 (TID 189) in 31 ms on 10.0.0.215 (executor driver) (19/20)
2026-08-09 23:13:29,518 INFO executor.Executor: Finished task 19.0 in stage 76.0 (TID 190). 12284 bytes result sent to driver
2026-08-09 23:13:29,518 INFO scheduler.TaskSetManager: Finished task 19.0 in stage 76.0 (TID 190) in 26 ms on 10.0.0.215 (executor driver) (20/20)
2026-08-09 23:13:29,519 INFO scheduler.TaskSchedulerImpl: Removed TaskSet 76.0, whose tasks have all completed, from pool default
2026-08-09 23:13:29,519 INFO scheduler.DAGScheduler: ResultStage 76 (collect at EnsembleTrainer.scala:45) finished in 0.234 s
2026-08-09 23:13:29,519 INFO scheduler.DAGScheduler: Job 41 is finished. Cancelling potential speculative or zombie tasks for this job
2026-08-09 23:13:29,519 INFO scheduler.TaskSchedulerImpl: Killing all running tasks in stage 76: Stage finished
2026-08-09 23:13:29,519 INFO scheduler.DAGScheduler: Job 41 finished: collect at EnsembleTrainer.scala:45, took 0.296998 s
2026-08-09 23:13:29,522 INFO memory.MemoryStore: Block broadcast_67 stored as values in memory (estimated size 335.6 KiB, free 407.9 MiB)
2026-08-09 23:13:29,524 INFO memory.MemoryStore: Block broadcast_67_piece0 stored as bytes in memory (estimated size 100.9 KiB, free 407.8 MiB)
2026-08-09 23:13:29,524 INFO storage.BlockManagerInfo: Added broadcast_67_piece0 in memory on 10.0.0.215:64257 (size: 100.9 KiB, free: 408.7 MiB)
2026-08-09 23:13:29,524 INFO spark.SparkContext: Created broadcast 67 from broadcast at EnsemblePredictor.scala:28
2026-08-09 23:13:29,527 INFO spark.SparkContext: Starting job: count at Metrics.scala:12
2026-08-09 23:13:29,528 INFO scheduler.DAGScheduler: Got job 42 (count at Metrics.scala:12) with 2 output partitions
2026-08-09 23:13:29,528 INFO scheduler.DAGScheduler: Final stage: ResultStage 77 (count at Metrics.scala:12)
2026-08-09 23:13:29,528 INFO scheduler.DAGScheduler: Parents of final stage: List()
2026-08-09 23:13:29,528 INFO scheduler.DAGScheduler: Missing parents: List()
2026-08-09 23:13:29,528 INFO scheduler.DAGScheduler: Submitting ResultStage 77 (MapPartitionsRDD[135] at map at EnsembleExperiment.scala:28), which has no missing parents
2026-08-09 23:13:29,529 INFO memory.MemoryStore: Block broadcast_68 stored as values in memory (estimated size 38.2 KiB, free 407.7 MiB)
2026-08-09 23:13:29,529 INFO memory.MemoryStore: Block broadcast_68_piece0 stored as bytes in memory (estimated size 12.0 KiB, free 407.7 MiB)
2026-08-09 23:13:29,529 INFO storage.BlockManagerInfo: Added broadcast_68_piece0 in memory on 10.0.0.215:64257 (size: 12.0 KiB, free: 408.7 MiB)
2026-08-09 23:13:29,529 INFO spark.SparkContext: Created broadcast 68 from broadcast at DAGScheduler.scala:1513
2026-08-09 23:13:29,529 INFO scheduler.DAGScheduler: Submitting 2 missing tasks from ResultStage 77 (MapPartitionsRDD[135] at map at EnsembleExperiment.scala:28) (first 15 tasks are for partitions Vector(0, 1))
2026-08-09 23:13:29,529 INFO scheduler.TaskSchedulerImpl: Adding task set 77.0 with 2 tasks resource profile 0
2026-08-09 23:13:29,529 INFO scheduler.FairSchedulableBuilder: Added task set TaskSet_77.0 tasks to pool default
2026-08-09 23:13:29,530 INFO scheduler.TaskSetManager: Starting task 0.0 in stage 77.0 (TID 191) (10.0.0.215, executor driver, partition 0, PROCESS_LOCAL, 5029 bytes) taskResourceAssignments Map()
2026-08-09 23:13:29,530 INFO scheduler.TaskSetManager: Starting task 1.0 in stage 77.0 (TID 192) (10.0.0.215, executor driver, partition 1, PROCESS_LOCAL, 5029 bytes) taskResourceAssignments Map()
2026-08-09 23:13:29,530 INFO executor.Executor: Running task 0.0 in stage 77.0 (TID 191)
2026-08-09 23:13:29,530 INFO executor.Executor: Running task 1.0 in stage 77.0 (TID 192)
2026-08-09 23:13:29,531 INFO storage.BlockManager: Found block rdd_17_1 locally
2026-08-09 23:13:29,531 INFO storage.BlockManager: Found block rdd_17_0 locally
2026-08-09 23:13:29,531 INFO memory.MemoryStore: Block rdd_135_1 stored as values in memory (estimated size 16.0 B, free 407.7 MiB)
2026-08-09 23:13:29,531 INFO storage.BlockManagerInfo: Added rdd_135_1 in memory on 10.0.0.215:64257 (size: 16.0 B, free: 408.7 MiB)
2026-08-09 23:13:29,532 INFO executor.Executor: Finished task 1.0 in stage 77.0 (TID 192). 1662 bytes result sent to driver
2026-08-09 23:13:29,532 INFO scheduler.TaskSetManager: Finished task 1.0 in stage 77.0 (TID 192) in 2 ms on 10.0.0.215 (executor driver) (1/2)
2026-08-09 23:13:29,598 INFO memory.MemoryStore: Block rdd_135_0 stored as values in memory (estimated size 351.6 KiB, free 407.4 MiB)
2026-08-09 23:13:29,598 INFO storage.BlockManagerInfo: Added rdd_135_0 in memory on 10.0.0.215:64257 (size: 351.6 KiB, free: 408.3 MiB)
2026-08-09 23:13:29,599 INFO executor.Executor: Finished task 0.0 in stage 77.0 (TID 191). 1791 bytes result sent to driver
2026-08-09 23:13:29,599 INFO scheduler.TaskSetManager: Finished task 0.0 in stage 77.0 (TID 191) in 69 ms on 10.0.0.215 (executor driver) (2/2)
2026-08-09 23:13:29,599 INFO scheduler.TaskSchedulerImpl: Removed TaskSet 77.0, whose tasks have all completed, from pool default
2026-08-09 23:13:29,599 INFO scheduler.DAGScheduler: ResultStage 77 (count at Metrics.scala:12) finished in 0.071 s
2026-08-09 23:13:29,599 INFO scheduler.DAGScheduler: Job 42 is finished. Cancelling potential speculative or zombie tasks for this job
2026-08-09 23:13:29,599 INFO scheduler.TaskSchedulerImpl: Killing all running tasks in stage 77: Stage finished
2026-08-09 23:13:29,599 INFO scheduler.DAGScheduler: Job 42 finished: count at Metrics.scala:12, took 0.072083 s
2026-08-09 23:13:29,604 INFO storage.BlockManagerInfo: Removed broadcast_68_piece0 on 10.0.0.215:64257 in memory (size: 12.0 KiB, free: 408.3 MiB)
2026-08-09 23:13:29,604 INFO spark.SparkContext: Starting job: count at Metrics.scala:14
2026-08-09 23:13:29,604 INFO scheduler.DAGScheduler: Got job 43 (count at Metrics.scala:14) with 2 output partitions
2026-08-09 23:13:29,604 INFO scheduler.DAGScheduler: Final stage: ResultStage 78 (count at Metrics.scala:14)
2026-08-09 23:13:29,604 INFO scheduler.DAGScheduler: Parents of final stage: List()
2026-08-09 23:13:29,604 INFO scheduler.DAGScheduler: Missing parents: List()
2026-08-09 23:13:29,605 INFO scheduler.DAGScheduler: Submitting ResultStage 78 (MapPartitionsRDD[136] at filter at Metrics.scala:14), which has no missing parents
2026-08-09 23:13:29,605 INFO memory.MemoryStore: Block broadcast_69 stored as values in memory (estimated size 38.5 KiB, free 407.4 MiB)
2026-08-09 23:13:29,606 INFO memory.MemoryStore: Block broadcast_69_piece0 stored as bytes in memory (estimated size 12.1 KiB, free 407.4 MiB)
2026-08-09 23:13:29,606 INFO storage.BlockManagerInfo: Added broadcast_69_piece0 in memory on 10.0.0.215:64257 (size: 12.1 KiB, free: 408.3 MiB)
2026-08-09 23:13:29,606 INFO spark.SparkContext: Created broadcast 69 from broadcast at DAGScheduler.scala:1513
2026-08-09 23:13:29,606 INFO scheduler.DAGScheduler: Submitting 2 missing tasks from ResultStage 78 (MapPartitionsRDD[136] at filter at Metrics.scala:14) (first 15 tasks are for partitions Vector(0, 1))
2026-08-09 23:13:29,606 INFO scheduler.TaskSchedulerImpl: Adding task set 78.0 with 2 tasks resource profile 0
2026-08-09 23:13:29,606 INFO scheduler.FairSchedulableBuilder: Added task set TaskSet_78.0 tasks to pool default
2026-08-09 23:13:29,606 INFO scheduler.TaskSetManager: Starting task 0.0 in stage 78.0 (TID 193) (10.0.0.215, executor driver, partition 0, PROCESS_LOCAL, 5029 bytes) taskResourceAssignments Map()
2026-08-09 23:13:29,606 INFO scheduler.TaskSetManager: Starting task 1.0 in stage 78.0 (TID 194) (10.0.0.215, executor driver, partition 1, PROCESS_LOCAL, 5029 bytes) taskResourceAssignments Map()
2026-08-09 23:13:29,607 INFO executor.Executor: Running task 1.0 in stage 78.0 (TID 194)
2026-08-09 23:13:29,607 INFO executor.Executor: Running task 0.0 in stage 78.0 (TID 193)
2026-08-09 23:13:29,608 INFO storage.BlockManager: Found block rdd_135_0 locally
2026-08-09 23:13:29,608 INFO storage.BlockManager: Found block rdd_135_1 locally
2026-08-09 23:13:29,608 INFO executor.Executor: Finished task 1.0 in stage 78.0 (TID 194). 1662 bytes result sent to driver
2026-08-09 23:13:29,608 INFO scheduler.TaskSetManager: Finished task 1.0 in stage 78.0 (TID 194) in 2 ms on 10.0.0.215 (executor driver) (1/2)
2026-08-09 23:13:29,608 INFO executor.Executor: Finished task 0.0 in stage 78.0 (TID 193). 1662 bytes result sent to driver
2026-08-09 23:13:29,609 INFO scheduler.TaskSetManager: Finished task 0.0 in stage 78.0 (TID 193) in 3 ms on 10.0.0.215 (executor driver) (2/2)
2026-08-09 23:13:29,609 INFO scheduler.TaskSchedulerImpl: Removed TaskSet 78.0, whose tasks have all completed, from pool default
2026-08-09 23:13:29,609 INFO scheduler.DAGScheduler: ResultStage 78 (count at Metrics.scala:14) finished in 0.004 s
2026-08-09 23:13:29,609 INFO scheduler.DAGScheduler: Job 43 is finished. Cancelling potential speculative or zombie tasks for this job
2026-08-09 23:13:29,609 INFO scheduler.TaskSchedulerImpl: Killing all running tasks in stage 78: Stage finished
2026-08-09 23:13:29,609 INFO scheduler.DAGScheduler: Job 43 finished: count at Metrics.scala:14, took 0.004792 s
2026-08-09 23:13:29,615 INFO spark.SparkContext: Starting job: sortByKey at BinaryClassificationMetrics.scala:189
2026-08-09 23:13:29,615 INFO scheduler.DAGScheduler: Registering RDD 138 (map at BinaryClassificationMetrics.scala:48) as input to shuffle 17
2026-08-09 23:13:29,615 INFO scheduler.DAGScheduler: Got job 44 (sortByKey at BinaryClassificationMetrics.scala:189) with 2 output partitions
2026-08-09 23:13:29,615 INFO scheduler.DAGScheduler: Final stage: ResultStage 80 (sortByKey at BinaryClassificationMetrics.scala:189)
2026-08-09 23:13:29,615 INFO scheduler.DAGScheduler: Parents of final stage: List(ShuffleMapStage 79)
2026-08-09 23:13:29,615 INFO scheduler.DAGScheduler: Missing parents: List(ShuffleMapStage 79)
2026-08-09 23:13:29,616 INFO scheduler.DAGScheduler: Submitting ShuffleMapStage 79 (MapPartitionsRDD[138] at map at BinaryClassificationMetrics.scala:48), which has no missing parents
2026-08-09 23:13:29,616 INFO memory.MemoryStore: Block broadcast_70 stored as values in memory (estimated size 40.1 KiB, free 407.3 MiB)
2026-08-09 23:13:29,617 INFO memory.MemoryStore: Block broadcast_70_piece0 stored as bytes in memory (estimated size 12.7 KiB, free 407.3 MiB)
2026-08-09 23:13:29,617 INFO storage.BlockManagerInfo: Added broadcast_70_piece0 in memory on 10.0.0.215:64257 (size: 12.7 KiB, free: 408.3 MiB)
2026-08-09 23:13:29,617 INFO spark.SparkContext: Created broadcast 70 from broadcast at DAGScheduler.scala:1513
2026-08-09 23:13:29,617 INFO scheduler.DAGScheduler: Submitting 2 missing tasks from ShuffleMapStage 79 (MapPartitionsRDD[138] at map at BinaryClassificationMetrics.scala:48) (first 15 tasks are for partitions Vector(0, 1))
2026-08-09 23:13:29,617 INFO scheduler.TaskSchedulerImpl: Adding task set 79.0 with 2 tasks resource profile 0
2026-08-09 23:13:29,617 INFO scheduler.FairSchedulableBuilder: Added task set TaskSet_79.0 tasks to pool default
2026-08-09 23:13:29,618 INFO scheduler.TaskSetManager: Starting task 0.0 in stage 79.0 (TID 195) (10.0.0.215, executor driver, partition 0, PROCESS_LOCAL, 5018 bytes) taskResourceAssignments Map()
2026-08-09 23:13:29,618 INFO scheduler.TaskSetManager: Starting task 1.0 in stage 79.0 (TID 196) (10.0.0.215, executor driver, partition 1, PROCESS_LOCAL, 5018 bytes) taskResourceAssignments Map()
2026-08-09 23:13:29,618 INFO executor.Executor: Running task 1.0 in stage 79.0 (TID 196)
2026-08-09 23:13:29,618 INFO executor.Executor: Running task 0.0 in stage 79.0 (TID 195)
2026-08-09 23:13:29,619 INFO storage.BlockManager: Found block rdd_135_1 locally
2026-08-09 23:13:29,620 INFO storage.BlockManager: Found block rdd_135_0 locally
2026-08-09 23:13:29,621 INFO executor.Executor: Finished task 1.0 in stage 79.0 (TID 196). 1904 bytes result sent to driver
2026-08-09 23:13:29,621 INFO scheduler.TaskSetManager: Finished task 1.0 in stage 79.0 (TID 196) in 3 ms on 10.0.0.215 (executor driver) (1/2)
2026-08-09 23:13:29,626 INFO executor.Executor: Finished task 0.0 in stage 79.0 (TID 195). 2033 bytes result sent to driver
2026-08-09 23:13:29,627 INFO scheduler.TaskSetManager: Finished task 0.0 in stage 79.0 (TID 195) in 10 ms on 10.0.0.215 (executor driver) (2/2)
2026-08-09 23:13:29,627 INFO scheduler.TaskSchedulerImpl: Removed TaskSet 79.0, whose tasks have all completed, from pool default
2026-08-09 23:13:29,628 INFO scheduler.DAGScheduler: ShuffleMapStage 79 (map at BinaryClassificationMetrics.scala:48) finished in 0.011 s
2026-08-09 23:13:29,628 INFO scheduler.DAGScheduler: looking for newly runnable stages
2026-08-09 23:13:29,628 INFO scheduler.DAGScheduler: running: Set()
2026-08-09 23:13:29,628 INFO scheduler.DAGScheduler: waiting: Set(ResultStage 80)
2026-08-09 23:13:29,628 INFO scheduler.DAGScheduler: failed: Set()
2026-08-09 23:13:29,628 INFO scheduler.DAGScheduler: Submitting ResultStage 80 (MapPartitionsRDD[141] at sortByKey at BinaryClassificationMetrics.scala:189), which has no missing parents
2026-08-09 23:13:29,629 INFO memory.MemoryStore: Block broadcast_71 stored as values in memory (estimated size 6.7 KiB, free 407.3 MiB)
2026-08-09 23:13:29,629 INFO memory.MemoryStore: Block broadcast_71_piece0 stored as bytes in memory (estimated size 3.4 KiB, free 407.3 MiB)
2026-08-09 23:13:29,629 INFO storage.BlockManagerInfo: Added broadcast_71_piece0 in memory on 10.0.0.215:64257 (size: 3.4 KiB, free: 408.3 MiB)
2026-08-09 23:13:29,629 INFO spark.SparkContext: Created broadcast 71 from broadcast at DAGScheduler.scala:1513
2026-08-09 23:13:29,629 INFO scheduler.DAGScheduler: Submitting 2 missing tasks from ResultStage 80 (MapPartitionsRDD[141] at sortByKey at BinaryClassificationMetrics.scala:189) (first 15 tasks are for partitions Vector(0, 1))
2026-08-09 23:13:29,629 INFO scheduler.TaskSchedulerImpl: Adding task set 80.0 with 2 tasks resource profile 0
2026-08-09 23:13:29,629 INFO scheduler.FairSchedulableBuilder: Added task set TaskSet_80.0 tasks to pool default
2026-08-09 23:13:29,630 INFO scheduler.TaskSetManager: Starting task 0.0 in stage 80.0 (TID 197) (10.0.0.215, executor driver, partition 0, NODE_LOCAL, 4271 bytes) taskResourceAssignments Map()
2026-08-09 23:13:29,630 INFO scheduler.TaskSetManager: Starting task 1.0 in stage 80.0 (TID 198) (10.0.0.215, executor driver, partition 1, NODE_LOCAL, 4271 bytes) taskResourceAssignments Map()
2026-08-09 23:13:29,630 INFO executor.Executor: Running task 1.0 in stage 80.0 (TID 198)
2026-08-09 23:13:29,630 INFO executor.Executor: Running task 0.0 in stage 80.0 (TID 197)
2026-08-09 23:13:29,631 INFO storage.ShuffleBlockFetcherIterator: Getting 1 (405.0 B) non-empty blocks including 1 (405.0 B) local and 0 (0.0 B) host-local and 0 (0.0 B) push-merged-local and 0 (0.0 B) remote blocks
2026-08-09 23:13:29,631 INFO storage.ShuffleBlockFetcherIterator: Started 0 remote fetches in 0 ms
2026-08-09 23:13:29,632 INFO storage.ShuffleBlockFetcherIterator: Getting 1 (490.0 B) non-empty blocks including 1 (490.0 B) local and 0 (0.0 B) host-local and 0 (0.0 B) push-merged-local and 0 (0.0 B) remote blocks
2026-08-09 23:13:29,632 INFO storage.ShuffleBlockFetcherIterator: Started 0 remote fetches in 0 ms
2026-08-09 23:13:29,632 INFO executor.Executor: Finished task 1.0 in stage 80.0 (TID 198). 1486 bytes result sent to driver
2026-08-09 23:13:29,632 INFO scheduler.TaskSetManager: Finished task 1.0 in stage 80.0 (TID 198) in 2 ms on 10.0.0.215 (executor driver) (1/2)
2026-08-09 23:13:29,632 INFO executor.Executor: Finished task 0.0 in stage 80.0 (TID 197). 1553 bytes result sent to driver
2026-08-09 23:13:29,633 INFO scheduler.TaskSetManager: Finished task 0.0 in stage 80.0 (TID 197) in 2 ms on 10.0.0.215 (executor driver) (2/2)
2026-08-09 23:13:29,633 INFO scheduler.TaskSchedulerImpl: Removed TaskSet 80.0, whose tasks have all completed, from pool default
2026-08-09 23:13:29,633 INFO scheduler.DAGScheduler: ResultStage 80 (sortByKey at BinaryClassificationMetrics.scala:189) finished in 0.005 s
2026-08-09 23:13:29,633 INFO scheduler.DAGScheduler: Job 44 is finished. Cancelling potential speculative or zombie tasks for this job
2026-08-09 23:13:29,633 INFO scheduler.TaskSchedulerImpl: Killing all running tasks in stage 80: Stage finished
2026-08-09 23:13:29,633 INFO scheduler.DAGScheduler: Job 44 finished: sortByKey at BinaryClassificationMetrics.scala:189, took 0.018278 s
2026-08-09 23:13:29,638 INFO spark.SparkContext: Starting job: collect at BinaryClassificationMetrics.scala:237
2026-08-09 23:13:29,639 INFO scheduler.DAGScheduler: Registering RDD 139 (combineByKey at BinaryClassificationMetrics.scala:188) as input to shuffle 18
2026-08-09 23:13:29,639 INFO scheduler.DAGScheduler: Got job 45 (collect at BinaryClassificationMetrics.scala:237) with 2 output partitions
2026-08-09 23:13:29,639 INFO scheduler.DAGScheduler: Final stage: ResultStage 83 (collect at BinaryClassificationMetrics.scala:237)
2026-08-09 23:13:29,639 INFO scheduler.DAGScheduler: Parents of final stage: List(ShuffleMapStage 82)
2026-08-09 23:13:29,639 INFO scheduler.DAGScheduler: Missing parents: List(ShuffleMapStage 82)
2026-08-09 23:13:29,639 INFO scheduler.DAGScheduler: Submitting ShuffleMapStage 82 (ShuffledRDD[139] at combineByKey at BinaryClassificationMetrics.scala:188), which has no missing parents
2026-08-09 23:13:29,640 INFO memory.MemoryStore: Block broadcast_72 stored as values in memory (estimated size 5.2 KiB, free 407.3 MiB)
2026-08-09 23:13:29,640 INFO memory.MemoryStore: Block broadcast_72_piece0 stored as bytes in memory (estimated size 2.9 KiB, free 407.3 MiB)
2026-08-09 23:13:29,640 INFO storage.BlockManagerInfo: Added broadcast_72_piece0 in memory on 10.0.0.215:64257 (size: 2.9 KiB, free: 408.3 MiB)
2026-08-09 23:13:29,641 INFO spark.SparkContext: Created broadcast 72 from broadcast at DAGScheduler.scala:1513
2026-08-09 23:13:29,641 INFO scheduler.DAGScheduler: Submitting 2 missing tasks from ShuffleMapStage 82 (ShuffledRDD[139] at combineByKey at BinaryClassificationMetrics.scala:188) (first 15 tasks are for partitions Vector(0, 1))
2026-08-09 23:13:29,641 INFO scheduler.TaskSchedulerImpl: Adding task set 82.0 with 2 tasks resource profile 0
2026-08-09 23:13:29,641 INFO scheduler.FairSchedulableBuilder: Added task set TaskSet_82.0 tasks to pool default
2026-08-09 23:13:29,641 INFO scheduler.TaskSetManager: Starting task 0.0 in stage 82.0 (TID 199) (10.0.0.215, executor driver, partition 0, NODE_LOCAL, 4260 bytes) taskResourceAssignments Map()
2026-08-09 23:13:29,641 INFO scheduler.TaskSetManager: Starting task 1.0 in stage 82.0 (TID 200) (10.0.0.215, executor driver, partition 1, NODE_LOCAL, 4260 bytes) taskResourceAssignments Map()
2026-08-09 23:13:29,641 INFO executor.Executor: Running task 1.0 in stage 82.0 (TID 200)
2026-08-09 23:13:29,641 INFO executor.Executor: Running task 0.0 in stage 82.0 (TID 199)
2026-08-09 23:13:29,643 INFO storage.ShuffleBlockFetcherIterator: Getting 1 (405.0 B) non-empty blocks including 1 (405.0 B) local and 0 (0.0 B) host-local and 0 (0.0 B) push-merged-local and 0 (0.0 B) remote blocks
2026-08-09 23:13:29,643 INFO storage.ShuffleBlockFetcherIterator: Started 0 remote fetches in 0 ms
2026-08-09 23:13:29,643 INFO storage.ShuffleBlockFetcherIterator: Getting 1 (490.0 B) non-empty blocks including 1 (490.0 B) local and 0 (0.0 B) host-local and 0 (0.0 B) push-merged-local and 0 (0.0 B) remote blocks
2026-08-09 23:13:29,643 INFO storage.ShuffleBlockFetcherIterator: Started 0 remote fetches in 0 ms
2026-08-09 23:13:29,645 INFO executor.Executor: Finished task 1.0 in stage 82.0 (TID 200). 1426 bytes result sent to driver
2026-08-09 23:13:29,645 INFO scheduler.TaskSetManager: Finished task 1.0 in stage 82.0 (TID 200) in 4 ms on 10.0.0.215 (executor driver) (1/2)
2026-08-09 23:13:29,645 INFO executor.Executor: Finished task 0.0 in stage 82.0 (TID 199). 1426 bytes result sent to driver
2026-08-09 23:13:29,645 INFO scheduler.TaskSetManager: Finished task 0.0 in stage 82.0 (TID 199) in 4 ms on 10.0.0.215 (executor driver) (2/2)
2026-08-09 23:13:29,645 INFO scheduler.TaskSchedulerImpl: Removed TaskSet 82.0, whose tasks have all completed, from pool default
2026-08-09 23:13:29,645 INFO scheduler.DAGScheduler: ShuffleMapStage 82 (combineByKey at BinaryClassificationMetrics.scala:188) finished in 0.006 s
2026-08-09 23:13:29,645 INFO scheduler.DAGScheduler: looking for newly runnable stages
2026-08-09 23:13:29,645 INFO scheduler.DAGScheduler: running: Set()
2026-08-09 23:13:29,645 INFO scheduler.DAGScheduler: waiting: Set(ResultStage 83)
2026-08-09 23:13:29,645 INFO scheduler.DAGScheduler: failed: Set()
2026-08-09 23:13:29,646 INFO scheduler.DAGScheduler: Submitting ResultStage 83 (MapPartitionsRDD[144] at mapPartitions at BinaryClassificationMetrics.scala:237), which has no missing parents
2026-08-09 23:13:29,646 INFO memory.MemoryStore: Block broadcast_73 stored as values in memory (estimated size 6.2 KiB, free 407.3 MiB)
2026-08-09 23:13:29,646 INFO memory.MemoryStore: Block broadcast_73_piece0 stored as bytes in memory (estimated size 3.4 KiB, free 407.3 MiB)
2026-08-09 23:13:29,646 INFO storage.BlockManagerInfo: Added broadcast_73_piece0 in memory on 10.0.0.215:64257 (size: 3.4 KiB, free: 408.3 MiB)
2026-08-09 23:13:29,647 INFO spark.SparkContext: Created broadcast 73 from broadcast at DAGScheduler.scala:1513
2026-08-09 23:13:29,647 INFO scheduler.DAGScheduler: Submitting 2 missing tasks from ResultStage 83 (MapPartitionsRDD[144] at mapPartitions at BinaryClassificationMetrics.scala:237) (first 15 tasks are for partitions Vector(0, 1))
2026-08-09 23:13:29,647 INFO scheduler.TaskSchedulerImpl: Adding task set 83.0 with 2 tasks resource profile 0
2026-08-09 23:13:29,647 INFO scheduler.FairSchedulableBuilder: Added task set TaskSet_83.0 tasks to pool default
2026-08-09 23:13:29,647 INFO scheduler.TaskSetManager: Starting task 0.0 in stage 83.0 (TID 201) (10.0.0.215, executor driver, partition 0, NODE_LOCAL, 4271 bytes) taskResourceAssignments Map()
2026-08-09 23:13:29,647 INFO scheduler.TaskSetManager: Starting task 1.0 in stage 83.0 (TID 202) (10.0.0.215, executor driver, partition 1, NODE_LOCAL, 4271 bytes) taskResourceAssignments Map()
2026-08-09 23:13:29,647 INFO executor.Executor: Running task 1.0 in stage 83.0 (TID 202)
2026-08-09 23:13:29,647 INFO executor.Executor: Running task 0.0 in stage 83.0 (TID 201)
2026-08-09 23:13:29,648 INFO storage.ShuffleBlockFetcherIterator: Getting 2 (702.0 B) non-empty blocks including 2 (702.0 B) local and 0 (0.0 B) host-local and 0 (0.0 B) push-merged-local and 0 (0.0 B) remote blocks
2026-08-09 23:13:29,648 INFO storage.ShuffleBlockFetcherIterator: Getting 2 (702.0 B) non-empty blocks including 2 (702.0 B) local and 0 (0.0 B) host-local and 0 (0.0 B) push-merged-local and 0 (0.0 B) remote blocks
2026-08-09 23:13:29,648 INFO storage.ShuffleBlockFetcherIterator: Started 0 remote fetches in 0 ms
2026-08-09 23:13:29,648 INFO storage.ShuffleBlockFetcherIterator: Started 0 remote fetches in 0 ms
2026-08-09 23:13:29,649 INFO executor.Executor: Finished task 1.0 in stage 83.0 (TID 202). 1413 bytes result sent to driver
2026-08-09 23:13:29,649 INFO executor.Executor: Finished task 0.0 in stage 83.0 (TID 201). 1413 bytes result sent to driver
2026-08-09 23:13:29,649 INFO scheduler.TaskSetManager: Finished task 1.0 in stage 83.0 (TID 202) in 2 ms on 10.0.0.215 (executor driver) (1/2)
2026-08-09 23:13:29,650 INFO scheduler.TaskSetManager: Finished task 0.0 in stage 83.0 (TID 201) in 3 ms on 10.0.0.215 (executor driver) (2/2)
2026-08-09 23:13:29,650 INFO scheduler.TaskSchedulerImpl: Removed TaskSet 83.0, whose tasks have all completed, from pool default
2026-08-09 23:13:29,650 INFO scheduler.DAGScheduler: ResultStage 83 (collect at BinaryClassificationMetrics.scala:237) finished in 0.004 s
2026-08-09 23:13:29,650 INFO scheduler.DAGScheduler: Job 45 is finished. Cancelling potential speculative or zombie tasks for this job
2026-08-09 23:13:29,650 INFO scheduler.TaskSchedulerImpl: Killing all running tasks in stage 83: Stage finished
2026-08-09 23:13:29,650 INFO scheduler.DAGScheduler: Job 45 finished: collect at BinaryClassificationMetrics.scala:237, took 0.011732 s
2026-08-09 23:13:29,650 INFO evaluation.BinaryClassificationMetrics: Total counts: {numPos: 5174.0, numNeg: 4826.0}
2026-08-09 23:13:29,655 INFO spark.SparkContext: Starting job: collect at AreaUnderCurve.scala:44
2026-08-09 23:13:29,655 INFO scheduler.DAGScheduler: Got job 46 (collect at AreaUnderCurve.scala:44) with 2 output partitions
2026-08-09 23:13:29,655 INFO scheduler.DAGScheduler: Final stage: ResultStage 86 (collect at AreaUnderCurve.scala:44)
2026-08-09 23:13:29,655 INFO scheduler.DAGScheduler: Parents of final stage: List(ShuffleMapStage 85)
2026-08-09 23:13:29,656 INFO scheduler.DAGScheduler: Missing parents: List()
2026-08-09 23:13:29,656 INFO scheduler.DAGScheduler: Submitting ResultStage 86 (MapPartitionsRDD[149] at mapPartitions at AreaUnderCurve.scala:44), which has no missing parents
2026-08-09 23:13:29,657 INFO memory.MemoryStore: Block broadcast_74 stored as values in memory (estimated size 7.8 KiB, free 407.3 MiB)
2026-08-09 23:13:29,657 INFO memory.MemoryStore: Block broadcast_74_piece0 stored as bytes in memory (estimated size 3.8 KiB, free 407.3 MiB)
2026-08-09 23:13:29,657 INFO storage.BlockManagerInfo: Added broadcast_74_piece0 in memory on 10.0.0.215:64257 (size: 3.8 KiB, free: 408.3 MiB)
2026-08-09 23:13:29,657 INFO spark.SparkContext: Created broadcast 74 from broadcast at DAGScheduler.scala:1513
2026-08-09 23:13:29,657 INFO scheduler.DAGScheduler: Submitting 2 missing tasks from ResultStage 86 (MapPartitionsRDD[149] at mapPartitions at AreaUnderCurve.scala:44) (first 15 tasks are for partitions Vector(0, 1))
2026-08-09 23:13:29,657 INFO scheduler.TaskSchedulerImpl: Adding task set 86.0 with 2 tasks resource profile 0
2026-08-09 23:13:29,658 INFO scheduler.FairSchedulableBuilder: Added task set TaskSet_86.0 tasks to pool default
2026-08-09 23:13:29,658 INFO scheduler.TaskSetManager: Starting task 0.0 in stage 86.0 (TID 203) (10.0.0.215, executor driver, partition 0, NODE_LOCAL, 4271 bytes) taskResourceAssignments Map()
2026-08-09 23:13:29,658 INFO scheduler.TaskSetManager: Starting task 1.0 in stage 86.0 (TID 204) (10.0.0.215, executor driver, partition 1, NODE_LOCAL, 4271 bytes) taskResourceAssignments Map()
2026-08-09 23:13:29,658 INFO executor.Executor: Running task 0.0 in stage 86.0 (TID 203)
2026-08-09 23:13:29,658 INFO executor.Executor: Running task 1.0 in stage 86.0 (TID 204)
2026-08-09 23:13:29,660 INFO storage.ShuffleBlockFetcherIterator: Getting 2 (702.0 B) non-empty blocks including 2 (702.0 B) local and 0 (0.0 B) host-local and 0 (0.0 B) push-merged-local and 0 (0.0 B) remote blocks
2026-08-09 23:13:29,660 INFO storage.ShuffleBlockFetcherIterator: Started 0 remote fetches in 0 ms
2026-08-09 23:13:29,660 INFO storage.ShuffleBlockFetcherIterator: Getting 2 (702.0 B) non-empty blocks including 2 (702.0 B) local and 0 (0.0 B) host-local and 0 (0.0 B) push-merged-local and 0 (0.0 B) remote blocks
2026-08-09 23:13:29,660 INFO storage.ShuffleBlockFetcherIterator: Started 0 remote fetches in 0 ms
2026-08-09 23:13:29,660 INFO memory.MemoryStore: Block rdd_145_1 stored as values in memory (estimated size 944.0 B, free 407.3 MiB)
2026-08-09 23:13:29,661 INFO storage.BlockManagerInfo: Added rdd_145_1 in memory on 10.0.0.215:64257 (size: 944.0 B, free: 408.3 MiB)
2026-08-09 23:13:29,661 INFO memory.MemoryStore: Block rdd_145_0 stored as values in memory (estimated size 856.0 B, free 407.3 MiB)
2026-08-09 23:13:29,661 INFO storage.BlockManagerInfo: Added rdd_145_0 in memory on 10.0.0.215:64257 (size: 856.0 B, free: 408.3 MiB)
2026-08-09 23:13:29,662 INFO executor.Executor: Finished task 1.0 in stage 86.0 (TID 204). 1532 bytes result sent to driver
2026-08-09 23:13:29,662 INFO executor.Executor: Finished task 0.0 in stage 86.0 (TID 203). 1489 bytes result sent to driver
2026-08-09 23:13:29,662 INFO scheduler.TaskSetManager: Finished task 1.0 in stage 86.0 (TID 204) in 4 ms on 10.0.0.215 (executor driver) (1/2)
2026-08-09 23:13:29,662 INFO scheduler.TaskSetManager: Finished task 0.0 in stage 86.0 (TID 203) in 4 ms on 10.0.0.215 (executor driver) (2/2)
2026-08-09 23:13:29,662 INFO scheduler.TaskSchedulerImpl: Removed TaskSet 86.0, whose tasks have all completed, from pool default
2026-08-09 23:13:29,663 INFO scheduler.DAGScheduler: ResultStage 86 (collect at AreaUnderCurve.scala:44) finished in 0.007 s
2026-08-09 23:13:29,663 INFO scheduler.DAGScheduler: Job 46 is finished. Cancelling potential speculative or zombie tasks for this job
2026-08-09 23:13:29,663 INFO scheduler.TaskSchedulerImpl: Killing all running tasks in stage 86: Stage finished
2026-08-09 23:13:29,663 INFO scheduler.DAGScheduler: Job 46 finished: collect at AreaUnderCurve.scala:44, took 0.007995 s
[hpsearch] all checks passed
2026-08-09 23:13:29,668 INFO server.AbstractConnector: Stopped Spark@6dcc40f5{HTTP/1.1, (http/1.1)}{0.0.0.0:4040}
2026-08-09 23:13:29,670 INFO ui.SparkUI: Stopped Spark web UI at http://10.0.0.215:4040
2026-08-09 23:13:29,678 INFO spark.MapOutputTrackerMasterEndpoint: MapOutputTrackerMasterEndpoint stopped!
2026-08-09 23:13:29,695 INFO memory.MemoryStore: MemoryStore cleared
2026-08-09 23:13:29,695 INFO storage.BlockManager: BlockManager stopped
2026-08-09 23:13:29,697 INFO storage.BlockManagerMaster: BlockManagerMaster stopped
2026-08-09 23:13:29,698 INFO scheduler.OutputCommitCoordinator$OutputCommitCoordinatorEndpoint: OutputCommitCoordinator stopped!
2026-08-09 23:13:29,704 INFO spark.SparkContext: Successfully stopped SparkContext
2026-08-09 23:13:29,705 INFO util.ShutdownHookManager: Shutdown hook called
2026-08-09 23:13:29,705 INFO util.ShutdownHookManager: Deleting directory /private/var/folders/01/7kzv0jfn5b53d16tqv0sk5r80000gn/T/spark-475059d7-2b02-4798-a1b8-78719ad57ae6
2026-08-09 23:13:29,708 INFO util.ShutdownHookManager: Deleting directory /private/var/folders/01/7kzv0jfn5b53d16tqv0sk5r80000gn/T/spark-566650a5-6a53-475a-b532-6018fbed1671
