2026-08-08 19:04:48,565 WARN util.Utils: Your hostname, Rudys-MacBook-Pro.local resolves to a loopback address: 127.0.0.1; using 10.0.0.215 instead (on interface en0)
2026-08-08 19:04:48,566 WARN util.Utils: Set SPARK_LOCAL_IP if you need to bind to another address
2026-08-08 19:04:48,783 INFO spark.SparkContext: Running Spark version 3.3.2
2026-08-08 19:04:48,842 WARN util.NativeCodeLoader: Unable to load native-hadoop library for your platform... using builtin-java classes where applicable
2026-08-08 19:04:48,878 INFO resource.ResourceUtils: ==============================================================
2026-08-08 19:04:48,878 INFO resource.ResourceUtils: No custom resources configured for spark.driver.
2026-08-08 19:04:48,878 INFO resource.ResourceUtils: ==============================================================
2026-08-08 19:04:48,879 INFO spark.SparkContext: Submitted application: MLlibBaselineDriver
2026-08-08 19:04:48,888 INFO resource.ResourceProfile: Default ResourceProfile created, executor resources: Map(cores -> name: cores, amount: 1, script: , vendor: , memory -> name: memory, amount: 1024, script: , vendor: , offHeap -> name: offHeap, amount: 0, script: , vendor: ), task resources: Map(cpus -> name: cpus, amount: 1.0)
2026-08-08 19:04:48,896 INFO resource.ResourceProfile: Limiting resource is cpu
2026-08-08 19:04:48,896 INFO resource.ResourceProfileManager: Added ResourceProfile id: 0
2026-08-08 19:04:48,922 INFO spark.SecurityManager: Changing view acls to: rudybanerjee
2026-08-08 19:04:48,922 INFO spark.SecurityManager: Changing modify acls to: rudybanerjee
2026-08-08 19:04:48,922 INFO spark.SecurityManager: Changing view acls groups to: 
2026-08-08 19:04:48,922 INFO spark.SecurityManager: Changing modify acls groups to: 
2026-08-08 19:04:48,923 INFO spark.SecurityManager: SecurityManager: authentication disabled; ui acls disabled; users  with view permissions: Set(rudybanerjee); groups with view permissions: Set(); users  with modify permissions: Set(rudybanerjee); groups with modify permissions: Set()
2026-08-08 19:04:49,055 INFO util.Utils: Successfully started service 'sparkDriver' on port 55614.
2026-08-08 19:04:49,066 INFO spark.SparkEnv: Registering MapOutputTracker
2026-08-08 19:04:49,082 INFO spark.SparkEnv: Registering BlockManagerMaster
2026-08-08 19:04:49,091 INFO storage.BlockManagerMasterEndpoint: Using org.apache.spark.storage.DefaultTopologyMapper for getting topology information
2026-08-08 19:04:49,091 INFO storage.BlockManagerMasterEndpoint: BlockManagerMasterEndpoint up
2026-08-08 19:04:49,093 INFO spark.SparkEnv: Registering BlockManagerMasterHeartbeat
2026-08-08 19:04:49,104 INFO storage.DiskBlockManager: Created local directory at /private/var/folders/01/7kzv0jfn5b53d16tqv0sk5r80000gn/T/blockmgr-4e92921d-01d5-4b99-8806-3fc6d4a16aac
2026-08-08 19:04:49,111 INFO memory.MemoryStore: MemoryStore started with capacity 2.2 GiB
2026-08-08 19:04:49,118 INFO spark.SparkEnv: Registering OutputCommitCoordinator
2026-08-08 19:04:49,137 INFO util.log: Logging initialized @1112ms to org.sparkproject.jetty.util.log.Slf4jLog
2026-08-08 19:04:49,198 INFO server.Server: jetty-9.4.48.v20220622; built: 2022-06-21T20:42:25.880Z; git: 6b67c5719d1f4371b33655ff2d047d24e171e49a; jvm 11.0.23+7-LTS-222
2026-08-08 19:04:49,207 INFO server.Server: Started @1182ms
2026-08-08 19:04:49,222 INFO server.AbstractConnector: Started ServerConnector@4e1a46fb{HTTP/1.1, (http/1.1)}{0.0.0.0:4040}
2026-08-08 19:04:49,222 INFO util.Utils: Successfully started service 'SparkUI' on port 4040.
2026-08-08 19:04:49,232 INFO handler.ContextHandler: Started o.s.j.s.ServletContextHandler@934b52f{/,null,AVAILABLE,@Spark}
2026-08-08 19:04:49,240 INFO spark.SparkContext: Added JAR file:/Users/rudybanerjee/northeastern_work/CS6240/project/ensemble.jar at spark://10.0.0.215:55614/jars/ensemble.jar with timestamp 1786230288778
2026-08-08 19:04:49,304 INFO executor.Executor: Starting executor ID driver on host 10.0.0.215
2026-08-08 19:04:49,307 INFO executor.Executor: Starting executor with user classpath (userClassPathFirst = false): ''
2026-08-08 19:04:49,313 INFO executor.Executor: Fetching spark://10.0.0.215:55614/jars/ensemble.jar with timestamp 1786230288778
2026-08-08 19:04:49,339 INFO client.TransportClientFactory: Successfully created connection to /10.0.0.215:55614 after 14 ms (0 ms spent in bootstraps)
2026-08-08 19:04:49,343 INFO util.Utils: Fetching spark://10.0.0.215:55614/jars/ensemble.jar to /private/var/folders/01/7kzv0jfn5b53d16tqv0sk5r80000gn/T/spark-8de75729-8b3b-48f6-aad8-0fa6af46447b/userFiles-6e0f18e6-8a57-406c-88cf-510533ecd462/fetchFileTemp11815116575927515359.tmp
2026-08-08 19:04:49,373 INFO executor.Executor: Adding file:/private/var/folders/01/7kzv0jfn5b53d16tqv0sk5r80000gn/T/spark-8de75729-8b3b-48f6-aad8-0fa6af46447b/userFiles-6e0f18e6-8a57-406c-88cf-510533ecd462/ensemble.jar to class loader
2026-08-08 19:04:49,377 INFO util.Utils: Successfully started service 'org.apache.spark.network.netty.NettyBlockTransferService' on port 55616.
2026-08-08 19:04:49,377 INFO netty.NettyBlockTransferService: Server created on 10.0.0.215:55616
2026-08-08 19:04:49,377 INFO storage.BlockManager: Using org.apache.spark.storage.RandomBlockReplicationPolicy for block replication policy
2026-08-08 19:04:49,380 INFO storage.BlockManagerMaster: Registering BlockManager BlockManagerId(driver, 10.0.0.215, 55616, None)
2026-08-08 19:04:49,382 INFO storage.BlockManagerMasterEndpoint: Registering block manager 10.0.0.215:55616 with 2.2 GiB RAM, BlockManagerId(driver, 10.0.0.215, 55616, None)
2026-08-08 19:04:49,383 INFO storage.BlockManagerMaster: Registered BlockManager BlockManagerId(driver, 10.0.0.215, 55616, None)
2026-08-08 19:04:49,384 INFO storage.BlockManager: Initialized BlockManager: BlockManagerId(driver, 10.0.0.215, 55616, None)
2026-08-08 19:04:49,466 INFO handler.ContextHandler: Stopped o.s.j.s.ServletContextHandler@934b52f{/,null,STOPPED,@Spark}
2026-08-08 19:04:49,467 INFO handler.ContextHandler: Started o.s.j.s.ServletContextHandler@6d229b1c{/jobs,null,AVAILABLE,@Spark}
2026-08-08 19:04:49,467 INFO handler.ContextHandler: Started o.s.j.s.ServletContextHandler@2da99821{/jobs/json,null,AVAILABLE,@Spark}
2026-08-08 19:04:49,468 INFO handler.ContextHandler: Started o.s.j.s.ServletContextHandler@7161457{/jobs/job,null,AVAILABLE,@Spark}
2026-08-08 19:04:49,468 INFO handler.ContextHandler: Started o.s.j.s.ServletContextHandler@629984eb{/jobs/job/json,null,AVAILABLE,@Spark}
2026-08-08 19:04:49,469 INFO handler.ContextHandler: Started o.s.j.s.ServletContextHandler@4c1d59cd{/stages,null,AVAILABLE,@Spark}
2026-08-08 19:04:49,469 INFO handler.ContextHandler: Started o.s.j.s.ServletContextHandler@297c9a9b{/stages/json,null,AVAILABLE,@Spark}
2026-08-08 19:04:49,470 INFO handler.ContextHandler: Started o.s.j.s.ServletContextHandler@220c9a63{/stages/stage,null,AVAILABLE,@Spark}
2026-08-08 19:04:49,470 INFO handler.ContextHandler: Started o.s.j.s.ServletContextHandler@40bb4f87{/stages/stage/json,null,AVAILABLE,@Spark}
2026-08-08 19:04:49,471 INFO handler.ContextHandler: Started o.s.j.s.ServletContextHandler@173f1614{/stages/pool,null,AVAILABLE,@Spark}
2026-08-08 19:04:49,471 INFO handler.ContextHandler: Started o.s.j.s.ServletContextHandler@7645f03e{/stages/pool/json,null,AVAILABLE,@Spark}
2026-08-08 19:04:49,471 INFO handler.ContextHandler: Started o.s.j.s.ServletContextHandler@7a6ea47d{/storage,null,AVAILABLE,@Spark}
2026-08-08 19:04:49,472 INFO handler.ContextHandler: Started o.s.j.s.ServletContextHandler@daf22f0{/storage/json,null,AVAILABLE,@Spark}
2026-08-08 19:04:49,472 INFO handler.ContextHandler: Started o.s.j.s.ServletContextHandler@63f9b562{/storage/rdd,null,AVAILABLE,@Spark}
2026-08-08 19:04:49,472 INFO handler.ContextHandler: Started o.s.j.s.ServletContextHandler@5426cb36{/storage/rdd/json,null,AVAILABLE,@Spark}
2026-08-08 19:04:49,473 INFO handler.ContextHandler: Started o.s.j.s.ServletContextHandler@4b1ec694{/environment,null,AVAILABLE,@Spark}
2026-08-08 19:04:49,473 INFO handler.ContextHandler: Started o.s.j.s.ServletContextHandler@5f34907b{/environment/json,null,AVAILABLE,@Spark}
2026-08-08 19:04:49,473 INFO handler.ContextHandler: Started o.s.j.s.ServletContextHandler@16da1abc{/executors,null,AVAILABLE,@Spark}
2026-08-08 19:04:49,474 INFO handler.ContextHandler: Started o.s.j.s.ServletContextHandler@1c52552f{/executors/json,null,AVAILABLE,@Spark}
2026-08-08 19:04:49,474 INFO handler.ContextHandler: Started o.s.j.s.ServletContextHandler@1b0e9707{/executors/threadDump,null,AVAILABLE,@Spark}
2026-08-08 19:04:49,475 INFO handler.ContextHandler: Started o.s.j.s.ServletContextHandler@74024f3{/executors/threadDump/json,null,AVAILABLE,@Spark}
2026-08-08 19:04:49,480 INFO handler.ContextHandler: Started o.s.j.s.ServletContextHandler@ef718de{/static,null,AVAILABLE,@Spark}
2026-08-08 19:04:49,480 INFO handler.ContextHandler: Started o.s.j.s.ServletContextHandler@51f18e31{/,null,AVAILABLE,@Spark}
2026-08-08 19:04:49,481 INFO handler.ContextHandler: Started o.s.j.s.ServletContextHandler@24c8d8be{/api,null,AVAILABLE,@Spark}
2026-08-08 19:04:49,481 INFO handler.ContextHandler: Started o.s.j.s.ServletContextHandler@4ef2ab73{/jobs/job/kill,null,AVAILABLE,@Spark}
2026-08-08 19:04:49,482 INFO handler.ContextHandler: Started o.s.j.s.ServletContextHandler@718f805a{/stages/stage/kill,null,AVAILABLE,@Spark}
2026-08-08 19:04:49,484 INFO handler.ContextHandler: Started o.s.j.s.ServletContextHandler@202ae86f{/metrics/json,null,AVAILABLE,@Spark}
2026-08-08 19:04:49,572 INFO internal.SharedState: Setting hive.metastore.warehouse.dir ('null') to the value of spark.sql.warehouse.dir.
2026-08-08 19:04:49,576 INFO internal.SharedState: Warehouse path is 'file:/Users/rudybanerjee/northeastern_work/CS6240/project/spark-warehouse'.
2026-08-08 19:04:49,583 INFO handler.ContextHandler: Started o.s.j.s.ServletContextHandler@11d86b9d{/SQL,null,AVAILABLE,@Spark}
2026-08-08 19:04:49,583 INFO handler.ContextHandler: Started o.s.j.s.ServletContextHandler@11381415{/SQL/json,null,AVAILABLE,@Spark}
2026-08-08 19:04:49,584 INFO handler.ContextHandler: Started o.s.j.s.ServletContextHandler@5403799b{/SQL/execution,null,AVAILABLE,@Spark}
2026-08-08 19:04:49,584 INFO handler.ContextHandler: Started o.s.j.s.ServletContextHandler@3ad8717d{/SQL/execution/json,null,AVAILABLE,@Spark}
2026-08-08 19:04:49,593 INFO handler.ContextHandler: Started o.s.j.s.ServletContextHandler@2ac519dc{/static/sql,null,AVAILABLE,@Spark}
2026-08-08 19:04:49,987 INFO datasources.InMemoryFileIndex: It took 20 ms to list leaf files for 1 paths.
2026-08-08 19:04:50,264 INFO spark.SparkContext: Starting job: parquet at HiggsLoader.scala:25
2026-08-08 19:04:50,271 INFO scheduler.DAGScheduler: Got job 0 (parquet at HiggsLoader.scala:25) with 1 output partitions
2026-08-08 19:04:50,272 INFO scheduler.DAGScheduler: Final stage: ResultStage 0 (parquet at HiggsLoader.scala:25)
2026-08-08 19:04:50,272 INFO scheduler.DAGScheduler: Parents of final stage: List()
2026-08-08 19:04:50,273 INFO scheduler.DAGScheduler: Missing parents: List()
2026-08-08 19:04:50,282 INFO scheduler.DAGScheduler: Submitting ResultStage 0 (MapPartitionsRDD[1] at parquet at HiggsLoader.scala:25), which has no missing parents
2026-08-08 19:04:50,333 INFO memory.MemoryStore: Block broadcast_0 stored as values in memory (estimated size 151.6 KiB, free 2.2 GiB)
2026-08-08 19:04:50,541 INFO memory.MemoryStore: Block broadcast_0_piece0 stored as bytes in memory (estimated size 55.7 KiB, free 2.2 GiB)
2026-08-08 19:04:50,543 INFO storage.BlockManagerInfo: Added broadcast_0_piece0 in memory on 10.0.0.215:55616 (size: 55.7 KiB, free: 2.2 GiB)
2026-08-08 19:04:50,545 INFO spark.SparkContext: Created broadcast 0 from broadcast at DAGScheduler.scala:1513
2026-08-08 19:04:50,555 INFO scheduler.DAGScheduler: Submitting 1 missing tasks from ResultStage 0 (MapPartitionsRDD[1] at parquet at HiggsLoader.scala:25) (first 15 tasks are for partitions Vector(0))
2026-08-08 19:04:50,555 INFO scheduler.TaskSchedulerImpl: Adding task set 0.0 with 1 tasks resource profile 0
2026-08-08 19:04:50,589 INFO scheduler.TaskSetManager: Starting task 0.0 in stage 0.0 (TID 0) (10.0.0.215, executor driver, partition 0, PROCESS_LOCAL, 4705 bytes) taskResourceAssignments Map()
2026-08-08 19:04:50,596 INFO executor.Executor: Running task 0.0 in stage 0.0 (TID 0)
2026-08-08 19:04:50,785 INFO executor.Executor: Finished task 0.0 in stage 0.0 (TID 0). 2607 bytes result sent to driver
2026-08-08 19:04:50,789 INFO scheduler.TaskSetManager: Finished task 0.0 in stage 0.0 (TID 0) in 212 ms on 10.0.0.215 (executor driver) (1/1)
2026-08-08 19:04:50,790 INFO scheduler.TaskSchedulerImpl: Removed TaskSet 0.0, whose tasks have all completed, from pool 
2026-08-08 19:04:50,792 INFO scheduler.DAGScheduler: ResultStage 0 (parquet at HiggsLoader.scala:25) finished in 0.501 s
2026-08-08 19:04:50,793 INFO scheduler.DAGScheduler: Job 0 is finished. Cancelling potential speculative or zombie tasks for this job
2026-08-08 19:04:50,793 INFO scheduler.TaskSchedulerImpl: Killing all running tasks in stage 0: Stage finished
2026-08-08 19:04:50,794 INFO scheduler.DAGScheduler: Job 0 finished: parquet at HiggsLoader.scala:25, took 0.530081 s
2026-08-08 19:04:50,949 INFO storage.BlockManagerInfo: Removed broadcast_0_piece0 on 10.0.0.215:55616 in memory (size: 55.7 KiB, free: 2.2 GiB)
2026-08-08 19:04:51,840 INFO datasources.FileSourceStrategy: Pushed Filters: 
2026-08-08 19:04:51,840 INFO datasources.FileSourceStrategy: Post-Scan Filters: 
2026-08-08 19:04:51,841 INFO datasources.FileSourceStrategy: Output Data Schema: struct<label: double, f1: double, f2: double, f3: double, f4: double ... 27 more fields>
2026-08-08 19:04:51,866 WARN util.package: Truncated the string representation of a plan since it was too large. This behavior can be adjusted by setting 'spark.sql.debug.maxToStringFields'.
2026-08-08 19:04:51,879 INFO datasources.InMemoryFileIndex: It took 1 ms to list leaf files for 1 paths.
2026-08-08 19:04:51,920 INFO spark.SparkContext: Starting job: parquet at HiggsLoader.scala:25
2026-08-08 19:04:51,921 INFO scheduler.DAGScheduler: Got job 1 (parquet at HiggsLoader.scala:25) with 1 output partitions
2026-08-08 19:04:51,921 INFO scheduler.DAGScheduler: Final stage: ResultStage 1 (parquet at HiggsLoader.scala:25)
2026-08-08 19:04:51,921 INFO scheduler.DAGScheduler: Parents of final stage: List()
2026-08-08 19:04:51,921 INFO scheduler.DAGScheduler: Missing parents: List()
2026-08-08 19:04:51,921 INFO scheduler.DAGScheduler: Submitting ResultStage 1 (MapPartitionsRDD[3] at parquet at HiggsLoader.scala:25), which has no missing parents
2026-08-08 19:04:51,932 INFO memory.MemoryStore: Block broadcast_1 stored as values in memory (estimated size 151.6 KiB, free 2.2 GiB)
2026-08-08 19:04:51,933 INFO memory.MemoryStore: Block broadcast_1_piece0 stored as bytes in memory (estimated size 55.7 KiB, free 2.2 GiB)
2026-08-08 19:04:51,934 INFO storage.BlockManagerInfo: Added broadcast_1_piece0 in memory on 10.0.0.215:55616 (size: 55.7 KiB, free: 2.2 GiB)
2026-08-08 19:04:51,934 INFO spark.SparkContext: Created broadcast 1 from broadcast at DAGScheduler.scala:1513
2026-08-08 19:04:51,934 INFO scheduler.DAGScheduler: Submitting 1 missing tasks from ResultStage 1 (MapPartitionsRDD[3] at parquet at HiggsLoader.scala:25) (first 15 tasks are for partitions Vector(0))
2026-08-08 19:04:51,934 INFO scheduler.TaskSchedulerImpl: Adding task set 1.0 with 1 tasks resource profile 0
2026-08-08 19:04:51,935 INFO scheduler.TaskSetManager: Starting task 0.0 in stage 1.0 (TID 1) (10.0.0.215, executor driver, partition 0, PROCESS_LOCAL, 4704 bytes) taskResourceAssignments Map()
2026-08-08 19:04:51,936 INFO executor.Executor: Running task 0.0 in stage 1.0 (TID 1)
2026-08-08 19:04:51,949 INFO executor.Executor: Finished task 0.0 in stage 1.0 (TID 1). 2564 bytes result sent to driver
2026-08-08 19:04:51,950 INFO scheduler.TaskSetManager: Finished task 0.0 in stage 1.0 (TID 1) in 15 ms on 10.0.0.215 (executor driver) (1/1)
2026-08-08 19:04:51,951 INFO scheduler.TaskSchedulerImpl: Removed TaskSet 1.0, whose tasks have all completed, from pool 
2026-08-08 19:04:51,951 INFO scheduler.DAGScheduler: ResultStage 1 (parquet at HiggsLoader.scala:25) finished in 0.029 s
2026-08-08 19:04:51,952 INFO scheduler.DAGScheduler: Job 1 is finished. Cancelling potential speculative or zombie tasks for this job
2026-08-08 19:04:51,952 INFO scheduler.TaskSchedulerImpl: Killing all running tasks in stage 1: Stage finished
2026-08-08 19:04:51,952 INFO scheduler.DAGScheduler: Job 1 finished: parquet at HiggsLoader.scala:25, took 0.031744 s
2026-08-08 19:04:51,986 INFO storage.BlockManagerInfo: Removed broadcast_1_piece0 on 10.0.0.215:55616 in memory (size: 55.7 KiB, free: 2.2 GiB)
2026-08-08 19:04:52,006 INFO datasources.FileSourceStrategy: Pushed Filters: 
2026-08-08 19:04:52,006 INFO datasources.FileSourceStrategy: Post-Scan Filters: 
2026-08-08 19:04:52,006 INFO datasources.FileSourceStrategy: Output Data Schema: struct<label: double, f1: double, f2: double, f3: double, f4: double ... 27 more fields>
2026-08-08 19:04:52,218 INFO codegen.CodeGenerator: Code generated in 76.842042 ms
2026-08-08 19:04:52,362 INFO codegen.CodeGenerator: Code generated in 66.900792 ms
2026-08-08 19:04:52,384 INFO memory.MemoryStore: Block broadcast_2 stored as values in memory (estimated size 305.4 KiB, free 2.2 GiB)
2026-08-08 19:04:52,413 INFO memory.MemoryStore: Block broadcast_2_piece0 stored as bytes in memory (estimated size 54.0 KiB, free 2.2 GiB)
2026-08-08 19:04:52,413 INFO storage.BlockManagerInfo: Added broadcast_2_piece0 in memory on 10.0.0.215:55616 (size: 54.0 KiB, free: 2.2 GiB)
2026-08-08 19:04:52,414 INFO spark.SparkContext: Created broadcast 2 from count at MLlibBaselineDriver.scala:23
2026-08-08 19:04:52,420 INFO execution.FileSourceScanExec: Planning scan with bin packing, max size: 6562005 bytes, open cost is considered as scanning 4194304 bytes.
2026-08-08 19:04:52,490 INFO scheduler.DAGScheduler: Registering RDD 13 (count at MLlibBaselineDriver.scala:23) as input to shuffle 0
2026-08-08 19:04:52,492 INFO scheduler.DAGScheduler: Got map stage job 2 (count at MLlibBaselineDriver.scala:23) with 4 output partitions
2026-08-08 19:04:52,492 INFO scheduler.DAGScheduler: Final stage: ShuffleMapStage 2 (count at MLlibBaselineDriver.scala:23)
2026-08-08 19:04:52,492 INFO scheduler.DAGScheduler: Parents of final stage: List()
2026-08-08 19:04:52,493 INFO scheduler.DAGScheduler: Missing parents: List()
2026-08-08 19:04:52,494 INFO scheduler.DAGScheduler: Submitting ShuffleMapStage 2 (MapPartitionsRDD[13] at count at MLlibBaselineDriver.scala:23), which has no missing parents
2026-08-08 19:04:52,518 INFO memory.MemoryStore: Block broadcast_3 stored as values in memory (estimated size 65.1 KiB, free 2.2 GiB)
2026-08-08 19:04:52,519 INFO memory.MemoryStore: Block broadcast_3_piece0 stored as bytes in memory (estimated size 22.5 KiB, free 2.2 GiB)
2026-08-08 19:04:52,519 INFO storage.BlockManagerInfo: Added broadcast_3_piece0 in memory on 10.0.0.215:55616 (size: 22.5 KiB, free: 2.2 GiB)
2026-08-08 19:04:52,519 INFO spark.SparkContext: Created broadcast 3 from broadcast at DAGScheduler.scala:1513
2026-08-08 19:04:52,521 INFO scheduler.DAGScheduler: Submitting 4 missing tasks from ShuffleMapStage 2 (MapPartitionsRDD[13] at count at MLlibBaselineDriver.scala:23) (first 15 tasks are for partitions Vector(0, 1, 2, 3))
2026-08-08 19:04:52,521 INFO scheduler.TaskSchedulerImpl: Adding task set 2.0 with 4 tasks resource profile 0
2026-08-08 19:04:52,523 INFO scheduler.TaskSetManager: Starting task 0.0 in stage 2.0 (TID 2) (10.0.0.215, executor driver, partition 0, PROCESS_LOCAL, 5019 bytes) taskResourceAssignments Map()
2026-08-08 19:04:52,523 INFO scheduler.TaskSetManager: Starting task 1.0 in stage 2.0 (TID 3) (10.0.0.215, executor driver, partition 1, PROCESS_LOCAL, 5019 bytes) taskResourceAssignments Map()
2026-08-08 19:04:52,523 INFO scheduler.TaskSetManager: Starting task 2.0 in stage 2.0 (TID 4) (10.0.0.215, executor driver, partition 2, PROCESS_LOCAL, 5019 bytes) taskResourceAssignments Map()
2026-08-08 19:04:52,523 INFO scheduler.TaskSetManager: Starting task 3.0 in stage 2.0 (TID 5) (10.0.0.215, executor driver, partition 3, PROCESS_LOCAL, 5019 bytes) taskResourceAssignments Map()
2026-08-08 19:04:52,523 INFO executor.Executor: Running task 0.0 in stage 2.0 (TID 2)
2026-08-08 19:04:52,524 INFO executor.Executor: Running task 1.0 in stage 2.0 (TID 3)
2026-08-08 19:04:52,524 INFO executor.Executor: Running task 3.0 in stage 2.0 (TID 5)
2026-08-08 19:04:52,524 INFO executor.Executor: Running task 2.0 in stage 2.0 (TID 4)
2026-08-08 19:04:52,607 INFO datasources.FileScanRDD: Reading File path: file:///Users/rudybanerjee/northeastern_work/CS6240/project/data/scaling/parquet_100k/train/part-00001-47b82643-ad03-48c2-bce1-e0f70a3cff7f-c000.snappy.parquet, range: 0-2721503, partition values: [empty row]
2026-08-08 19:04:52,607 INFO datasources.FileScanRDD: Reading File path: file:///Users/rudybanerjee/northeastern_work/CS6240/project/data/scaling/parquet_100k/train/part-00002-47b82643-ad03-48c2-bce1-e0f70a3cff7f-c000.snappy.parquet, range: 0-2722742, partition values: [empty row]
2026-08-08 19:04:52,607 INFO datasources.FileScanRDD: Reading File path: file:///Users/rudybanerjee/northeastern_work/CS6240/project/data/scaling/parquet_100k/train/part-00000-47b82643-ad03-48c2-bce1-e0f70a3cff7f-c000.snappy.parquet, range: 0-2723314, partition values: [empty row]
2026-08-08 19:04:52,607 INFO datasources.FileScanRDD: Reading File path: file:///Users/rudybanerjee/northeastern_work/CS6240/project/data/scaling/parquet_100k/train/part-00003-47b82643-ad03-48c2-bce1-e0f70a3cff7f-c000.snappy.parquet, range: 0-1303247, partition values: [empty row]
2026-08-08 19:04:52,698 INFO compress.CodecPool: Got brand-new decompressor [.snappy]
2026-08-08 19:04:52,698 INFO compress.CodecPool: Got brand-new decompressor [.snappy]
2026-08-08 19:04:52,698 INFO compress.CodecPool: Got brand-new decompressor [.snappy]
2026-08-08 19:04:52,698 INFO compress.CodecPool: Got brand-new decompressor [.snappy]
2026-08-08 19:04:53,024 INFO codegen.CodeGenerator: Code generated in 15.707542 ms
2026-08-08 19:04:53,304 INFO memory.MemoryStore: Block rdd_8_3 stored as values in memory (estimated size 3.0 MiB, free 2.2 GiB)
2026-08-08 19:04:53,308 INFO storage.BlockManagerInfo: Added rdd_8_3 in memory on 10.0.0.215:55616 (size: 3.0 MiB, free: 2.2 GiB)
2026-08-08 19:04:53,346 INFO codegen.CodeGenerator: Code generated in 25.956625 ms
2026-08-08 19:04:53,390 INFO memory.MemoryStore: Block rdd_8_2 stored as values in memory (estimated size 7.4 MiB, free 2.2 GiB)
2026-08-08 19:04:53,391 INFO storage.BlockManagerInfo: Added rdd_8_2 in memory on 10.0.0.215:55616 (size: 7.4 MiB, free: 2.2 GiB)
2026-08-08 19:04:53,391 INFO codegen.CodeGenerator: Code generated in 36.026333 ms
2026-08-08 19:04:53,412 INFO memory.MemoryStore: Block rdd_8_0 stored as values in memory (estimated size 7.4 MiB, free 2.2 GiB)
2026-08-08 19:04:53,413 INFO storage.BlockManagerInfo: Added rdd_8_0 in memory on 10.0.0.215:55616 (size: 7.4 MiB, free: 2.2 GiB)
2026-08-08 19:04:53,420 INFO memory.MemoryStore: Block rdd_8_1 stored as values in memory (estimated size 7.4 MiB, free 2.2 GiB)
2026-08-08 19:04:53,421 INFO storage.BlockManagerInfo: Added rdd_8_1 in memory on 10.0.0.215:55616 (size: 7.4 MiB, free: 2.2 GiB)
2026-08-08 19:04:53,432 INFO executor.Executor: Finished task 0.0 in stage 2.0 (TID 2). 2371 bytes result sent to driver
2026-08-08 19:04:53,432 INFO executor.Executor: Finished task 2.0 in stage 2.0 (TID 4). 2371 bytes result sent to driver
2026-08-08 19:04:53,432 INFO executor.Executor: Finished task 3.0 in stage 2.0 (TID 5). 2414 bytes result sent to driver
2026-08-08 19:04:53,432 INFO executor.Executor: Finished task 1.0 in stage 2.0 (TID 3). 2414 bytes result sent to driver
2026-08-08 19:04:53,434 INFO scheduler.TaskSetManager: Finished task 0.0 in stage 2.0 (TID 2) in 913 ms on 10.0.0.215 (executor driver) (1/4)
2026-08-08 19:04:53,435 INFO scheduler.TaskSetManager: Finished task 1.0 in stage 2.0 (TID 3) in 912 ms on 10.0.0.215 (executor driver) (2/4)
2026-08-08 19:04:53,435 INFO scheduler.TaskSetManager: Finished task 3.0 in stage 2.0 (TID 5) in 912 ms on 10.0.0.215 (executor driver) (3/4)
2026-08-08 19:04:53,435 INFO scheduler.TaskSetManager: Finished task 2.0 in stage 2.0 (TID 4) in 912 ms on 10.0.0.215 (executor driver) (4/4)
2026-08-08 19:04:53,435 INFO scheduler.TaskSchedulerImpl: Removed TaskSet 2.0, whose tasks have all completed, from pool 
2026-08-08 19:04:53,437 INFO scheduler.DAGScheduler: ShuffleMapStage 2 (count at MLlibBaselineDriver.scala:23) finished in 0.940 s
2026-08-08 19:04:53,437 INFO scheduler.DAGScheduler: looking for newly runnable stages
2026-08-08 19:04:53,437 INFO scheduler.DAGScheduler: running: Set()
2026-08-08 19:04:53,438 INFO scheduler.DAGScheduler: waiting: Set()
2026-08-08 19:04:53,438 INFO scheduler.DAGScheduler: failed: Set()
2026-08-08 19:04:53,459 INFO codegen.CodeGenerator: Code generated in 7.481542 ms
2026-08-08 19:04:53,482 INFO spark.SparkContext: Starting job: count at MLlibBaselineDriver.scala:23
2026-08-08 19:04:53,483 INFO scheduler.DAGScheduler: Got job 3 (count at MLlibBaselineDriver.scala:23) with 1 output partitions
2026-08-08 19:04:53,483 INFO scheduler.DAGScheduler: Final stage: ResultStage 4 (count at MLlibBaselineDriver.scala:23)
2026-08-08 19:04:53,483 INFO scheduler.DAGScheduler: Parents of final stage: List(ShuffleMapStage 3)
2026-08-08 19:04:53,483 INFO scheduler.DAGScheduler: Missing parents: List()
2026-08-08 19:04:53,484 INFO scheduler.DAGScheduler: Submitting ResultStage 4 (MapPartitionsRDD[16] at count at MLlibBaselineDriver.scala:23), which has no missing parents
2026-08-08 19:04:53,488 INFO memory.MemoryStore: Block broadcast_4 stored as values in memory (estimated size 11.1 KiB, free 2.2 GiB)
2026-08-08 19:04:53,492 INFO memory.MemoryStore: Block broadcast_4_piece0 stored as bytes in memory (estimated size 5.5 KiB, free 2.2 GiB)
2026-08-08 19:04:53,493 INFO storage.BlockManagerInfo: Added broadcast_4_piece0 in memory on 10.0.0.215:55616 (size: 5.5 KiB, free: 2.2 GiB)
2026-08-08 19:04:53,493 INFO spark.SparkContext: Created broadcast 4 from broadcast at DAGScheduler.scala:1513
2026-08-08 19:04:53,494 INFO scheduler.DAGScheduler: Submitting 1 missing tasks from ResultStage 4 (MapPartitionsRDD[16] at count at MLlibBaselineDriver.scala:23) (first 15 tasks are for partitions Vector(0))
2026-08-08 19:04:53,494 INFO scheduler.TaskSchedulerImpl: Adding task set 4.0 with 1 tasks resource profile 0
2026-08-08 19:04:53,497 INFO scheduler.TaskSetManager: Starting task 0.0 in stage 4.0 (TID 6) (10.0.0.215, executor driver, partition 0, NODE_LOCAL, 4453 bytes) taskResourceAssignments Map()
2026-08-08 19:04:53,498 INFO executor.Executor: Running task 0.0 in stage 4.0 (TID 6)
2026-08-08 19:04:53,524 INFO storage.ShuffleBlockFetcherIterator: Getting 4 (240.0 B) non-empty blocks including 4 (240.0 B) local and 0 (0.0 B) host-local and 0 (0.0 B) push-merged-local and 0 (0.0 B) remote blocks
2026-08-08 19:04:53,524 INFO storage.ShuffleBlockFetcherIterator: Started 0 remote fetches in 13 ms
2026-08-08 19:04:53,527 INFO storage.BlockManagerInfo: Removed broadcast_3_piece0 on 10.0.0.215:55616 in memory (size: 22.5 KiB, free: 2.2 GiB)
2026-08-08 19:04:53,543 INFO executor.Executor: Finished task 0.0 in stage 4.0 (TID 6). 2656 bytes result sent to driver
2026-08-08 19:04:53,545 INFO scheduler.TaskSetManager: Finished task 0.0 in stage 4.0 (TID 6) in 49 ms on 10.0.0.215 (executor driver) (1/1)
2026-08-08 19:04:53,545 INFO scheduler.TaskSchedulerImpl: Removed TaskSet 4.0, whose tasks have all completed, from pool 
2026-08-08 19:04:53,546 INFO scheduler.DAGScheduler: ResultStage 4 (count at MLlibBaselineDriver.scala:23) finished in 0.058 s
2026-08-08 19:04:53,546 INFO scheduler.DAGScheduler: Job 3 is finished. Cancelling potential speculative or zombie tasks for this job
2026-08-08 19:04:53,546 INFO scheduler.TaskSchedulerImpl: Killing all running tasks in stage 4: Stage finished
2026-08-08 19:04:53,546 INFO scheduler.DAGScheduler: Job 3 finished: count at MLlibBaselineDriver.scala:23, took 0.064200 s
2026-08-08 19:04:53,589 INFO memory.MemoryStore: Block broadcast_5 stored as values in memory (estimated size 305.4 KiB, free 2.2 GiB)
2026-08-08 19:04:53,600 INFO memory.MemoryStore: Block broadcast_5_piece0 stored as bytes in memory (estimated size 54.0 KiB, free 2.2 GiB)
2026-08-08 19:04:53,601 INFO storage.BlockManagerInfo: Added broadcast_5_piece0 in memory on 10.0.0.215:55616 (size: 54.0 KiB, free: 2.2 GiB)
2026-08-08 19:04:53,601 INFO spark.SparkContext: Created broadcast 5 from count at MLlibBaselineDriver.scala:24
2026-08-08 19:04:53,602 INFO execution.FileSourceScanExec: Planning scan with bin packing, max size: 4194304 bytes, open cost is considered as scanning 4194304 bytes.
2026-08-08 19:04:53,613 INFO scheduler.DAGScheduler: Registering RDD 26 (count at MLlibBaselineDriver.scala:24) as input to shuffle 1
2026-08-08 19:04:53,613 INFO scheduler.DAGScheduler: Got map stage job 4 (count at MLlibBaselineDriver.scala:24) with 2 output partitions
2026-08-08 19:04:53,613 INFO scheduler.DAGScheduler: Final stage: ShuffleMapStage 5 (count at MLlibBaselineDriver.scala:24)
2026-08-08 19:04:53,613 INFO scheduler.DAGScheduler: Parents of final stage: List()
2026-08-08 19:04:53,614 INFO scheduler.DAGScheduler: Missing parents: List()
2026-08-08 19:04:53,615 INFO scheduler.DAGScheduler: Submitting ShuffleMapStage 5 (MapPartitionsRDD[26] at count at MLlibBaselineDriver.scala:24), which has no missing parents
2026-08-08 19:04:53,620 INFO memory.MemoryStore: Block broadcast_6 stored as values in memory (estimated size 65.2 KiB, free 2.2 GiB)
2026-08-08 19:04:53,621 INFO memory.MemoryStore: Block broadcast_6_piece0 stored as bytes in memory (estimated size 22.6 KiB, free 2.2 GiB)
2026-08-08 19:04:53,621 INFO storage.BlockManagerInfo: Added broadcast_6_piece0 in memory on 10.0.0.215:55616 (size: 22.6 KiB, free: 2.2 GiB)
2026-08-08 19:04:53,621 INFO spark.SparkContext: Created broadcast 6 from broadcast at DAGScheduler.scala:1513
2026-08-08 19:04:53,622 INFO scheduler.DAGScheduler: Submitting 2 missing tasks from ShuffleMapStage 5 (MapPartitionsRDD[26] at count at MLlibBaselineDriver.scala:24) (first 15 tasks are for partitions Vector(0, 1))
2026-08-08 19:04:53,622 INFO scheduler.TaskSchedulerImpl: Adding task set 5.0 with 2 tasks resource profile 0
2026-08-08 19:04:53,622 INFO scheduler.TaskSetManager: Starting task 0.0 in stage 5.0 (TID 7) (10.0.0.215, executor driver, partition 0, PROCESS_LOCAL, 5018 bytes) taskResourceAssignments Map()
2026-08-08 19:04:53,622 INFO scheduler.TaskSetManager: Starting task 1.0 in stage 5.0 (TID 8) (10.0.0.215, executor driver, partition 1, PROCESS_LOCAL, 5018 bytes) taskResourceAssignments Map()
2026-08-08 19:04:53,623 INFO executor.Executor: Running task 0.0 in stage 5.0 (TID 7)
2026-08-08 19:04:53,623 INFO executor.Executor: Running task 1.0 in stage 5.0 (TID 8)
2026-08-08 19:04:53,629 INFO datasources.FileScanRDD: Reading File path: file:///Users/rudybanerjee/northeastern_work/CS6240/project/data/scaling/parquet_100k/test/part-00003-071e19e7-5af4-4303-a39d-3980b05696f5-c000.snappy.parquet, range: 0-1237681, partition values: [empty row]
2026-08-08 19:04:53,629 INFO datasources.FileScanRDD: Reading File path: file:///Users/rudybanerjee/northeastern_work/CS6240/project/data/scaling/parquet_100k/test/part-00000-071e19e7-5af4-4303-a39d-3980b05696f5-c000.snappy.parquet, range: 0-2390, partition values: [empty row]
2026-08-08 19:04:53,637 INFO memory.MemoryStore: Block rdd_21_1 stored as values in memory (estimated size 16.0 B, free 2.2 GiB)
2026-08-08 19:04:53,638 INFO storage.BlockManagerInfo: Added rdd_21_1 in memory on 10.0.0.215:55616 (size: 16.0 B, free: 2.2 GiB)
2026-08-08 19:04:53,644 INFO executor.Executor: Finished task 1.0 in stage 5.0 (TID 8). 2285 bytes result sent to driver
2026-08-08 19:04:53,644 INFO scheduler.TaskSetManager: Finished task 1.0 in stage 5.0 (TID 8) in 22 ms on 10.0.0.215 (executor driver) (1/2)
2026-08-08 19:04:53,671 INFO memory.MemoryStore: Block rdd_21_0 stored as values in memory (estimated size 2.8 MiB, free 2.2 GiB)
2026-08-08 19:04:53,672 INFO storage.BlockManagerInfo: Added rdd_21_0 in memory on 10.0.0.215:55616 (size: 2.8 MiB, free: 2.2 GiB)
2026-08-08 19:04:53,676 INFO executor.Executor: Finished task 0.0 in stage 5.0 (TID 7). 2328 bytes result sent to driver
2026-08-08 19:04:53,676 INFO scheduler.TaskSetManager: Finished task 0.0 in stage 5.0 (TID 7) in 54 ms on 10.0.0.215 (executor driver) (2/2)
2026-08-08 19:04:53,676 INFO scheduler.TaskSchedulerImpl: Removed TaskSet 5.0, whose tasks have all completed, from pool 
2026-08-08 19:04:53,677 INFO scheduler.DAGScheduler: ShuffleMapStage 5 (count at MLlibBaselineDriver.scala:24) finished in 0.062 s
2026-08-08 19:04:53,677 INFO scheduler.DAGScheduler: looking for newly runnable stages
2026-08-08 19:04:53,677 INFO scheduler.DAGScheduler: running: Set()
2026-08-08 19:04:53,677 INFO scheduler.DAGScheduler: waiting: Set()
2026-08-08 19:04:53,677 INFO scheduler.DAGScheduler: failed: Set()
2026-08-08 19:04:53,694 INFO spark.SparkContext: Starting job: count at MLlibBaselineDriver.scala:24
2026-08-08 19:04:53,695 INFO scheduler.DAGScheduler: Got job 5 (count at MLlibBaselineDriver.scala:24) with 1 output partitions
2026-08-08 19:04:53,695 INFO scheduler.DAGScheduler: Final stage: ResultStage 7 (count at MLlibBaselineDriver.scala:24)
2026-08-08 19:04:53,695 INFO scheduler.DAGScheduler: Parents of final stage: List(ShuffleMapStage 6)
2026-08-08 19:04:53,695 INFO scheduler.DAGScheduler: Missing parents: List()
2026-08-08 19:04:53,695 INFO scheduler.DAGScheduler: Submitting ResultStage 7 (MapPartitionsRDD[29] at count at MLlibBaselineDriver.scala:24), which has no missing parents
2026-08-08 19:04:53,696 INFO memory.MemoryStore: Block broadcast_7 stored as values in memory (estimated size 11.1 KiB, free 2.2 GiB)
2026-08-08 19:04:53,697 INFO memory.MemoryStore: Block broadcast_7_piece0 stored as bytes in memory (estimated size 5.5 KiB, free 2.2 GiB)
2026-08-08 19:04:53,697 INFO storage.BlockManagerInfo: Added broadcast_7_piece0 in memory on 10.0.0.215:55616 (size: 5.5 KiB, free: 2.2 GiB)
2026-08-08 19:04:53,698 INFO spark.SparkContext: Created broadcast 7 from broadcast at DAGScheduler.scala:1513
2026-08-08 19:04:53,698 INFO scheduler.DAGScheduler: Submitting 1 missing tasks from ResultStage 7 (MapPartitionsRDD[29] at count at MLlibBaselineDriver.scala:24) (first 15 tasks are for partitions Vector(0))
2026-08-08 19:04:53,698 INFO scheduler.TaskSchedulerImpl: Adding task set 7.0 with 1 tasks resource profile 0
2026-08-08 19:04:53,699 INFO scheduler.TaskSetManager: Starting task 0.0 in stage 7.0 (TID 9) (10.0.0.215, executor driver, partition 0, NODE_LOCAL, 4453 bytes) taskResourceAssignments Map()
2026-08-08 19:04:53,699 INFO executor.Executor: Running task 0.0 in stage 7.0 (TID 9)
2026-08-08 19:04:53,701 INFO storage.ShuffleBlockFetcherIterator: Getting 2 (120.0 B) non-empty blocks including 2 (120.0 B) local and 0 (0.0 B) host-local and 0 (0.0 B) push-merged-local and 0 (0.0 B) remote blocks
2026-08-08 19:04:53,702 INFO storage.ShuffleBlockFetcherIterator: Started 0 remote fetches in 0 ms
2026-08-08 19:04:53,703 INFO executor.Executor: Finished task 0.0 in stage 7.0 (TID 9). 2656 bytes result sent to driver
2026-08-08 19:04:53,703 INFO scheduler.TaskSetManager: Finished task 0.0 in stage 7.0 (TID 9) in 5 ms on 10.0.0.215 (executor driver) (1/1)
2026-08-08 19:04:53,703 INFO scheduler.TaskSchedulerImpl: Removed TaskSet 7.0, whose tasks have all completed, from pool 
2026-08-08 19:04:53,704 INFO scheduler.DAGScheduler: ResultStage 7 (count at MLlibBaselineDriver.scala:24) finished in 0.008 s
2026-08-08 19:04:53,704 INFO scheduler.DAGScheduler: Job 5 is finished. Cancelling potential speculative or zombie tasks for this job
2026-08-08 19:04:53,704 INFO scheduler.TaskSchedulerImpl: Killing all running tasks in stage 7: Stage finished
2026-08-08 19:04:53,704 INFO scheduler.DAGScheduler: Job 5 finished: count at MLlibBaselineDriver.scala:24, took 0.010314 s
2026-08-08 19:04:53,737 INFO util.Instrumentation: [d82116e3] Stage class: DecisionTreeClassifier
2026-08-08 19:04:53,737 INFO util.Instrumentation: [d82116e3] Stage uid: dtc_ecf98e3c3881
2026-08-08 19:04:53,767 INFO util.Instrumentation: [d82116e3] training: numPartitions=4 storageLevel=StorageLevel(1 replicas)
2026-08-08 19:04:53,815 INFO codegen.CodeGenerator: Code generated in 16.219875 ms
2026-08-08 19:04:53,815 INFO storage.BlockManagerInfo: Removed broadcast_4_piece0 on 10.0.0.215:55616 in memory (size: 5.5 KiB, free: 2.2 GiB)
2026-08-08 19:04:53,818 INFO storage.BlockManagerInfo: Removed broadcast_7_piece0 on 10.0.0.215:55616 in memory (size: 5.5 KiB, free: 2.2 GiB)
2026-08-08 19:04:53,818 INFO scheduler.DAGScheduler: Registering RDD 40 (take at Classifier.scala:146) as input to shuffle 2
2026-08-08 19:04:53,818 INFO scheduler.DAGScheduler: Got map stage job 6 (take at Classifier.scala:146) with 4 output partitions
2026-08-08 19:04:53,819 INFO scheduler.DAGScheduler: Final stage: ShuffleMapStage 8 (take at Classifier.scala:146)
2026-08-08 19:04:53,819 INFO scheduler.DAGScheduler: Parents of final stage: List()
2026-08-08 19:04:53,819 INFO scheduler.DAGScheduler: Missing parents: List()
2026-08-08 19:04:53,820 INFO scheduler.DAGScheduler: Submitting ShuffleMapStage 8 (MapPartitionsRDD[40] at take at Classifier.scala:146), which has no missing parents
2026-08-08 19:04:53,821 INFO storage.BlockManagerInfo: Removed broadcast_6_piece0 on 10.0.0.215:55616 in memory (size: 22.6 KiB, free: 2.2 GiB)
2026-08-08 19:04:53,824 INFO memory.MemoryStore: Block broadcast_8 stored as values in memory (estimated size 66.0 KiB, free 2.2 GiB)
2026-08-08 19:04:53,824 INFO memory.MemoryStore: Block broadcast_8_piece0 stored as bytes in memory (estimated size 23.0 KiB, free 2.2 GiB)
2026-08-08 19:04:53,825 INFO storage.BlockManagerInfo: Added broadcast_8_piece0 in memory on 10.0.0.215:55616 (size: 23.0 KiB, free: 2.2 GiB)
2026-08-08 19:04:53,825 INFO spark.SparkContext: Created broadcast 8 from broadcast at DAGScheduler.scala:1513
2026-08-08 19:04:53,826 INFO scheduler.DAGScheduler: Submitting 4 missing tasks from ShuffleMapStage 8 (MapPartitionsRDD[40] at take at Classifier.scala:146) (first 15 tasks are for partitions Vector(0, 1, 2, 3))
2026-08-08 19:04:53,826 INFO scheduler.TaskSchedulerImpl: Adding task set 8.0 with 4 tasks resource profile 0
2026-08-08 19:04:53,827 INFO scheduler.TaskSetManager: Starting task 0.0 in stage 8.0 (TID 10) (10.0.0.215, executor driver, partition 0, PROCESS_LOCAL, 5019 bytes) taskResourceAssignments Map()
2026-08-08 19:04:53,827 INFO scheduler.TaskSetManager: Starting task 1.0 in stage 8.0 (TID 11) (10.0.0.215, executor driver, partition 1, PROCESS_LOCAL, 5019 bytes) taskResourceAssignments Map()
2026-08-08 19:04:53,828 INFO scheduler.TaskSetManager: Starting task 2.0 in stage 8.0 (TID 12) (10.0.0.215, executor driver, partition 2, PROCESS_LOCAL, 5019 bytes) taskResourceAssignments Map()
2026-08-08 19:04:53,828 INFO scheduler.TaskSetManager: Starting task 3.0 in stage 8.0 (TID 13) (10.0.0.215, executor driver, partition 3, PROCESS_LOCAL, 5019 bytes) taskResourceAssignments Map()
2026-08-08 19:04:53,828 INFO executor.Executor: Running task 1.0 in stage 8.0 (TID 11)
2026-08-08 19:04:53,828 INFO executor.Executor: Running task 2.0 in stage 8.0 (TID 12)
2026-08-08 19:04:53,828 INFO executor.Executor: Running task 3.0 in stage 8.0 (TID 13)
2026-08-08 19:04:53,828 INFO executor.Executor: Running task 0.0 in stage 8.0 (TID 10)
2026-08-08 19:04:53,832 INFO storage.BlockManager: Found block rdd_8_1 locally
2026-08-08 19:04:53,833 INFO storage.BlockManager: Found block rdd_8_2 locally
2026-08-08 19:04:53,834 INFO storage.BlockManager: Found block rdd_8_3 locally
2026-08-08 19:04:53,836 INFO storage.BlockManager: Found block rdd_8_0 locally
2026-08-08 19:04:53,849 INFO codegen.CodeGenerator: Code generated in 12.577958 ms
2026-08-08 19:04:53,873 INFO executor.Executor: Finished task 3.0 in stage 8.0 (TID 13). 2328 bytes result sent to driver
2026-08-08 19:04:53,874 INFO scheduler.TaskSetManager: Finished task 3.0 in stage 8.0 (TID 13) in 46 ms on 10.0.0.215 (executor driver) (1/4)
2026-08-08 19:04:53,882 INFO executor.Executor: Finished task 1.0 in stage 8.0 (TID 11). 2328 bytes result sent to driver
2026-08-08 19:04:53,882 INFO scheduler.TaskSetManager: Finished task 1.0 in stage 8.0 (TID 11) in 55 ms on 10.0.0.215 (executor driver) (2/4)
2026-08-08 19:04:53,884 INFO executor.Executor: Finished task 0.0 in stage 8.0 (TID 10). 2328 bytes result sent to driver
2026-08-08 19:04:53,884 INFO scheduler.TaskSetManager: Finished task 0.0 in stage 8.0 (TID 10) in 57 ms on 10.0.0.215 (executor driver) (3/4)
2026-08-08 19:04:53,885 INFO executor.Executor: Finished task 2.0 in stage 8.0 (TID 12). 2328 bytes result sent to driver
2026-08-08 19:04:53,888 INFO scheduler.TaskSetManager: Finished task 2.0 in stage 8.0 (TID 12) in 61 ms on 10.0.0.215 (executor driver) (4/4)
2026-08-08 19:04:53,888 INFO scheduler.TaskSchedulerImpl: Removed TaskSet 8.0, whose tasks have all completed, from pool 
2026-08-08 19:04:53,888 INFO scheduler.DAGScheduler: ShuffleMapStage 8 (take at Classifier.scala:146) finished in 0.068 s
2026-08-08 19:04:53,888 INFO scheduler.DAGScheduler: looking for newly runnable stages
2026-08-08 19:04:53,888 INFO scheduler.DAGScheduler: running: Set()
2026-08-08 19:04:53,888 INFO scheduler.DAGScheduler: waiting: Set()
2026-08-08 19:04:53,888 INFO scheduler.DAGScheduler: failed: Set()
2026-08-08 19:04:53,907 INFO codegen.CodeGenerator: Code generated in 13.307416 ms
2026-08-08 19:04:53,916 INFO spark.SparkContext: Starting job: take at Classifier.scala:146
2026-08-08 19:04:53,917 INFO scheduler.DAGScheduler: Got job 7 (take at Classifier.scala:146) with 1 output partitions
2026-08-08 19:04:53,917 INFO scheduler.DAGScheduler: Final stage: ResultStage 10 (take at Classifier.scala:146)
2026-08-08 19:04:53,917 INFO scheduler.DAGScheduler: Parents of final stage: List(ShuffleMapStage 9)
2026-08-08 19:04:53,917 INFO scheduler.DAGScheduler: Missing parents: List()
2026-08-08 19:04:53,918 INFO scheduler.DAGScheduler: Submitting ResultStage 10 (MapPartitionsRDD[43] at take at Classifier.scala:146), which has no missing parents
2026-08-08 19:04:53,919 INFO memory.MemoryStore: Block broadcast_9 stored as values in memory (estimated size 11.8 KiB, free 2.2 GiB)
2026-08-08 19:04:53,920 INFO memory.MemoryStore: Block broadcast_9_piece0 stored as bytes in memory (estimated size 5.7 KiB, free 2.2 GiB)
2026-08-08 19:04:53,921 INFO storage.BlockManagerInfo: Added broadcast_9_piece0 in memory on 10.0.0.215:55616 (size: 5.7 KiB, free: 2.2 GiB)
2026-08-08 19:04:53,921 INFO spark.SparkContext: Created broadcast 9 from broadcast at DAGScheduler.scala:1513
2026-08-08 19:04:53,921 INFO scheduler.DAGScheduler: Submitting 1 missing tasks from ResultStage 10 (MapPartitionsRDD[43] at take at Classifier.scala:146) (first 15 tasks are for partitions Vector(0))
2026-08-08 19:04:53,921 INFO scheduler.TaskSchedulerImpl: Adding task set 10.0 with 1 tasks resource profile 0
2026-08-08 19:04:53,922 INFO scheduler.TaskSetManager: Starting task 0.0 in stage 10.0 (TID 14) (10.0.0.215, executor driver, partition 0, NODE_LOCAL, 4453 bytes) taskResourceAssignments Map()
2026-08-08 19:04:53,922 INFO executor.Executor: Running task 0.0 in stage 10.0 (TID 14)
2026-08-08 19:04:53,925 INFO storage.ShuffleBlockFetcherIterator: Getting 4 (240.0 B) non-empty blocks including 4 (240.0 B) local and 0 (0.0 B) host-local and 0 (0.0 B) push-merged-local and 0 (0.0 B) remote blocks
2026-08-08 19:04:53,925 INFO storage.ShuffleBlockFetcherIterator: Started 0 remote fetches in 0 ms
2026-08-08 19:04:53,928 INFO executor.Executor: Finished task 0.0 in stage 10.0 (TID 14). 2650 bytes result sent to driver
2026-08-08 19:04:53,929 INFO scheduler.TaskSetManager: Finished task 0.0 in stage 10.0 (TID 14) in 7 ms on 10.0.0.215 (executor driver) (1/1)
2026-08-08 19:04:53,929 INFO scheduler.TaskSchedulerImpl: Removed TaskSet 10.0, whose tasks have all completed, from pool 
2026-08-08 19:04:53,930 INFO scheduler.DAGScheduler: ResultStage 10 (take at Classifier.scala:146) finished in 0.011 s
2026-08-08 19:04:53,930 INFO scheduler.DAGScheduler: Job 7 is finished. Cancelling potential speculative or zombie tasks for this job
2026-08-08 19:04:53,930 INFO scheduler.TaskSchedulerImpl: Killing all running tasks in stage 10: Stage finished
2026-08-08 19:04:53,930 INFO scheduler.DAGScheduler: Job 7 finished: take at Classifier.scala:146, took 0.013331 s
2026-08-08 19:04:53,939 INFO codegen.CodeGenerator: Code generated in 4.299833 ms
2026-08-08 19:04:53,942 INFO classification.DecisionTreeClassifier: org.apache.spark.ml.classification.DecisionTreeClassifier inferred 2 classes for labelCol=dtc_ecf98e3c3881__labelCol since numClasses was not specified in the column metadata.
2026-08-08 19:04:53,966 INFO codegen.CodeGenerator: Code generated in 12.850791 ms
2026-08-08 19:04:53,978 INFO util.Instrumentation: [d82116e3] {"numClasses":2}
2026-08-08 19:04:53,980 INFO util.Instrumentation: [d82116e3] {"labelCol":"label","featuresCol":"features","maxDepth":6}
2026-08-08 19:04:54,015 INFO spark.SparkContext: Starting job: take at DecisionTreeMetadata.scala:119
2026-08-08 19:04:54,016 INFO scheduler.DAGScheduler: Got job 8 (take at DecisionTreeMetadata.scala:119) with 1 output partitions
2026-08-08 19:04:54,016 INFO scheduler.DAGScheduler: Final stage: ResultStage 11 (take at DecisionTreeMetadata.scala:119)
2026-08-08 19:04:54,016 INFO scheduler.DAGScheduler: Parents of final stage: List()
2026-08-08 19:04:54,016 INFO scheduler.DAGScheduler: Missing parents: List()
2026-08-08 19:04:54,017 INFO scheduler.DAGScheduler: Submitting ResultStage 11 (MapPartitionsRDD[54] at map at DecisionTreeMetadata.scala:119), which has no missing parents
2026-08-08 19:04:54,019 INFO memory.MemoryStore: Block broadcast_10 stored as values in memory (estimated size 72.5 KiB, free 2.2 GiB)
2026-08-08 19:04:54,021 INFO memory.MemoryStore: Block broadcast_10_piece0 stored as bytes in memory (estimated size 25.2 KiB, free 2.2 GiB)
2026-08-08 19:04:54,021 INFO storage.BlockManagerInfo: Added broadcast_10_piece0 in memory on 10.0.0.215:55616 (size: 25.2 KiB, free: 2.2 GiB)
2026-08-08 19:04:54,021 INFO spark.SparkContext: Created broadcast 10 from broadcast at DAGScheduler.scala:1513
2026-08-08 19:04:54,021 INFO scheduler.DAGScheduler: Submitting 1 missing tasks from ResultStage 11 (MapPartitionsRDD[54] at map at DecisionTreeMetadata.scala:119) (first 15 tasks are for partitions Vector(0))
2026-08-08 19:04:54,021 INFO scheduler.TaskSchedulerImpl: Adding task set 11.0 with 1 tasks resource profile 0
2026-08-08 19:04:54,022 INFO scheduler.TaskSetManager: Starting task 0.0 in stage 11.0 (TID 15) (10.0.0.215, executor driver, partition 0, PROCESS_LOCAL, 5030 bytes) taskResourceAssignments Map()
2026-08-08 19:04:54,023 INFO executor.Executor: Running task 0.0 in stage 11.0 (TID 15)
2026-08-08 19:04:54,033 INFO storage.BlockManager: Found block rdd_8_0 locally
2026-08-08 19:04:54,045 INFO codegen.CodeGenerator: Code generated in 9.739583 ms
2026-08-08 19:04:54,054 INFO codegen.CodeGenerator: Code generated in 4.7455 ms
2026-08-08 19:04:54,064 INFO executor.Executor: 1 block locks were not released by task 0.0 in stage 11.0 (TID 15)
[rdd_8_0]
2026-08-08 19:04:54,064 INFO executor.Executor: Finished task 0.0 in stage 11.0 (TID 15). 1662 bytes result sent to driver
2026-08-08 19:04:54,065 INFO scheduler.TaskSetManager: Finished task 0.0 in stage 11.0 (TID 15) in 43 ms on 10.0.0.215 (executor driver) (1/1)
2026-08-08 19:04:54,065 INFO scheduler.TaskSchedulerImpl: Removed TaskSet 11.0, whose tasks have all completed, from pool 
2026-08-08 19:04:54,066 INFO scheduler.DAGScheduler: ResultStage 11 (take at DecisionTreeMetadata.scala:119) finished in 0.048 s
2026-08-08 19:04:54,066 INFO scheduler.DAGScheduler: Job 8 is finished. Cancelling potential speculative or zombie tasks for this job
2026-08-08 19:04:54,066 INFO scheduler.TaskSchedulerImpl: Killing all running tasks in stage 11: Stage finished
2026-08-08 19:04:54,066 INFO scheduler.DAGScheduler: Job 8 finished: take at DecisionTreeMetadata.scala:119, took 0.051082 s
2026-08-08 19:04:54,073 INFO spark.SparkContext: Starting job: aggregate at DecisionTreeMetadata.scala:125
2026-08-08 19:04:54,074 INFO scheduler.DAGScheduler: Got job 9 (aggregate at DecisionTreeMetadata.scala:125) with 4 output partitions
2026-08-08 19:04:54,074 INFO scheduler.DAGScheduler: Final stage: ResultStage 12 (aggregate at DecisionTreeMetadata.scala:125)
2026-08-08 19:04:54,074 INFO scheduler.DAGScheduler: Parents of final stage: List()
2026-08-08 19:04:54,074 INFO scheduler.DAGScheduler: Missing parents: List()
2026-08-08 19:04:54,075 INFO scheduler.DAGScheduler: Submitting ResultStage 12 (MapPartitionsRDD[53] at retag at RandomForest.scala:274), which has no missing parents
2026-08-08 19:04:54,076 INFO memory.MemoryStore: Block broadcast_11 stored as values in memory (estimated size 72.5 KiB, free 2.2 GiB)
2026-08-08 19:04:54,077 INFO memory.MemoryStore: Block broadcast_11_piece0 stored as bytes in memory (estimated size 25.2 KiB, free 2.2 GiB)
2026-08-08 19:04:54,077 INFO storage.BlockManagerInfo: Added broadcast_11_piece0 in memory on 10.0.0.215:55616 (size: 25.2 KiB, free: 2.2 GiB)
2026-08-08 19:04:54,078 INFO spark.SparkContext: Created broadcast 11 from broadcast at DAGScheduler.scala:1513
2026-08-08 19:04:54,078 INFO scheduler.DAGScheduler: Submitting 4 missing tasks from ResultStage 12 (MapPartitionsRDD[53] at retag at RandomForest.scala:274) (first 15 tasks are for partitions Vector(0, 1, 2, 3))
2026-08-08 19:04:54,078 INFO scheduler.TaskSchedulerImpl: Adding task set 12.0 with 4 tasks resource profile 0
2026-08-08 19:04:54,079 INFO scheduler.TaskSetManager: Starting task 0.0 in stage 12.0 (TID 16) (10.0.0.215, executor driver, partition 0, PROCESS_LOCAL, 5030 bytes) taskResourceAssignments Map()
2026-08-08 19:04:54,079 INFO scheduler.TaskSetManager: Starting task 1.0 in stage 12.0 (TID 17) (10.0.0.215, executor driver, partition 1, PROCESS_LOCAL, 5030 bytes) taskResourceAssignments Map()
2026-08-08 19:04:54,079 INFO scheduler.TaskSetManager: Starting task 2.0 in stage 12.0 (TID 18) (10.0.0.215, executor driver, partition 2, PROCESS_LOCAL, 5030 bytes) taskResourceAssignments Map()
2026-08-08 19:04:54,079 INFO scheduler.TaskSetManager: Starting task 3.0 in stage 12.0 (TID 19) (10.0.0.215, executor driver, partition 3, PROCESS_LOCAL, 5030 bytes) taskResourceAssignments Map()
2026-08-08 19:04:54,079 INFO executor.Executor: Running task 1.0 in stage 12.0 (TID 17)
2026-08-08 19:04:54,079 INFO executor.Executor: Running task 0.0 in stage 12.0 (TID 16)
2026-08-08 19:04:54,079 INFO executor.Executor: Running task 3.0 in stage 12.0 (TID 19)
2026-08-08 19:04:54,080 INFO executor.Executor: Running task 2.0 in stage 12.0 (TID 18)
2026-08-08 19:04:54,087 INFO storage.BlockManager: Found block rdd_8_2 locally
2026-08-08 19:04:54,087 INFO storage.BlockManager: Found block rdd_8_1 locally
2026-08-08 19:04:54,087 INFO storage.BlockManager: Found block rdd_8_3 locally
2026-08-08 19:04:54,088 INFO storage.BlockManager: Found block rdd_8_0 locally
2026-08-08 19:04:54,130 INFO executor.Executor: Finished task 3.0 in stage 12.0 (TID 19). 1777 bytes result sent to driver
2026-08-08 19:04:54,134 INFO scheduler.TaskSetManager: Finished task 3.0 in stage 12.0 (TID 19) in 55 ms on 10.0.0.215 (executor driver) (1/4)
2026-08-08 19:04:54,159 INFO executor.Executor: Finished task 1.0 in stage 12.0 (TID 17). 1820 bytes result sent to driver
2026-08-08 19:04:54,159 INFO storage.BlockManagerInfo: Removed broadcast_9_piece0 on 10.0.0.215:55616 in memory (size: 5.7 KiB, free: 2.2 GiB)
2026-08-08 19:04:54,159 INFO scheduler.TaskSetManager: Finished task 1.0 in stage 12.0 (TID 17) in 80 ms on 10.0.0.215 (executor driver) (2/4)
2026-08-08 19:04:54,162 INFO storage.BlockManagerInfo: Removed broadcast_10_piece0 on 10.0.0.215:55616 in memory (size: 25.2 KiB, free: 2.2 GiB)
2026-08-08 19:04:54,165 INFO storage.BlockManagerInfo: Removed broadcast_8_piece0 on 10.0.0.215:55616 in memory (size: 23.0 KiB, free: 2.2 GiB)
2026-08-08 19:04:54,167 INFO executor.Executor: Finished task 2.0 in stage 12.0 (TID 18). 1820 bytes result sent to driver
2026-08-08 19:04:54,168 INFO scheduler.TaskSetManager: Finished task 2.0 in stage 12.0 (TID 18) in 89 ms on 10.0.0.215 (executor driver) (3/4)
2026-08-08 19:04:54,170 INFO executor.Executor: Finished task 0.0 in stage 12.0 (TID 16). 1820 bytes result sent to driver
2026-08-08 19:04:54,172 INFO scheduler.TaskSetManager: Finished task 0.0 in stage 12.0 (TID 16) in 93 ms on 10.0.0.215 (executor driver) (4/4)
2026-08-08 19:04:54,172 INFO scheduler.TaskSchedulerImpl: Removed TaskSet 12.0, whose tasks have all completed, from pool 
2026-08-08 19:04:54,173 INFO scheduler.DAGScheduler: ResultStage 12 (aggregate at DecisionTreeMetadata.scala:125) finished in 0.098 s
2026-08-08 19:04:54,173 INFO scheduler.DAGScheduler: Job 9 is finished. Cancelling potential speculative or zombie tasks for this job
2026-08-08 19:04:54,173 INFO scheduler.TaskSchedulerImpl: Killing all running tasks in stage 12: Stage finished
2026-08-08 19:04:54,174 INFO scheduler.DAGScheduler: Job 9 finished: aggregate at DecisionTreeMetadata.scala:125, took 0.099598 s
2026-08-08 19:04:54,237 INFO spark.SparkContext: Starting job: collectAsMap at RandomForest.scala:1054
2026-08-08 19:04:54,239 INFO scheduler.DAGScheduler: Registering RDD 57 (flatMap at RandomForest.scala:1039) as input to shuffle 3
2026-08-08 19:04:54,239 INFO scheduler.DAGScheduler: Got job 10 (collectAsMap at RandomForest.scala:1054) with 4 output partitions
2026-08-08 19:04:54,239 INFO scheduler.DAGScheduler: Final stage: ResultStage 14 (collectAsMap at RandomForest.scala:1054)
2026-08-08 19:04:54,239 INFO scheduler.DAGScheduler: Parents of final stage: List(ShuffleMapStage 13)
2026-08-08 19:04:54,239 INFO scheduler.DAGScheduler: Missing parents: List(ShuffleMapStage 13)
2026-08-08 19:04:54,241 INFO scheduler.DAGScheduler: Submitting ShuffleMapStage 13 (MapPartitionsRDD[57] at flatMap at RandomForest.scala:1039), which has no missing parents
2026-08-08 19:04:54,246 INFO memory.MemoryStore: Block broadcast_12 stored as values in memory (estimated size 77.3 KiB, free 2.2 GiB)
2026-08-08 19:04:54,247 INFO memory.MemoryStore: Block broadcast_12_piece0 stored as bytes in memory (estimated size 27.1 KiB, free 2.2 GiB)
2026-08-08 19:04:54,247 INFO storage.BlockManagerInfo: Added broadcast_12_piece0 in memory on 10.0.0.215:55616 (size: 27.1 KiB, free: 2.2 GiB)
2026-08-08 19:04:54,248 INFO spark.SparkContext: Created broadcast 12 from broadcast at DAGScheduler.scala:1513
2026-08-08 19:04:54,248 INFO scheduler.DAGScheduler: Submitting 4 missing tasks from ShuffleMapStage 13 (MapPartitionsRDD[57] at flatMap at RandomForest.scala:1039) (first 15 tasks are for partitions Vector(0, 1, 2, 3))
2026-08-08 19:04:54,248 INFO scheduler.TaskSchedulerImpl: Adding task set 13.0 with 4 tasks resource profile 0
2026-08-08 19:04:54,250 INFO scheduler.TaskSetManager: Starting task 0.0 in stage 13.0 (TID 20) (10.0.0.215, executor driver, partition 0, PROCESS_LOCAL, 5128 bytes) taskResourceAssignments Map()
2026-08-08 19:04:54,250 INFO scheduler.TaskSetManager: Starting task 1.0 in stage 13.0 (TID 21) (10.0.0.215, executor driver, partition 1, PROCESS_LOCAL, 5128 bytes) taskResourceAssignments Map()
2026-08-08 19:04:54,250 INFO scheduler.TaskSetManager: Starting task 2.0 in stage 13.0 (TID 22) (10.0.0.215, executor driver, partition 2, PROCESS_LOCAL, 5128 bytes) taskResourceAssignments Map()
2026-08-08 19:04:54,250 INFO scheduler.TaskSetManager: Starting task 3.0 in stage 13.0 (TID 23) (10.0.0.215, executor driver, partition 3, PROCESS_LOCAL, 5128 bytes) taskResourceAssignments Map()
2026-08-08 19:04:54,250 INFO executor.Executor: Running task 0.0 in stage 13.0 (TID 20)
2026-08-08 19:04:54,250 INFO executor.Executor: Running task 2.0 in stage 13.0 (TID 22)
2026-08-08 19:04:54,250 INFO executor.Executor: Running task 1.0 in stage 13.0 (TID 21)
2026-08-08 19:04:54,250 INFO executor.Executor: Running task 3.0 in stage 13.0 (TID 23)
2026-08-08 19:04:54,279 INFO storage.BlockManager: Found block rdd_8_1 locally
2026-08-08 19:04:54,279 INFO storage.BlockManager: Found block rdd_8_2 locally
2026-08-08 19:04:54,280 INFO storage.BlockManager: Found block rdd_8_0 locally
2026-08-08 19:04:54,280 INFO storage.BlockManager: Found block rdd_8_3 locally
2026-08-08 19:04:54,386 INFO storage.BlockManagerInfo: Removed broadcast_11_piece0 on 10.0.0.215:55616 in memory (size: 25.2 KiB, free: 2.2 GiB)
2026-08-08 19:04:54,426 INFO executor.Executor: Finished task 3.0 in stage 13.0 (TID 23). 2043 bytes result sent to driver
2026-08-08 19:04:54,427 INFO scheduler.TaskSetManager: Finished task 3.0 in stage 13.0 (TID 23) in 177 ms on 10.0.0.215 (executor driver) (1/4)
2026-08-08 19:04:54,451 INFO executor.Executor: Finished task 0.0 in stage 13.0 (TID 20). 2043 bytes result sent to driver
2026-08-08 19:04:54,452 INFO scheduler.TaskSetManager: Finished task 0.0 in stage 13.0 (TID 20) in 203 ms on 10.0.0.215 (executor driver) (2/4)
2026-08-08 19:04:54,474 INFO executor.Executor: Finished task 1.0 in stage 13.0 (TID 21). 2043 bytes result sent to driver
2026-08-08 19:04:54,475 INFO scheduler.TaskSetManager: Finished task 1.0 in stage 13.0 (TID 21) in 225 ms on 10.0.0.215 (executor driver) (3/4)
2026-08-08 19:04:54,476 INFO executor.Executor: Finished task 2.0 in stage 13.0 (TID 22). 2043 bytes result sent to driver
2026-08-08 19:04:54,477 INFO scheduler.TaskSetManager: Finished task 2.0 in stage 13.0 (TID 22) in 227 ms on 10.0.0.215 (executor driver) (4/4)
2026-08-08 19:04:54,477 INFO scheduler.TaskSchedulerImpl: Removed TaskSet 13.0, whose tasks have all completed, from pool 
2026-08-08 19:04:54,477 INFO scheduler.DAGScheduler: ShuffleMapStage 13 (flatMap at RandomForest.scala:1039) finished in 0.235 s
2026-08-08 19:04:54,477 INFO scheduler.DAGScheduler: looking for newly runnable stages
2026-08-08 19:04:54,477 INFO scheduler.DAGScheduler: running: Set()
2026-08-08 19:04:54,477 INFO scheduler.DAGScheduler: waiting: Set(ResultStage 14)
2026-08-08 19:04:54,477 INFO scheduler.DAGScheduler: failed: Set()
2026-08-08 19:04:54,478 INFO scheduler.DAGScheduler: Submitting ResultStage 14 (MapPartitionsRDD[59] at map at RandomForest.scala:1054), which has no missing parents
2026-08-08 19:04:54,479 INFO memory.MemoryStore: Block broadcast_13 stored as values in memory (estimated size 9.8 KiB, free 2.2 GiB)
2026-08-08 19:04:54,479 INFO memory.MemoryStore: Block broadcast_13_piece0 stored as bytes in memory (estimated size 4.5 KiB, free 2.2 GiB)
2026-08-08 19:04:54,479 INFO storage.BlockManagerInfo: Added broadcast_13_piece0 in memory on 10.0.0.215:55616 (size: 4.5 KiB, free: 2.2 GiB)
2026-08-08 19:04:54,480 INFO spark.SparkContext: Created broadcast 13 from broadcast at DAGScheduler.scala:1513
2026-08-08 19:04:54,480 INFO scheduler.DAGScheduler: Submitting 4 missing tasks from ResultStage 14 (MapPartitionsRDD[59] at map at RandomForest.scala:1054) (first 15 tasks are for partitions Vector(0, 1, 2, 3))
2026-08-08 19:04:54,480 INFO scheduler.TaskSchedulerImpl: Adding task set 14.0 with 4 tasks resource profile 0
2026-08-08 19:04:54,481 INFO scheduler.TaskSetManager: Starting task 0.0 in stage 14.0 (TID 24) (10.0.0.215, executor driver, partition 0, NODE_LOCAL, 4271 bytes) taskResourceAssignments Map()
2026-08-08 19:04:54,481 INFO scheduler.TaskSetManager: Starting task 1.0 in stage 14.0 (TID 25) (10.0.0.215, executor driver, partition 1, NODE_LOCAL, 4271 bytes) taskResourceAssignments Map()
2026-08-08 19:04:54,481 INFO scheduler.TaskSetManager: Starting task 2.0 in stage 14.0 (TID 26) (10.0.0.215, executor driver, partition 2, NODE_LOCAL, 4271 bytes) taskResourceAssignments Map()
2026-08-08 19:04:54,481 INFO scheduler.TaskSetManager: Starting task 3.0 in stage 14.0 (TID 27) (10.0.0.215, executor driver, partition 3, NODE_LOCAL, 4271 bytes) taskResourceAssignments Map()
2026-08-08 19:04:54,481 INFO executor.Executor: Running task 1.0 in stage 14.0 (TID 25)
2026-08-08 19:04:54,481 INFO executor.Executor: Running task 0.0 in stage 14.0 (TID 24)
2026-08-08 19:04:54,481 INFO executor.Executor: Running task 2.0 in stage 14.0 (TID 26)
2026-08-08 19:04:54,481 INFO executor.Executor: Running task 3.0 in stage 14.0 (TID 27)
2026-08-08 19:04:54,483 INFO storage.ShuffleBlockFetcherIterator: Getting 4 (337.2 KiB) non-empty blocks including 4 (337.2 KiB) local and 0 (0.0 B) host-local and 0 (0.0 B) push-merged-local and 0 (0.0 B) remote blocks
2026-08-08 19:04:54,483 INFO storage.ShuffleBlockFetcherIterator: Started 0 remote fetches in 0 ms
2026-08-08 19:04:54,483 INFO storage.ShuffleBlockFetcherIterator: Getting 4 (683.9 KiB) non-empty blocks including 4 (683.9 KiB) local and 0 (0.0 B) host-local and 0 (0.0 B) push-merged-local and 0 (0.0 B) remote blocks
2026-08-08 19:04:54,483 INFO storage.ShuffleBlockFetcherIterator: Started 0 remote fetches in 0 ms
2026-08-08 19:04:54,484 INFO storage.ShuffleBlockFetcherIterator: Getting 4 (664.5 KiB) non-empty blocks including 4 (664.5 KiB) local and 0 (0.0 B) host-local and 0 (0.0 B) push-merged-local and 0 (0.0 B) remote blocks
2026-08-08 19:04:54,484 INFO storage.ShuffleBlockFetcherIterator: Started 0 remote fetches in 0 ms
2026-08-08 19:04:54,484 INFO storage.ShuffleBlockFetcherIterator: Getting 4 (692.2 KiB) non-empty blocks including 4 (692.2 KiB) local and 0 (0.0 B) host-local and 0 (0.0 B) push-merged-local and 0 (0.0 B) remote blocks
2026-08-08 19:04:54,484 INFO storage.ShuffleBlockFetcherIterator: Started 0 remote fetches in 0 ms
2026-08-08 19:04:54,519 INFO storage.BlockManagerInfo: Removed broadcast_12_piece0 on 10.0.0.215:55616 in memory (size: 27.1 KiB, free: 2.2 GiB)
2026-08-08 19:04:54,603 INFO executor.Executor: Finished task 0.0 in stage 14.0 (TID 24). 3672 bytes result sent to driver
2026-08-08 19:04:54,604 INFO scheduler.TaskSetManager: Finished task 0.0 in stage 14.0 (TID 24) in 124 ms on 10.0.0.215 (executor driver) (1/4)
2026-08-08 19:04:54,630 INFO executor.Executor: Finished task 2.0 in stage 14.0 (TID 26). 5799 bytes result sent to driver
2026-08-08 19:04:54,631 INFO scheduler.TaskSetManager: Finished task 2.0 in stage 14.0 (TID 26) in 150 ms on 10.0.0.215 (executor driver) (2/4)
2026-08-08 19:04:54,643 INFO executor.Executor: Finished task 3.0 in stage 14.0 (TID 27). 5799 bytes result sent to driver
2026-08-08 19:04:54,643 INFO scheduler.TaskSetManager: Finished task 3.0 in stage 14.0 (TID 27) in 162 ms on 10.0.0.215 (executor driver) (3/4)
2026-08-08 19:04:54,647 INFO executor.Executor: Finished task 1.0 in stage 14.0 (TID 25). 5799 bytes result sent to driver
2026-08-08 19:04:54,648 INFO scheduler.TaskSetManager: Finished task 1.0 in stage 14.0 (TID 25) in 167 ms on 10.0.0.215 (executor driver) (4/4)
2026-08-08 19:04:54,648 INFO scheduler.TaskSchedulerImpl: Removed TaskSet 14.0, whose tasks have all completed, from pool 
2026-08-08 19:04:54,648 INFO scheduler.DAGScheduler: ResultStage 14 (collectAsMap at RandomForest.scala:1054) finished in 0.170 s
2026-08-08 19:04:54,648 INFO scheduler.DAGScheduler: Job 10 is finished. Cancelling potential speculative or zombie tasks for this job
2026-08-08 19:04:54,648 INFO scheduler.TaskSchedulerImpl: Killing all running tasks in stage 14: Stage finished
2026-08-08 19:04:54,648 INFO scheduler.DAGScheduler: Job 10 finished: collectAsMap at RandomForest.scala:1054, took 0.410915 s
2026-08-08 19:04:54,654 INFO memory.MemoryStore: Block broadcast_14 stored as values in memory (estimated size 21.8 KiB, free 2.2 GiB)
2026-08-08 19:04:54,655 INFO memory.MemoryStore: Block broadcast_14_piece0 stored as bytes in memory (estimated size 5.8 KiB, free 2.2 GiB)
2026-08-08 19:04:54,655 INFO storage.BlockManagerInfo: Added broadcast_14_piece0 in memory on 10.0.0.215:55616 (size: 5.8 KiB, free: 2.2 GiB)
2026-08-08 19:04:54,656 INFO spark.SparkContext: Created broadcast 14 from broadcast at RandomForest.scala:293
2026-08-08 19:04:54,661 INFO util.Instrumentation: [d82116e3] {"numFeatures":28}
2026-08-08 19:04:54,661 INFO util.Instrumentation: [d82116e3] {"numClasses":2}
2026-08-08 19:04:54,661 INFO util.Instrumentation: [d82116e3] {"numExamples":90000}
2026-08-08 19:04:54,662 INFO util.Instrumentation: [d82116e3] {"sumOfWeights":90000.0}
2026-08-08 19:04:54,666 INFO memory.MemoryStore: Block broadcast_15 stored as values in memory (estimated size 40.0 B, free 2.2 GiB)
2026-08-08 19:04:54,666 INFO memory.MemoryStore: Block broadcast_15_piece0 stored as bytes in memory (estimated size 101.0 B, free 2.2 GiB)
2026-08-08 19:04:54,666 INFO storage.BlockManagerInfo: Added broadcast_15_piece0 in memory on 10.0.0.215:55616 (size: 101.0 B, free: 2.2 GiB)
2026-08-08 19:04:54,667 INFO spark.SparkContext: Created broadcast 15 from broadcast at RandomForest.scala:622
2026-08-08 19:04:54,694 INFO spark.SparkContext: Starting job: collectAsMap at RandomForest.scala:663
2026-08-08 19:04:54,695 INFO scheduler.DAGScheduler: Registering RDD 62 (mapPartitions at RandomForest.scala:644) as input to shuffle 4
2026-08-08 19:04:54,695 INFO scheduler.DAGScheduler: Got job 11 (collectAsMap at RandomForest.scala:663) with 4 output partitions
2026-08-08 19:04:54,695 INFO scheduler.DAGScheduler: Final stage: ResultStage 16 (collectAsMap at RandomForest.scala:663)
2026-08-08 19:04:54,695 INFO scheduler.DAGScheduler: Parents of final stage: List(ShuffleMapStage 15)
2026-08-08 19:04:54,695 INFO scheduler.DAGScheduler: Missing parents: List(ShuffleMapStage 15)
2026-08-08 19:04:54,696 INFO scheduler.DAGScheduler: Submitting ShuffleMapStage 15 (MapPartitionsRDD[62] at mapPartitions at RandomForest.scala:644), which has no missing parents
2026-08-08 19:04:54,700 INFO memory.MemoryStore: Block broadcast_16 stored as values in memory (estimated size 82.9 KiB, free 2.2 GiB)
2026-08-08 19:04:54,700 INFO memory.MemoryStore: Block broadcast_16_piece0 stored as bytes in memory (estimated size 32.0 KiB, free 2.2 GiB)
2026-08-08 19:04:54,702 INFO storage.BlockManagerInfo: Added broadcast_16_piece0 in memory on 10.0.0.215:55616 (size: 32.0 KiB, free: 2.2 GiB)
2026-08-08 19:04:54,702 INFO spark.SparkContext: Created broadcast 16 from broadcast at DAGScheduler.scala:1513
2026-08-08 19:04:54,702 INFO scheduler.DAGScheduler: Submitting 4 missing tasks from ShuffleMapStage 15 (MapPartitionsRDD[62] at mapPartitions at RandomForest.scala:644) (first 15 tasks are for partitions Vector(0, 1, 2, 3))
2026-08-08 19:04:54,702 INFO scheduler.TaskSchedulerImpl: Adding task set 15.0 with 4 tasks resource profile 0
2026-08-08 19:04:54,703 INFO scheduler.TaskSetManager: Starting task 0.0 in stage 15.0 (TID 28) (10.0.0.215, executor driver, partition 0, PROCESS_LOCAL, 5019 bytes) taskResourceAssignments Map()
2026-08-08 19:04:54,703 INFO scheduler.TaskSetManager: Starting task 1.0 in stage 15.0 (TID 29) (10.0.0.215, executor driver, partition 1, PROCESS_LOCAL, 5019 bytes) taskResourceAssignments Map()
2026-08-08 19:04:54,703 INFO scheduler.TaskSetManager: Starting task 2.0 in stage 15.0 (TID 30) (10.0.0.215, executor driver, partition 2, PROCESS_LOCAL, 5019 bytes) taskResourceAssignments Map()
2026-08-08 19:04:54,703 INFO scheduler.TaskSetManager: Starting task 3.0 in stage 15.0 (TID 31) (10.0.0.215, executor driver, partition 3, PROCESS_LOCAL, 5019 bytes) taskResourceAssignments Map()
2026-08-08 19:04:54,703 INFO executor.Executor: Running task 1.0 in stage 15.0 (TID 29)
2026-08-08 19:04:54,703 INFO executor.Executor: Running task 0.0 in stage 15.0 (TID 28)
2026-08-08 19:04:54,703 INFO executor.Executor: Running task 3.0 in stage 15.0 (TID 31)
2026-08-08 19:04:54,703 INFO executor.Executor: Running task 2.0 in stage 15.0 (TID 30)
2026-08-08 19:04:54,716 INFO storage.BlockManager: Found block rdd_8_2 locally
2026-08-08 19:04:54,716 INFO storage.BlockManager: Found block rdd_8_0 locally
2026-08-08 19:04:54,716 INFO storage.BlockManager: Found block rdd_8_1 locally
2026-08-08 19:04:54,716 INFO storage.BlockManager: Found block rdd_8_3 locally
2026-08-08 19:04:54,798 INFO storage.BlockManagerInfo: Removed broadcast_13_piece0 on 10.0.0.215:55616 in memory (size: 4.5 KiB, free: 2.2 GiB)
2026-08-08 19:04:54,845 INFO memory.MemoryStore: Block rdd_61_3 stored as values in memory (estimated size 2029.3 KiB, free 2.2 GiB)
2026-08-08 19:04:54,845 INFO storage.BlockManagerInfo: Added rdd_61_3 in memory on 10.0.0.215:55616 (size: 2029.3 KiB, free: 2.2 GiB)
2026-08-08 19:04:54,865 INFO memory.MemoryStore: Block rdd_61_0 stored as values in memory (estimated size 4.9 MiB, free 2.2 GiB)
2026-08-08 19:04:54,865 INFO storage.BlockManagerInfo: Added rdd_61_0 in memory on 10.0.0.215:55616 (size: 4.9 MiB, free: 2.2 GiB)
2026-08-08 19:04:54,868 INFO executor.Executor: Finished task 3.0 in stage 15.0 (TID 31). 2043 bytes result sent to driver
2026-08-08 19:04:54,869 INFO scheduler.TaskSetManager: Finished task 3.0 in stage 15.0 (TID 31) in 166 ms on 10.0.0.215 (executor driver) (1/4)
2026-08-08 19:04:54,876 INFO memory.MemoryStore: Block rdd_61_2 stored as values in memory (estimated size 4.9 MiB, free 2.2 GiB)
2026-08-08 19:04:54,876 INFO memory.MemoryStore: Block rdd_61_1 stored as values in memory (estimated size 4.9 MiB, free 2.2 GiB)
2026-08-08 19:04:54,876 INFO storage.BlockManagerInfo: Added rdd_61_2 in memory on 10.0.0.215:55616 (size: 4.9 MiB, free: 2.2 GiB)
2026-08-08 19:04:54,877 INFO storage.BlockManagerInfo: Added rdd_61_1 in memory on 10.0.0.215:55616 (size: 4.9 MiB, free: 2.2 GiB)
2026-08-08 19:04:54,881 INFO executor.Executor: Finished task 0.0 in stage 15.0 (TID 28). 2043 bytes result sent to driver
2026-08-08 19:04:54,882 INFO scheduler.TaskSetManager: Finished task 0.0 in stage 15.0 (TID 28) in 179 ms on 10.0.0.215 (executor driver) (2/4)
2026-08-08 19:04:54,887 INFO executor.Executor: Finished task 2.0 in stage 15.0 (TID 30). 2043 bytes result sent to driver
2026-08-08 19:04:54,887 INFO scheduler.TaskSetManager: Finished task 2.0 in stage 15.0 (TID 30) in 184 ms on 10.0.0.215 (executor driver) (3/4)
2026-08-08 19:04:54,891 INFO executor.Executor: Finished task 1.0 in stage 15.0 (TID 29). 2043 bytes result sent to driver
2026-08-08 19:04:54,891 INFO scheduler.TaskSetManager: Finished task 1.0 in stage 15.0 (TID 29) in 188 ms on 10.0.0.215 (executor driver) (4/4)
2026-08-08 19:04:54,891 INFO scheduler.TaskSchedulerImpl: Removed TaskSet 15.0, whose tasks have all completed, from pool 
2026-08-08 19:04:54,892 INFO scheduler.DAGScheduler: ShuffleMapStage 15 (mapPartitions at RandomForest.scala:644) finished in 0.195 s
2026-08-08 19:04:54,892 INFO scheduler.DAGScheduler: looking for newly runnable stages
2026-08-08 19:04:54,892 INFO scheduler.DAGScheduler: running: Set()
2026-08-08 19:04:54,892 INFO scheduler.DAGScheduler: waiting: Set(ResultStage 16)
2026-08-08 19:04:54,892 INFO scheduler.DAGScheduler: failed: Set()
2026-08-08 19:04:54,892 INFO scheduler.DAGScheduler: Submitting ResultStage 16 (MapPartitionsRDD[64] at map at RandomForest.scala:663), which has no missing parents
2026-08-08 19:04:54,894 INFO memory.MemoryStore: Block broadcast_17 stored as values in memory (estimated size 6.9 KiB, free 2.2 GiB)
2026-08-08 19:04:54,894 INFO memory.MemoryStore: Block broadcast_17_piece0 stored as bytes in memory (estimated size 3.7 KiB, free 2.2 GiB)
2026-08-08 19:04:54,894 INFO storage.BlockManagerInfo: Added broadcast_17_piece0 in memory on 10.0.0.215:55616 (size: 3.7 KiB, free: 2.2 GiB)
2026-08-08 19:04:54,895 INFO spark.SparkContext: Created broadcast 17 from broadcast at DAGScheduler.scala:1513
2026-08-08 19:04:54,896 INFO scheduler.DAGScheduler: Submitting 4 missing tasks from ResultStage 16 (MapPartitionsRDD[64] at map at RandomForest.scala:663) (first 15 tasks are for partitions Vector(0, 1, 2, 3))
2026-08-08 19:04:54,896 INFO scheduler.TaskSchedulerImpl: Adding task set 16.0 with 4 tasks resource profile 0
2026-08-08 19:04:54,897 INFO scheduler.TaskSetManager: Starting task 0.0 in stage 16.0 (TID 32) (10.0.0.215, executor driver, partition 0, NODE_LOCAL, 4271 bytes) taskResourceAssignments Map()
2026-08-08 19:04:54,899 INFO scheduler.TaskSetManager: Starting task 1.0 in stage 16.0 (TID 33) (10.0.0.215, executor driver, partition 1, PROCESS_LOCAL, 4271 bytes) taskResourceAssignments Map()
2026-08-08 19:04:54,899 INFO scheduler.TaskSetManager: Starting task 2.0 in stage 16.0 (TID 34) (10.0.0.215, executor driver, partition 2, PROCESS_LOCAL, 4271 bytes) taskResourceAssignments Map()
2026-08-08 19:04:54,899 INFO scheduler.TaskSetManager: Starting task 3.0 in stage 16.0 (TID 35) (10.0.0.215, executor driver, partition 3, PROCESS_LOCAL, 4271 bytes) taskResourceAssignments Map()
2026-08-08 19:04:54,899 INFO executor.Executor: Running task 2.0 in stage 16.0 (TID 34)
2026-08-08 19:04:54,899 INFO executor.Executor: Running task 3.0 in stage 16.0 (TID 35)
2026-08-08 19:04:54,900 INFO executor.Executor: Running task 1.0 in stage 16.0 (TID 33)
2026-08-08 19:04:54,899 INFO executor.Executor: Running task 0.0 in stage 16.0 (TID 32)
2026-08-08 19:04:54,904 INFO storage.ShuffleBlockFetcherIterator: Getting 0 (0.0 B) non-empty blocks including 0 (0.0 B) local and 0 (0.0 B) host-local and 0 (0.0 B) push-merged-local and 0 (0.0 B) remote blocks
2026-08-08 19:04:54,904 INFO storage.ShuffleBlockFetcherIterator: Getting 4 (39.5 KiB) non-empty blocks including 4 (39.5 KiB) local and 0 (0.0 B) host-local and 0 (0.0 B) push-merged-local and 0 (0.0 B) remote blocks
2026-08-08 19:04:54,904 INFO storage.ShuffleBlockFetcherIterator: Getting 0 (0.0 B) non-empty blocks including 0 (0.0 B) local and 0 (0.0 B) host-local and 0 (0.0 B) push-merged-local and 0 (0.0 B) remote blocks
2026-08-08 19:04:54,904 INFO storage.ShuffleBlockFetcherIterator: Started 0 remote fetches in 0 ms
2026-08-08 19:04:54,904 INFO storage.ShuffleBlockFetcherIterator: Started 0 remote fetches in 0 ms
2026-08-08 19:04:54,904 INFO storage.ShuffleBlockFetcherIterator: Started 0 remote fetches in 1 ms
2026-08-08 19:04:54,904 INFO storage.ShuffleBlockFetcherIterator: Getting 0 (0.0 B) non-empty blocks including 0 (0.0 B) local and 0 (0.0 B) host-local and 0 (0.0 B) push-merged-local and 0 (0.0 B) remote blocks
2026-08-08 19:04:54,904 INFO storage.ShuffleBlockFetcherIterator: Started 0 remote fetches in 1 ms
2026-08-08 19:04:54,905 INFO executor.Executor: Finished task 2.0 in stage 16.0 (TID 34). 1271 bytes result sent to driver
2026-08-08 19:04:54,905 INFO executor.Executor: Finished task 1.0 in stage 16.0 (TID 33). 1271 bytes result sent to driver
2026-08-08 19:04:54,905 INFO executor.Executor: Finished task 3.0 in stage 16.0 (TID 35). 1271 bytes result sent to driver
2026-08-08 19:04:54,905 INFO scheduler.TaskSetManager: Finished task 2.0 in stage 16.0 (TID 34) in 6 ms on 10.0.0.215 (executor driver) (1/4)
2026-08-08 19:04:54,906 INFO scheduler.TaskSetManager: Finished task 3.0 in stage 16.0 (TID 35) in 7 ms on 10.0.0.215 (executor driver) (2/4)
2026-08-08 19:04:54,906 INFO scheduler.TaskSetManager: Finished task 1.0 in stage 16.0 (TID 33) in 7 ms on 10.0.0.215 (executor driver) (3/4)
2026-08-08 19:04:54,969 INFO executor.Executor: Finished task 0.0 in stage 16.0 (TID 32). 2056 bytes result sent to driver
2026-08-08 19:04:54,970 INFO scheduler.TaskSetManager: Finished task 0.0 in stage 16.0 (TID 32) in 73 ms on 10.0.0.215 (executor driver) (4/4)
2026-08-08 19:04:54,970 INFO scheduler.TaskSchedulerImpl: Removed TaskSet 16.0, whose tasks have all completed, from pool 
2026-08-08 19:04:54,970 INFO scheduler.DAGScheduler: ResultStage 16 (collectAsMap at RandomForest.scala:663) finished in 0.077 s
2026-08-08 19:04:54,970 INFO scheduler.DAGScheduler: Job 11 is finished. Cancelling potential speculative or zombie tasks for this job
2026-08-08 19:04:54,970 INFO scheduler.TaskSchedulerImpl: Killing all running tasks in stage 16: Stage finished
2026-08-08 19:04:54,971 INFO scheduler.DAGScheduler: Job 11 finished: collectAsMap at RandomForest.scala:663, took 0.276261 s
2026-08-08 19:04:54,972 INFO broadcast.TorrentBroadcast: Destroying Broadcast(15) (from destroy at RandomForest.scala:674)
2026-08-08 19:04:54,973 INFO storage.BlockManagerInfo: Removed broadcast_15_piece0 on 10.0.0.215:55616 in memory (size: 101.0 B, free: 2.2 GiB)
2026-08-08 19:04:54,974 INFO memory.MemoryStore: Block broadcast_18 stored as values in memory (estimated size 40.0 B, free 2.2 GiB)
2026-08-08 19:04:54,974 INFO memory.MemoryStore: Block broadcast_18_piece0 stored as bytes in memory (estimated size 101.0 B, free 2.2 GiB)
2026-08-08 19:04:54,975 INFO storage.BlockManagerInfo: Added broadcast_18_piece0 in memory on 10.0.0.215:55616 (size: 101.0 B, free: 2.2 GiB)
2026-08-08 19:04:54,975 INFO spark.SparkContext: Created broadcast 18 from broadcast at RandomForest.scala:622
2026-08-08 19:04:54,991 INFO spark.SparkContext: Starting job: collectAsMap at RandomForest.scala:663
2026-08-08 19:04:54,992 INFO scheduler.DAGScheduler: Registering RDD 65 (mapPartitions at RandomForest.scala:644) as input to shuffle 5
2026-08-08 19:04:54,992 INFO scheduler.DAGScheduler: Got job 12 (collectAsMap at RandomForest.scala:663) with 4 output partitions
2026-08-08 19:04:54,992 INFO scheduler.DAGScheduler: Final stage: ResultStage 18 (collectAsMap at RandomForest.scala:663)
2026-08-08 19:04:54,992 INFO scheduler.DAGScheduler: Parents of final stage: List(ShuffleMapStage 17)
2026-08-08 19:04:54,992 INFO scheduler.DAGScheduler: Missing parents: List(ShuffleMapStage 17)
2026-08-08 19:04:54,993 INFO scheduler.DAGScheduler: Submitting ShuffleMapStage 17 (MapPartitionsRDD[65] at mapPartitions at RandomForest.scala:644), which has no missing parents
2026-08-08 19:04:54,996 INFO memory.MemoryStore: Block broadcast_19 stored as values in memory (estimated size 83.6 KiB, free 2.2 GiB)
2026-08-08 19:04:54,996 INFO memory.MemoryStore: Block broadcast_19_piece0 stored as bytes in memory (estimated size 32.4 KiB, free 2.2 GiB)
2026-08-08 19:04:54,997 INFO storage.BlockManagerInfo: Added broadcast_19_piece0 in memory on 10.0.0.215:55616 (size: 32.4 KiB, free: 2.2 GiB)
2026-08-08 19:04:54,998 INFO spark.SparkContext: Created broadcast 19 from broadcast at DAGScheduler.scala:1513
2026-08-08 19:04:54,998 INFO scheduler.DAGScheduler: Submitting 4 missing tasks from ShuffleMapStage 17 (MapPartitionsRDD[65] at mapPartitions at RandomForest.scala:644) (first 15 tasks are for partitions Vector(0, 1, 2, 3))
2026-08-08 19:04:54,998 INFO scheduler.TaskSchedulerImpl: Adding task set 17.0 with 4 tasks resource profile 0
2026-08-08 19:04:54,999 INFO scheduler.TaskSetManager: Starting task 0.0 in stage 17.0 (TID 36) (10.0.0.215, executor driver, partition 0, PROCESS_LOCAL, 5019 bytes) taskResourceAssignments Map()
2026-08-08 19:04:54,999 INFO scheduler.TaskSetManager: Starting task 1.0 in stage 17.0 (TID 37) (10.0.0.215, executor driver, partition 1, PROCESS_LOCAL, 5019 bytes) taskResourceAssignments Map()
2026-08-08 19:04:54,999 INFO scheduler.TaskSetManager: Starting task 2.0 in stage 17.0 (TID 38) (10.0.0.215, executor driver, partition 2, PROCESS_LOCAL, 5019 bytes) taskResourceAssignments Map()
2026-08-08 19:04:54,999 INFO scheduler.TaskSetManager: Starting task 3.0 in stage 17.0 (TID 39) (10.0.0.215, executor driver, partition 3, PROCESS_LOCAL, 5019 bytes) taskResourceAssignments Map()
2026-08-08 19:04:55,000 INFO executor.Executor: Running task 0.0 in stage 17.0 (TID 36)
2026-08-08 19:04:55,000 INFO executor.Executor: Running task 3.0 in stage 17.0 (TID 39)
2026-08-08 19:04:55,000 INFO executor.Executor: Running task 2.0 in stage 17.0 (TID 38)
2026-08-08 19:04:55,000 INFO executor.Executor: Running task 1.0 in stage 17.0 (TID 37)
2026-08-08 19:04:55,004 INFO storage.BlockManager: Found block rdd_61_0 locally
2026-08-08 19:04:55,005 INFO storage.BlockManager: Found block rdd_61_1 locally
2026-08-08 19:04:55,006 INFO storage.BlockManager: Found block rdd_61_3 locally
2026-08-08 19:04:55,012 INFO storage.BlockManager: Found block rdd_61_2 locally
2026-08-08 19:04:55,030 INFO executor.Executor: Finished task 3.0 in stage 17.0 (TID 39). 2000 bytes result sent to driver
2026-08-08 19:04:55,031 INFO scheduler.TaskSetManager: Finished task 3.0 in stage 17.0 (TID 39) in 32 ms on 10.0.0.215 (executor driver) (1/4)
2026-08-08 19:04:55,046 INFO executor.Executor: Finished task 2.0 in stage 17.0 (TID 38). 2000 bytes result sent to driver
2026-08-08 19:04:55,046 INFO executor.Executor: Finished task 1.0 in stage 17.0 (TID 37). 2000 bytes result sent to driver
2026-08-08 19:04:55,047 INFO scheduler.TaskSetManager: Finished task 2.0 in stage 17.0 (TID 38) in 48 ms on 10.0.0.215 (executor driver) (2/4)
2026-08-08 19:04:55,047 INFO scheduler.TaskSetManager: Finished task 1.0 in stage 17.0 (TID 37) in 48 ms on 10.0.0.215 (executor driver) (3/4)
2026-08-08 19:04:55,050 INFO executor.Executor: Finished task 0.0 in stage 17.0 (TID 36). 2000 bytes result sent to driver
2026-08-08 19:04:55,050 INFO scheduler.TaskSetManager: Finished task 0.0 in stage 17.0 (TID 36) in 51 ms on 10.0.0.215 (executor driver) (4/4)
2026-08-08 19:04:55,050 INFO scheduler.TaskSchedulerImpl: Removed TaskSet 17.0, whose tasks have all completed, from pool 
2026-08-08 19:04:55,051 INFO scheduler.DAGScheduler: ShuffleMapStage 17 (mapPartitions at RandomForest.scala:644) finished in 0.057 s
2026-08-08 19:04:55,051 INFO scheduler.DAGScheduler: looking for newly runnable stages
2026-08-08 19:04:55,051 INFO scheduler.DAGScheduler: running: Set()
2026-08-08 19:04:55,051 INFO scheduler.DAGScheduler: waiting: Set(ResultStage 18)
2026-08-08 19:04:55,051 INFO scheduler.DAGScheduler: failed: Set()
2026-08-08 19:04:55,051 INFO scheduler.DAGScheduler: Submitting ResultStage 18 (MapPartitionsRDD[67] at map at RandomForest.scala:663), which has no missing parents
2026-08-08 19:04:55,052 INFO memory.MemoryStore: Block broadcast_20 stored as values in memory (estimated size 7.4 KiB, free 2.2 GiB)
2026-08-08 19:04:55,052 INFO memory.MemoryStore: Block broadcast_20_piece0 stored as bytes in memory (estimated size 4.0 KiB, free 2.2 GiB)
2026-08-08 19:04:55,052 INFO storage.BlockManagerInfo: Added broadcast_20_piece0 in memory on 10.0.0.215:55616 (size: 4.0 KiB, free: 2.2 GiB)
2026-08-08 19:04:55,053 INFO spark.SparkContext: Created broadcast 20 from broadcast at DAGScheduler.scala:1513
2026-08-08 19:04:55,053 INFO scheduler.DAGScheduler: Submitting 4 missing tasks from ResultStage 18 (MapPartitionsRDD[67] at map at RandomForest.scala:663) (first 15 tasks are for partitions Vector(0, 1, 2, 3))
2026-08-08 19:04:55,053 INFO scheduler.TaskSchedulerImpl: Adding task set 18.0 with 4 tasks resource profile 0
2026-08-08 19:04:55,054 INFO scheduler.TaskSetManager: Starting task 0.0 in stage 18.0 (TID 40) (10.0.0.215, executor driver, partition 0, NODE_LOCAL, 4271 bytes) taskResourceAssignments Map()
2026-08-08 19:04:55,054 INFO scheduler.TaskSetManager: Starting task 1.0 in stage 18.0 (TID 41) (10.0.0.215, executor driver, partition 1, NODE_LOCAL, 4271 bytes) taskResourceAssignments Map()
2026-08-08 19:04:55,054 INFO scheduler.TaskSetManager: Starting task 2.0 in stage 18.0 (TID 42) (10.0.0.215, executor driver, partition 2, PROCESS_LOCAL, 4271 bytes) taskResourceAssignments Map()
2026-08-08 19:04:55,054 INFO scheduler.TaskSetManager: Starting task 3.0 in stage 18.0 (TID 43) (10.0.0.215, executor driver, partition 3, PROCESS_LOCAL, 4271 bytes) taskResourceAssignments Map()
2026-08-08 19:04:55,054 INFO executor.Executor: Running task 3.0 in stage 18.0 (TID 43)
2026-08-08 19:04:55,054 INFO executor.Executor: Running task 1.0 in stage 18.0 (TID 41)
2026-08-08 19:04:55,054 INFO executor.Executor: Running task 0.0 in stage 18.0 (TID 40)
2026-08-08 19:04:55,054 INFO executor.Executor: Running task 2.0 in stage 18.0 (TID 42)
2026-08-08 19:04:55,056 INFO storage.ShuffleBlockFetcherIterator: Getting 0 (0.0 B) non-empty blocks including 0 (0.0 B) local and 0 (0.0 B) host-local and 0 (0.0 B) push-merged-local and 0 (0.0 B) remote blocks
2026-08-08 19:04:55,056 INFO storage.ShuffleBlockFetcherIterator: Started 0 remote fetches in 0 ms
2026-08-08 19:04:55,056 INFO executor.Executor: Finished task 3.0 in stage 18.0 (TID 43). 1228 bytes result sent to driver
2026-08-08 19:04:55,057 INFO scheduler.TaskSetManager: Finished task 3.0 in stage 18.0 (TID 43) in 3 ms on 10.0.0.215 (executor driver) (1/4)
2026-08-08 19:04:55,057 INFO storage.ShuffleBlockFetcherIterator: Getting 0 (0.0 B) non-empty blocks including 0 (0.0 B) local and 0 (0.0 B) host-local and 0 (0.0 B) push-merged-local and 0 (0.0 B) remote blocks
2026-08-08 19:04:55,057 INFO storage.ShuffleBlockFetcherIterator: Started 0 remote fetches in 0 ms
2026-08-08 19:04:55,057 INFO storage.ShuffleBlockFetcherIterator: Getting 4 (39.5 KiB) non-empty blocks including 4 (39.5 KiB) local and 0 (0.0 B) host-local and 0 (0.0 B) push-merged-local and 0 (0.0 B) remote blocks
2026-08-08 19:04:55,057 INFO storage.ShuffleBlockFetcherIterator: Started 0 remote fetches in 0 ms
2026-08-08 19:04:55,057 INFO storage.ShuffleBlockFetcherIterator: Getting 4 (36.8 KiB) non-empty blocks including 4 (36.8 KiB) local and 0 (0.0 B) host-local and 0 (0.0 B) push-merged-local and 0 (0.0 B) remote blocks
2026-08-08 19:04:55,058 INFO executor.Executor: Finished task 2.0 in stage 18.0 (TID 42). 1271 bytes result sent to driver
2026-08-08 19:04:55,058 INFO storage.ShuffleBlockFetcherIterator: Started 0 remote fetches in 0 ms
2026-08-08 19:04:55,058 INFO scheduler.TaskSetManager: Finished task 2.0 in stage 18.0 (TID 42) in 4 ms on 10.0.0.215 (executor driver) (2/4)
2026-08-08 19:04:55,061 INFO executor.Executor: Finished task 0.0 in stage 18.0 (TID 40). 2056 bytes result sent to driver
2026-08-08 19:04:55,062 INFO scheduler.TaskSetManager: Finished task 0.0 in stage 18.0 (TID 40) in 8 ms on 10.0.0.215 (executor driver) (3/4)
2026-08-08 19:04:55,063 INFO executor.Executor: Finished task 1.0 in stage 18.0 (TID 41). 2056 bytes result sent to driver
2026-08-08 19:04:55,063 INFO scheduler.TaskSetManager: Finished task 1.0 in stage 18.0 (TID 41) in 9 ms on 10.0.0.215 (executor driver) (4/4)
2026-08-08 19:04:55,063 INFO scheduler.TaskSchedulerImpl: Removed TaskSet 18.0, whose tasks have all completed, from pool 
2026-08-08 19:04:55,063 INFO scheduler.DAGScheduler: ResultStage 18 (collectAsMap at RandomForest.scala:663) finished in 0.012 s
2026-08-08 19:04:55,063 INFO scheduler.DAGScheduler: Job 12 is finished. Cancelling potential speculative or zombie tasks for this job
2026-08-08 19:04:55,063 INFO scheduler.TaskSchedulerImpl: Killing all running tasks in stage 18: Stage finished
2026-08-08 19:04:55,063 INFO scheduler.DAGScheduler: Job 12 finished: collectAsMap at RandomForest.scala:663, took 0.072136 s
2026-08-08 19:04:55,064 INFO broadcast.TorrentBroadcast: Destroying Broadcast(18) (from destroy at RandomForest.scala:674)
2026-08-08 19:04:55,064 INFO memory.MemoryStore: Block broadcast_21 stored as values in memory (estimated size 40.0 B, free 2.2 GiB)
2026-08-08 19:04:55,065 INFO memory.MemoryStore: Block broadcast_21_piece0 stored as bytes in memory (estimated size 101.0 B, free 2.2 GiB)
2026-08-08 19:04:55,065 INFO storage.BlockManagerInfo: Removed broadcast_18_piece0 on 10.0.0.215:55616 in memory (size: 101.0 B, free: 2.2 GiB)
2026-08-08 19:04:55,065 INFO storage.BlockManagerInfo: Added broadcast_21_piece0 in memory on 10.0.0.215:55616 (size: 101.0 B, free: 2.2 GiB)
2026-08-08 19:04:55,066 INFO spark.SparkContext: Created broadcast 21 from broadcast at RandomForest.scala:622
2026-08-08 19:04:55,081 INFO spark.SparkContext: Starting job: collectAsMap at RandomForest.scala:663
2026-08-08 19:04:55,082 INFO scheduler.DAGScheduler: Registering RDD 68 (mapPartitions at RandomForest.scala:644) as input to shuffle 6
2026-08-08 19:04:55,082 INFO scheduler.DAGScheduler: Got job 13 (collectAsMap at RandomForest.scala:663) with 4 output partitions
2026-08-08 19:04:55,082 INFO scheduler.DAGScheduler: Final stage: ResultStage 20 (collectAsMap at RandomForest.scala:663)
2026-08-08 19:04:55,082 INFO scheduler.DAGScheduler: Parents of final stage: List(ShuffleMapStage 19)
2026-08-08 19:04:55,082 INFO scheduler.DAGScheduler: Missing parents: List(ShuffleMapStage 19)
2026-08-08 19:04:55,083 INFO scheduler.DAGScheduler: Submitting ShuffleMapStage 19 (MapPartitionsRDD[68] at mapPartitions at RandomForest.scala:644), which has no missing parents
2026-08-08 19:04:55,085 INFO memory.MemoryStore: Block broadcast_22 stored as values in memory (estimated size 84.3 KiB, free 2.2 GiB)
2026-08-08 19:04:55,085 INFO memory.MemoryStore: Block broadcast_22_piece0 stored as bytes in memory (estimated size 32.7 KiB, free 2.2 GiB)
2026-08-08 19:04:55,086 INFO storage.BlockManagerInfo: Added broadcast_22_piece0 in memory on 10.0.0.215:55616 (size: 32.7 KiB, free: 2.2 GiB)
2026-08-08 19:04:55,086 INFO spark.SparkContext: Created broadcast 22 from broadcast at DAGScheduler.scala:1513
2026-08-08 19:04:55,086 INFO scheduler.DAGScheduler: Submitting 4 missing tasks from ShuffleMapStage 19 (MapPartitionsRDD[68] at mapPartitions at RandomForest.scala:644) (first 15 tasks are for partitions Vector(0, 1, 2, 3))
2026-08-08 19:04:55,086 INFO scheduler.TaskSchedulerImpl: Adding task set 19.0 with 4 tasks resource profile 0
2026-08-08 19:04:55,087 INFO scheduler.TaskSetManager: Starting task 0.0 in stage 19.0 (TID 44) (10.0.0.215, executor driver, partition 0, PROCESS_LOCAL, 5019 bytes) taskResourceAssignments Map()
2026-08-08 19:04:55,087 INFO scheduler.TaskSetManager: Starting task 1.0 in stage 19.0 (TID 45) (10.0.0.215, executor driver, partition 1, PROCESS_LOCAL, 5019 bytes) taskResourceAssignments Map()
2026-08-08 19:04:55,087 INFO scheduler.TaskSetManager: Starting task 2.0 in stage 19.0 (TID 46) (10.0.0.215, executor driver, partition 2, PROCESS_LOCAL, 5019 bytes) taskResourceAssignments Map()
2026-08-08 19:04:55,087 INFO scheduler.TaskSetManager: Starting task 3.0 in stage 19.0 (TID 47) (10.0.0.215, executor driver, partition 3, PROCESS_LOCAL, 5019 bytes) taskResourceAssignments Map()
2026-08-08 19:04:55,087 INFO executor.Executor: Running task 0.0 in stage 19.0 (TID 44)
2026-08-08 19:04:55,087 INFO executor.Executor: Running task 1.0 in stage 19.0 (TID 45)
2026-08-08 19:04:55,087 INFO executor.Executor: Running task 3.0 in stage 19.0 (TID 47)
2026-08-08 19:04:55,087 INFO executor.Executor: Running task 2.0 in stage 19.0 (TID 46)
2026-08-08 19:04:55,090 INFO storage.BlockManager: Found block rdd_61_0 locally
2026-08-08 19:04:55,091 INFO storage.BlockManager: Found block rdd_61_3 locally
2026-08-08 19:04:55,095 INFO storage.BlockManager: Found block rdd_61_2 locally
2026-08-08 19:04:55,095 INFO storage.BlockManager: Found block rdd_61_1 locally
2026-08-08 19:04:55,103 INFO executor.Executor: Finished task 3.0 in stage 19.0 (TID 47). 2000 bytes result sent to driver
2026-08-08 19:04:55,104 INFO scheduler.TaskSetManager: Finished task 3.0 in stage 19.0 (TID 47) in 17 ms on 10.0.0.215 (executor driver) (1/4)
2026-08-08 19:04:55,104 INFO executor.Executor: Finished task 0.0 in stage 19.0 (TID 44). 2000 bytes result sent to driver
2026-08-08 19:04:55,105 INFO scheduler.TaskSetManager: Finished task 0.0 in stage 19.0 (TID 44) in 19 ms on 10.0.0.215 (executor driver) (2/4)
2026-08-08 19:04:55,106 INFO executor.Executor: Finished task 1.0 in stage 19.0 (TID 45). 2000 bytes result sent to driver
2026-08-08 19:04:55,107 INFO executor.Executor: Finished task 2.0 in stage 19.0 (TID 46). 2000 bytes result sent to driver
2026-08-08 19:04:55,114 INFO scheduler.TaskSetManager: Finished task 2.0 in stage 19.0 (TID 46) in 27 ms on 10.0.0.215 (executor driver) (3/4)
2026-08-08 19:04:55,114 INFO scheduler.TaskSetManager: Finished task 1.0 in stage 19.0 (TID 45) in 27 ms on 10.0.0.215 (executor driver) (4/4)
2026-08-08 19:04:55,115 INFO scheduler.TaskSchedulerImpl: Removed TaskSet 19.0, whose tasks have all completed, from pool 
2026-08-08 19:04:55,115 INFO scheduler.DAGScheduler: ShuffleMapStage 19 (mapPartitions at RandomForest.scala:644) finished in 0.032 s
2026-08-08 19:04:55,115 INFO scheduler.DAGScheduler: looking for newly runnable stages
2026-08-08 19:04:55,115 INFO scheduler.DAGScheduler: running: Set()
2026-08-08 19:04:55,115 INFO scheduler.DAGScheduler: waiting: Set(ResultStage 20)
2026-08-08 19:04:55,115 INFO scheduler.DAGScheduler: failed: Set()
2026-08-08 19:04:55,116 INFO scheduler.DAGScheduler: Submitting ResultStage 20 (MapPartitionsRDD[70] at map at RandomForest.scala:663), which has no missing parents
2026-08-08 19:04:55,116 INFO storage.BlockManagerInfo: Removed broadcast_20_piece0 on 10.0.0.215:55616 in memory (size: 4.0 KiB, free: 2.2 GiB)
2026-08-08 19:04:55,116 INFO memory.MemoryStore: Block broadcast_23 stored as values in memory (estimated size 7.6 KiB, free 2.2 GiB)
2026-08-08 19:04:55,117 INFO memory.MemoryStore: Block broadcast_23_piece0 stored as bytes in memory (estimated size 4.1 KiB, free 2.2 GiB)
2026-08-08 19:04:55,117 INFO storage.BlockManagerInfo: Added broadcast_23_piece0 in memory on 10.0.0.215:55616 (size: 4.1 KiB, free: 2.2 GiB)
2026-08-08 19:04:55,117 INFO spark.SparkContext: Created broadcast 23 from broadcast at DAGScheduler.scala:1513
2026-08-08 19:04:55,118 INFO scheduler.DAGScheduler: Submitting 4 missing tasks from ResultStage 20 (MapPartitionsRDD[70] at map at RandomForest.scala:663) (first 15 tasks are for partitions Vector(0, 1, 2, 3))
2026-08-08 19:04:55,118 INFO scheduler.TaskSchedulerImpl: Adding task set 20.0 with 4 tasks resource profile 0
2026-08-08 19:04:55,118 INFO scheduler.TaskSetManager: Starting task 0.0 in stage 20.0 (TID 48) (10.0.0.215, executor driver, partition 0, NODE_LOCAL, 4271 bytes) taskResourceAssignments Map()
2026-08-08 19:04:55,118 INFO scheduler.TaskSetManager: Starting task 1.0 in stage 20.0 (TID 49) (10.0.0.215, executor driver, partition 1, NODE_LOCAL, 4271 bytes) taskResourceAssignments Map()
2026-08-08 19:04:55,118 INFO scheduler.TaskSetManager: Starting task 2.0 in stage 20.0 (TID 50) (10.0.0.215, executor driver, partition 2, NODE_LOCAL, 4271 bytes) taskResourceAssignments Map()
2026-08-08 19:04:55,118 INFO scheduler.TaskSetManager: Starting task 3.0 in stage 20.0 (TID 51) (10.0.0.215, executor driver, partition 3, NODE_LOCAL, 4271 bytes) taskResourceAssignments Map()
2026-08-08 19:04:55,118 INFO executor.Executor: Running task 0.0 in stage 20.0 (TID 48)
2026-08-08 19:04:55,119 INFO executor.Executor: Running task 3.0 in stage 20.0 (TID 51)
2026-08-08 19:04:55,119 INFO executor.Executor: Running task 2.0 in stage 20.0 (TID 50)
2026-08-08 19:04:55,119 INFO executor.Executor: Running task 1.0 in stage 20.0 (TID 49)
2026-08-08 19:04:55,119 INFO storage.BlockManagerInfo: Removed broadcast_19_piece0 on 10.0.0.215:55616 in memory (size: 32.4 KiB, free: 2.2 GiB)
2026-08-08 19:04:55,120 INFO storage.ShuffleBlockFetcherIterator: Getting 4 (35.9 KiB) non-empty blocks including 4 (35.9 KiB) local and 0 (0.0 B) host-local and 0 (0.0 B) push-merged-local and 0 (0.0 B) remote blocks
2026-08-08 19:04:55,120 INFO storage.ShuffleBlockFetcherIterator: Getting 4 (36.8 KiB) non-empty blocks including 4 (36.8 KiB) local and 0 (0.0 B) host-local and 0 (0.0 B) push-merged-local and 0 (0.0 B) remote blocks
2026-08-08 19:04:55,120 INFO storage.ShuffleBlockFetcherIterator: Started 0 remote fetches in 0 ms
2026-08-08 19:04:55,120 INFO storage.ShuffleBlockFetcherIterator: Started 0 remote fetches in 0 ms
2026-08-08 19:04:55,121 INFO storage.ShuffleBlockFetcherIterator: Getting 4 (35.9 KiB) non-empty blocks including 4 (35.9 KiB) local and 0 (0.0 B) host-local and 0 (0.0 B) push-merged-local and 0 (0.0 B) remote blocks
2026-08-08 19:04:55,121 INFO storage.ShuffleBlockFetcherIterator: Started 0 remote fetches in 0 ms
2026-08-08 19:04:55,121 INFO storage.ShuffleBlockFetcherIterator: Getting 4 (36.8 KiB) non-empty blocks including 4 (36.8 KiB) local and 0 (0.0 B) host-local and 0 (0.0 B) push-merged-local and 0 (0.0 B) remote blocks
2026-08-08 19:04:55,121 INFO storage.ShuffleBlockFetcherIterator: Started 0 remote fetches in 0 ms
2026-08-08 19:04:55,124 INFO executor.Executor: Finished task 2.0 in stage 20.0 (TID 50). 2056 bytes result sent to driver
2026-08-08 19:04:55,125 INFO scheduler.TaskSetManager: Finished task 2.0 in stage 20.0 (TID 50) in 7 ms on 10.0.0.215 (executor driver) (1/4)
2026-08-08 19:04:55,126 INFO executor.Executor: Finished task 1.0 in stage 20.0 (TID 49). 2056 bytes result sent to driver
2026-08-08 19:04:55,126 INFO scheduler.TaskSetManager: Finished task 1.0 in stage 20.0 (TID 49) in 8 ms on 10.0.0.215 (executor driver) (2/4)
2026-08-08 19:04:55,128 INFO executor.Executor: Finished task 0.0 in stage 20.0 (TID 48). 2056 bytes result sent to driver
2026-08-08 19:04:55,128 INFO executor.Executor: Finished task 3.0 in stage 20.0 (TID 51). 2056 bytes result sent to driver
2026-08-08 19:04:55,129 INFO scheduler.TaskSetManager: Finished task 0.0 in stage 20.0 (TID 48) in 11 ms on 10.0.0.215 (executor driver) (3/4)
2026-08-08 19:04:55,130 INFO scheduler.TaskSetManager: Finished task 3.0 in stage 20.0 (TID 51) in 11 ms on 10.0.0.215 (executor driver) (4/4)
2026-08-08 19:04:55,130 INFO scheduler.TaskSchedulerImpl: Removed TaskSet 20.0, whose tasks have all completed, from pool 
2026-08-08 19:04:55,130 INFO storage.BlockManagerInfo: Removed broadcast_16_piece0 on 10.0.0.215:55616 in memory (size: 32.0 KiB, free: 2.2 GiB)
2026-08-08 19:04:55,130 INFO scheduler.DAGScheduler: ResultStage 20 (collectAsMap at RandomForest.scala:663) finished in 0.014 s
2026-08-08 19:04:55,130 INFO scheduler.DAGScheduler: Job 13 is finished. Cancelling potential speculative or zombie tasks for this job
2026-08-08 19:04:55,130 INFO scheduler.TaskSchedulerImpl: Killing all running tasks in stage 20: Stage finished
2026-08-08 19:04:55,130 INFO scheduler.DAGScheduler: Job 13 finished: collectAsMap at RandomForest.scala:663, took 0.048808 s
2026-08-08 19:04:55,131 INFO broadcast.TorrentBroadcast: Destroying Broadcast(21) (from destroy at RandomForest.scala:674)
2026-08-08 19:04:55,132 INFO storage.BlockManagerInfo: Removed broadcast_21_piece0 on 10.0.0.215:55616 in memory (size: 101.0 B, free: 2.2 GiB)
2026-08-08 19:04:55,132 INFO memory.MemoryStore: Block broadcast_24 stored as values in memory (estimated size 40.0 B, free 2.2 GiB)
2026-08-08 19:04:55,133 INFO storage.BlockManagerInfo: Removed broadcast_17_piece0 on 10.0.0.215:55616 in memory (size: 3.7 KiB, free: 2.2 GiB)
2026-08-08 19:04:55,133 INFO memory.MemoryStore: Block broadcast_24_piece0 stored as bytes in memory (estimated size 101.0 B, free 2.2 GiB)
2026-08-08 19:04:55,133 INFO storage.BlockManagerInfo: Added broadcast_24_piece0 in memory on 10.0.0.215:55616 (size: 101.0 B, free: 2.2 GiB)
2026-08-08 19:04:55,133 INFO spark.SparkContext: Created broadcast 24 from broadcast at RandomForest.scala:622
2026-08-08 19:04:55,148 INFO spark.SparkContext: Starting job: collectAsMap at RandomForest.scala:663
2026-08-08 19:04:55,151 INFO scheduler.DAGScheduler: Registering RDD 71 (mapPartitions at RandomForest.scala:644) as input to shuffle 7
2026-08-08 19:04:55,151 INFO scheduler.DAGScheduler: Got job 14 (collectAsMap at RandomForest.scala:663) with 4 output partitions
2026-08-08 19:04:55,152 INFO scheduler.DAGScheduler: Final stage: ResultStage 22 (collectAsMap at RandomForest.scala:663)
2026-08-08 19:04:55,152 INFO scheduler.DAGScheduler: Parents of final stage: List(ShuffleMapStage 21)
2026-08-08 19:04:55,152 INFO scheduler.DAGScheduler: Missing parents: List(ShuffleMapStage 21)
2026-08-08 19:04:55,152 INFO scheduler.DAGScheduler: Submitting ShuffleMapStage 21 (MapPartitionsRDD[71] at mapPartitions at RandomForest.scala:644), which has no missing parents
2026-08-08 19:04:55,154 INFO memory.MemoryStore: Block broadcast_25 stored as values in memory (estimated size 85.2 KiB, free 2.2 GiB)
2026-08-08 19:04:55,155 INFO memory.MemoryStore: Block broadcast_25_piece0 stored as bytes in memory (estimated size 33.0 KiB, free 2.2 GiB)
2026-08-08 19:04:55,155 INFO storage.BlockManagerInfo: Added broadcast_25_piece0 in memory on 10.0.0.215:55616 (size: 33.0 KiB, free: 2.2 GiB)
2026-08-08 19:04:55,155 INFO spark.SparkContext: Created broadcast 25 from broadcast at DAGScheduler.scala:1513
2026-08-08 19:04:55,155 INFO scheduler.DAGScheduler: Submitting 4 missing tasks from ShuffleMapStage 21 (MapPartitionsRDD[71] at mapPartitions at RandomForest.scala:644) (first 15 tasks are for partitions Vector(0, 1, 2, 3))
2026-08-08 19:04:55,155 INFO scheduler.TaskSchedulerImpl: Adding task set 21.0 with 4 tasks resource profile 0
2026-08-08 19:04:55,156 INFO scheduler.TaskSetManager: Starting task 0.0 in stage 21.0 (TID 52) (10.0.0.215, executor driver, partition 0, PROCESS_LOCAL, 5019 bytes) taskResourceAssignments Map()
2026-08-08 19:04:55,156 INFO scheduler.TaskSetManager: Starting task 1.0 in stage 21.0 (TID 53) (10.0.0.215, executor driver, partition 1, PROCESS_LOCAL, 5019 bytes) taskResourceAssignments Map()
2026-08-08 19:04:55,156 INFO scheduler.TaskSetManager: Starting task 2.0 in stage 21.0 (TID 54) (10.0.0.215, executor driver, partition 2, PROCESS_LOCAL, 5019 bytes) taskResourceAssignments Map()
2026-08-08 19:04:55,156 INFO scheduler.TaskSetManager: Starting task 3.0 in stage 21.0 (TID 55) (10.0.0.215, executor driver, partition 3, PROCESS_LOCAL, 5019 bytes) taskResourceAssignments Map()
2026-08-08 19:04:55,156 INFO executor.Executor: Running task 0.0 in stage 21.0 (TID 52)
2026-08-08 19:04:55,156 INFO executor.Executor: Running task 1.0 in stage 21.0 (TID 53)
2026-08-08 19:04:55,156 INFO executor.Executor: Running task 2.0 in stage 21.0 (TID 54)
2026-08-08 19:04:55,156 INFO executor.Executor: Running task 3.0 in stage 21.0 (TID 55)
2026-08-08 19:04:55,160 INFO storage.BlockManager: Found block rdd_61_1 locally
2026-08-08 19:04:55,160 INFO storage.BlockManager: Found block rdd_61_0 locally
2026-08-08 19:04:55,161 INFO storage.BlockManager: Found block rdd_61_3 locally
2026-08-08 19:04:55,163 INFO storage.BlockManager: Found block rdd_61_2 locally
2026-08-08 19:04:55,167 INFO executor.Executor: Finished task 3.0 in stage 21.0 (TID 55). 2000 bytes result sent to driver
2026-08-08 19:04:55,168 INFO scheduler.TaskSetManager: Finished task 3.0 in stage 21.0 (TID 55) in 12 ms on 10.0.0.215 (executor driver) (1/4)
2026-08-08 19:04:55,170 INFO executor.Executor: Finished task 1.0 in stage 21.0 (TID 53). 2000 bytes result sent to driver
2026-08-08 19:04:55,170 INFO scheduler.TaskSetManager: Finished task 1.0 in stage 21.0 (TID 53) in 14 ms on 10.0.0.215 (executor driver) (2/4)
2026-08-08 19:04:55,172 INFO executor.Executor: Finished task 2.0 in stage 21.0 (TID 54). 2000 bytes result sent to driver
2026-08-08 19:04:55,173 INFO scheduler.TaskSetManager: Finished task 2.0 in stage 21.0 (TID 54) in 17 ms on 10.0.0.215 (executor driver) (3/4)
2026-08-08 19:04:55,175 INFO executor.Executor: Finished task 0.0 in stage 21.0 (TID 52). 2000 bytes result sent to driver
2026-08-08 19:04:55,175 INFO scheduler.TaskSetManager: Finished task 0.0 in stage 21.0 (TID 52) in 19 ms on 10.0.0.215 (executor driver) (4/4)
2026-08-08 19:04:55,175 INFO scheduler.TaskSchedulerImpl: Removed TaskSet 21.0, whose tasks have all completed, from pool 
2026-08-08 19:04:55,176 INFO scheduler.DAGScheduler: ShuffleMapStage 21 (mapPartitions at RandomForest.scala:644) finished in 0.023 s
2026-08-08 19:04:55,176 INFO scheduler.DAGScheduler: looking for newly runnable stages
2026-08-08 19:04:55,176 INFO scheduler.DAGScheduler: running: Set()
2026-08-08 19:04:55,176 INFO scheduler.DAGScheduler: waiting: Set(ResultStage 22)
2026-08-08 19:04:55,176 INFO scheduler.DAGScheduler: failed: Set()
2026-08-08 19:04:55,176 INFO scheduler.DAGScheduler: Submitting ResultStage 22 (MapPartitionsRDD[73] at map at RandomForest.scala:663), which has no missing parents
2026-08-08 19:04:55,177 INFO memory.MemoryStore: Block broadcast_26 stored as values in memory (estimated size 8.0 KiB, free 2.2 GiB)
2026-08-08 19:04:55,177 INFO memory.MemoryStore: Block broadcast_26_piece0 stored as bytes in memory (estimated size 4.2 KiB, free 2.2 GiB)
2026-08-08 19:04:55,177 INFO storage.BlockManagerInfo: Added broadcast_26_piece0 in memory on 10.0.0.215:55616 (size: 4.2 KiB, free: 2.2 GiB)
2026-08-08 19:04:55,178 INFO spark.SparkContext: Created broadcast 26 from broadcast at DAGScheduler.scala:1513
2026-08-08 19:04:55,179 INFO scheduler.DAGScheduler: Submitting 4 missing tasks from ResultStage 22 (MapPartitionsRDD[73] at map at RandomForest.scala:663) (first 15 tasks are for partitions Vector(0, 1, 2, 3))
2026-08-08 19:04:55,179 INFO scheduler.TaskSchedulerImpl: Adding task set 22.0 with 4 tasks resource profile 0
2026-08-08 19:04:55,180 INFO scheduler.TaskSetManager: Starting task 0.0 in stage 22.0 (TID 56) (10.0.0.215, executor driver, partition 0, NODE_LOCAL, 4271 bytes) taskResourceAssignments Map()
2026-08-08 19:04:55,180 INFO scheduler.TaskSetManager: Starting task 1.0 in stage 22.0 (TID 57) (10.0.0.215, executor driver, partition 1, NODE_LOCAL, 4271 bytes) taskResourceAssignments Map()
2026-08-08 19:04:55,180 INFO scheduler.TaskSetManager: Starting task 2.0 in stage 22.0 (TID 58) (10.0.0.215, executor driver, partition 2, NODE_LOCAL, 4271 bytes) taskResourceAssignments Map()
2026-08-08 19:04:55,180 INFO scheduler.TaskSetManager: Starting task 3.0 in stage 22.0 (TID 59) (10.0.0.215, executor driver, partition 3, NODE_LOCAL, 4271 bytes) taskResourceAssignments Map()
2026-08-08 19:04:55,180 INFO executor.Executor: Running task 3.0 in stage 22.0 (TID 59)
2026-08-08 19:04:55,180 INFO executor.Executor: Running task 2.0 in stage 22.0 (TID 58)
2026-08-08 19:04:55,180 INFO executor.Executor: Running task 0.0 in stage 22.0 (TID 56)
2026-08-08 19:04:55,180 INFO executor.Executor: Running task 1.0 in stage 22.0 (TID 57)
2026-08-08 19:04:55,182 INFO storage.ShuffleBlockFetcherIterator: Getting 4 (63.7 KiB) non-empty blocks including 4 (63.7 KiB) local and 0 (0.0 B) host-local and 0 (0.0 B) push-merged-local and 0 (0.0 B) remote blocks
2026-08-08 19:04:55,182 INFO storage.ShuffleBlockFetcherIterator: Started 0 remote fetches in 0 ms
2026-08-08 19:04:55,183 INFO storage.ShuffleBlockFetcherIterator: Getting 4 (63.7 KiB) non-empty blocks including 4 (63.7 KiB) local and 0 (0.0 B) host-local and 0 (0.0 B) push-merged-local and 0 (0.0 B) remote blocks
2026-08-08 19:04:55,183 INFO storage.ShuffleBlockFetcherIterator: Started 0 remote fetches in 0 ms
2026-08-08 19:04:55,183 INFO storage.ShuffleBlockFetcherIterator: Getting 4 (63.7 KiB) non-empty blocks including 4 (63.7 KiB) local and 0 (0.0 B) host-local and 0 (0.0 B) push-merged-local and 0 (0.0 B) remote blocks
2026-08-08 19:04:55,183 INFO storage.ShuffleBlockFetcherIterator: Getting 4 (63.7 KiB) non-empty blocks including 4 (63.7 KiB) local and 0 (0.0 B) host-local and 0 (0.0 B) push-merged-local and 0 (0.0 B) remote blocks
2026-08-08 19:04:55,183 INFO storage.ShuffleBlockFetcherIterator: Started 0 remote fetches in 0 ms
2026-08-08 19:04:55,183 INFO storage.ShuffleBlockFetcherIterator: Started 0 remote fetches in 0 ms
2026-08-08 19:04:55,194 INFO executor.Executor: Finished task 0.0 in stage 22.0 (TID 56). 2239 bytes result sent to driver
2026-08-08 19:04:55,195 INFO executor.Executor: Finished task 3.0 in stage 22.0 (TID 59). 2239 bytes result sent to driver
2026-08-08 19:04:55,195 INFO scheduler.TaskSetManager: Finished task 3.0 in stage 22.0 (TID 59) in 15 ms on 10.0.0.215 (executor driver) (1/4)
2026-08-08 19:04:55,195 INFO scheduler.TaskSetManager: Finished task 0.0 in stage 22.0 (TID 56) in 15 ms on 10.0.0.215 (executor driver) (2/4)
2026-08-08 19:04:55,195 INFO executor.Executor: Finished task 1.0 in stage 22.0 (TID 57). 2239 bytes result sent to driver
2026-08-08 19:04:55,195 INFO scheduler.TaskSetManager: Finished task 1.0 in stage 22.0 (TID 57) in 15 ms on 10.0.0.215 (executor driver) (3/4)
2026-08-08 19:04:55,195 INFO executor.Executor: Finished task 2.0 in stage 22.0 (TID 58). 2239 bytes result sent to driver
2026-08-08 19:04:55,196 INFO scheduler.TaskSetManager: Finished task 2.0 in stage 22.0 (TID 58) in 16 ms on 10.0.0.215 (executor driver) (4/4)
2026-08-08 19:04:55,196 INFO scheduler.TaskSchedulerImpl: Removed TaskSet 22.0, whose tasks have all completed, from pool 
2026-08-08 19:04:55,196 INFO scheduler.DAGScheduler: ResultStage 22 (collectAsMap at RandomForest.scala:663) finished in 0.020 s
2026-08-08 19:04:55,196 INFO scheduler.DAGScheduler: Job 14 is finished. Cancelling potential speculative or zombie tasks for this job
2026-08-08 19:04:55,196 INFO scheduler.TaskSchedulerImpl: Killing all running tasks in stage 22: Stage finished
2026-08-08 19:04:55,196 INFO scheduler.DAGScheduler: Job 14 finished: collectAsMap at RandomForest.scala:663, took 0.048242 s
2026-08-08 19:04:55,197 INFO broadcast.TorrentBroadcast: Destroying Broadcast(24) (from destroy at RandomForest.scala:674)
2026-08-08 19:04:55,198 INFO memory.MemoryStore: Block broadcast_27 stored as values in memory (estimated size 40.0 B, free 2.2 GiB)
2026-08-08 19:04:55,199 INFO memory.MemoryStore: Block broadcast_27_piece0 stored as bytes in memory (estimated size 101.0 B, free 2.2 GiB)
2026-08-08 19:04:55,199 INFO storage.BlockManagerInfo: Removed broadcast_24_piece0 on 10.0.0.215:55616 in memory (size: 101.0 B, free: 2.2 GiB)
2026-08-08 19:04:55,199 INFO storage.BlockManagerInfo: Added broadcast_27_piece0 in memory on 10.0.0.215:55616 (size: 101.0 B, free: 2.2 GiB)
2026-08-08 19:04:55,199 INFO spark.SparkContext: Created broadcast 27 from broadcast at RandomForest.scala:622
2026-08-08 19:04:55,208 INFO spark.SparkContext: Starting job: collectAsMap at RandomForest.scala:663
2026-08-08 19:04:55,208 INFO scheduler.DAGScheduler: Registering RDD 74 (mapPartitions at RandomForest.scala:644) as input to shuffle 8
2026-08-08 19:04:55,208 INFO scheduler.DAGScheduler: Got job 15 (collectAsMap at RandomForest.scala:663) with 4 output partitions
2026-08-08 19:04:55,208 INFO scheduler.DAGScheduler: Final stage: ResultStage 24 (collectAsMap at RandomForest.scala:663)
2026-08-08 19:04:55,208 INFO scheduler.DAGScheduler: Parents of final stage: List(ShuffleMapStage 23)
2026-08-08 19:04:55,208 INFO scheduler.DAGScheduler: Missing parents: List(ShuffleMapStage 23)
2026-08-08 19:04:55,210 INFO scheduler.DAGScheduler: Submitting ShuffleMapStage 23 (MapPartitionsRDD[74] at mapPartitions at RandomForest.scala:644), which has no missing parents
2026-08-08 19:04:55,211 INFO memory.MemoryStore: Block broadcast_28 stored as values in memory (estimated size 87.2 KiB, free 2.2 GiB)
2026-08-08 19:04:55,212 INFO memory.MemoryStore: Block broadcast_28_piece0 stored as bytes in memory (estimated size 33.9 KiB, free 2.2 GiB)
2026-08-08 19:04:55,212 INFO storage.BlockManagerInfo: Added broadcast_28_piece0 in memory on 10.0.0.215:55616 (size: 33.9 KiB, free: 2.2 GiB)
2026-08-08 19:04:55,212 INFO spark.SparkContext: Created broadcast 28 from broadcast at DAGScheduler.scala:1513
2026-08-08 19:04:55,212 INFO scheduler.DAGScheduler: Submitting 4 missing tasks from ShuffleMapStage 23 (MapPartitionsRDD[74] at mapPartitions at RandomForest.scala:644) (first 15 tasks are for partitions Vector(0, 1, 2, 3))
2026-08-08 19:04:55,212 INFO scheduler.TaskSchedulerImpl: Adding task set 23.0 with 4 tasks resource profile 0
2026-08-08 19:04:55,213 INFO scheduler.TaskSetManager: Starting task 0.0 in stage 23.0 (TID 60) (10.0.0.215, executor driver, partition 0, PROCESS_LOCAL, 5019 bytes) taskResourceAssignments Map()
2026-08-08 19:04:55,213 INFO scheduler.TaskSetManager: Starting task 1.0 in stage 23.0 (TID 61) (10.0.0.215, executor driver, partition 1, PROCESS_LOCAL, 5019 bytes) taskResourceAssignments Map()
2026-08-08 19:04:55,213 INFO scheduler.TaskSetManager: Starting task 2.0 in stage 23.0 (TID 62) (10.0.0.215, executor driver, partition 2, PROCESS_LOCAL, 5019 bytes) taskResourceAssignments Map()
2026-08-08 19:04:55,213 INFO scheduler.TaskSetManager: Starting task 3.0 in stage 23.0 (TID 63) (10.0.0.215, executor driver, partition 3, PROCESS_LOCAL, 5019 bytes) taskResourceAssignments Map()
2026-08-08 19:04:55,213 INFO executor.Executor: Running task 3.0 in stage 23.0 (TID 63)
2026-08-08 19:04:55,213 INFO executor.Executor: Running task 0.0 in stage 23.0 (TID 60)
2026-08-08 19:04:55,213 INFO executor.Executor: Running task 1.0 in stage 23.0 (TID 61)
2026-08-08 19:04:55,213 INFO executor.Executor: Running task 2.0 in stage 23.0 (TID 62)
2026-08-08 19:04:55,218 INFO storage.BlockManager: Found block rdd_61_1 locally
2026-08-08 19:04:55,218 INFO storage.BlockManager: Found block rdd_61_0 locally
2026-08-08 19:04:55,218 INFO storage.BlockManager: Found block rdd_61_3 locally
2026-08-08 19:04:55,219 INFO storage.BlockManager: Found block rdd_61_2 locally
2026-08-08 19:04:55,225 INFO executor.Executor: Finished task 3.0 in stage 23.0 (TID 63). 2000 bytes result sent to driver
2026-08-08 19:04:55,226 INFO scheduler.TaskSetManager: Finished task 3.0 in stage 23.0 (TID 63) in 13 ms on 10.0.0.215 (executor driver) (1/4)
2026-08-08 19:04:55,227 INFO executor.Executor: Finished task 1.0 in stage 23.0 (TID 61). 2000 bytes result sent to driver
2026-08-08 19:04:55,227 INFO scheduler.TaskSetManager: Finished task 1.0 in stage 23.0 (TID 61) in 14 ms on 10.0.0.215 (executor driver) (2/4)
2026-08-08 19:04:55,227 INFO executor.Executor: Finished task 0.0 in stage 23.0 (TID 60). 2000 bytes result sent to driver
2026-08-08 19:04:55,228 INFO scheduler.TaskSetManager: Finished task 0.0 in stage 23.0 (TID 60) in 15 ms on 10.0.0.215 (executor driver) (3/4)
2026-08-08 19:04:55,229 INFO executor.Executor: Finished task 2.0 in stage 23.0 (TID 62). 2000 bytes result sent to driver
2026-08-08 19:04:55,229 INFO scheduler.TaskSetManager: Finished task 2.0 in stage 23.0 (TID 62) in 16 ms on 10.0.0.215 (executor driver) (4/4)
2026-08-08 19:04:55,229 INFO scheduler.TaskSchedulerImpl: Removed TaskSet 23.0, whose tasks have all completed, from pool 
2026-08-08 19:04:55,229 INFO scheduler.DAGScheduler: ShuffleMapStage 23 (mapPartitions at RandomForest.scala:644) finished in 0.019 s
2026-08-08 19:04:55,229 INFO scheduler.DAGScheduler: looking for newly runnable stages
2026-08-08 19:04:55,229 INFO scheduler.DAGScheduler: running: Set()
2026-08-08 19:04:55,229 INFO scheduler.DAGScheduler: waiting: Set(ResultStage 24)
2026-08-08 19:04:55,229 INFO scheduler.DAGScheduler: failed: Set()
2026-08-08 19:04:55,229 INFO scheduler.DAGScheduler: Submitting ResultStage 24 (MapPartitionsRDD[76] at map at RandomForest.scala:663), which has no missing parents
2026-08-08 19:04:55,231 INFO memory.MemoryStore: Block broadcast_29 stored as values in memory (estimated size 8.7 KiB, free 2.2 GiB)
2026-08-08 19:04:55,231 INFO memory.MemoryStore: Block broadcast_29_piece0 stored as bytes in memory (estimated size 4.5 KiB, free 2.2 GiB)
2026-08-08 19:04:55,231 INFO storage.BlockManagerInfo: Added broadcast_29_piece0 in memory on 10.0.0.215:55616 (size: 4.5 KiB, free: 2.2 GiB)
2026-08-08 19:04:55,231 INFO spark.SparkContext: Created broadcast 29 from broadcast at DAGScheduler.scala:1513
2026-08-08 19:04:55,232 INFO scheduler.DAGScheduler: Submitting 4 missing tasks from ResultStage 24 (MapPartitionsRDD[76] at map at RandomForest.scala:663) (first 15 tasks are for partitions Vector(0, 1, 2, 3))
2026-08-08 19:04:55,232 INFO scheduler.TaskSchedulerImpl: Adding task set 24.0 with 4 tasks resource profile 0
2026-08-08 19:04:55,232 INFO scheduler.TaskSetManager: Starting task 0.0 in stage 24.0 (TID 64) (10.0.0.215, executor driver, partition 0, NODE_LOCAL, 4271 bytes) taskResourceAssignments Map()
2026-08-08 19:04:55,232 INFO scheduler.TaskSetManager: Starting task 1.0 in stage 24.0 (TID 65) (10.0.0.215, executor driver, partition 1, NODE_LOCAL, 4271 bytes) taskResourceAssignments Map()
2026-08-08 19:04:55,232 INFO scheduler.TaskSetManager: Starting task 2.0 in stage 24.0 (TID 66) (10.0.0.215, executor driver, partition 2, NODE_LOCAL, 4271 bytes) taskResourceAssignments Map()
2026-08-08 19:04:55,232 INFO scheduler.TaskSetManager: Starting task 3.0 in stage 24.0 (TID 67) (10.0.0.215, executor driver, partition 3, NODE_LOCAL, 4271 bytes) taskResourceAssignments Map()
2026-08-08 19:04:55,232 INFO executor.Executor: Running task 0.0 in stage 24.0 (TID 64)
2026-08-08 19:04:55,232 INFO executor.Executor: Running task 2.0 in stage 24.0 (TID 66)
2026-08-08 19:04:55,232 INFO executor.Executor: Running task 3.0 in stage 24.0 (TID 67)
2026-08-08 19:04:55,232 INFO executor.Executor: Running task 1.0 in stage 24.0 (TID 65)
2026-08-08 19:04:55,234 INFO storage.ShuffleBlockFetcherIterator: Getting 4 (112.8 KiB) non-empty blocks including 4 (112.8 KiB) local and 0 (0.0 B) host-local and 0 (0.0 B) push-merged-local and 0 (0.0 B) remote blocks
2026-08-08 19:04:55,234 INFO storage.ShuffleBlockFetcherIterator: Started 0 remote fetches in 0 ms
2026-08-08 19:04:55,234 INFO storage.ShuffleBlockFetcherIterator: Getting 4 (112.8 KiB) non-empty blocks including 4 (112.8 KiB) local and 0 (0.0 B) host-local and 0 (0.0 B) push-merged-local and 0 (0.0 B) remote blocks
2026-08-08 19:04:55,234 INFO storage.ShuffleBlockFetcherIterator: Started 0 remote fetches in 0 ms
2026-08-08 19:04:55,234 INFO storage.ShuffleBlockFetcherIterator: Getting 4 (112.8 KiB) non-empty blocks including 4 (112.8 KiB) local and 0 (0.0 B) host-local and 0 (0.0 B) push-merged-local and 0 (0.0 B) remote blocks
2026-08-08 19:04:55,234 INFO storage.ShuffleBlockFetcherIterator: Started 0 remote fetches in 0 ms
2026-08-08 19:04:55,235 INFO storage.ShuffleBlockFetcherIterator: Getting 4 (115.4 KiB) non-empty blocks including 4 (115.4 KiB) local and 0 (0.0 B) host-local and 0 (0.0 B) push-merged-local and 0 (0.0 B) remote blocks
2026-08-08 19:04:55,235 INFO storage.ShuffleBlockFetcherIterator: Started 0 remote fetches in 0 ms
2026-08-08 19:04:55,242 INFO executor.Executor: Finished task 0.0 in stage 24.0 (TID 64). 2567 bytes result sent to driver
2026-08-08 19:04:55,243 INFO scheduler.TaskSetManager: Finished task 0.0 in stage 24.0 (TID 64) in 11 ms on 10.0.0.215 (executor driver) (1/4)
2026-08-08 19:04:55,244 INFO executor.Executor: Finished task 3.0 in stage 24.0 (TID 67). 2610 bytes result sent to driver
2026-08-08 19:04:55,245 INFO executor.Executor: Finished task 2.0 in stage 24.0 (TID 66). 2610 bytes result sent to driver
2026-08-08 19:04:55,245 INFO scheduler.TaskSetManager: Finished task 3.0 in stage 24.0 (TID 67) in 13 ms on 10.0.0.215 (executor driver) (2/4)
2026-08-08 19:04:55,245 INFO scheduler.TaskSetManager: Finished task 2.0 in stage 24.0 (TID 66) in 13 ms on 10.0.0.215 (executor driver) (3/4)
2026-08-08 19:04:55,245 INFO executor.Executor: Finished task 1.0 in stage 24.0 (TID 65). 2610 bytes result sent to driver
2026-08-08 19:04:55,246 INFO scheduler.TaskSetManager: Finished task 1.0 in stage 24.0 (TID 65) in 14 ms on 10.0.0.215 (executor driver) (4/4)
2026-08-08 19:04:55,246 INFO scheduler.TaskSchedulerImpl: Removed TaskSet 24.0, whose tasks have all completed, from pool 
2026-08-08 19:04:55,246 INFO scheduler.DAGScheduler: ResultStage 24 (collectAsMap at RandomForest.scala:663) finished in 0.016 s
2026-08-08 19:04:55,246 INFO scheduler.DAGScheduler: Job 15 is finished. Cancelling potential speculative or zombie tasks for this job
2026-08-08 19:04:55,246 INFO scheduler.TaskSchedulerImpl: Killing all running tasks in stage 24: Stage finished
2026-08-08 19:04:55,246 INFO scheduler.DAGScheduler: Job 15 finished: collectAsMap at RandomForest.scala:663, took 0.038702 s
2026-08-08 19:04:55,247 INFO broadcast.TorrentBroadcast: Destroying Broadcast(27) (from destroy at RandomForest.scala:674)
2026-08-08 19:04:55,250 INFO storage.BlockManagerInfo: Removed broadcast_27_piece0 on 10.0.0.215:55616 in memory (size: 101.0 B, free: 2.2 GiB)
2026-08-08 19:04:55,250 INFO memory.MemoryStore: Block broadcast_30 stored as values in memory (estimated size 40.0 B, free 2.2 GiB)
2026-08-08 19:04:55,250 INFO memory.MemoryStore: Block broadcast_30_piece0 stored as bytes in memory (estimated size 101.0 B, free 2.2 GiB)
2026-08-08 19:04:55,251 INFO storage.BlockManagerInfo: Added broadcast_30_piece0 in memory on 10.0.0.215:55616 (size: 101.0 B, free: 2.2 GiB)
2026-08-08 19:04:55,251 INFO spark.SparkContext: Created broadcast 30 from broadcast at RandomForest.scala:622
2026-08-08 19:04:55,259 INFO spark.SparkContext: Starting job: collectAsMap at RandomForest.scala:663
2026-08-08 19:04:55,259 INFO scheduler.DAGScheduler: Registering RDD 77 (mapPartitions at RandomForest.scala:644) as input to shuffle 9
2026-08-08 19:04:55,259 INFO scheduler.DAGScheduler: Got job 16 (collectAsMap at RandomForest.scala:663) with 4 output partitions
2026-08-08 19:04:55,259 INFO scheduler.DAGScheduler: Final stage: ResultStage 26 (collectAsMap at RandomForest.scala:663)
2026-08-08 19:04:55,260 INFO scheduler.DAGScheduler: Parents of final stage: List(ShuffleMapStage 25)
2026-08-08 19:04:55,260 INFO scheduler.DAGScheduler: Missing parents: List(ShuffleMapStage 25)
2026-08-08 19:04:55,260 INFO scheduler.DAGScheduler: Submitting ShuffleMapStage 25 (MapPartitionsRDD[77] at mapPartitions at RandomForest.scala:644), which has no missing parents
2026-08-08 19:04:55,262 INFO memory.MemoryStore: Block broadcast_31 stored as values in memory (estimated size 91.4 KiB, free 2.2 GiB)
2026-08-08 19:04:55,263 INFO memory.MemoryStore: Block broadcast_31_piece0 stored as bytes in memory (estimated size 35.6 KiB, free 2.2 GiB)
2026-08-08 19:04:55,263 INFO storage.BlockManagerInfo: Added broadcast_31_piece0 in memory on 10.0.0.215:55616 (size: 35.6 KiB, free: 2.2 GiB)
2026-08-08 19:04:55,263 INFO spark.SparkContext: Created broadcast 31 from broadcast at DAGScheduler.scala:1513
2026-08-08 19:04:55,263 INFO scheduler.DAGScheduler: Submitting 4 missing tasks from ShuffleMapStage 25 (MapPartitionsRDD[77] at mapPartitions at RandomForest.scala:644) (first 15 tasks are for partitions Vector(0, 1, 2, 3))
2026-08-08 19:04:55,263 INFO scheduler.TaskSchedulerImpl: Adding task set 25.0 with 4 tasks resource profile 0
2026-08-08 19:04:55,264 INFO scheduler.TaskSetManager: Starting task 0.0 in stage 25.0 (TID 68) (10.0.0.215, executor driver, partition 0, PROCESS_LOCAL, 5019 bytes) taskResourceAssignments Map()
2026-08-08 19:04:55,264 INFO scheduler.TaskSetManager: Starting task 1.0 in stage 25.0 (TID 69) (10.0.0.215, executor driver, partition 1, PROCESS_LOCAL, 5019 bytes) taskResourceAssignments Map()
2026-08-08 19:04:55,264 INFO scheduler.TaskSetManager: Starting task 2.0 in stage 25.0 (TID 70) (10.0.0.215, executor driver, partition 2, PROCESS_LOCAL, 5019 bytes) taskResourceAssignments Map()
2026-08-08 19:04:55,264 INFO scheduler.TaskSetManager: Starting task 3.0 in stage 25.0 (TID 71) (10.0.0.215, executor driver, partition 3, PROCESS_LOCAL, 5019 bytes) taskResourceAssignments Map()
2026-08-08 19:04:55,265 INFO executor.Executor: Running task 2.0 in stage 25.0 (TID 70)
2026-08-08 19:04:55,265 INFO executor.Executor: Running task 0.0 in stage 25.0 (TID 68)
2026-08-08 19:04:55,265 INFO executor.Executor: Running task 1.0 in stage 25.0 (TID 69)
2026-08-08 19:04:55,265 INFO executor.Executor: Running task 3.0 in stage 25.0 (TID 71)
2026-08-08 19:04:55,270 INFO storage.BlockManager: Found block rdd_61_2 locally
2026-08-08 19:04:55,270 INFO storage.BlockManager: Found block rdd_61_3 locally
2026-08-08 19:04:55,271 INFO storage.BlockManager: Found block rdd_61_1 locally
2026-08-08 19:04:55,273 INFO storage.BlockManager: Found block rdd_61_0 locally
2026-08-08 19:04:55,282 INFO executor.Executor: Finished task 3.0 in stage 25.0 (TID 71). 2000 bytes result sent to driver
2026-08-08 19:04:55,282 INFO executor.Executor: Finished task 2.0 in stage 25.0 (TID 70). 2000 bytes result sent to driver
2026-08-08 19:04:55,283 INFO scheduler.TaskSetManager: Finished task 3.0 in stage 25.0 (TID 71) in 19 ms on 10.0.0.215 (executor driver) (1/4)
2026-08-08 19:04:55,283 INFO scheduler.TaskSetManager: Finished task 2.0 in stage 25.0 (TID 70) in 19 ms on 10.0.0.215 (executor driver) (2/4)
2026-08-08 19:04:55,283 INFO executor.Executor: Finished task 1.0 in stage 25.0 (TID 69). 2000 bytes result sent to driver
2026-08-08 19:04:55,284 INFO scheduler.TaskSetManager: Finished task 1.0 in stage 25.0 (TID 69) in 20 ms on 10.0.0.215 (executor driver) (3/4)
2026-08-08 19:04:55,285 INFO executor.Executor: Finished task 0.0 in stage 25.0 (TID 68). 2000 bytes result sent to driver
2026-08-08 19:04:55,286 INFO scheduler.TaskSetManager: Finished task 0.0 in stage 25.0 (TID 68) in 22 ms on 10.0.0.215 (executor driver) (4/4)
2026-08-08 19:04:55,286 INFO scheduler.TaskSchedulerImpl: Removed TaskSet 25.0, whose tasks have all completed, from pool 
2026-08-08 19:04:55,286 INFO scheduler.DAGScheduler: ShuffleMapStage 25 (mapPartitions at RandomForest.scala:644) finished in 0.025 s
2026-08-08 19:04:55,286 INFO scheduler.DAGScheduler: looking for newly runnable stages
2026-08-08 19:04:55,286 INFO scheduler.DAGScheduler: running: Set()
2026-08-08 19:04:55,286 INFO scheduler.DAGScheduler: waiting: Set(ResultStage 26)
2026-08-08 19:04:55,286 INFO scheduler.DAGScheduler: failed: Set()
2026-08-08 19:04:55,286 INFO scheduler.DAGScheduler: Submitting ResultStage 26 (MapPartitionsRDD[79] at map at RandomForest.scala:663), which has no missing parents
2026-08-08 19:04:55,287 INFO memory.MemoryStore: Block broadcast_32 stored as values in memory (estimated size 10.1 KiB, free 2.2 GiB)
2026-08-08 19:04:55,287 INFO memory.MemoryStore: Block broadcast_32_piece0 stored as bytes in memory (estimated size 5.0 KiB, free 2.2 GiB)
2026-08-08 19:04:55,288 INFO storage.BlockManagerInfo: Added broadcast_32_piece0 in memory on 10.0.0.215:55616 (size: 5.0 KiB, free: 2.2 GiB)
2026-08-08 19:04:55,288 INFO spark.SparkContext: Created broadcast 32 from broadcast at DAGScheduler.scala:1513
2026-08-08 19:04:55,288 INFO scheduler.DAGScheduler: Submitting 4 missing tasks from ResultStage 26 (MapPartitionsRDD[79] at map at RandomForest.scala:663) (first 15 tasks are for partitions Vector(0, 1, 2, 3))
2026-08-08 19:04:55,288 INFO scheduler.TaskSchedulerImpl: Adding task set 26.0 with 4 tasks resource profile 0
2026-08-08 19:04:55,289 INFO scheduler.TaskSetManager: Starting task 0.0 in stage 26.0 (TID 72) (10.0.0.215, executor driver, partition 0, NODE_LOCAL, 4271 bytes) taskResourceAssignments Map()
2026-08-08 19:04:55,289 INFO scheduler.TaskSetManager: Starting task 1.0 in stage 26.0 (TID 73) (10.0.0.215, executor driver, partition 1, NODE_LOCAL, 4271 bytes) taskResourceAssignments Map()
2026-08-08 19:04:55,289 INFO scheduler.TaskSetManager: Starting task 2.0 in stage 26.0 (TID 74) (10.0.0.215, executor driver, partition 2, NODE_LOCAL, 4271 bytes) taskResourceAssignments Map()
2026-08-08 19:04:55,289 INFO scheduler.TaskSetManager: Starting task 3.0 in stage 26.0 (TID 75) (10.0.0.215, executor driver, partition 3, NODE_LOCAL, 4271 bytes) taskResourceAssignments Map()
2026-08-08 19:04:55,289 INFO executor.Executor: Running task 3.0 in stage 26.0 (TID 75)
2026-08-08 19:04:55,289 INFO executor.Executor: Running task 2.0 in stage 26.0 (TID 74)
2026-08-08 19:04:55,289 INFO executor.Executor: Running task 1.0 in stage 26.0 (TID 73)
2026-08-08 19:04:55,289 INFO executor.Executor: Running task 0.0 in stage 26.0 (TID 72)
2026-08-08 19:04:55,291 INFO storage.ShuffleBlockFetcherIterator: Getting 4 (199.8 KiB) non-empty blocks including 4 (199.8 KiB) local and 0 (0.0 B) host-local and 0 (0.0 B) push-merged-local and 0 (0.0 B) remote blocks
2026-08-08 19:04:55,291 INFO storage.ShuffleBlockFetcherIterator: Started 0 remote fetches in 0 ms
2026-08-08 19:04:55,292 INFO storage.ShuffleBlockFetcherIterator: Getting 4 (199.8 KiB) non-empty blocks including 4 (199.8 KiB) local and 0 (0.0 B) host-local and 0 (0.0 B) push-merged-local and 0 (0.0 B) remote blocks
2026-08-08 19:04:55,292 INFO storage.ShuffleBlockFetcherIterator: Getting 4 (199.8 KiB) non-empty blocks including 4 (199.8 KiB) local and 0 (0.0 B) host-local and 0 (0.0 B) push-merged-local and 0 (0.0 B) remote blocks
2026-08-08 19:04:55,292 INFO storage.ShuffleBlockFetcherIterator: Started 0 remote fetches in 0 ms
2026-08-08 19:04:55,292 INFO storage.ShuffleBlockFetcherIterator: Started 0 remote fetches in 0 ms
2026-08-08 19:04:55,296 INFO storage.ShuffleBlockFetcherIterator: Getting 4 (219.8 KiB) non-empty blocks including 4 (219.8 KiB) local and 0 (0.0 B) host-local and 0 (0.0 B) push-merged-local and 0 (0.0 B) remote blocks
2026-08-08 19:04:55,296 INFO storage.ShuffleBlockFetcherIterator: Started 0 remote fetches in 1 ms
2026-08-08 19:04:55,300 INFO executor.Executor: Finished task 2.0 in stage 26.0 (TID 74). 3344 bytes result sent to driver
2026-08-08 19:04:55,300 INFO executor.Executor: Finished task 3.0 in stage 26.0 (TID 75). 3331 bytes result sent to driver
2026-08-08 19:04:55,300 INFO executor.Executor: Finished task 0.0 in stage 26.0 (TID 72). 3344 bytes result sent to driver
2026-08-08 19:04:55,301 INFO scheduler.TaskSetManager: Finished task 2.0 in stage 26.0 (TID 74) in 11 ms on 10.0.0.215 (executor driver) (1/4)
2026-08-08 19:04:55,301 INFO scheduler.TaskSetManager: Finished task 3.0 in stage 26.0 (TID 75) in 12 ms on 10.0.0.215 (executor driver) (2/4)
2026-08-08 19:04:55,301 INFO scheduler.TaskSetManager: Finished task 0.0 in stage 26.0 (TID 72) in 12 ms on 10.0.0.215 (executor driver) (3/4)
2026-08-08 19:04:55,304 INFO executor.Executor: Finished task 1.0 in stage 26.0 (TID 73). 3344 bytes result sent to driver
2026-08-08 19:04:55,304 INFO scheduler.TaskSetManager: Finished task 1.0 in stage 26.0 (TID 73) in 15 ms on 10.0.0.215 (executor driver) (4/4)
2026-08-08 19:04:55,304 INFO scheduler.TaskSchedulerImpl: Removed TaskSet 26.0, whose tasks have all completed, from pool 
2026-08-08 19:04:55,304 INFO scheduler.DAGScheduler: ResultStage 26 (collectAsMap at RandomForest.scala:663) finished in 0.018 s
2026-08-08 19:04:55,305 INFO scheduler.DAGScheduler: Job 16 is finished. Cancelling potential speculative or zombie tasks for this job
2026-08-08 19:04:55,305 INFO scheduler.TaskSchedulerImpl: Killing all running tasks in stage 26: Stage finished
2026-08-08 19:04:55,305 INFO scheduler.DAGScheduler: Job 16 finished: collectAsMap at RandomForest.scala:663, took 0.045759 s
2026-08-08 19:04:55,305 INFO broadcast.TorrentBroadcast: Destroying Broadcast(30) (from destroy at RandomForest.scala:674)
2026-08-08 19:04:55,306 INFO impl.RandomForest: Internal timing for DecisionTree:
2026-08-08 19:04:55,306 INFO storage.BlockManagerInfo: Removed broadcast_30_piece0 on 10.0.0.215:55616 in memory (size: 101.0 B, free: 2.2 GiB)
2026-08-08 19:04:55,307 INFO impl.RandomForest:   init: 0.001510625
  total: 0.645051166
  findBestSplits: 0.637766416
  chooseSplits: 0.633901126
2026-08-08 19:04:55,311 INFO rdd.MapPartitionsRDD: Removing RDD 61 from persistence list
2026-08-08 19:04:55,313 INFO broadcast.TorrentBroadcast: Destroying Broadcast(14) (from destroy at RandomForest.scala:305)
2026-08-08 19:04:55,314 INFO storage.BlockManager: Removing RDD 61
2026-08-08 19:04:55,314 INFO util.Instrumentation: [d82116e3] training finished
2026-08-08 19:04:55,314 INFO storage.BlockManagerInfo: Removed broadcast_14_piece0 on 10.0.0.215:55616 in memory (size: 5.8 KiB, free: 2.2 GiB)
2026-08-08 19:04:55,412 INFO codegen.CodeGenerator: Code generated in 7.101375 ms
2026-08-08 19:04:55,431 INFO spark.SparkContext: Starting job: count at Metrics.scala:12
2026-08-08 19:04:55,431 INFO scheduler.DAGScheduler: Got job 17 (count at Metrics.scala:12) with 2 output partitions
2026-08-08 19:04:55,431 INFO scheduler.DAGScheduler: Final stage: ResultStage 27 (count at Metrics.scala:12)
2026-08-08 19:04:55,431 INFO scheduler.DAGScheduler: Parents of final stage: List()
2026-08-08 19:04:55,432 INFO scheduler.DAGScheduler: Missing parents: List()
2026-08-08 19:04:55,432 INFO scheduler.DAGScheduler: Submitting ResultStage 27 (MapPartitionsRDD[87] at map at MLlibBaselineDriver.scala:74), which has no missing parents
2026-08-08 19:04:55,437 INFO memory.MemoryStore: Block broadcast_33 stored as values in memory (estimated size 92.0 KiB, free 2.2 GiB)
2026-08-08 19:04:55,438 INFO memory.MemoryStore: Block broadcast_33_piece0 stored as bytes in memory (estimated size 33.6 KiB, free 2.2 GiB)
2026-08-08 19:04:55,438 INFO storage.BlockManagerInfo: Added broadcast_33_piece0 in memory on 10.0.0.215:55616 (size: 33.6 KiB, free: 2.2 GiB)
2026-08-08 19:04:55,439 INFO spark.SparkContext: Created broadcast 33 from broadcast at DAGScheduler.scala:1513
2026-08-08 19:04:55,439 INFO scheduler.DAGScheduler: Submitting 2 missing tasks from ResultStage 27 (MapPartitionsRDD[87] at map at MLlibBaselineDriver.scala:74) (first 15 tasks are for partitions Vector(0, 1))
2026-08-08 19:04:55,439 INFO scheduler.TaskSchedulerImpl: Adding task set 27.0 with 2 tasks resource profile 0
2026-08-08 19:04:55,439 INFO scheduler.TaskSetManager: Starting task 0.0 in stage 27.0 (TID 76) (10.0.0.215, executor driver, partition 0, PROCESS_LOCAL, 5029 bytes) taskResourceAssignments Map()
2026-08-08 19:04:55,439 INFO scheduler.TaskSetManager: Starting task 1.0 in stage 27.0 (TID 77) (10.0.0.215, executor driver, partition 1, PROCESS_LOCAL, 5029 bytes) taskResourceAssignments Map()
2026-08-08 19:04:55,440 INFO executor.Executor: Running task 0.0 in stage 27.0 (TID 76)
2026-08-08 19:04:55,440 INFO executor.Executor: Running task 1.0 in stage 27.0 (TID 77)
2026-08-08 19:04:55,450 INFO storage.BlockManagerInfo: Removed broadcast_29_piece0 on 10.0.0.215:55616 in memory (size: 4.5 KiB, free: 2.2 GiB)
2026-08-08 19:04:55,457 INFO storage.BlockManagerInfo: Removed broadcast_26_piece0 on 10.0.0.215:55616 in memory (size: 4.2 KiB, free: 2.2 GiB)
2026-08-08 19:04:55,461 INFO storage.BlockManagerInfo: Removed broadcast_28_piece0 on 10.0.0.215:55616 in memory (size: 33.9 KiB, free: 2.2 GiB)
2026-08-08 19:04:55,463 INFO storage.BlockManager: Found block rdd_21_1 locally
2026-08-08 19:04:55,463 INFO storage.BlockManager: Found block rdd_21_0 locally
2026-08-08 19:04:55,467 INFO storage.BlockManagerInfo: Removed broadcast_25_piece0 on 10.0.0.215:55616 in memory (size: 33.0 KiB, free: 2.2 GiB)
2026-08-08 19:04:55,470 INFO storage.BlockManagerInfo: Removed broadcast_32_piece0 on 10.0.0.215:55616 in memory (size: 5.0 KiB, free: 2.2 GiB)
2026-08-08 19:04:55,472 INFO storage.BlockManagerInfo: Removed broadcast_31_piece0 on 10.0.0.215:55616 in memory (size: 35.6 KiB, free: 2.2 GiB)
2026-08-08 19:04:55,474 INFO codegen.CodeGenerator: Code generated in 5.671208 ms
2026-08-08 19:04:55,475 INFO memory.MemoryStore: Block rdd_87_1 stored as values in memory (estimated size 16.0 B, free 2.2 GiB)
2026-08-08 19:04:55,475 INFO storage.BlockManagerInfo: Removed broadcast_23_piece0 on 10.0.0.215:55616 in memory (size: 4.1 KiB, free: 2.2 GiB)
2026-08-08 19:04:55,475 INFO storage.BlockManagerInfo: Added rdd_87_1 in memory on 10.0.0.215:55616 (size: 16.0 B, free: 2.2 GiB)
2026-08-08 19:04:55,476 INFO executor.Executor: Finished task 1.0 in stage 27.0 (TID 77). 1713 bytes result sent to driver
2026-08-08 19:04:55,476 INFO scheduler.TaskSetManager: Finished task 1.0 in stage 27.0 (TID 77) in 37 ms on 10.0.0.215 (executor driver) (1/2)
2026-08-08 19:04:55,480 INFO codegen.CodeGenerator: Code generated in 3.66825 ms
2026-08-08 19:04:55,518 INFO memory.MemoryStore: Block rdd_87_0 stored as values in memory (estimated size 351.6 KiB, free 2.2 GiB)
2026-08-08 19:04:55,519 INFO storage.BlockManagerInfo: Added rdd_87_0 in memory on 10.0.0.215:55616 (size: 351.6 KiB, free: 2.2 GiB)
2026-08-08 19:04:55,520 INFO executor.Executor: Finished task 0.0 in stage 27.0 (TID 76). 1756 bytes result sent to driver
2026-08-08 19:04:55,520 INFO scheduler.TaskSetManager: Finished task 0.0 in stage 27.0 (TID 76) in 81 ms on 10.0.0.215 (executor driver) (2/2)
2026-08-08 19:04:55,520 INFO scheduler.TaskSchedulerImpl: Removed TaskSet 27.0, whose tasks have all completed, from pool 
2026-08-08 19:04:55,520 INFO scheduler.DAGScheduler: ResultStage 27 (count at Metrics.scala:12) finished in 0.087 s
2026-08-08 19:04:55,520 INFO scheduler.DAGScheduler: Job 17 is finished. Cancelling potential speculative or zombie tasks for this job
2026-08-08 19:04:55,520 INFO scheduler.TaskSchedulerImpl: Killing all running tasks in stage 27: Stage finished
2026-08-08 19:04:55,520 INFO scheduler.DAGScheduler: Job 17 finished: count at Metrics.scala:12, took 0.089572 s
2026-08-08 19:04:55,526 INFO spark.SparkContext: Starting job: count at Metrics.scala:14
2026-08-08 19:04:55,526 INFO scheduler.DAGScheduler: Got job 18 (count at Metrics.scala:14) with 2 output partitions
2026-08-08 19:04:55,526 INFO scheduler.DAGScheduler: Final stage: ResultStage 28 (count at Metrics.scala:14)
2026-08-08 19:04:55,526 INFO scheduler.DAGScheduler: Parents of final stage: List()
2026-08-08 19:04:55,526 INFO scheduler.DAGScheduler: Missing parents: List()
2026-08-08 19:04:55,527 INFO scheduler.DAGScheduler: Submitting ResultStage 28 (MapPartitionsRDD[88] at filter at Metrics.scala:14), which has no missing parents
2026-08-08 19:04:55,529 INFO memory.MemoryStore: Block broadcast_34 stored as values in memory (estimated size 92.3 KiB, free 2.2 GiB)
2026-08-08 19:04:55,529 INFO memory.MemoryStore: Block broadcast_34_piece0 stored as bytes in memory (estimated size 33.8 KiB, free 2.2 GiB)
2026-08-08 19:04:55,530 INFO storage.BlockManagerInfo: Added broadcast_34_piece0 in memory on 10.0.0.215:55616 (size: 33.8 KiB, free: 2.2 GiB)
2026-08-08 19:04:55,530 INFO spark.SparkContext: Created broadcast 34 from broadcast at DAGScheduler.scala:1513
2026-08-08 19:04:55,530 INFO scheduler.DAGScheduler: Submitting 2 missing tasks from ResultStage 28 (MapPartitionsRDD[88] at filter at Metrics.scala:14) (first 15 tasks are for partitions Vector(0, 1))
2026-08-08 19:04:55,530 INFO scheduler.TaskSchedulerImpl: Adding task set 28.0 with 2 tasks resource profile 0
2026-08-08 19:04:55,531 INFO scheduler.TaskSetManager: Starting task 0.0 in stage 28.0 (TID 78) (10.0.0.215, executor driver, partition 0, PROCESS_LOCAL, 5029 bytes) taskResourceAssignments Map()
2026-08-08 19:04:55,531 INFO scheduler.TaskSetManager: Starting task 1.0 in stage 28.0 (TID 79) (10.0.0.215, executor driver, partition 1, PROCESS_LOCAL, 5029 bytes) taskResourceAssignments Map()
2026-08-08 19:04:55,531 INFO executor.Executor: Running task 1.0 in stage 28.0 (TID 79)
2026-08-08 19:04:55,531 INFO executor.Executor: Running task 0.0 in stage 28.0 (TID 78)
2026-08-08 19:04:55,536 INFO storage.BlockManager: Found block rdd_87_1 locally
2026-08-08 19:04:55,536 INFO storage.BlockManager: Found block rdd_87_0 locally
2026-08-08 19:04:55,536 INFO executor.Executor: Finished task 1.0 in stage 28.0 (TID 79). 1627 bytes result sent to driver
2026-08-08 19:04:55,537 INFO scheduler.TaskSetManager: Finished task 1.0 in stage 28.0 (TID 79) in 6 ms on 10.0.0.215 (executor driver) (1/2)
2026-08-08 19:04:55,539 INFO executor.Executor: Finished task 0.0 in stage 28.0 (TID 78). 1713 bytes result sent to driver
2026-08-08 19:04:55,539 INFO scheduler.TaskSetManager: Finished task 0.0 in stage 28.0 (TID 78) in 8 ms on 10.0.0.215 (executor driver) (2/2)
2026-08-08 19:04:55,539 INFO scheduler.TaskSchedulerImpl: Removed TaskSet 28.0, whose tasks have all completed, from pool 
2026-08-08 19:04:55,539 INFO scheduler.DAGScheduler: ResultStage 28 (count at Metrics.scala:14) finished in 0.012 s
2026-08-08 19:04:55,539 INFO scheduler.DAGScheduler: Job 18 is finished. Cancelling potential speculative or zombie tasks for this job
2026-08-08 19:04:55,539 INFO scheduler.TaskSchedulerImpl: Killing all running tasks in stage 28: Stage finished
2026-08-08 19:04:55,540 INFO scheduler.DAGScheduler: Job 18 finished: count at Metrics.scala:14, took 0.013729 s
2026-08-08 19:04:55,559 INFO spark.SparkContext: Starting job: sortByKey at BinaryClassificationMetrics.scala:189
2026-08-08 19:04:55,560 INFO scheduler.DAGScheduler: Registering RDD 90 (map at BinaryClassificationMetrics.scala:48) as input to shuffle 10
2026-08-08 19:04:55,561 INFO scheduler.DAGScheduler: Got job 19 (sortByKey at BinaryClassificationMetrics.scala:189) with 2 output partitions
2026-08-08 19:04:55,561 INFO scheduler.DAGScheduler: Final stage: ResultStage 30 (sortByKey at BinaryClassificationMetrics.scala:189)
2026-08-08 19:04:55,561 INFO scheduler.DAGScheduler: Parents of final stage: List(ShuffleMapStage 29)
2026-08-08 19:04:55,561 INFO scheduler.DAGScheduler: Missing parents: List(ShuffleMapStage 29)
2026-08-08 19:04:55,563 INFO scheduler.DAGScheduler: Submitting ShuffleMapStage 29 (MapPartitionsRDD[90] at map at BinaryClassificationMetrics.scala:48), which has no missing parents
2026-08-08 19:04:55,565 INFO memory.MemoryStore: Block broadcast_35 stored as values in memory (estimated size 93.9 KiB, free 2.2 GiB)
2026-08-08 19:04:55,566 INFO memory.MemoryStore: Block broadcast_35_piece0 stored as bytes in memory (estimated size 34.4 KiB, free 2.2 GiB)
2026-08-08 19:04:55,566 INFO storage.BlockManagerInfo: Added broadcast_35_piece0 in memory on 10.0.0.215:55616 (size: 34.4 KiB, free: 2.2 GiB)
2026-08-08 19:04:55,566 INFO spark.SparkContext: Created broadcast 35 from broadcast at DAGScheduler.scala:1513
2026-08-08 19:04:55,566 INFO scheduler.DAGScheduler: Submitting 2 missing tasks from ShuffleMapStage 29 (MapPartitionsRDD[90] at map at BinaryClassificationMetrics.scala:48) (first 15 tasks are for partitions Vector(0, 1))
2026-08-08 19:04:55,566 INFO scheduler.TaskSchedulerImpl: Adding task set 29.0 with 2 tasks resource profile 0
2026-08-08 19:04:55,567 INFO scheduler.TaskSetManager: Starting task 0.0 in stage 29.0 (TID 80) (10.0.0.215, executor driver, partition 0, PROCESS_LOCAL, 5018 bytes) taskResourceAssignments Map()
2026-08-08 19:04:55,568 INFO scheduler.TaskSetManager: Starting task 1.0 in stage 29.0 (TID 81) (10.0.0.215, executor driver, partition 1, PROCESS_LOCAL, 5018 bytes) taskResourceAssignments Map()
2026-08-08 19:04:55,568 INFO executor.Executor: Running task 1.0 in stage 29.0 (TID 81)
2026-08-08 19:04:55,568 INFO executor.Executor: Running task 0.0 in stage 29.0 (TID 80)
2026-08-08 19:04:55,578 INFO storage.BlockManager: Found block rdd_87_1 locally
2026-08-08 19:04:55,578 INFO storage.BlockManager: Found block rdd_87_0 locally
2026-08-08 19:04:55,580 INFO executor.Executor: Finished task 1.0 in stage 29.0 (TID 81). 1869 bytes result sent to driver
2026-08-08 19:04:55,580 INFO scheduler.TaskSetManager: Finished task 1.0 in stage 29.0 (TID 81) in 13 ms on 10.0.0.215 (executor driver) (1/2)
2026-08-08 19:04:55,589 INFO executor.Executor: Finished task 0.0 in stage 29.0 (TID 80). 1998 bytes result sent to driver
2026-08-08 19:04:55,590 INFO scheduler.TaskSetManager: Finished task 0.0 in stage 29.0 (TID 80) in 23 ms on 10.0.0.215 (executor driver) (2/2)
2026-08-08 19:04:55,590 INFO scheduler.TaskSchedulerImpl: Removed TaskSet 29.0, whose tasks have all completed, from pool 
2026-08-08 19:04:55,590 INFO scheduler.DAGScheduler: ShuffleMapStage 29 (map at BinaryClassificationMetrics.scala:48) finished in 0.026 s
2026-08-08 19:04:55,590 INFO scheduler.DAGScheduler: looking for newly runnable stages
2026-08-08 19:04:55,590 INFO scheduler.DAGScheduler: running: Set()
2026-08-08 19:04:55,590 INFO scheduler.DAGScheduler: waiting: Set(ResultStage 30)
2026-08-08 19:04:55,590 INFO scheduler.DAGScheduler: failed: Set()
2026-08-08 19:04:55,590 INFO scheduler.DAGScheduler: Submitting ResultStage 30 (MapPartitionsRDD[93] at sortByKey at BinaryClassificationMetrics.scala:189), which has no missing parents
2026-08-08 19:04:55,591 INFO memory.MemoryStore: Block broadcast_36 stored as values in memory (estimated size 6.7 KiB, free 2.2 GiB)
2026-08-08 19:04:55,591 INFO memory.MemoryStore: Block broadcast_36_piece0 stored as bytes in memory (estimated size 3.4 KiB, free 2.2 GiB)
2026-08-08 19:04:55,592 INFO storage.BlockManagerInfo: Added broadcast_36_piece0 in memory on 10.0.0.215:55616 (size: 3.4 KiB, free: 2.2 GiB)
2026-08-08 19:04:55,592 INFO spark.SparkContext: Created broadcast 36 from broadcast at DAGScheduler.scala:1513
2026-08-08 19:04:55,592 INFO scheduler.DAGScheduler: Submitting 2 missing tasks from ResultStage 30 (MapPartitionsRDD[93] at sortByKey at BinaryClassificationMetrics.scala:189) (first 15 tasks are for partitions Vector(0, 1))
2026-08-08 19:04:55,592 INFO scheduler.TaskSchedulerImpl: Adding task set 30.0 with 2 tasks resource profile 0
2026-08-08 19:04:55,593 INFO scheduler.TaskSetManager: Starting task 0.0 in stage 30.0 (TID 82) (10.0.0.215, executor driver, partition 0, NODE_LOCAL, 4271 bytes) taskResourceAssignments Map()
2026-08-08 19:04:55,593 INFO scheduler.TaskSetManager: Starting task 1.0 in stage 30.0 (TID 83) (10.0.0.215, executor driver, partition 1, NODE_LOCAL, 4271 bytes) taskResourceAssignments Map()
2026-08-08 19:04:55,593 INFO executor.Executor: Running task 0.0 in stage 30.0 (TID 82)
2026-08-08 19:04:55,593 INFO executor.Executor: Running task 1.0 in stage 30.0 (TID 83)
2026-08-08 19:04:55,597 INFO storage.ShuffleBlockFetcherIterator: Getting 1 (717.0 B) non-empty blocks including 1 (717.0 B) local and 0 (0.0 B) host-local and 0 (0.0 B) push-merged-local and 0 (0.0 B) remote blocks
2026-08-08 19:04:55,597 INFO storage.ShuffleBlockFetcherIterator: Started 0 remote fetches in 0 ms
2026-08-08 19:04:55,597 INFO storage.ShuffleBlockFetcherIterator: Getting 1 (652.0 B) non-empty blocks including 1 (652.0 B) local and 0 (0.0 B) host-local and 0 (0.0 B) push-merged-local and 0 (0.0 B) remote blocks
2026-08-08 19:04:55,597 INFO storage.ShuffleBlockFetcherIterator: Started 0 remote fetches in 0 ms
2026-08-08 19:04:55,599 INFO executor.Executor: Finished task 0.0 in stage 30.0 (TID 82). 1652 bytes result sent to driver
2026-08-08 19:04:55,599 INFO executor.Executor: Finished task 1.0 in stage 30.0 (TID 83). 1644 bytes result sent to driver
2026-08-08 19:04:55,599 INFO scheduler.TaskSetManager: Finished task 1.0 in stage 30.0 (TID 83) in 6 ms on 10.0.0.215 (executor driver) (1/2)
2026-08-08 19:04:55,600 INFO scheduler.TaskSetManager: Finished task 0.0 in stage 30.0 (TID 82) in 8 ms on 10.0.0.215 (executor driver) (2/2)
2026-08-08 19:04:55,600 INFO scheduler.TaskSchedulerImpl: Removed TaskSet 30.0, whose tasks have all completed, from pool 
2026-08-08 19:04:55,600 INFO scheduler.DAGScheduler: ResultStage 30 (sortByKey at BinaryClassificationMetrics.scala:189) finished in 0.009 s
2026-08-08 19:04:55,600 INFO scheduler.DAGScheduler: Job 19 is finished. Cancelling potential speculative or zombie tasks for this job
2026-08-08 19:04:55,600 INFO scheduler.TaskSchedulerImpl: Killing all running tasks in stage 30: Stage finished
2026-08-08 19:04:55,600 INFO scheduler.DAGScheduler: Job 19 finished: sortByKey at BinaryClassificationMetrics.scala:189, took 0.040464 s
2026-08-08 19:04:55,615 INFO spark.SparkContext: Starting job: collect at BinaryClassificationMetrics.scala:237
2026-08-08 19:04:55,616 INFO scheduler.DAGScheduler: Registering RDD 91 (combineByKey at BinaryClassificationMetrics.scala:188) as input to shuffle 11
2026-08-08 19:04:55,616 INFO scheduler.DAGScheduler: Got job 20 (collect at BinaryClassificationMetrics.scala:237) with 2 output partitions
2026-08-08 19:04:55,616 INFO scheduler.DAGScheduler: Final stage: ResultStage 33 (collect at BinaryClassificationMetrics.scala:237)
2026-08-08 19:04:55,616 INFO scheduler.DAGScheduler: Parents of final stage: List(ShuffleMapStage 32)
2026-08-08 19:04:55,616 INFO scheduler.DAGScheduler: Missing parents: List(ShuffleMapStage 32)
2026-08-08 19:04:55,617 INFO scheduler.DAGScheduler: Submitting ShuffleMapStage 32 (ShuffledRDD[91] at combineByKey at BinaryClassificationMetrics.scala:188), which has no missing parents
2026-08-08 19:04:55,618 INFO memory.MemoryStore: Block broadcast_37 stored as values in memory (estimated size 5.2 KiB, free 2.2 GiB)
2026-08-08 19:04:55,618 INFO memory.MemoryStore: Block broadcast_37_piece0 stored as bytes in memory (estimated size 2.9 KiB, free 2.2 GiB)
2026-08-08 19:04:55,619 INFO storage.BlockManagerInfo: Added broadcast_37_piece0 in memory on 10.0.0.215:55616 (size: 2.9 KiB, free: 2.2 GiB)
2026-08-08 19:04:55,619 INFO spark.SparkContext: Created broadcast 37 from broadcast at DAGScheduler.scala:1513
2026-08-08 19:04:55,619 INFO scheduler.DAGScheduler: Submitting 2 missing tasks from ShuffleMapStage 32 (ShuffledRDD[91] at combineByKey at BinaryClassificationMetrics.scala:188) (first 15 tasks are for partitions Vector(0, 1))
2026-08-08 19:04:55,619 INFO scheduler.TaskSchedulerImpl: Adding task set 32.0 with 2 tasks resource profile 0
2026-08-08 19:04:55,620 INFO scheduler.TaskSetManager: Starting task 0.0 in stage 32.0 (TID 84) (10.0.0.215, executor driver, partition 0, NODE_LOCAL, 4260 bytes) taskResourceAssignments Map()
2026-08-08 19:04:55,620 INFO scheduler.TaskSetManager: Starting task 1.0 in stage 32.0 (TID 85) (10.0.0.215, executor driver, partition 1, NODE_LOCAL, 4260 bytes) taskResourceAssignments Map()
2026-08-08 19:04:55,620 INFO executor.Executor: Running task 1.0 in stage 32.0 (TID 85)
2026-08-08 19:04:55,620 INFO executor.Executor: Running task 0.0 in stage 32.0 (TID 84)
2026-08-08 19:04:55,623 INFO storage.ShuffleBlockFetcherIterator: Getting 1 (717.0 B) non-empty blocks including 1 (717.0 B) local and 0 (0.0 B) host-local and 0 (0.0 B) push-merged-local and 0 (0.0 B) remote blocks
2026-08-08 19:04:55,623 INFO storage.ShuffleBlockFetcherIterator: Getting 1 (652.0 B) non-empty blocks including 1 (652.0 B) local and 0 (0.0 B) host-local and 0 (0.0 B) push-merged-local and 0 (0.0 B) remote blocks
2026-08-08 19:04:55,623 INFO storage.ShuffleBlockFetcherIterator: Started 0 remote fetches in 0 ms
2026-08-08 19:04:55,623 INFO storage.ShuffleBlockFetcherIterator: Started 0 remote fetches in 0 ms
2026-08-08 19:04:55,625 INFO executor.Executor: Finished task 1.0 in stage 32.0 (TID 85). 1469 bytes result sent to driver
2026-08-08 19:04:55,626 INFO scheduler.TaskSetManager: Finished task 1.0 in stage 32.0 (TID 85) in 6 ms on 10.0.0.215 (executor driver) (1/2)
2026-08-08 19:04:55,626 INFO executor.Executor: Finished task 0.0 in stage 32.0 (TID 84). 1469 bytes result sent to driver
2026-08-08 19:04:55,627 INFO scheduler.TaskSetManager: Finished task 0.0 in stage 32.0 (TID 84) in 8 ms on 10.0.0.215 (executor driver) (2/2)
2026-08-08 19:04:55,627 INFO scheduler.TaskSchedulerImpl: Removed TaskSet 32.0, whose tasks have all completed, from pool 
2026-08-08 19:04:55,627 INFO scheduler.DAGScheduler: ShuffleMapStage 32 (combineByKey at BinaryClassificationMetrics.scala:188) finished in 0.009 s
2026-08-08 19:04:55,627 INFO scheduler.DAGScheduler: looking for newly runnable stages
2026-08-08 19:04:55,627 INFO scheduler.DAGScheduler: running: Set()
2026-08-08 19:04:55,627 INFO scheduler.DAGScheduler: waiting: Set(ResultStage 33)
2026-08-08 19:04:55,627 INFO scheduler.DAGScheduler: failed: Set()
2026-08-08 19:04:55,627 INFO scheduler.DAGScheduler: Submitting ResultStage 33 (MapPartitionsRDD[96] at mapPartitions at BinaryClassificationMetrics.scala:237), which has no missing parents
2026-08-08 19:04:55,628 INFO memory.MemoryStore: Block broadcast_38 stored as values in memory (estimated size 6.2 KiB, free 2.2 GiB)
2026-08-08 19:04:55,628 INFO memory.MemoryStore: Block broadcast_38_piece0 stored as bytes in memory (estimated size 3.4 KiB, free 2.2 GiB)
2026-08-08 19:04:55,629 INFO storage.BlockManagerInfo: Added broadcast_38_piece0 in memory on 10.0.0.215:55616 (size: 3.4 KiB, free: 2.2 GiB)
2026-08-08 19:04:55,629 INFO spark.SparkContext: Created broadcast 38 from broadcast at DAGScheduler.scala:1513
2026-08-08 19:04:55,629 INFO scheduler.DAGScheduler: Submitting 2 missing tasks from ResultStage 33 (MapPartitionsRDD[96] at mapPartitions at BinaryClassificationMetrics.scala:237) (first 15 tasks are for partitions Vector(0, 1))
2026-08-08 19:04:55,629 INFO scheduler.TaskSchedulerImpl: Adding task set 33.0 with 2 tasks resource profile 0
2026-08-08 19:04:55,630 INFO scheduler.TaskSetManager: Starting task 0.0 in stage 33.0 (TID 86) (10.0.0.215, executor driver, partition 0, NODE_LOCAL, 4271 bytes) taskResourceAssignments Map()
2026-08-08 19:04:55,630 INFO scheduler.TaskSetManager: Starting task 1.0 in stage 33.0 (TID 87) (10.0.0.215, executor driver, partition 1, NODE_LOCAL, 4271 bytes) taskResourceAssignments Map()
2026-08-08 19:04:55,630 INFO executor.Executor: Running task 1.0 in stage 33.0 (TID 87)
2026-08-08 19:04:55,630 INFO executor.Executor: Running task 0.0 in stage 33.0 (TID 86)
2026-08-08 19:04:55,632 INFO storage.ShuffleBlockFetcherIterator: Getting 2 (935.0 B) non-empty blocks including 2 (935.0 B) local and 0 (0.0 B) host-local and 0 (0.0 B) push-merged-local and 0 (0.0 B) remote blocks
2026-08-08 19:04:55,632 INFO storage.ShuffleBlockFetcherIterator: Started 0 remote fetches in 0 ms
2026-08-08 19:04:55,632 INFO storage.ShuffleBlockFetcherIterator: Getting 2 (944.0 B) non-empty blocks including 2 (944.0 B) local and 0 (0.0 B) host-local and 0 (0.0 B) push-merged-local and 0 (0.0 B) remote blocks
2026-08-08 19:04:55,632 INFO storage.ShuffleBlockFetcherIterator: Started 0 remote fetches in 0 ms
2026-08-08 19:04:55,640 INFO executor.Executor: Finished task 0.0 in stage 33.0 (TID 86). 1456 bytes result sent to driver
2026-08-08 19:04:55,641 INFO scheduler.TaskSetManager: Finished task 0.0 in stage 33.0 (TID 86) in 11 ms on 10.0.0.215 (executor driver) (1/2)
2026-08-08 19:04:55,641 INFO executor.Executor: Finished task 1.0 in stage 33.0 (TID 87). 1456 bytes result sent to driver
2026-08-08 19:04:55,641 INFO scheduler.TaskSetManager: Finished task 1.0 in stage 33.0 (TID 87) in 11 ms on 10.0.0.215 (executor driver) (2/2)
2026-08-08 19:04:55,641 INFO scheduler.TaskSchedulerImpl: Removed TaskSet 33.0, whose tasks have all completed, from pool 
2026-08-08 19:04:55,642 INFO scheduler.DAGScheduler: ResultStage 33 (collect at BinaryClassificationMetrics.scala:237) finished in 0.013 s
2026-08-08 19:04:55,642 INFO scheduler.DAGScheduler: Job 20 is finished. Cancelling potential speculative or zombie tasks for this job
2026-08-08 19:04:55,642 INFO scheduler.TaskSchedulerImpl: Killing all running tasks in stage 33: Stage finished
2026-08-08 19:04:55,642 INFO scheduler.DAGScheduler: Job 20 finished: collect at BinaryClassificationMetrics.scala:237, took 0.026780 s
2026-08-08 19:04:55,643 INFO evaluation.BinaryClassificationMetrics: Total counts: {numPos: 5174.0, numNeg: 4826.0}
2026-08-08 19:04:55,658 INFO spark.SparkContext: Starting job: collect at AreaUnderCurve.scala:44
2026-08-08 19:04:55,659 INFO scheduler.DAGScheduler: Got job 21 (collect at AreaUnderCurve.scala:44) with 2 output partitions
2026-08-08 19:04:55,659 INFO scheduler.DAGScheduler: Final stage: ResultStage 36 (collect at AreaUnderCurve.scala:44)
2026-08-08 19:04:55,659 INFO scheduler.DAGScheduler: Parents of final stage: List(ShuffleMapStage 35)
2026-08-08 19:04:55,659 INFO scheduler.DAGScheduler: Missing parents: List()
2026-08-08 19:04:55,660 INFO scheduler.DAGScheduler: Submitting ResultStage 36 (MapPartitionsRDD[101] at mapPartitions at AreaUnderCurve.scala:44), which has no missing parents
2026-08-08 19:04:55,661 INFO memory.MemoryStore: Block broadcast_39 stored as values in memory (estimated size 7.8 KiB, free 2.2 GiB)
2026-08-08 19:04:55,661 INFO memory.MemoryStore: Block broadcast_39_piece0 stored as bytes in memory (estimated size 3.8 KiB, free 2.2 GiB)
2026-08-08 19:04:55,661 INFO storage.BlockManagerInfo: Added broadcast_39_piece0 in memory on 10.0.0.215:55616 (size: 3.8 KiB, free: 2.2 GiB)
2026-08-08 19:04:55,662 INFO spark.SparkContext: Created broadcast 39 from broadcast at DAGScheduler.scala:1513
2026-08-08 19:04:55,662 INFO scheduler.DAGScheduler: Submitting 2 missing tasks from ResultStage 36 (MapPartitionsRDD[101] at mapPartitions at AreaUnderCurve.scala:44) (first 15 tasks are for partitions Vector(0, 1))
2026-08-08 19:04:55,662 INFO scheduler.TaskSchedulerImpl: Adding task set 36.0 with 2 tasks resource profile 0
2026-08-08 19:04:55,663 INFO scheduler.TaskSetManager: Starting task 0.0 in stage 36.0 (TID 88) (10.0.0.215, executor driver, partition 0, NODE_LOCAL, 4271 bytes) taskResourceAssignments Map()
2026-08-08 19:04:55,663 INFO scheduler.TaskSetManager: Starting task 1.0 in stage 36.0 (TID 89) (10.0.0.215, executor driver, partition 1, NODE_LOCAL, 4271 bytes) taskResourceAssignments Map()
2026-08-08 19:04:55,663 INFO executor.Executor: Running task 0.0 in stage 36.0 (TID 88)
2026-08-08 19:04:55,663 INFO executor.Executor: Running task 1.0 in stage 36.0 (TID 89)
2026-08-08 19:04:55,672 INFO storage.ShuffleBlockFetcherIterator: Getting 2 (944.0 B) non-empty blocks including 2 (944.0 B) local and 0 (0.0 B) host-local and 0 (0.0 B) push-merged-local and 0 (0.0 B) remote blocks
2026-08-08 19:04:55,673 INFO storage.ShuffleBlockFetcherIterator: Started 0 remote fetches in 0 ms
2026-08-08 19:04:55,673 INFO storage.ShuffleBlockFetcherIterator: Getting 2 (935.0 B) non-empty blocks including 2 (935.0 B) local and 0 (0.0 B) host-local and 0 (0.0 B) push-merged-local and 0 (0.0 B) remote blocks
2026-08-08 19:04:55,673 INFO storage.ShuffleBlockFetcherIterator: Started 0 remote fetches in 0 ms
2026-08-08 19:04:55,674 INFO memory.MemoryStore: Block rdd_97_0 stored as values in memory (estimated size 1528.0 B, free 2.2 GiB)
2026-08-08 19:04:55,674 INFO storage.BlockManagerInfo: Added rdd_97_0 in memory on 10.0.0.215:55616 (size: 1528.0 B, free: 2.2 GiB)
2026-08-08 19:04:55,674 INFO memory.MemoryStore: Block rdd_97_1 stored as values in memory (estimated size 1616.0 B, free 2.2 GiB)
2026-08-08 19:04:55,674 INFO storage.BlockManagerInfo: Added rdd_97_1 in memory on 10.0.0.215:55616 (size: 1616.0 B, free: 2.2 GiB)
2026-08-08 19:04:55,678 INFO executor.Executor: Finished task 0.0 in stage 36.0 (TID 88). 1575 bytes result sent to driver
2026-08-08 19:04:55,678 INFO executor.Executor: Finished task 1.0 in stage 36.0 (TID 89). 1575 bytes result sent to driver
2026-08-08 19:04:55,678 INFO scheduler.TaskSetManager: Finished task 0.0 in stage 36.0 (TID 88) in 15 ms on 10.0.0.215 (executor driver) (1/2)
2026-08-08 19:04:55,678 INFO scheduler.TaskSetManager: Finished task 1.0 in stage 36.0 (TID 89) in 15 ms on 10.0.0.215 (executor driver) (2/2)
2026-08-08 19:04:55,678 INFO scheduler.TaskSchedulerImpl: Removed TaskSet 36.0, whose tasks have all completed, from pool 
2026-08-08 19:04:55,679 INFO scheduler.DAGScheduler: ResultStage 36 (collect at AreaUnderCurve.scala:44) finished in 0.019 s
2026-08-08 19:04:55,679 INFO scheduler.DAGScheduler: Job 21 is finished. Cancelling potential speculative or zombie tasks for this job
2026-08-08 19:04:55,679 INFO scheduler.TaskSchedulerImpl: Killing all running tasks in stage 36: Stage finished
2026-08-08 19:04:55,679 INFO scheduler.DAGScheduler: Job 21 finished: collect at AreaUnderCurve.scala:44, took 0.020584 s
RESULT model=DecisionTree trainSeconds=1.59 accuracy=0.6742 auc=0.7317940718928252
2026-08-08 19:04:55,690 INFO util.Instrumentation: [b93e59df] Stage class: RandomForestClassifier
2026-08-08 19:04:55,690 INFO util.Instrumentation: [b93e59df] Stage uid: rfc_41817a702a14
2026-08-08 19:04:55,700 INFO util.Instrumentation: [b93e59df] training: numPartitions=4 storageLevel=StorageLevel(1 replicas)
2026-08-08 19:04:55,727 INFO scheduler.DAGScheduler: Registering RDD 112 (take at Classifier.scala:146) as input to shuffle 12
2026-08-08 19:04:55,727 INFO scheduler.DAGScheduler: Got map stage job 22 (take at Classifier.scala:146) with 4 output partitions
2026-08-08 19:04:55,727 INFO scheduler.DAGScheduler: Final stage: ShuffleMapStage 37 (take at Classifier.scala:146)
2026-08-08 19:04:55,727 INFO scheduler.DAGScheduler: Parents of final stage: List()
2026-08-08 19:04:55,727 INFO scheduler.DAGScheduler: Missing parents: List()
2026-08-08 19:04:55,728 INFO scheduler.DAGScheduler: Submitting ShuffleMapStage 37 (MapPartitionsRDD[112] at take at Classifier.scala:146), which has no missing parents
2026-08-08 19:04:55,731 INFO memory.MemoryStore: Block broadcast_40 stored as values in memory (estimated size 66.0 KiB, free 2.2 GiB)
2026-08-08 19:04:55,732 INFO memory.MemoryStore: Block broadcast_40_piece0 stored as bytes in memory (estimated size 23.0 KiB, free 2.2 GiB)
2026-08-08 19:04:55,732 INFO storage.BlockManagerInfo: Added broadcast_40_piece0 in memory on 10.0.0.215:55616 (size: 23.0 KiB, free: 2.2 GiB)
2026-08-08 19:04:55,732 INFO spark.SparkContext: Created broadcast 40 from broadcast at DAGScheduler.scala:1513
2026-08-08 19:04:55,732 INFO scheduler.DAGScheduler: Submitting 4 missing tasks from ShuffleMapStage 37 (MapPartitionsRDD[112] at take at Classifier.scala:146) (first 15 tasks are for partitions Vector(0, 1, 2, 3))
2026-08-08 19:04:55,732 INFO scheduler.TaskSchedulerImpl: Adding task set 37.0 with 4 tasks resource profile 0
2026-08-08 19:04:55,733 INFO scheduler.TaskSetManager: Starting task 0.0 in stage 37.0 (TID 90) (10.0.0.215, executor driver, partition 0, PROCESS_LOCAL, 5019 bytes) taskResourceAssignments Map()
2026-08-08 19:04:55,733 INFO scheduler.TaskSetManager: Starting task 1.0 in stage 37.0 (TID 91) (10.0.0.215, executor driver, partition 1, PROCESS_LOCAL, 5019 bytes) taskResourceAssignments Map()
2026-08-08 19:04:55,733 INFO scheduler.TaskSetManager: Starting task 2.0 in stage 37.0 (TID 92) (10.0.0.215, executor driver, partition 2, PROCESS_LOCAL, 5019 bytes) taskResourceAssignments Map()
2026-08-08 19:04:55,733 INFO scheduler.TaskSetManager: Starting task 3.0 in stage 37.0 (TID 93) (10.0.0.215, executor driver, partition 3, PROCESS_LOCAL, 5019 bytes) taskResourceAssignments Map()
2026-08-08 19:04:55,733 INFO executor.Executor: Running task 1.0 in stage 37.0 (TID 91)
2026-08-08 19:04:55,733 INFO executor.Executor: Running task 0.0 in stage 37.0 (TID 90)
2026-08-08 19:04:55,733 INFO executor.Executor: Running task 2.0 in stage 37.0 (TID 92)
2026-08-08 19:04:55,733 INFO executor.Executor: Running task 3.0 in stage 37.0 (TID 93)
2026-08-08 19:04:55,737 INFO storage.BlockManager: Found block rdd_8_1 locally
2026-08-08 19:04:55,738 INFO storage.BlockManager: Found block rdd_8_2 locally
2026-08-08 19:04:55,739 INFO storage.BlockManager: Found block rdd_8_0 locally
2026-08-08 19:04:55,740 INFO storage.BlockManager: Found block rdd_8_3 locally
2026-08-08 19:04:55,751 INFO executor.Executor: Finished task 3.0 in stage 37.0 (TID 93). 2328 bytes result sent to driver
2026-08-08 19:04:55,752 INFO scheduler.TaskSetManager: Finished task 3.0 in stage 37.0 (TID 93) in 19 ms on 10.0.0.215 (executor driver) (1/4)
2026-08-08 19:04:55,754 INFO executor.Executor: Finished task 0.0 in stage 37.0 (TID 90). 2328 bytes result sent to driver
2026-08-08 19:04:55,754 INFO executor.Executor: Finished task 1.0 in stage 37.0 (TID 91). 2328 bytes result sent to driver
2026-08-08 19:04:55,754 INFO executor.Executor: Finished task 2.0 in stage 37.0 (TID 92). 2328 bytes result sent to driver
2026-08-08 19:04:55,755 INFO scheduler.TaskSetManager: Finished task 0.0 in stage 37.0 (TID 90) in 22 ms on 10.0.0.215 (executor driver) (2/4)
2026-08-08 19:04:55,755 INFO scheduler.TaskSetManager: Finished task 1.0 in stage 37.0 (TID 91) in 22 ms on 10.0.0.215 (executor driver) (3/4)
2026-08-08 19:04:55,755 INFO scheduler.TaskSetManager: Finished task 2.0 in stage 37.0 (TID 92) in 22 ms on 10.0.0.215 (executor driver) (4/4)
2026-08-08 19:04:55,755 INFO scheduler.TaskSchedulerImpl: Removed TaskSet 37.0, whose tasks have all completed, from pool 
2026-08-08 19:04:55,755 INFO scheduler.DAGScheduler: ShuffleMapStage 37 (take at Classifier.scala:146) finished in 0.027 s
2026-08-08 19:04:55,755 INFO scheduler.DAGScheduler: looking for newly runnable stages
2026-08-08 19:04:55,755 INFO scheduler.DAGScheduler: running: Set()
2026-08-08 19:04:55,755 INFO scheduler.DAGScheduler: waiting: Set()
2026-08-08 19:04:55,755 INFO scheduler.DAGScheduler: failed: Set()
2026-08-08 19:04:55,766 INFO spark.SparkContext: Starting job: take at Classifier.scala:146
2026-08-08 19:04:55,767 INFO scheduler.DAGScheduler: Got job 23 (take at Classifier.scala:146) with 1 output partitions
2026-08-08 19:04:55,767 INFO scheduler.DAGScheduler: Final stage: ResultStage 39 (take at Classifier.scala:146)
2026-08-08 19:04:55,767 INFO scheduler.DAGScheduler: Parents of final stage: List(ShuffleMapStage 38)
2026-08-08 19:04:55,767 INFO scheduler.DAGScheduler: Missing parents: List()
2026-08-08 19:04:55,767 INFO scheduler.DAGScheduler: Submitting ResultStage 39 (MapPartitionsRDD[115] at take at Classifier.scala:146), which has no missing parents
2026-08-08 19:04:55,768 INFO memory.MemoryStore: Block broadcast_41 stored as values in memory (estimated size 11.8 KiB, free 2.2 GiB)
2026-08-08 19:04:55,768 INFO memory.MemoryStore: Block broadcast_41_piece0 stored as bytes in memory (estimated size 5.7 KiB, free 2.2 GiB)
2026-08-08 19:04:55,768 INFO storage.BlockManagerInfo: Added broadcast_41_piece0 in memory on 10.0.0.215:55616 (size: 5.7 KiB, free: 2.2 GiB)
2026-08-08 19:04:55,769 INFO spark.SparkContext: Created broadcast 41 from broadcast at DAGScheduler.scala:1513
2026-08-08 19:04:55,769 INFO scheduler.DAGScheduler: Submitting 1 missing tasks from ResultStage 39 (MapPartitionsRDD[115] at take at Classifier.scala:146) (first 15 tasks are for partitions Vector(0))
2026-08-08 19:04:55,769 INFO scheduler.TaskSchedulerImpl: Adding task set 39.0 with 1 tasks resource profile 0
2026-08-08 19:04:55,770 INFO scheduler.TaskSetManager: Starting task 0.0 in stage 39.0 (TID 94) (10.0.0.215, executor driver, partition 0, NODE_LOCAL, 4453 bytes) taskResourceAssignments Map()
2026-08-08 19:04:55,770 INFO executor.Executor: Running task 0.0 in stage 39.0 (TID 94)
2026-08-08 19:04:55,772 INFO storage.ShuffleBlockFetcherIterator: Getting 4 (240.0 B) non-empty blocks including 4 (240.0 B) local and 0 (0.0 B) host-local and 0 (0.0 B) push-merged-local and 0 (0.0 B) remote blocks
2026-08-08 19:04:55,772 INFO storage.ShuffleBlockFetcherIterator: Started 0 remote fetches in 0 ms
2026-08-08 19:04:55,773 INFO executor.Executor: Finished task 0.0 in stage 39.0 (TID 94). 2650 bytes result sent to driver
2026-08-08 19:04:55,774 INFO scheduler.TaskSetManager: Finished task 0.0 in stage 39.0 (TID 94) in 5 ms on 10.0.0.215 (executor driver) (1/1)
2026-08-08 19:04:55,774 INFO scheduler.TaskSchedulerImpl: Removed TaskSet 39.0, whose tasks have all completed, from pool 
2026-08-08 19:04:55,774 INFO scheduler.DAGScheduler: ResultStage 39 (take at Classifier.scala:146) finished in 0.007 s
2026-08-08 19:04:55,774 INFO scheduler.DAGScheduler: Job 23 is finished. Cancelling potential speculative or zombie tasks for this job
2026-08-08 19:04:55,774 INFO scheduler.TaskSchedulerImpl: Killing all running tasks in stage 39: Stage finished
2026-08-08 19:04:55,774 INFO scheduler.DAGScheduler: Job 23 finished: take at Classifier.scala:146, took 0.007770 s
2026-08-08 19:04:55,775 INFO classification.RandomForestClassifier: org.apache.spark.ml.classification.RandomForestClassifier inferred 2 classes for labelCol=rfc_41817a702a14__labelCol since numClasses was not specified in the column metadata.
2026-08-08 19:04:55,793 INFO util.Instrumentation: [b93e59df] {"labelCol":"label","featuresCol":"features","numTrees":40,"maxDepth":6}
2026-08-08 19:04:55,800 INFO spark.SparkContext: Starting job: take at DecisionTreeMetadata.scala:119
2026-08-08 19:04:55,801 INFO scheduler.DAGScheduler: Got job 24 (take at DecisionTreeMetadata.scala:119) with 1 output partitions
2026-08-08 19:04:55,801 INFO scheduler.DAGScheduler: Final stage: ResultStage 40 (take at DecisionTreeMetadata.scala:119)
2026-08-08 19:04:55,801 INFO scheduler.DAGScheduler: Parents of final stage: List()
2026-08-08 19:04:55,801 INFO scheduler.DAGScheduler: Missing parents: List()
2026-08-08 19:04:55,802 INFO scheduler.DAGScheduler: Submitting ResultStage 40 (MapPartitionsRDD[126] at map at DecisionTreeMetadata.scala:119), which has no missing parents
2026-08-08 19:04:55,803 INFO memory.MemoryStore: Block broadcast_42 stored as values in memory (estimated size 72.5 KiB, free 2.2 GiB)
2026-08-08 19:04:55,803 INFO memory.MemoryStore: Block broadcast_42_piece0 stored as bytes in memory (estimated size 25.2 KiB, free 2.2 GiB)
2026-08-08 19:04:55,804 INFO storage.BlockManagerInfo: Added broadcast_42_piece0 in memory on 10.0.0.215:55616 (size: 25.2 KiB, free: 2.2 GiB)
2026-08-08 19:04:55,804 INFO spark.SparkContext: Created broadcast 42 from broadcast at DAGScheduler.scala:1513
2026-08-08 19:04:55,804 INFO scheduler.DAGScheduler: Submitting 1 missing tasks from ResultStage 40 (MapPartitionsRDD[126] at map at DecisionTreeMetadata.scala:119) (first 15 tasks are for partitions Vector(0))
2026-08-08 19:04:55,804 INFO scheduler.TaskSchedulerImpl: Adding task set 40.0 with 1 tasks resource profile 0
2026-08-08 19:04:55,805 INFO scheduler.TaskSetManager: Starting task 0.0 in stage 40.0 (TID 95) (10.0.0.215, executor driver, partition 0, PROCESS_LOCAL, 5030 bytes) taskResourceAssignments Map()
2026-08-08 19:04:55,805 INFO executor.Executor: Running task 0.0 in stage 40.0 (TID 95)
2026-08-08 19:04:55,808 INFO storage.BlockManager: Found block rdd_8_0 locally
2026-08-08 19:04:55,809 INFO executor.Executor: 1 block locks were not released by task 0.0 in stage 40.0 (TID 95)
[rdd_8_0]
2026-08-08 19:04:55,810 INFO executor.Executor: Finished task 0.0 in stage 40.0 (TID 95). 1662 bytes result sent to driver
2026-08-08 19:04:55,810 INFO scheduler.TaskSetManager: Finished task 0.0 in stage 40.0 (TID 95) in 5 ms on 10.0.0.215 (executor driver) (1/1)
2026-08-08 19:04:55,810 INFO scheduler.TaskSchedulerImpl: Removed TaskSet 40.0, whose tasks have all completed, from pool 
2026-08-08 19:04:55,811 INFO scheduler.DAGScheduler: ResultStage 40 (take at DecisionTreeMetadata.scala:119) finished in 0.009 s
2026-08-08 19:04:55,811 INFO scheduler.DAGScheduler: Job 24 is finished. Cancelling potential speculative or zombie tasks for this job
2026-08-08 19:04:55,811 INFO scheduler.TaskSchedulerImpl: Killing all running tasks in stage 40: Stage finished
2026-08-08 19:04:55,811 INFO scheduler.DAGScheduler: Job 24 finished: take at DecisionTreeMetadata.scala:119, took 0.010377 s
2026-08-08 19:04:55,814 INFO spark.SparkContext: Starting job: aggregate at DecisionTreeMetadata.scala:125
2026-08-08 19:04:55,814 INFO scheduler.DAGScheduler: Got job 25 (aggregate at DecisionTreeMetadata.scala:125) with 4 output partitions
2026-08-08 19:04:55,815 INFO scheduler.DAGScheduler: Final stage: ResultStage 41 (aggregate at DecisionTreeMetadata.scala:125)
2026-08-08 19:04:55,815 INFO scheduler.DAGScheduler: Parents of final stage: List()
2026-08-08 19:04:55,815 INFO scheduler.DAGScheduler: Missing parents: List()
2026-08-08 19:04:55,816 INFO scheduler.DAGScheduler: Submitting ResultStage 41 (MapPartitionsRDD[125] at retag at RandomForest.scala:274), which has no missing parents
2026-08-08 19:04:55,817 INFO memory.MemoryStore: Block broadcast_43 stored as values in memory (estimated size 72.5 KiB, free 2.2 GiB)
2026-08-08 19:04:55,818 INFO memory.MemoryStore: Block broadcast_43_piece0 stored as bytes in memory (estimated size 25.2 KiB, free 2.2 GiB)
2026-08-08 19:04:55,818 INFO storage.BlockManagerInfo: Added broadcast_43_piece0 in memory on 10.0.0.215:55616 (size: 25.2 KiB, free: 2.2 GiB)
2026-08-08 19:04:55,818 INFO spark.SparkContext: Created broadcast 43 from broadcast at DAGScheduler.scala:1513
2026-08-08 19:04:55,818 INFO scheduler.DAGScheduler: Submitting 4 missing tasks from ResultStage 41 (MapPartitionsRDD[125] at retag at RandomForest.scala:274) (first 15 tasks are for partitions Vector(0, 1, 2, 3))
2026-08-08 19:04:55,818 INFO scheduler.TaskSchedulerImpl: Adding task set 41.0 with 4 tasks resource profile 0
2026-08-08 19:04:55,819 INFO scheduler.TaskSetManager: Starting task 0.0 in stage 41.0 (TID 96) (10.0.0.215, executor driver, partition 0, PROCESS_LOCAL, 5030 bytes) taskResourceAssignments Map()
2026-08-08 19:04:55,819 INFO scheduler.TaskSetManager: Starting task 1.0 in stage 41.0 (TID 97) (10.0.0.215, executor driver, partition 1, PROCESS_LOCAL, 5030 bytes) taskResourceAssignments Map()
2026-08-08 19:04:55,819 INFO scheduler.TaskSetManager: Starting task 2.0 in stage 41.0 (TID 98) (10.0.0.215, executor driver, partition 2, PROCESS_LOCAL, 5030 bytes) taskResourceAssignments Map()
2026-08-08 19:04:55,819 INFO scheduler.TaskSetManager: Starting task 3.0 in stage 41.0 (TID 99) (10.0.0.215, executor driver, partition 3, PROCESS_LOCAL, 5030 bytes) taskResourceAssignments Map()
2026-08-08 19:04:55,819 INFO executor.Executor: Running task 3.0 in stage 41.0 (TID 99)
2026-08-08 19:04:55,819 INFO executor.Executor: Running task 0.0 in stage 41.0 (TID 96)
2026-08-08 19:04:55,819 INFO executor.Executor: Running task 2.0 in stage 41.0 (TID 98)
2026-08-08 19:04:55,819 INFO executor.Executor: Running task 1.0 in stage 41.0 (TID 97)
2026-08-08 19:04:55,823 INFO storage.BlockManager: Found block rdd_8_1 locally
2026-08-08 19:04:55,824 INFO storage.BlockManager: Found block rdd_8_3 locally
2026-08-08 19:04:55,825 INFO storage.BlockManager: Found block rdd_8_2 locally
2026-08-08 19:04:55,825 INFO storage.BlockManager: Found block rdd_8_0 locally
2026-08-08 19:04:55,829 INFO executor.Executor: Finished task 3.0 in stage 41.0 (TID 99). 1777 bytes result sent to driver
2026-08-08 19:04:55,830 INFO scheduler.TaskSetManager: Finished task 3.0 in stage 41.0 (TID 99) in 11 ms on 10.0.0.215 (executor driver) (1/4)
2026-08-08 19:04:55,833 INFO executor.Executor: Finished task 1.0 in stage 41.0 (TID 97). 1777 bytes result sent to driver
2026-08-08 19:04:55,835 INFO scheduler.TaskSetManager: Finished task 1.0 in stage 41.0 (TID 97) in 16 ms on 10.0.0.215 (executor driver) (2/4)
2026-08-08 19:04:55,837 INFO executor.Executor: Finished task 0.0 in stage 41.0 (TID 96). 1777 bytes result sent to driver
2026-08-08 19:04:55,837 INFO executor.Executor: Finished task 2.0 in stage 41.0 (TID 98). 1777 bytes result sent to driver
2026-08-08 19:04:55,837 INFO scheduler.TaskSetManager: Finished task 0.0 in stage 41.0 (TID 96) in 18 ms on 10.0.0.215 (executor driver) (3/4)
2026-08-08 19:04:55,838 INFO scheduler.TaskSetManager: Finished task 2.0 in stage 41.0 (TID 98) in 19 ms on 10.0.0.215 (executor driver) (4/4)
2026-08-08 19:04:55,838 INFO scheduler.TaskSchedulerImpl: Removed TaskSet 41.0, whose tasks have all completed, from pool 
2026-08-08 19:04:55,838 INFO scheduler.DAGScheduler: ResultStage 41 (aggregate at DecisionTreeMetadata.scala:125) finished in 0.022 s
2026-08-08 19:04:55,838 INFO scheduler.DAGScheduler: Job 25 is finished. Cancelling potential speculative or zombie tasks for this job
2026-08-08 19:04:55,838 INFO scheduler.TaskSchedulerImpl: Killing all running tasks in stage 41: Stage finished
2026-08-08 19:04:55,838 INFO scheduler.DAGScheduler: Job 25 finished: aggregate at DecisionTreeMetadata.scala:125, took 0.024162 s
2026-08-08 19:04:55,852 INFO spark.SparkContext: Starting job: collectAsMap at RandomForest.scala:1054
2026-08-08 19:04:55,853 INFO scheduler.DAGScheduler: Registering RDD 129 (flatMap at RandomForest.scala:1039) as input to shuffle 13
2026-08-08 19:04:55,854 INFO scheduler.DAGScheduler: Got job 26 (collectAsMap at RandomForest.scala:1054) with 4 output partitions
2026-08-08 19:04:55,854 INFO scheduler.DAGScheduler: Final stage: ResultStage 43 (collectAsMap at RandomForest.scala:1054)
2026-08-08 19:04:55,854 INFO storage.BlockManagerInfo: Removed broadcast_38_piece0 on 10.0.0.215:55616 in memory (size: 3.4 KiB, free: 2.2 GiB)
2026-08-08 19:04:55,854 INFO scheduler.DAGScheduler: Parents of final stage: List(ShuffleMapStage 42)
2026-08-08 19:04:55,854 INFO scheduler.DAGScheduler: Missing parents: List(ShuffleMapStage 42)
2026-08-08 19:04:55,855 INFO scheduler.DAGScheduler: Submitting ShuffleMapStage 42 (MapPartitionsRDD[129] at flatMap at RandomForest.scala:1039), which has no missing parents
2026-08-08 19:04:55,857 INFO storage.BlockManager: Removing RDD 87
2026-08-08 19:04:55,858 INFO memory.MemoryStore: Block broadcast_44 stored as values in memory (estimated size 77.3 KiB, free 2.2 GiB)
2026-08-08 19:04:55,858 INFO memory.MemoryStore: Block broadcast_44_piece0 stored as bytes in memory (estimated size 27.1 KiB, free 2.2 GiB)
2026-08-08 19:04:55,858 INFO storage.BlockManagerInfo: Added broadcast_44_piece0 in memory on 10.0.0.215:55616 (size: 27.1 KiB, free: 2.2 GiB)
2026-08-08 19:04:55,859 INFO spark.SparkContext: Created broadcast 44 from broadcast at DAGScheduler.scala:1513
2026-08-08 19:04:55,859 INFO scheduler.DAGScheduler: Submitting 4 missing tasks from ShuffleMapStage 42 (MapPartitionsRDD[129] at flatMap at RandomForest.scala:1039) (first 15 tasks are for partitions Vector(0, 1, 2, 3))
2026-08-08 19:04:55,859 INFO scheduler.TaskSchedulerImpl: Adding task set 42.0 with 4 tasks resource profile 0
2026-08-08 19:04:55,860 INFO storage.BlockManagerInfo: Removed broadcast_35_piece0 on 10.0.0.215:55616 in memory (size: 34.4 KiB, free: 2.2 GiB)
2026-08-08 19:04:55,860 INFO scheduler.TaskSetManager: Starting task 0.0 in stage 42.0 (TID 100) (10.0.0.215, executor driver, partition 0, PROCESS_LOCAL, 5128 bytes) taskResourceAssignments Map()
2026-08-08 19:04:55,861 INFO scheduler.TaskSetManager: Starting task 1.0 in stage 42.0 (TID 101) (10.0.0.215, executor driver, partition 1, PROCESS_LOCAL, 5128 bytes) taskResourceAssignments Map()
2026-08-08 19:04:55,861 INFO scheduler.TaskSetManager: Starting task 2.0 in stage 42.0 (TID 102) (10.0.0.215, executor driver, partition 2, PROCESS_LOCAL, 5128 bytes) taskResourceAssignments Map()
2026-08-08 19:04:55,861 INFO scheduler.TaskSetManager: Starting task 3.0 in stage 42.0 (TID 103) (10.0.0.215, executor driver, partition 3, PROCESS_LOCAL, 5128 bytes) taskResourceAssignments Map()
2026-08-08 19:04:55,862 INFO executor.Executor: Running task 2.0 in stage 42.0 (TID 102)
2026-08-08 19:04:55,862 INFO executor.Executor: Running task 0.0 in stage 42.0 (TID 100)
2026-08-08 19:04:55,862 INFO executor.Executor: Running task 1.0 in stage 42.0 (TID 101)
2026-08-08 19:04:55,862 INFO executor.Executor: Running task 3.0 in stage 42.0 (TID 103)
2026-08-08 19:04:55,862 INFO storage.BlockManagerInfo: Removed broadcast_36_piece0 on 10.0.0.215:55616 in memory (size: 3.4 KiB, free: 2.2 GiB)
2026-08-08 19:04:55,866 INFO storage.BlockManager: Found block rdd_8_1 locally
2026-08-08 19:04:55,867 INFO storage.BlockManager: Found block rdd_8_3 locally
2026-08-08 19:04:55,867 INFO storage.BlockManager: Found block rdd_8_2 locally
2026-08-08 19:04:55,867 INFO storage.BlockManager: Found block rdd_8_0 locally
2026-08-08 19:04:55,870 INFO storage.BlockManagerInfo: Removed broadcast_37_piece0 on 10.0.0.215:55616 in memory (size: 2.9 KiB, free: 2.2 GiB)
2026-08-08 19:04:55,874 INFO storage.BlockManagerInfo: Removed broadcast_42_piece0 on 10.0.0.215:55616 in memory (size: 25.2 KiB, free: 2.2 GiB)
2026-08-08 19:04:55,880 INFO storage.BlockManagerInfo: Removed broadcast_39_piece0 on 10.0.0.215:55616 in memory (size: 3.8 KiB, free: 2.2 GiB)
2026-08-08 19:04:55,882 INFO storage.BlockManagerInfo: Removed broadcast_40_piece0 on 10.0.0.215:55616 in memory (size: 23.0 KiB, free: 2.2 GiB)
2026-08-08 19:04:55,886 INFO storage.BlockManager: Removing RDD 97
2026-08-08 19:04:55,890 INFO storage.BlockManagerInfo: Removed broadcast_41_piece0 on 10.0.0.215:55616 in memory (size: 5.7 KiB, free: 2.2 GiB)
2026-08-08 19:04:55,893 INFO storage.BlockManagerInfo: Removed broadcast_43_piece0 on 10.0.0.215:55616 in memory (size: 25.2 KiB, free: 2.2 GiB)
2026-08-08 19:04:55,897 INFO storage.BlockManagerInfo: Removed broadcast_34_piece0 on 10.0.0.215:55616 in memory (size: 33.8 KiB, free: 2.2 GiB)
2026-08-08 19:04:55,904 INFO storage.BlockManagerInfo: Removed broadcast_33_piece0 on 10.0.0.215:55616 in memory (size: 33.6 KiB, free: 2.2 GiB)
2026-08-08 19:04:55,934 INFO executor.Executor: Finished task 3.0 in stage 42.0 (TID 103). 2000 bytes result sent to driver
2026-08-08 19:04:55,935 INFO scheduler.TaskSetManager: Finished task 3.0 in stage 42.0 (TID 103) in 74 ms on 10.0.0.215 (executor driver) (1/4)
2026-08-08 19:04:55,990 INFO executor.Executor: Finished task 0.0 in stage 42.0 (TID 100). 2000 bytes result sent to driver
2026-08-08 19:04:55,990 INFO executor.Executor: Finished task 2.0 in stage 42.0 (TID 102). 2000 bytes result sent to driver
2026-08-08 19:04:55,991 INFO scheduler.TaskSetManager: Finished task 0.0 in stage 42.0 (TID 100) in 131 ms on 10.0.0.215 (executor driver) (2/4)
2026-08-08 19:04:55,991 INFO executor.Executor: Finished task 1.0 in stage 42.0 (TID 101). 2000 bytes result sent to driver
2026-08-08 19:04:55,991 INFO scheduler.TaskSetManager: Finished task 2.0 in stage 42.0 (TID 102) in 130 ms on 10.0.0.215 (executor driver) (3/4)
2026-08-08 19:04:55,991 INFO scheduler.TaskSetManager: Finished task 1.0 in stage 42.0 (TID 101) in 130 ms on 10.0.0.215 (executor driver) (4/4)
2026-08-08 19:04:55,991 INFO scheduler.TaskSchedulerImpl: Removed TaskSet 42.0, whose tasks have all completed, from pool 
2026-08-08 19:04:55,992 INFO scheduler.DAGScheduler: ShuffleMapStage 42 (flatMap at RandomForest.scala:1039) finished in 0.135 s
2026-08-08 19:04:55,992 INFO scheduler.DAGScheduler: looking for newly runnable stages
2026-08-08 19:04:55,992 INFO scheduler.DAGScheduler: running: Set()
2026-08-08 19:04:55,992 INFO scheduler.DAGScheduler: waiting: Set(ResultStage 43)
2026-08-08 19:04:55,992 INFO scheduler.DAGScheduler: failed: Set()
2026-08-08 19:04:55,992 INFO scheduler.DAGScheduler: Submitting ResultStage 43 (MapPartitionsRDD[131] at map at RandomForest.scala:1054), which has no missing parents
2026-08-08 19:04:55,993 INFO memory.MemoryStore: Block broadcast_45 stored as values in memory (estimated size 9.8 KiB, free 2.2 GiB)
2026-08-08 19:04:55,993 INFO memory.MemoryStore: Block broadcast_45_piece0 stored as bytes in memory (estimated size 4.5 KiB, free 2.2 GiB)
2026-08-08 19:04:55,993 INFO storage.BlockManagerInfo: Added broadcast_45_piece0 in memory on 10.0.0.215:55616 (size: 4.5 KiB, free: 2.2 GiB)
2026-08-08 19:04:55,993 INFO spark.SparkContext: Created broadcast 45 from broadcast at DAGScheduler.scala:1513
2026-08-08 19:04:55,993 INFO scheduler.DAGScheduler: Submitting 4 missing tasks from ResultStage 43 (MapPartitionsRDD[131] at map at RandomForest.scala:1054) (first 15 tasks are for partitions Vector(0, 1, 2, 3))
2026-08-08 19:04:55,993 INFO scheduler.TaskSchedulerImpl: Adding task set 43.0 with 4 tasks resource profile 0
2026-08-08 19:04:55,994 INFO scheduler.TaskSetManager: Starting task 0.0 in stage 43.0 (TID 104) (10.0.0.215, executor driver, partition 0, NODE_LOCAL, 4271 bytes) taskResourceAssignments Map()
2026-08-08 19:04:55,994 INFO scheduler.TaskSetManager: Starting task 1.0 in stage 43.0 (TID 105) (10.0.0.215, executor driver, partition 1, NODE_LOCAL, 4271 bytes) taskResourceAssignments Map()
2026-08-08 19:04:55,994 INFO scheduler.TaskSetManager: Starting task 2.0 in stage 43.0 (TID 106) (10.0.0.215, executor driver, partition 2, NODE_LOCAL, 4271 bytes) taskResourceAssignments Map()
2026-08-08 19:04:55,994 INFO scheduler.TaskSetManager: Starting task 3.0 in stage 43.0 (TID 107) (10.0.0.215, executor driver, partition 3, NODE_LOCAL, 4271 bytes) taskResourceAssignments Map()
2026-08-08 19:04:55,994 INFO executor.Executor: Running task 1.0 in stage 43.0 (TID 105)
2026-08-08 19:04:55,994 INFO executor.Executor: Running task 3.0 in stage 43.0 (TID 107)
2026-08-08 19:04:55,994 INFO executor.Executor: Running task 0.0 in stage 43.0 (TID 104)
2026-08-08 19:04:55,994 INFO executor.Executor: Running task 2.0 in stage 43.0 (TID 106)
2026-08-08 19:04:55,996 INFO storage.ShuffleBlockFetcherIterator: Getting 4 (692.2 KiB) non-empty blocks including 4 (692.2 KiB) local and 0 (0.0 B) host-local and 0 (0.0 B) push-merged-local and 0 (0.0 B) remote blocks
2026-08-08 19:04:55,996 INFO storage.ShuffleBlockFetcherIterator: Started 0 remote fetches in 0 ms
2026-08-08 19:04:55,996 INFO storage.ShuffleBlockFetcherIterator: Getting 4 (672.8 KiB) non-empty blocks including 4 (672.8 KiB) local and 0 (0.0 B) host-local and 0 (0.0 B) push-merged-local and 0 (0.0 B) remote blocks
2026-08-08 19:04:55,996 INFO storage.ShuffleBlockFetcherIterator: Started 0 remote fetches in 0 ms
2026-08-08 19:04:55,996 INFO storage.ShuffleBlockFetcherIterator: Getting 4 (731.0 KiB) non-empty blocks including 4 (731.0 KiB) local and 0 (0.0 B) host-local and 0 (0.0 B) push-merged-local and 0 (0.0 B) remote blocks
2026-08-08 19:04:55,996 INFO storage.ShuffleBlockFetcherIterator: Started 0 remote fetches in 0 ms
2026-08-08 19:04:55,998 INFO storage.ShuffleBlockFetcherIterator: Getting 4 (337.2 KiB) non-empty blocks including 4 (337.2 KiB) local and 0 (0.0 B) host-local and 0 (0.0 B) push-merged-local and 0 (0.0 B) remote blocks
2026-08-08 19:04:55,998 INFO storage.ShuffleBlockFetcherIterator: Started 0 remote fetches in 2 ms
2026-08-08 19:04:56,018 INFO storage.BlockManagerInfo: Removed broadcast_44_piece0 on 10.0.0.215:55616 in memory (size: 27.1 KiB, free: 2.2 GiB)
2026-08-08 19:04:56,035 INFO executor.Executor: Finished task 0.0 in stage 43.0 (TID 104). 3629 bytes result sent to driver
2026-08-08 19:04:56,036 INFO scheduler.TaskSetManager: Finished task 0.0 in stage 43.0 (TID 104) in 42 ms on 10.0.0.215 (executor driver) (1/4)
2026-08-08 19:04:56,054 INFO executor.Executor: Finished task 2.0 in stage 43.0 (TID 106). 5799 bytes result sent to driver
2026-08-08 19:04:56,055 INFO scheduler.TaskSetManager: Finished task 2.0 in stage 43.0 (TID 106) in 61 ms on 10.0.0.215 (executor driver) (2/4)
2026-08-08 19:04:56,056 INFO executor.Executor: Finished task 1.0 in stage 43.0 (TID 105). 5756 bytes result sent to driver
2026-08-08 19:04:56,057 INFO scheduler.TaskSetManager: Finished task 1.0 in stage 43.0 (TID 105) in 63 ms on 10.0.0.215 (executor driver) (3/4)
2026-08-08 19:04:56,059 INFO executor.Executor: Finished task 3.0 in stage 43.0 (TID 107). 5799 bytes result sent to driver
2026-08-08 19:04:56,059 INFO scheduler.TaskSetManager: Finished task 3.0 in stage 43.0 (TID 107) in 65 ms on 10.0.0.215 (executor driver) (4/4)
2026-08-08 19:04:56,059 INFO scheduler.TaskSchedulerImpl: Removed TaskSet 43.0, whose tasks have all completed, from pool 
2026-08-08 19:04:56,059 INFO scheduler.DAGScheduler: ResultStage 43 (collectAsMap at RandomForest.scala:1054) finished in 0.067 s
2026-08-08 19:04:56,059 INFO scheduler.DAGScheduler: Job 26 is finished. Cancelling potential speculative or zombie tasks for this job
2026-08-08 19:04:56,059 INFO scheduler.TaskSchedulerImpl: Killing all running tasks in stage 43: Stage finished
2026-08-08 19:04:56,060 INFO scheduler.DAGScheduler: Job 26 finished: collectAsMap at RandomForest.scala:1054, took 0.207186 s
2026-08-08 19:04:56,061 INFO memory.MemoryStore: Block broadcast_46 stored as values in memory (estimated size 21.8 KiB, free 2.2 GiB)
2026-08-08 19:04:56,062 INFO memory.MemoryStore: Block broadcast_46_piece0 stored as bytes in memory (estimated size 5.8 KiB, free 2.2 GiB)
2026-08-08 19:04:56,062 INFO storage.BlockManagerInfo: Added broadcast_46_piece0 in memory on 10.0.0.215:55616 (size: 5.8 KiB, free: 2.2 GiB)
2026-08-08 19:04:56,062 INFO spark.SparkContext: Created broadcast 46 from broadcast at RandomForest.scala:293
2026-08-08 19:04:56,064 INFO util.Instrumentation: [b93e59df] {"numFeatures":28}
2026-08-08 19:04:56,064 INFO util.Instrumentation: [b93e59df] {"numClasses":2}
2026-08-08 19:04:56,065 INFO util.Instrumentation: [b93e59df] {"numExamples":90000}
2026-08-08 19:04:56,065 INFO util.Instrumentation: [b93e59df] {"sumOfWeights":90000.0}
2026-08-08 19:04:56,067 INFO memory.MemoryStore: Block broadcast_47 stored as values in memory (estimated size 5.1 KiB, free 2.2 GiB)
2026-08-08 19:04:56,068 INFO memory.MemoryStore: Block broadcast_47_piece0 stored as bytes in memory (estimated size 1134.0 B, free 2.2 GiB)
2026-08-08 19:04:56,068 INFO storage.BlockManagerInfo: Added broadcast_47_piece0 in memory on 10.0.0.215:55616 (size: 1134.0 B, free: 2.2 GiB)
2026-08-08 19:04:56,069 INFO spark.SparkContext: Created broadcast 47 from broadcast at RandomForest.scala:622
2026-08-08 19:04:56,077 INFO spark.SparkContext: Starting job: collectAsMap at RandomForest.scala:663
2026-08-08 19:04:56,078 INFO scheduler.DAGScheduler: Registering RDD 134 (mapPartitions at RandomForest.scala:644) as input to shuffle 14
2026-08-08 19:04:56,079 INFO scheduler.DAGScheduler: Got job 27 (collectAsMap at RandomForest.scala:663) with 4 output partitions
2026-08-08 19:04:56,079 INFO scheduler.DAGScheduler: Final stage: ResultStage 45 (collectAsMap at RandomForest.scala:663)
2026-08-08 19:04:56,079 INFO scheduler.DAGScheduler: Parents of final stage: List(ShuffleMapStage 44)
2026-08-08 19:04:56,079 INFO scheduler.DAGScheduler: Missing parents: List(ShuffleMapStage 44)
2026-08-08 19:04:56,080 INFO scheduler.DAGScheduler: Submitting ShuffleMapStage 44 (MapPartitionsRDD[134] at mapPartitions at RandomForest.scala:644), which has no missing parents
2026-08-08 19:04:56,081 INFO memory.MemoryStore: Block broadcast_48 stored as values in memory (estimated size 86.7 KiB, free 2.2 GiB)
2026-08-08 19:04:56,081 INFO memory.MemoryStore: Block broadcast_48_piece0 stored as bytes in memory (estimated size 33.4 KiB, free 2.2 GiB)
2026-08-08 19:04:56,082 INFO storage.BlockManagerInfo: Added broadcast_48_piece0 in memory on 10.0.0.215:55616 (size: 33.4 KiB, free: 2.2 GiB)
2026-08-08 19:04:56,082 INFO spark.SparkContext: Created broadcast 48 from broadcast at DAGScheduler.scala:1513
2026-08-08 19:04:56,082 INFO scheduler.DAGScheduler: Submitting 4 missing tasks from ShuffleMapStage 44 (MapPartitionsRDD[134] at mapPartitions at RandomForest.scala:644) (first 15 tasks are for partitions Vector(0, 1, 2, 3))
2026-08-08 19:04:56,082 INFO scheduler.TaskSchedulerImpl: Adding task set 44.0 with 4 tasks resource profile 0
2026-08-08 19:04:56,082 INFO scheduler.TaskSetManager: Starting task 0.0 in stage 44.0 (TID 108) (10.0.0.215, executor driver, partition 0, PROCESS_LOCAL, 5019 bytes) taskResourceAssignments Map()
2026-08-08 19:04:56,082 INFO scheduler.TaskSetManager: Starting task 1.0 in stage 44.0 (TID 109) (10.0.0.215, executor driver, partition 1, PROCESS_LOCAL, 5019 bytes) taskResourceAssignments Map()
2026-08-08 19:04:56,083 INFO scheduler.TaskSetManager: Starting task 2.0 in stage 44.0 (TID 110) (10.0.0.215, executor driver, partition 2, PROCESS_LOCAL, 5019 bytes) taskResourceAssignments Map()
2026-08-08 19:04:56,083 INFO scheduler.TaskSetManager: Starting task 3.0 in stage 44.0 (TID 111) (10.0.0.215, executor driver, partition 3, PROCESS_LOCAL, 5019 bytes) taskResourceAssignments Map()
2026-08-08 19:04:56,083 INFO executor.Executor: Running task 1.0 in stage 44.0 (TID 109)
2026-08-08 19:04:56,083 INFO executor.Executor: Running task 0.0 in stage 44.0 (TID 108)
2026-08-08 19:04:56,083 INFO executor.Executor: Running task 3.0 in stage 44.0 (TID 111)
2026-08-08 19:04:56,083 INFO executor.Executor: Running task 2.0 in stage 44.0 (TID 110)
2026-08-08 19:04:56,089 INFO storage.BlockManager: Found block rdd_8_2 locally
2026-08-08 19:04:56,089 INFO storage.BlockManager: Found block rdd_8_1 locally
2026-08-08 19:04:56,089 INFO storage.BlockManager: Found block rdd_8_3 locally
2026-08-08 19:04:56,089 INFO storage.BlockManager: Found block rdd_8_0 locally
2026-08-08 19:04:56,178 INFO memory.MemoryStore: Block rdd_133_3 stored as values in memory (estimated size 3.8 MiB, free 2.2 GiB)
2026-08-08 19:04:56,179 INFO storage.BlockManagerInfo: Added rdd_133_3 in memory on 10.0.0.215:55616 (size: 3.8 MiB, free: 2.2 GiB)
2026-08-08 19:04:56,202 INFO storage.BlockManagerInfo: Removed broadcast_45_piece0 on 10.0.0.215:55616 in memory (size: 4.5 KiB, free: 2.2 GiB)
2026-08-08 19:04:56,249 INFO memory.MemoryStore: Block rdd_133_1 stored as values in memory (estimated size 9.4 MiB, free 2.2 GiB)
2026-08-08 19:04:56,249 INFO storage.BlockManagerInfo: Added rdd_133_1 in memory on 10.0.0.215:55616 (size: 9.4 MiB, free: 2.2 GiB)
2026-08-08 19:04:56,252 INFO executor.Executor: Finished task 3.0 in stage 44.0 (TID 111). 2043 bytes result sent to driver
2026-08-08 19:04:56,254 INFO scheduler.TaskSetManager: Finished task 3.0 in stage 44.0 (TID 111) in 171 ms on 10.0.0.215 (executor driver) (1/4)
2026-08-08 19:04:56,256 INFO memory.MemoryStore: Block rdd_133_2 stored as values in memory (estimated size 9.4 MiB, free 2.2 GiB)
2026-08-08 19:04:56,256 INFO storage.BlockManagerInfo: Added rdd_133_2 in memory on 10.0.0.215:55616 (size: 9.4 MiB, free: 2.2 GiB)
2026-08-08 19:04:56,270 INFO memory.MemoryStore: Block rdd_133_0 stored as values in memory (estimated size 9.4 MiB, free 2.2 GiB)
2026-08-08 19:04:56,271 INFO storage.BlockManagerInfo: Added rdd_133_0 in memory on 10.0.0.215:55616 (size: 9.4 MiB, free: 2.2 GiB)
2026-08-08 19:04:56,316 INFO executor.Executor: Finished task 1.0 in stage 44.0 (TID 109). 2043 bytes result sent to driver
2026-08-08 19:04:56,316 INFO scheduler.TaskSetManager: Finished task 1.0 in stage 44.0 (TID 109) in 234 ms on 10.0.0.215 (executor driver) (2/4)
2026-08-08 19:04:56,320 INFO executor.Executor: Finished task 2.0 in stage 44.0 (TID 110). 2043 bytes result sent to driver
2026-08-08 19:04:56,320 INFO scheduler.TaskSetManager: Finished task 2.0 in stage 44.0 (TID 110) in 238 ms on 10.0.0.215 (executor driver) (3/4)
2026-08-08 19:04:56,337 INFO executor.Executor: Finished task 0.0 in stage 44.0 (TID 108). 2043 bytes result sent to driver
2026-08-08 19:04:56,337 INFO scheduler.TaskSetManager: Finished task 0.0 in stage 44.0 (TID 108) in 255 ms on 10.0.0.215 (executor driver) (4/4)
2026-08-08 19:04:56,337 INFO scheduler.TaskSchedulerImpl: Removed TaskSet 44.0, whose tasks have all completed, from pool 
2026-08-08 19:04:56,338 INFO scheduler.DAGScheduler: ShuffleMapStage 44 (mapPartitions at RandomForest.scala:644) finished in 0.258 s
2026-08-08 19:04:56,338 INFO scheduler.DAGScheduler: looking for newly runnable stages
2026-08-08 19:04:56,338 INFO scheduler.DAGScheduler: running: Set()
2026-08-08 19:04:56,338 INFO scheduler.DAGScheduler: waiting: Set(ResultStage 45)
2026-08-08 19:04:56,338 INFO scheduler.DAGScheduler: failed: Set()
2026-08-08 19:04:56,338 INFO scheduler.DAGScheduler: Submitting ResultStage 45 (MapPartitionsRDD[136] at map at RandomForest.scala:663), which has no missing parents
2026-08-08 19:04:56,339 INFO memory.MemoryStore: Block broadcast_49 stored as values in memory (estimated size 7.9 KiB, free 2.2 GiB)
2026-08-08 19:04:56,339 INFO memory.MemoryStore: Block broadcast_49_piece0 stored as bytes in memory (estimated size 3.8 KiB, free 2.2 GiB)
2026-08-08 19:04:56,339 INFO storage.BlockManagerInfo: Added broadcast_49_piece0 in memory on 10.0.0.215:55616 (size: 3.8 KiB, free: 2.2 GiB)
2026-08-08 19:04:56,339 INFO spark.SparkContext: Created broadcast 49 from broadcast at DAGScheduler.scala:1513
2026-08-08 19:04:56,339 INFO scheduler.DAGScheduler: Submitting 4 missing tasks from ResultStage 45 (MapPartitionsRDD[136] at map at RandomForest.scala:663) (first 15 tasks are for partitions Vector(0, 1, 2, 3))
2026-08-08 19:04:56,339 INFO scheduler.TaskSchedulerImpl: Adding task set 45.0 with 4 tasks resource profile 0
2026-08-08 19:04:56,340 INFO scheduler.TaskSetManager: Starting task 0.0 in stage 45.0 (TID 112) (10.0.0.215, executor driver, partition 0, NODE_LOCAL, 4271 bytes) taskResourceAssignments Map()
2026-08-08 19:04:56,340 INFO scheduler.TaskSetManager: Starting task 1.0 in stage 45.0 (TID 113) (10.0.0.215, executor driver, partition 1, NODE_LOCAL, 4271 bytes) taskResourceAssignments Map()
2026-08-08 19:04:56,340 INFO scheduler.TaskSetManager: Starting task 2.0 in stage 45.0 (TID 114) (10.0.0.215, executor driver, partition 2, NODE_LOCAL, 4271 bytes) taskResourceAssignments Map()
2026-08-08 19:04:56,340 INFO scheduler.TaskSetManager: Starting task 3.0 in stage 45.0 (TID 115) (10.0.0.215, executor driver, partition 3, NODE_LOCAL, 4271 bytes) taskResourceAssignments Map()
2026-08-08 19:04:56,340 INFO executor.Executor: Running task 3.0 in stage 45.0 (TID 115)
2026-08-08 19:04:56,340 INFO executor.Executor: Running task 0.0 in stage 45.0 (TID 112)
2026-08-08 19:04:56,340 INFO executor.Executor: Running task 2.0 in stage 45.0 (TID 114)
2026-08-08 19:04:56,340 INFO executor.Executor: Running task 1.0 in stage 45.0 (TID 113)
2026-08-08 19:04:56,341 INFO storage.ShuffleBlockFetcherIterator: Getting 4 (78.8 KiB) non-empty blocks including 4 (78.8 KiB) local and 0 (0.0 B) host-local and 0 (0.0 B) push-merged-local and 0 (0.0 B) remote blocks
2026-08-08 19:04:56,341 INFO storage.ShuffleBlockFetcherIterator: Started 0 remote fetches in 0 ms
2026-08-08 19:04:56,342 INFO storage.ShuffleBlockFetcherIterator: Getting 4 (78.8 KiB) non-empty blocks including 4 (78.8 KiB) local and 0 (0.0 B) host-local and 0 (0.0 B) push-merged-local and 0 (0.0 B) remote blocks
2026-08-08 19:04:56,342 INFO storage.ShuffleBlockFetcherIterator: Started 0 remote fetches in 0 ms
2026-08-08 19:04:56,342 INFO storage.ShuffleBlockFetcherIterator: Getting 4 (80.8 KiB) non-empty blocks including 4 (80.8 KiB) local and 0 (0.0 B) host-local and 0 (0.0 B) push-merged-local and 0 (0.0 B) remote blocks
2026-08-08 19:04:56,342 INFO storage.ShuffleBlockFetcherIterator: Getting 4 (78.8 KiB) non-empty blocks including 4 (78.8 KiB) local and 0 (0.0 B) host-local and 0 (0.0 B) push-merged-local and 0 (0.0 B) remote blocks
2026-08-08 19:04:56,342 INFO storage.ShuffleBlockFetcherIterator: Started 0 remote fetches in 0 ms
2026-08-08 19:04:56,342 INFO storage.ShuffleBlockFetcherIterator: Started 0 remote fetches in 0 ms
2026-08-08 19:04:56,348 INFO executor.Executor: Finished task 0.0 in stage 45.0 (TID 112). 3674 bytes result sent to driver
2026-08-08 19:04:56,348 INFO executor.Executor: Finished task 3.0 in stage 45.0 (TID 115). 3648 bytes result sent to driver
2026-08-08 19:04:56,348 INFO executor.Executor: Finished task 1.0 in stage 45.0 (TID 113). 3687 bytes result sent to driver
2026-08-08 19:04:56,349 INFO executor.Executor: Finished task 2.0 in stage 45.0 (TID 114). 3700 bytes result sent to driver
2026-08-08 19:04:56,349 INFO scheduler.TaskSetManager: Finished task 3.0 in stage 45.0 (TID 115) in 9 ms on 10.0.0.215 (executor driver) (1/4)
2026-08-08 19:04:56,349 INFO scheduler.TaskSetManager: Finished task 0.0 in stage 45.0 (TID 112) in 9 ms on 10.0.0.215 (executor driver) (2/4)
2026-08-08 19:04:56,349 INFO scheduler.TaskSetManager: Finished task 1.0 in stage 45.0 (TID 113) in 9 ms on 10.0.0.215 (executor driver) (3/4)
2026-08-08 19:04:56,349 INFO scheduler.TaskSetManager: Finished task 2.0 in stage 45.0 (TID 114) in 9 ms on 10.0.0.215 (executor driver) (4/4)
2026-08-08 19:04:56,350 INFO scheduler.TaskSchedulerImpl: Removed TaskSet 45.0, whose tasks have all completed, from pool 
2026-08-08 19:04:56,350 INFO scheduler.DAGScheduler: ResultStage 45 (collectAsMap at RandomForest.scala:663) finished in 0.012 s
2026-08-08 19:04:56,350 INFO scheduler.DAGScheduler: Job 27 is finished. Cancelling potential speculative or zombie tasks for this job
2026-08-08 19:04:56,350 INFO scheduler.TaskSchedulerImpl: Killing all running tasks in stage 45: Stage finished
2026-08-08 19:04:56,350 INFO scheduler.DAGScheduler: Job 27 finished: collectAsMap at RandomForest.scala:663, took 0.273149 s
2026-08-08 19:04:56,350 INFO broadcast.TorrentBroadcast: Destroying Broadcast(47) (from destroy at RandomForest.scala:674)
2026-08-08 19:04:56,352 INFO storage.BlockManagerInfo: Removed broadcast_47_piece0 on 10.0.0.215:55616 in memory (size: 1134.0 B, free: 2.2 GiB)
2026-08-08 19:04:56,353 INFO memory.MemoryStore: Block broadcast_50 stored as values in memory (estimated size 10.3 KiB, free 2.2 GiB)
2026-08-08 19:04:56,353 INFO memory.MemoryStore: Block broadcast_50_piece0 stored as bytes in memory (estimated size 1980.0 B, free 2.2 GiB)
2026-08-08 19:04:56,353 INFO storage.BlockManagerInfo: Added broadcast_50_piece0 in memory on 10.0.0.215:55616 (size: 1980.0 B, free: 2.2 GiB)
2026-08-08 19:04:56,354 INFO spark.SparkContext: Created broadcast 50 from broadcast at RandomForest.scala:622
2026-08-08 19:04:56,363 INFO spark.SparkContext: Starting job: collectAsMap at RandomForest.scala:663
2026-08-08 19:04:56,363 INFO scheduler.DAGScheduler: Registering RDD 137 (mapPartitions at RandomForest.scala:644) as input to shuffle 15
2026-08-08 19:04:56,363 INFO scheduler.DAGScheduler: Got job 28 (collectAsMap at RandomForest.scala:663) with 4 output partitions
2026-08-08 19:04:56,363 INFO scheduler.DAGScheduler: Final stage: ResultStage 47 (collectAsMap at RandomForest.scala:663)
2026-08-08 19:04:56,363 INFO scheduler.DAGScheduler: Parents of final stage: List(ShuffleMapStage 46)
2026-08-08 19:04:56,363 INFO scheduler.DAGScheduler: Missing parents: List(ShuffleMapStage 46)
2026-08-08 19:04:56,364 INFO scheduler.DAGScheduler: Submitting ShuffleMapStage 46 (MapPartitionsRDD[137] at mapPartitions at RandomForest.scala:644), which has no missing parents
2026-08-08 19:04:56,366 INFO memory.MemoryStore: Block broadcast_51 stored as values in memory (estimated size 99.9 KiB, free 2.2 GiB)
2026-08-08 19:04:56,366 INFO memory.MemoryStore: Block broadcast_51_piece0 stored as bytes in memory (estimated size 39.5 KiB, free 2.2 GiB)
2026-08-08 19:04:56,366 INFO storage.BlockManagerInfo: Added broadcast_51_piece0 in memory on 10.0.0.215:55616 (size: 39.5 KiB, free: 2.2 GiB)
2026-08-08 19:04:56,367 INFO spark.SparkContext: Created broadcast 51 from broadcast at DAGScheduler.scala:1513
2026-08-08 19:04:56,369 INFO scheduler.DAGScheduler: Submitting 4 missing tasks from ShuffleMapStage 46 (MapPartitionsRDD[137] at mapPartitions at RandomForest.scala:644) (first 15 tasks are for partitions Vector(0, 1, 2, 3))
2026-08-08 19:04:56,369 INFO scheduler.TaskSchedulerImpl: Adding task set 46.0 with 4 tasks resource profile 0
2026-08-08 19:04:56,370 INFO scheduler.TaskSetManager: Starting task 0.0 in stage 46.0 (TID 116) (10.0.0.215, executor driver, partition 0, PROCESS_LOCAL, 5019 bytes) taskResourceAssignments Map()
2026-08-08 19:04:56,370 INFO scheduler.TaskSetManager: Starting task 1.0 in stage 46.0 (TID 117) (10.0.0.215, executor driver, partition 1, PROCESS_LOCAL, 5019 bytes) taskResourceAssignments Map()
2026-08-08 19:04:56,370 INFO scheduler.TaskSetManager: Starting task 2.0 in stage 46.0 (TID 118) (10.0.0.215, executor driver, partition 2, PROCESS_LOCAL, 5019 bytes) taskResourceAssignments Map()
2026-08-08 19:04:56,370 INFO scheduler.TaskSetManager: Starting task 3.0 in stage 46.0 (TID 119) (10.0.0.215, executor driver, partition 3, PROCESS_LOCAL, 5019 bytes) taskResourceAssignments Map()
2026-08-08 19:04:56,370 INFO executor.Executor: Running task 0.0 in stage 46.0 (TID 116)
2026-08-08 19:04:56,370 INFO executor.Executor: Running task 3.0 in stage 46.0 (TID 119)
2026-08-08 19:04:56,370 INFO executor.Executor: Running task 2.0 in stage 46.0 (TID 118)
2026-08-08 19:04:56,370 INFO executor.Executor: Running task 1.0 in stage 46.0 (TID 117)
2026-08-08 19:04:56,373 INFO storage.BlockManager: Found block rdd_133_0 locally
2026-08-08 19:04:56,375 INFO storage.BlockManager: Found block rdd_133_1 locally
2026-08-08 19:04:56,375 INFO storage.BlockManager: Found block rdd_133_3 locally
2026-08-08 19:04:56,376 INFO storage.BlockManager: Found block rdd_133_2 locally
2026-08-08 19:04:56,440 INFO executor.Executor: Finished task 3.0 in stage 46.0 (TID 119). 2000 bytes result sent to driver
2026-08-08 19:04:56,441 INFO scheduler.TaskSetManager: Finished task 3.0 in stage 46.0 (TID 119) in 71 ms on 10.0.0.215 (executor driver) (1/4)
2026-08-08 19:04:56,496 INFO executor.Executor: Finished task 1.0 in stage 46.0 (TID 117). 2000 bytes result sent to driver
2026-08-08 19:04:56,497 INFO scheduler.TaskSetManager: Finished task 1.0 in stage 46.0 (TID 117) in 127 ms on 10.0.0.215 (executor driver) (2/4)
2026-08-08 19:04:56,497 INFO executor.Executor: Finished task 2.0 in stage 46.0 (TID 118). 2000 bytes result sent to driver
2026-08-08 19:04:56,498 INFO scheduler.TaskSetManager: Finished task 2.0 in stage 46.0 (TID 118) in 128 ms on 10.0.0.215 (executor driver) (3/4)
2026-08-08 19:04:56,500 INFO executor.Executor: Finished task 0.0 in stage 46.0 (TID 116). 2000 bytes result sent to driver
2026-08-08 19:04:56,500 INFO scheduler.TaskSetManager: Finished task 0.0 in stage 46.0 (TID 116) in 130 ms on 10.0.0.215 (executor driver) (4/4)
2026-08-08 19:04:56,500 INFO scheduler.TaskSchedulerImpl: Removed TaskSet 46.0, whose tasks have all completed, from pool 
2026-08-08 19:04:56,500 INFO scheduler.DAGScheduler: ShuffleMapStage 46 (mapPartitions at RandomForest.scala:644) finished in 0.135 s
2026-08-08 19:04:56,500 INFO scheduler.DAGScheduler: looking for newly runnable stages
2026-08-08 19:04:56,500 INFO scheduler.DAGScheduler: running: Set()
2026-08-08 19:04:56,500 INFO scheduler.DAGScheduler: waiting: Set(ResultStage 47)
2026-08-08 19:04:56,500 INFO scheduler.DAGScheduler: failed: Set()
2026-08-08 19:04:56,500 INFO scheduler.DAGScheduler: Submitting ResultStage 47 (MapPartitionsRDD[139] at map at RandomForest.scala:663), which has no missing parents
2026-08-08 19:04:56,501 INFO memory.MemoryStore: Block broadcast_52 stored as values in memory (estimated size 14.4 KiB, free 2.2 GiB)
2026-08-08 19:04:56,501 INFO memory.MemoryStore: Block broadcast_52_piece0 stored as bytes in memory (estimated size 6.3 KiB, free 2.2 GiB)
2026-08-08 19:04:56,501 INFO storage.BlockManagerInfo: Added broadcast_52_piece0 in memory on 10.0.0.215:55616 (size: 6.3 KiB, free: 2.2 GiB)
2026-08-08 19:04:56,502 INFO spark.SparkContext: Created broadcast 52 from broadcast at DAGScheduler.scala:1513
2026-08-08 19:04:56,502 INFO scheduler.DAGScheduler: Submitting 4 missing tasks from ResultStage 47 (MapPartitionsRDD[139] at map at RandomForest.scala:663) (first 15 tasks are for partitions Vector(0, 1, 2, 3))
2026-08-08 19:04:56,502 INFO scheduler.TaskSchedulerImpl: Adding task set 47.0 with 4 tasks resource profile 0
2026-08-08 19:04:56,503 INFO scheduler.TaskSetManager: Starting task 0.0 in stage 47.0 (TID 120) (10.0.0.215, executor driver, partition 0, NODE_LOCAL, 4271 bytes) taskResourceAssignments Map()
2026-08-08 19:04:56,503 INFO scheduler.TaskSetManager: Starting task 1.0 in stage 47.0 (TID 121) (10.0.0.215, executor driver, partition 1, NODE_LOCAL, 4271 bytes) taskResourceAssignments Map()
2026-08-08 19:04:56,503 INFO scheduler.TaskSetManager: Starting task 2.0 in stage 47.0 (TID 122) (10.0.0.215, executor driver, partition 2, NODE_LOCAL, 4271 bytes) taskResourceAssignments Map()
2026-08-08 19:04:56,503 INFO scheduler.TaskSetManager: Starting task 3.0 in stage 47.0 (TID 123) (10.0.0.215, executor driver, partition 3, NODE_LOCAL, 4271 bytes) taskResourceAssignments Map()
2026-08-08 19:04:56,504 INFO executor.Executor: Running task 2.0 in stage 47.0 (TID 122)
2026-08-08 19:04:56,504 INFO executor.Executor: Running task 0.0 in stage 47.0 (TID 120)
2026-08-08 19:04:56,504 INFO executor.Executor: Running task 3.0 in stage 47.0 (TID 123)
2026-08-08 19:04:56,504 INFO executor.Executor: Running task 1.0 in stage 47.0 (TID 121)
2026-08-08 19:04:56,506 INFO storage.ShuffleBlockFetcherIterator: Getting 4 (150.1 KiB) non-empty blocks including 4 (150.1 KiB) local and 0 (0.0 B) host-local and 0 (0.0 B) push-merged-local and 0 (0.0 B) remote blocks
2026-08-08 19:04:56,506 INFO storage.ShuffleBlockFetcherIterator: Getting 4 (153.6 KiB) non-empty blocks including 4 (153.6 KiB) local and 0 (0.0 B) host-local and 0 (0.0 B) push-merged-local and 0 (0.0 B) remote blocks
2026-08-08 19:04:56,506 INFO storage.ShuffleBlockFetcherIterator: Getting 4 (139.6 KiB) non-empty blocks including 4 (139.6 KiB) local and 0 (0.0 B) host-local and 0 (0.0 B) push-merged-local and 0 (0.0 B) remote blocks
2026-08-08 19:04:56,506 INFO storage.ShuffleBlockFetcherIterator: Getting 4 (150.1 KiB) non-empty blocks including 4 (150.1 KiB) local and 0 (0.0 B) host-local and 0 (0.0 B) push-merged-local and 0 (0.0 B) remote blocks
2026-08-08 19:04:56,506 INFO storage.ShuffleBlockFetcherIterator: Started 0 remote fetches in 0 ms
2026-08-08 19:04:56,506 INFO storage.ShuffleBlockFetcherIterator: Started 0 remote fetches in 0 ms
2026-08-08 19:04:56,506 INFO storage.ShuffleBlockFetcherIterator: Started 0 remote fetches in 0 ms
2026-08-08 19:04:56,506 INFO storage.ShuffleBlockFetcherIterator: Started 0 remote fetches in 0 ms
2026-08-08 19:04:56,515 INFO executor.Executor: Finished task 2.0 in stage 47.0 (TID 122). 5511 bytes result sent to driver
2026-08-08 19:04:56,515 INFO executor.Executor: Finished task 1.0 in stage 47.0 (TID 121). 5472 bytes result sent to driver
2026-08-08 19:04:56,515 INFO executor.Executor: Finished task 0.0 in stage 47.0 (TID 120). 5524 bytes result sent to driver
2026-08-08 19:04:56,516 INFO scheduler.TaskSetManager: Finished task 2.0 in stage 47.0 (TID 122) in 13 ms on 10.0.0.215 (executor driver) (1/4)
2026-08-08 19:04:56,516 INFO scheduler.TaskSetManager: Finished task 0.0 in stage 47.0 (TID 120) in 13 ms on 10.0.0.215 (executor driver) (2/4)
2026-08-08 19:04:56,516 INFO executor.Executor: Finished task 3.0 in stage 47.0 (TID 123). 5511 bytes result sent to driver
2026-08-08 19:04:56,517 INFO scheduler.TaskSetManager: Finished task 1.0 in stage 47.0 (TID 121) in 13 ms on 10.0.0.215 (executor driver) (3/4)
2026-08-08 19:04:56,517 INFO scheduler.TaskSetManager: Finished task 3.0 in stage 47.0 (TID 123) in 14 ms on 10.0.0.215 (executor driver) (4/4)
2026-08-08 19:04:56,517 INFO scheduler.TaskSchedulerImpl: Removed TaskSet 47.0, whose tasks have all completed, from pool 
2026-08-08 19:04:56,517 INFO scheduler.DAGScheduler: ResultStage 47 (collectAsMap at RandomForest.scala:663) finished in 0.017 s
2026-08-08 19:04:56,517 INFO scheduler.DAGScheduler: Job 28 is finished. Cancelling potential speculative or zombie tasks for this job
2026-08-08 19:04:56,517 INFO scheduler.TaskSchedulerImpl: Killing all running tasks in stage 47: Stage finished
2026-08-08 19:04:56,518 INFO scheduler.DAGScheduler: Job 28 finished: collectAsMap at RandomForest.scala:663, took 0.154623 s
2026-08-08 19:04:56,518 INFO broadcast.TorrentBroadcast: Destroying Broadcast(50) (from destroy at RandomForest.scala:674)
2026-08-08 19:04:56,519 INFO storage.BlockManagerInfo: Removed broadcast_50_piece0 on 10.0.0.215:55616 in memory (size: 1980.0 B, free: 2.2 GiB)
2026-08-08 19:04:56,521 INFO memory.MemoryStore: Block broadcast_53 stored as values in memory (estimated size 20.2 KiB, free 2.2 GiB)
2026-08-08 19:04:56,521 INFO memory.MemoryStore: Block broadcast_53_piece0 stored as bytes in memory (estimated size 3.6 KiB, free 2.2 GiB)
2026-08-08 19:04:56,521 INFO storage.BlockManagerInfo: Added broadcast_53_piece0 in memory on 10.0.0.215:55616 (size: 3.6 KiB, free: 2.2 GiB)
2026-08-08 19:04:56,521 INFO spark.SparkContext: Created broadcast 53 from broadcast at RandomForest.scala:622
2026-08-08 19:04:56,530 INFO storage.BlockManagerInfo: Removed broadcast_49_piece0 on 10.0.0.215:55616 in memory (size: 3.8 KiB, free: 2.2 GiB)
2026-08-08 19:04:56,530 INFO storage.BlockManagerInfo: Removed broadcast_52_piece0 on 10.0.0.215:55616 in memory (size: 6.3 KiB, free: 2.2 GiB)
2026-08-08 19:04:56,532 INFO storage.BlockManagerInfo: Removed broadcast_51_piece0 on 10.0.0.215:55616 in memory (size: 39.5 KiB, free: 2.2 GiB)
2026-08-08 19:04:56,537 INFO spark.SparkContext: Starting job: collectAsMap at RandomForest.scala:663
2026-08-08 19:04:56,537 INFO scheduler.DAGScheduler: Registering RDD 140 (mapPartitions at RandomForest.scala:644) as input to shuffle 16
2026-08-08 19:04:56,537 INFO scheduler.DAGScheduler: Got job 29 (collectAsMap at RandomForest.scala:663) with 4 output partitions
2026-08-08 19:04:56,537 INFO scheduler.DAGScheduler: Final stage: ResultStage 49 (collectAsMap at RandomForest.scala:663)
2026-08-08 19:04:56,537 INFO scheduler.DAGScheduler: Parents of final stage: List(ShuffleMapStage 48)
2026-08-08 19:04:56,538 INFO scheduler.DAGScheduler: Missing parents: List(ShuffleMapStage 48)
2026-08-08 19:04:56,538 INFO scheduler.DAGScheduler: Submitting ShuffleMapStage 48 (MapPartitionsRDD[140] at mapPartitions at RandomForest.scala:644), which has no missing parents
2026-08-08 19:04:56,540 INFO memory.MemoryStore: Block broadcast_54 stored as values in memory (estimated size 123.4 KiB, free 2.2 GiB)
2026-08-08 19:04:56,540 INFO memory.MemoryStore: Block broadcast_54_piece0 stored as bytes in memory (estimated size 48.8 KiB, free 2.2 GiB)
2026-08-08 19:04:56,540 INFO storage.BlockManagerInfo: Added broadcast_54_piece0 in memory on 10.0.0.215:55616 (size: 48.8 KiB, free: 2.2 GiB)
2026-08-08 19:04:56,540 INFO spark.SparkContext: Created broadcast 54 from broadcast at DAGScheduler.scala:1513
2026-08-08 19:04:56,541 INFO scheduler.DAGScheduler: Submitting 4 missing tasks from ShuffleMapStage 48 (MapPartitionsRDD[140] at mapPartitions at RandomForest.scala:644) (first 15 tasks are for partitions Vector(0, 1, 2, 3))
2026-08-08 19:04:56,541 INFO scheduler.TaskSchedulerImpl: Adding task set 48.0 with 4 tasks resource profile 0
2026-08-08 19:04:56,541 INFO scheduler.TaskSetManager: Starting task 0.0 in stage 48.0 (TID 124) (10.0.0.215, executor driver, partition 0, PROCESS_LOCAL, 5019 bytes) taskResourceAssignments Map()
2026-08-08 19:04:56,541 INFO scheduler.TaskSetManager: Starting task 1.0 in stage 48.0 (TID 125) (10.0.0.215, executor driver, partition 1, PROCESS_LOCAL, 5019 bytes) taskResourceAssignments Map()
2026-08-08 19:04:56,541 INFO scheduler.TaskSetManager: Starting task 2.0 in stage 48.0 (TID 126) (10.0.0.215, executor driver, partition 2, PROCESS_LOCAL, 5019 bytes) taskResourceAssignments Map()
2026-08-08 19:04:56,541 INFO scheduler.TaskSetManager: Starting task 3.0 in stage 48.0 (TID 127) (10.0.0.215, executor driver, partition 3, PROCESS_LOCAL, 5019 bytes) taskResourceAssignments Map()
2026-08-08 19:04:56,541 INFO executor.Executor: Running task 0.0 in stage 48.0 (TID 124)
2026-08-08 19:04:56,541 INFO executor.Executor: Running task 2.0 in stage 48.0 (TID 126)
2026-08-08 19:04:56,541 INFO executor.Executor: Running task 3.0 in stage 48.0 (TID 127)
2026-08-08 19:04:56,541 INFO executor.Executor: Running task 1.0 in stage 48.0 (TID 125)
2026-08-08 19:04:56,545 INFO storage.BlockManager: Found block rdd_133_3 locally
2026-08-08 19:04:56,546 INFO storage.BlockManager: Found block rdd_133_0 locally
2026-08-08 19:04:56,547 INFO storage.BlockManager: Found block rdd_133_1 locally
2026-08-08 19:04:56,547 INFO storage.BlockManager: Found block rdd_133_2 locally
2026-08-08 19:04:56,620 INFO executor.Executor: Finished task 3.0 in stage 48.0 (TID 127). 2000 bytes result sent to driver
2026-08-08 19:04:56,620 INFO scheduler.TaskSetManager: Finished task 3.0 in stage 48.0 (TID 127) in 79 ms on 10.0.0.215 (executor driver) (1/4)
2026-08-08 19:04:56,710 INFO executor.Executor: Finished task 1.0 in stage 48.0 (TID 125). 2000 bytes result sent to driver
2026-08-08 19:04:56,710 INFO scheduler.TaskSetManager: Finished task 1.0 in stage 48.0 (TID 125) in 169 ms on 10.0.0.215 (executor driver) (2/4)
2026-08-08 19:04:56,714 INFO executor.Executor: Finished task 0.0 in stage 48.0 (TID 124). 2000 bytes result sent to driver
2026-08-08 19:04:56,714 INFO scheduler.TaskSetManager: Finished task 0.0 in stage 48.0 (TID 124) in 173 ms on 10.0.0.215 (executor driver) (3/4)
2026-08-08 19:04:56,723 INFO executor.Executor: Finished task 2.0 in stage 48.0 (TID 126). 2000 bytes result sent to driver
2026-08-08 19:04:56,723 INFO scheduler.TaskSetManager: Finished task 2.0 in stage 48.0 (TID 126) in 182 ms on 10.0.0.215 (executor driver) (4/4)
2026-08-08 19:04:56,723 INFO scheduler.TaskSchedulerImpl: Removed TaskSet 48.0, whose tasks have all completed, from pool 
2026-08-08 19:04:56,723 INFO scheduler.DAGScheduler: ShuffleMapStage 48 (mapPartitions at RandomForest.scala:644) finished in 0.185 s
2026-08-08 19:04:56,723 INFO scheduler.DAGScheduler: looking for newly runnable stages
2026-08-08 19:04:56,723 INFO scheduler.DAGScheduler: running: Set()
2026-08-08 19:04:56,723 INFO scheduler.DAGScheduler: waiting: Set(ResultStage 49)
2026-08-08 19:04:56,723 INFO scheduler.DAGScheduler: failed: Set()
2026-08-08 19:04:56,723 INFO scheduler.DAGScheduler: Submitting ResultStage 49 (MapPartitionsRDD[142] at map at RandomForest.scala:663), which has no missing parents
2026-08-08 19:04:56,724 INFO memory.MemoryStore: Block broadcast_55 stored as values in memory (estimated size 21.5 KiB, free 2.2 GiB)
2026-08-08 19:04:56,724 INFO memory.MemoryStore: Block broadcast_55_piece0 stored as bytes in memory (estimated size 8.7 KiB, free 2.2 GiB)
2026-08-08 19:04:56,724 INFO storage.BlockManagerInfo: Added broadcast_55_piece0 in memory on 10.0.0.215:55616 (size: 8.7 KiB, free: 2.2 GiB)
2026-08-08 19:04:56,725 INFO spark.SparkContext: Created broadcast 55 from broadcast at DAGScheduler.scala:1513
2026-08-08 19:04:56,725 INFO scheduler.DAGScheduler: Submitting 4 missing tasks from ResultStage 49 (MapPartitionsRDD[142] at map at RandomForest.scala:663) (first 15 tasks are for partitions Vector(0, 1, 2, 3))
2026-08-08 19:04:56,725 INFO scheduler.TaskSchedulerImpl: Adding task set 49.0 with 4 tasks resource profile 0
2026-08-08 19:04:56,725 INFO scheduler.TaskSetManager: Starting task 0.0 in stage 49.0 (TID 128) (10.0.0.215, executor driver, partition 0, NODE_LOCAL, 4271 bytes) taskResourceAssignments Map()
2026-08-08 19:04:56,725 INFO scheduler.TaskSetManager: Starting task 1.0 in stage 49.0 (TID 129) (10.0.0.215, executor driver, partition 1, NODE_LOCAL, 4271 bytes) taskResourceAssignments Map()
2026-08-08 19:04:56,725 INFO scheduler.TaskSetManager: Starting task 2.0 in stage 49.0 (TID 130) (10.0.0.215, executor driver, partition 2, NODE_LOCAL, 4271 bytes) taskResourceAssignments Map()
2026-08-08 19:04:56,725 INFO scheduler.TaskSetManager: Starting task 3.0 in stage 49.0 (TID 131) (10.0.0.215, executor driver, partition 3, NODE_LOCAL, 4271 bytes) taskResourceAssignments Map()
2026-08-08 19:04:56,725 INFO executor.Executor: Running task 1.0 in stage 49.0 (TID 129)
2026-08-08 19:04:56,725 INFO executor.Executor: Running task 0.0 in stage 49.0 (TID 128)
2026-08-08 19:04:56,725 INFO executor.Executor: Running task 3.0 in stage 49.0 (TID 131)
2026-08-08 19:04:56,725 INFO executor.Executor: Running task 2.0 in stage 49.0 (TID 130)
2026-08-08 19:04:56,727 INFO storage.ShuffleBlockFetcherIterator: Getting 4 (265.9 KiB) non-empty blocks including 4 (265.9 KiB) local and 0 (0.0 B) host-local and 0 (0.0 B) push-merged-local and 0 (0.0 B) remote blocks
2026-08-08 19:04:56,727 INFO storage.ShuffleBlockFetcherIterator: Getting 4 (272.1 KiB) non-empty blocks including 4 (272.1 KiB) local and 0 (0.0 B) host-local and 0 (0.0 B) push-merged-local and 0 (0.0 B) remote blocks
2026-08-08 19:04:56,727 INFO storage.ShuffleBlockFetcherIterator: Getting 4 (265.9 KiB) non-empty blocks including 4 (265.9 KiB) local and 0 (0.0 B) host-local and 0 (0.0 B) push-merged-local and 0 (0.0 B) remote blocks
2026-08-08 19:04:56,727 INFO storage.ShuffleBlockFetcherIterator: Started 0 remote fetches in 0 ms
2026-08-08 19:04:56,727 INFO storage.ShuffleBlockFetcherIterator: Started 0 remote fetches in 0 ms
2026-08-08 19:04:56,727 INFO storage.ShuffleBlockFetcherIterator: Getting 4 (292.5 KiB) non-empty blocks including 4 (292.5 KiB) local and 0 (0.0 B) host-local and 0 (0.0 B) push-merged-local and 0 (0.0 B) remote blocks
2026-08-08 19:04:56,727 INFO storage.ShuffleBlockFetcherIterator: Started 0 remote fetches in 0 ms
2026-08-08 19:04:56,727 INFO storage.ShuffleBlockFetcherIterator: Started 0 remote fetches in 0 ms
2026-08-08 19:04:56,732 INFO executor.Executor: Finished task 3.0 in stage 49.0 (TID 131). 9163 bytes result sent to driver
2026-08-08 19:04:56,732 INFO executor.Executor: Finished task 0.0 in stage 49.0 (TID 128). 9189 bytes result sent to driver
2026-08-08 19:04:56,732 INFO executor.Executor: Finished task 2.0 in stage 49.0 (TID 130). 9163 bytes result sent to driver
2026-08-08 19:04:56,733 INFO scheduler.TaskSetManager: Finished task 3.0 in stage 49.0 (TID 131) in 8 ms on 10.0.0.215 (executor driver) (1/4)
2026-08-08 19:04:56,733 INFO scheduler.TaskSetManager: Finished task 2.0 in stage 49.0 (TID 130) in 8 ms on 10.0.0.215 (executor driver) (2/4)
2026-08-08 19:04:56,733 INFO executor.Executor: Finished task 1.0 in stage 49.0 (TID 129). 9085 bytes result sent to driver
2026-08-08 19:04:56,733 INFO scheduler.TaskSetManager: Finished task 0.0 in stage 49.0 (TID 128) in 8 ms on 10.0.0.215 (executor driver) (3/4)
2026-08-08 19:04:56,733 INFO scheduler.TaskSetManager: Finished task 1.0 in stage 49.0 (TID 129) in 8 ms on 10.0.0.215 (executor driver) (4/4)
2026-08-08 19:04:56,733 INFO scheduler.TaskSchedulerImpl: Removed TaskSet 49.0, whose tasks have all completed, from pool 
2026-08-08 19:04:56,734 INFO scheduler.DAGScheduler: ResultStage 49 (collectAsMap at RandomForest.scala:663) finished in 0.010 s
2026-08-08 19:04:56,734 INFO scheduler.DAGScheduler: Job 29 is finished. Cancelling potential speculative or zombie tasks for this job
2026-08-08 19:04:56,734 INFO scheduler.TaskSchedulerImpl: Killing all running tasks in stage 49: Stage finished
2026-08-08 19:04:56,734 INFO scheduler.DAGScheduler: Job 29 finished: collectAsMap at RandomForest.scala:663, took 0.196831 s
2026-08-08 19:04:56,734 INFO broadcast.TorrentBroadcast: Destroying Broadcast(53) (from destroy at RandomForest.scala:674)
2026-08-08 19:04:56,735 INFO storage.BlockManagerInfo: Removed broadcast_53_piece0 on 10.0.0.215:55616 in memory (size: 3.6 KiB, free: 2.2 GiB)
2026-08-08 19:04:56,738 INFO memory.MemoryStore: Block broadcast_56 stored as values in memory (estimated size 39.8 KiB, free 2.2 GiB)
2026-08-08 19:04:56,738 INFO memory.MemoryStore: Block broadcast_56_piece0 stored as bytes in memory (estimated size 6.9 KiB, free 2.2 GiB)
2026-08-08 19:04:56,738 INFO storage.BlockManagerInfo: Added broadcast_56_piece0 in memory on 10.0.0.215:55616 (size: 6.9 KiB, free: 2.2 GiB)
2026-08-08 19:04:56,738 INFO spark.SparkContext: Created broadcast 56 from broadcast at RandomForest.scala:622
2026-08-08 19:04:56,748 INFO spark.SparkContext: Starting job: collectAsMap at RandomForest.scala:663
2026-08-08 19:04:56,748 INFO scheduler.DAGScheduler: Registering RDD 143 (mapPartitions at RandomForest.scala:644) as input to shuffle 17
2026-08-08 19:04:56,748 INFO scheduler.DAGScheduler: Got job 30 (collectAsMap at RandomForest.scala:663) with 4 output partitions
2026-08-08 19:04:56,748 INFO scheduler.DAGScheduler: Final stage: ResultStage 51 (collectAsMap at RandomForest.scala:663)
2026-08-08 19:04:56,748 INFO scheduler.DAGScheduler: Parents of final stage: List(ShuffleMapStage 50)
2026-08-08 19:04:56,748 INFO scheduler.DAGScheduler: Missing parents: List(ShuffleMapStage 50)
2026-08-08 19:04:56,749 INFO scheduler.DAGScheduler: Submitting ShuffleMapStage 50 (MapPartitionsRDD[143] at mapPartitions at RandomForest.scala:644), which has no missing parents
2026-08-08 19:04:56,751 INFO memory.MemoryStore: Block broadcast_57 stored as values in memory (estimated size 170.3 KiB, free 2.2 GiB)
2026-08-08 19:04:56,752 INFO memory.MemoryStore: Block broadcast_57_piece0 stored as bytes in memory (estimated size 68.2 KiB, free 2.2 GiB)
2026-08-08 19:04:56,752 INFO storage.BlockManagerInfo: Added broadcast_57_piece0 in memory on 10.0.0.215:55616 (size: 68.2 KiB, free: 2.2 GiB)
2026-08-08 19:04:56,752 INFO spark.SparkContext: Created broadcast 57 from broadcast at DAGScheduler.scala:1513
2026-08-08 19:04:56,752 INFO scheduler.DAGScheduler: Submitting 4 missing tasks from ShuffleMapStage 50 (MapPartitionsRDD[143] at mapPartitions at RandomForest.scala:644) (first 15 tasks are for partitions Vector(0, 1, 2, 3))
2026-08-08 19:04:56,752 INFO scheduler.TaskSchedulerImpl: Adding task set 50.0 with 4 tasks resource profile 0
2026-08-08 19:04:56,753 INFO scheduler.TaskSetManager: Starting task 0.0 in stage 50.0 (TID 132) (10.0.0.215, executor driver, partition 0, PROCESS_LOCAL, 5019 bytes) taskResourceAssignments Map()
2026-08-08 19:04:56,753 INFO scheduler.TaskSetManager: Starting task 1.0 in stage 50.0 (TID 133) (10.0.0.215, executor driver, partition 1, PROCESS_LOCAL, 5019 bytes) taskResourceAssignments Map()
2026-08-08 19:04:56,753 INFO scheduler.TaskSetManager: Starting task 2.0 in stage 50.0 (TID 134) (10.0.0.215, executor driver, partition 2, PROCESS_LOCAL, 5019 bytes) taskResourceAssignments Map()
2026-08-08 19:04:56,753 INFO scheduler.TaskSetManager: Starting task 3.0 in stage 50.0 (TID 135) (10.0.0.215, executor driver, partition 3, PROCESS_LOCAL, 5019 bytes) taskResourceAssignments Map()
2026-08-08 19:04:56,753 INFO executor.Executor: Running task 2.0 in stage 50.0 (TID 134)
2026-08-08 19:04:56,753 INFO executor.Executor: Running task 0.0 in stage 50.0 (TID 132)
2026-08-08 19:04:56,753 INFO executor.Executor: Running task 3.0 in stage 50.0 (TID 135)
2026-08-08 19:04:56,753 INFO executor.Executor: Running task 1.0 in stage 50.0 (TID 133)
2026-08-08 19:04:56,757 INFO storage.BlockManager: Found block rdd_133_3 locally
2026-08-08 19:04:56,758 INFO storage.BlockManager: Found block rdd_133_0 locally
2026-08-08 19:04:56,758 INFO storage.BlockManager: Found block rdd_133_1 locally
2026-08-08 19:04:56,759 INFO storage.BlockManager: Found block rdd_133_2 locally
2026-08-08 19:04:56,853 INFO executor.Executor: Finished task 3.0 in stage 50.0 (TID 135). 2000 bytes result sent to driver
2026-08-08 19:04:56,854 INFO scheduler.TaskSetManager: Finished task 3.0 in stage 50.0 (TID 135) in 101 ms on 10.0.0.215 (executor driver) (1/4)
2026-08-08 19:04:56,971 INFO executor.Executor: Finished task 0.0 in stage 50.0 (TID 132). 2000 bytes result sent to driver
2026-08-08 19:04:56,972 INFO scheduler.TaskSetManager: Finished task 0.0 in stage 50.0 (TID 132) in 219 ms on 10.0.0.215 (executor driver) (2/4)
2026-08-08 19:04:56,977 INFO storage.BlockManagerInfo: Removed broadcast_55_piece0 on 10.0.0.215:55616 in memory (size: 8.7 KiB, free: 2.2 GiB)
2026-08-08 19:04:56,978 INFO storage.BlockManagerInfo: Removed broadcast_54_piece0 on 10.0.0.215:55616 in memory (size: 48.8 KiB, free: 2.2 GiB)
2026-08-08 19:04:56,984 INFO executor.Executor: Finished task 2.0 in stage 50.0 (TID 134). 2043 bytes result sent to driver
2026-08-08 19:04:56,984 INFO scheduler.TaskSetManager: Finished task 2.0 in stage 50.0 (TID 134) in 231 ms on 10.0.0.215 (executor driver) (3/4)
2026-08-08 19:04:56,987 INFO executor.Executor: Finished task 1.0 in stage 50.0 (TID 133). 2043 bytes result sent to driver
2026-08-08 19:04:56,988 INFO scheduler.TaskSetManager: Finished task 1.0 in stage 50.0 (TID 133) in 235 ms on 10.0.0.215 (executor driver) (4/4)
2026-08-08 19:04:56,988 INFO scheduler.TaskSchedulerImpl: Removed TaskSet 50.0, whose tasks have all completed, from pool 
2026-08-08 19:04:56,988 INFO scheduler.DAGScheduler: ShuffleMapStage 50 (mapPartitions at RandomForest.scala:644) finished in 0.239 s
2026-08-08 19:04:56,988 INFO scheduler.DAGScheduler: looking for newly runnable stages
2026-08-08 19:04:56,988 INFO scheduler.DAGScheduler: running: Set()
2026-08-08 19:04:56,988 INFO scheduler.DAGScheduler: waiting: Set(ResultStage 51)
2026-08-08 19:04:56,988 INFO scheduler.DAGScheduler: failed: Set()
2026-08-08 19:04:56,988 INFO scheduler.DAGScheduler: Submitting ResultStage 51 (MapPartitionsRDD[145] at map at RandomForest.scala:663), which has no missing parents
2026-08-08 19:04:56,989 INFO memory.MemoryStore: Block broadcast_58 stored as values in memory (estimated size 35.7 KiB, free 2.2 GiB)
2026-08-08 19:04:56,989 INFO memory.MemoryStore: Block broadcast_58_piece0 stored as bytes in memory (estimated size 13.6 KiB, free 2.2 GiB)
2026-08-08 19:04:56,989 INFO storage.BlockManagerInfo: Added broadcast_58_piece0 in memory on 10.0.0.215:55616 (size: 13.6 KiB, free: 2.2 GiB)
2026-08-08 19:04:56,989 INFO spark.SparkContext: Created broadcast 58 from broadcast at DAGScheduler.scala:1513
2026-08-08 19:04:56,990 INFO scheduler.DAGScheduler: Submitting 4 missing tasks from ResultStage 51 (MapPartitionsRDD[145] at map at RandomForest.scala:663) (first 15 tasks are for partitions Vector(0, 1, 2, 3))
2026-08-08 19:04:56,990 INFO scheduler.TaskSchedulerImpl: Adding task set 51.0 with 4 tasks resource profile 0
2026-08-08 19:04:56,990 INFO scheduler.TaskSetManager: Starting task 0.0 in stage 51.0 (TID 136) (10.0.0.215, executor driver, partition 0, NODE_LOCAL, 4271 bytes) taskResourceAssignments Map()
2026-08-08 19:04:56,990 INFO scheduler.TaskSetManager: Starting task 1.0 in stage 51.0 (TID 137) (10.0.0.215, executor driver, partition 1, NODE_LOCAL, 4271 bytes) taskResourceAssignments Map()
2026-08-08 19:04:56,990 INFO scheduler.TaskSetManager: Starting task 2.0 in stage 51.0 (TID 138) (10.0.0.215, executor driver, partition 2, NODE_LOCAL, 4271 bytes) taskResourceAssignments Map()
2026-08-08 19:04:56,990 INFO scheduler.TaskSetManager: Starting task 3.0 in stage 51.0 (TID 139) (10.0.0.215, executor driver, partition 3, NODE_LOCAL, 4271 bytes) taskResourceAssignments Map()
2026-08-08 19:04:56,991 INFO executor.Executor: Running task 0.0 in stage 51.0 (TID 136)
2026-08-08 19:04:56,991 INFO executor.Executor: Running task 2.0 in stage 51.0 (TID 138)
2026-08-08 19:04:56,991 INFO executor.Executor: Running task 3.0 in stage 51.0 (TID 139)
2026-08-08 19:04:56,991 INFO executor.Executor: Running task 1.0 in stage 51.0 (TID 137)
2026-08-08 19:04:56,992 INFO storage.ShuffleBlockFetcherIterator: Getting 4 (518.2 KiB) non-empty blocks including 4 (518.2 KiB) local and 0 (0.0 B) host-local and 0 (0.0 B) push-merged-local and 0 (0.0 B) remote blocks
2026-08-08 19:04:56,992 INFO storage.ShuffleBlockFetcherIterator: Getting 4 (530.2 KiB) non-empty blocks including 4 (530.2 KiB) local and 0 (0.0 B) host-local and 0 (0.0 B) push-merged-local and 0 (0.0 B) remote blocks
2026-08-08 19:04:56,992 INFO storage.ShuffleBlockFetcherIterator: Started 0 remote fetches in 0 ms
2026-08-08 19:04:56,992 INFO storage.ShuffleBlockFetcherIterator: Started 0 remote fetches in 0 ms
2026-08-08 19:04:56,992 INFO storage.ShuffleBlockFetcherIterator: Getting 4 (518.2 KiB) non-empty blocks including 4 (518.2 KiB) local and 0 (0.0 B) host-local and 0 (0.0 B) push-merged-local and 0 (0.0 B) remote blocks
2026-08-08 19:04:56,992 INFO storage.ShuffleBlockFetcherIterator: Started 0 remote fetches in 0 ms
2026-08-08 19:04:56,992 INFO storage.ShuffleBlockFetcherIterator: Getting 4 (471.1 KiB) non-empty blocks including 4 (471.1 KiB) local and 0 (0.0 B) host-local and 0 (0.0 B) push-merged-local and 0 (0.0 B) remote blocks
2026-08-08 19:04:56,992 INFO storage.ShuffleBlockFetcherIterator: Started 0 remote fetches in 0 ms
2026-08-08 19:04:57,003 INFO executor.Executor: Finished task 1.0 in stage 51.0 (TID 137). 16336 bytes result sent to driver
2026-08-08 19:04:57,004 INFO executor.Executor: Finished task 0.0 in stage 51.0 (TID 136). 16440 bytes result sent to driver
2026-08-08 19:04:57,004 INFO scheduler.TaskSetManager: Finished task 1.0 in stage 51.0 (TID 137) in 14 ms on 10.0.0.215 (executor driver) (1/4)
2026-08-08 19:04:57,004 INFO scheduler.TaskSetManager: Finished task 0.0 in stage 51.0 (TID 136) in 14 ms on 10.0.0.215 (executor driver) (2/4)
2026-08-08 19:04:57,006 INFO executor.Executor: Finished task 3.0 in stage 51.0 (TID 139). 16297 bytes result sent to driver
2026-08-08 19:04:57,007 INFO scheduler.TaskSetManager: Finished task 3.0 in stage 51.0 (TID 139) in 17 ms on 10.0.0.215 (executor driver) (3/4)
2026-08-08 19:04:57,007 INFO executor.Executor: Finished task 2.0 in stage 51.0 (TID 138). 16310 bytes result sent to driver
2026-08-08 19:04:57,007 INFO scheduler.TaskSetManager: Finished task 2.0 in stage 51.0 (TID 138) in 17 ms on 10.0.0.215 (executor driver) (4/4)
2026-08-08 19:04:57,007 INFO scheduler.TaskSchedulerImpl: Removed TaskSet 51.0, whose tasks have all completed, from pool 
2026-08-08 19:04:57,008 INFO scheduler.DAGScheduler: ResultStage 51 (collectAsMap at RandomForest.scala:663) finished in 0.020 s
2026-08-08 19:04:57,008 INFO scheduler.DAGScheduler: Job 30 is finished. Cancelling potential speculative or zombie tasks for this job
2026-08-08 19:04:57,008 INFO scheduler.TaskSchedulerImpl: Killing all running tasks in stage 51: Stage finished
2026-08-08 19:04:57,008 INFO scheduler.DAGScheduler: Job 30 finished: collectAsMap at RandomForest.scala:663, took 0.259992 s
2026-08-08 19:04:57,008 INFO broadcast.TorrentBroadcast: Destroying Broadcast(56) (from destroy at RandomForest.scala:674)
2026-08-08 19:04:57,009 INFO storage.BlockManagerInfo: Removed broadcast_56_piece0 on 10.0.0.215:55616 in memory (size: 6.9 KiB, free: 2.2 GiB)
2026-08-08 19:04:57,014 INFO memory.MemoryStore: Block broadcast_59 stored as values in memory (estimated size 80.0 KiB, free 2.2 GiB)
2026-08-08 19:04:57,015 INFO memory.MemoryStore: Block broadcast_59_piece0 stored as bytes in memory (estimated size 13.4 KiB, free 2.2 GiB)
2026-08-08 19:04:57,016 INFO storage.BlockManagerInfo: Added broadcast_59_piece0 in memory on 10.0.0.215:55616 (size: 13.4 KiB, free: 2.2 GiB)
2026-08-08 19:04:57,016 INFO spark.SparkContext: Created broadcast 59 from broadcast at RandomForest.scala:622
2026-08-08 19:04:57,029 INFO spark.SparkContext: Starting job: collectAsMap at RandomForest.scala:663
2026-08-08 19:04:57,029 INFO scheduler.DAGScheduler: Registering RDD 146 (mapPartitions at RandomForest.scala:644) as input to shuffle 18
2026-08-08 19:04:57,029 INFO scheduler.DAGScheduler: Got job 31 (collectAsMap at RandomForest.scala:663) with 4 output partitions
2026-08-08 19:04:57,029 INFO scheduler.DAGScheduler: Final stage: ResultStage 53 (collectAsMap at RandomForest.scala:663)
2026-08-08 19:04:57,029 INFO scheduler.DAGScheduler: Parents of final stage: List(ShuffleMapStage 52)
2026-08-08 19:04:57,029 INFO scheduler.DAGScheduler: Missing parents: List(ShuffleMapStage 52)
2026-08-08 19:04:57,030 INFO scheduler.DAGScheduler: Submitting ShuffleMapStage 52 (MapPartitionsRDD[146] at mapPartitions at RandomForest.scala:644), which has no missing parents
2026-08-08 19:04:57,033 INFO memory.MemoryStore: Block broadcast_60 stored as values in memory (estimated size 263.3 KiB, free 2.2 GiB)
2026-08-08 19:04:57,034 INFO memory.MemoryStore: Block broadcast_60_piece0 stored as bytes in memory (estimated size 106.2 KiB, free 2.2 GiB)
2026-08-08 19:04:57,034 INFO storage.BlockManagerInfo: Added broadcast_60_piece0 in memory on 10.0.0.215:55616 (size: 106.2 KiB, free: 2.2 GiB)
2026-08-08 19:04:57,034 INFO spark.SparkContext: Created broadcast 60 from broadcast at DAGScheduler.scala:1513
2026-08-08 19:04:57,034 INFO scheduler.DAGScheduler: Submitting 4 missing tasks from ShuffleMapStage 52 (MapPartitionsRDD[146] at mapPartitions at RandomForest.scala:644) (first 15 tasks are for partitions Vector(0, 1, 2, 3))
2026-08-08 19:04:57,034 INFO scheduler.TaskSchedulerImpl: Adding task set 52.0 with 4 tasks resource profile 0
2026-08-08 19:04:57,035 INFO scheduler.TaskSetManager: Starting task 0.0 in stage 52.0 (TID 140) (10.0.0.215, executor driver, partition 0, PROCESS_LOCAL, 5019 bytes) taskResourceAssignments Map()
2026-08-08 19:04:57,035 INFO scheduler.TaskSetManager: Starting task 1.0 in stage 52.0 (TID 141) (10.0.0.215, executor driver, partition 1, PROCESS_LOCAL, 5019 bytes) taskResourceAssignments Map()
2026-08-08 19:04:57,035 INFO scheduler.TaskSetManager: Starting task 2.0 in stage 52.0 (TID 142) (10.0.0.215, executor driver, partition 2, PROCESS_LOCAL, 5019 bytes) taskResourceAssignments Map()
2026-08-08 19:04:57,035 INFO scheduler.TaskSetManager: Starting task 3.0 in stage 52.0 (TID 143) (10.0.0.215, executor driver, partition 3, PROCESS_LOCAL, 5019 bytes) taskResourceAssignments Map()
2026-08-08 19:04:57,035 INFO executor.Executor: Running task 2.0 in stage 52.0 (TID 142)
2026-08-08 19:04:57,035 INFO executor.Executor: Running task 0.0 in stage 52.0 (TID 140)
2026-08-08 19:04:57,035 INFO executor.Executor: Running task 1.0 in stage 52.0 (TID 141)
2026-08-08 19:04:57,035 INFO executor.Executor: Running task 3.0 in stage 52.0 (TID 143)
2026-08-08 19:04:57,041 INFO storage.BlockManager: Found block rdd_133_0 locally
2026-08-08 19:04:57,042 INFO storage.BlockManager: Found block rdd_133_3 locally
2026-08-08 19:04:57,043 INFO storage.BlockManager: Found block rdd_133_1 locally
2026-08-08 19:04:57,047 INFO storage.BlockManager: Found block rdd_133_2 locally
2026-08-08 19:04:57,191 INFO executor.Executor: Finished task 3.0 in stage 52.0 (TID 143). 2000 bytes result sent to driver
2026-08-08 19:04:57,192 INFO scheduler.TaskSetManager: Finished task 3.0 in stage 52.0 (TID 143) in 157 ms on 10.0.0.215 (executor driver) (1/4)
2026-08-08 19:04:57,332 INFO executor.Executor: Finished task 2.0 in stage 52.0 (TID 142). 2000 bytes result sent to driver
2026-08-08 19:04:57,332 INFO scheduler.TaskSetManager: Finished task 2.0 in stage 52.0 (TID 142) in 297 ms on 10.0.0.215 (executor driver) (2/4)
2026-08-08 19:04:57,335 INFO executor.Executor: Finished task 0.0 in stage 52.0 (TID 140). 2000 bytes result sent to driver
2026-08-08 19:04:57,336 INFO scheduler.TaskSetManager: Finished task 0.0 in stage 52.0 (TID 140) in 301 ms on 10.0.0.215 (executor driver) (3/4)
2026-08-08 19:04:57,340 INFO executor.Executor: Finished task 1.0 in stage 52.0 (TID 141). 2000 bytes result sent to driver
2026-08-08 19:04:57,341 INFO scheduler.TaskSetManager: Finished task 1.0 in stage 52.0 (TID 141) in 306 ms on 10.0.0.215 (executor driver) (4/4)
2026-08-08 19:04:57,341 INFO scheduler.TaskSchedulerImpl: Removed TaskSet 52.0, whose tasks have all completed, from pool 
2026-08-08 19:04:57,341 INFO scheduler.DAGScheduler: ShuffleMapStage 52 (mapPartitions at RandomForest.scala:644) finished in 0.311 s
2026-08-08 19:04:57,341 INFO scheduler.DAGScheduler: looking for newly runnable stages
2026-08-08 19:04:57,341 INFO scheduler.DAGScheduler: running: Set()
2026-08-08 19:04:57,341 INFO scheduler.DAGScheduler: waiting: Set(ResultStage 53)
2026-08-08 19:04:57,341 INFO scheduler.DAGScheduler: failed: Set()
2026-08-08 19:04:57,341 INFO scheduler.DAGScheduler: Submitting ResultStage 53 (MapPartitionsRDD[148] at map at RandomForest.scala:663), which has no missing parents
2026-08-08 19:04:57,342 INFO memory.MemoryStore: Block broadcast_61 stored as values in memory (estimated size 64.0 KiB, free 2.2 GiB)
2026-08-08 19:04:57,342 INFO memory.MemoryStore: Block broadcast_61_piece0 stored as bytes in memory (estimated size 22.6 KiB, free 2.2 GiB)
2026-08-08 19:04:57,342 INFO storage.BlockManagerInfo: Added broadcast_61_piece0 in memory on 10.0.0.215:55616 (size: 22.6 KiB, free: 2.2 GiB)
2026-08-08 19:04:57,343 INFO spark.SparkContext: Created broadcast 61 from broadcast at DAGScheduler.scala:1513
2026-08-08 19:04:57,343 INFO scheduler.DAGScheduler: Submitting 4 missing tasks from ResultStage 53 (MapPartitionsRDD[148] at map at RandomForest.scala:663) (first 15 tasks are for partitions Vector(0, 1, 2, 3))
2026-08-08 19:04:57,343 INFO scheduler.TaskSchedulerImpl: Adding task set 53.0 with 4 tasks resource profile 0
2026-08-08 19:04:57,343 INFO scheduler.TaskSetManager: Starting task 0.0 in stage 53.0 (TID 144) (10.0.0.215, executor driver, partition 0, NODE_LOCAL, 4271 bytes) taskResourceAssignments Map()
2026-08-08 19:04:57,343 INFO scheduler.TaskSetManager: Starting task 1.0 in stage 53.0 (TID 145) (10.0.0.215, executor driver, partition 1, NODE_LOCAL, 4271 bytes) taskResourceAssignments Map()
2026-08-08 19:04:57,343 INFO scheduler.TaskSetManager: Starting task 2.0 in stage 53.0 (TID 146) (10.0.0.215, executor driver, partition 2, NODE_LOCAL, 4271 bytes) taskResourceAssignments Map()
2026-08-08 19:04:57,343 INFO scheduler.TaskSetManager: Starting task 3.0 in stage 53.0 (TID 147) (10.0.0.215, executor driver, partition 3, NODE_LOCAL, 4271 bytes) taskResourceAssignments Map()
2026-08-08 19:04:57,343 INFO executor.Executor: Running task 0.0 in stage 53.0 (TID 144)
2026-08-08 19:04:57,343 INFO executor.Executor: Running task 3.0 in stage 53.0 (TID 147)
2026-08-08 19:04:57,343 INFO executor.Executor: Running task 1.0 in stage 53.0 (TID 145)
2026-08-08 19:04:57,343 INFO executor.Executor: Running task 2.0 in stage 53.0 (TID 146)
2026-08-08 19:04:57,345 INFO storage.ShuffleBlockFetcherIterator: Getting 4 (918.0 KiB) non-empty blocks including 4 (918.0 KiB) local and 0 (0.0 B) host-local and 0 (0.0 B) push-merged-local and 0 (0.0 B) remote blocks
2026-08-08 19:04:57,345 INFO storage.ShuffleBlockFetcherIterator: Started 0 remote fetches in 0 ms
2026-08-08 19:04:57,345 INFO storage.ShuffleBlockFetcherIterator: Getting 4 (918.0 KiB) non-empty blocks including 4 (918.0 KiB) local and 0 (0.0 B) host-local and 0 (0.0 B) push-merged-local and 0 (0.0 B) remote blocks
2026-08-08 19:04:57,345 INFO storage.ShuffleBlockFetcherIterator: Started 0 remote fetches in 0 ms
2026-08-08 19:04:57,346 INFO storage.ShuffleBlockFetcherIterator: Getting 4 (918.0 KiB) non-empty blocks including 4 (918.0 KiB) local and 0 (0.0 B) host-local and 0 (0.0 B) push-merged-local and 0 (0.0 B) remote blocks
2026-08-08 19:04:57,346 INFO storage.ShuffleBlockFetcherIterator: Started 0 remote fetches in 0 ms
2026-08-08 19:04:57,346 INFO storage.ShuffleBlockFetcherIterator: Getting 4 (1009.8 KiB) non-empty blocks including 4 (1009.8 KiB) local and 0 (0.0 B) host-local and 0 (0.0 B) push-merged-local and 0 (0.0 B) remote blocks
2026-08-08 19:04:57,346 INFO storage.ShuffleBlockFetcherIterator: Started 0 remote fetches in 0 ms
2026-08-08 19:04:57,355 INFO storage.BlockManagerInfo: Removed broadcast_58_piece0 on 10.0.0.215:55616 in memory (size: 13.6 KiB, free: 2.2 GiB)
2026-08-08 19:04:57,357 INFO storage.BlockManagerInfo: Removed broadcast_57_piece0 on 10.0.0.215:55616 in memory (size: 68.2 KiB, free: 2.2 GiB)
2026-08-08 19:04:57,359 INFO storage.BlockManagerInfo: Removed broadcast_60_piece0 on 10.0.0.215:55616 in memory (size: 106.2 KiB, free: 2.2 GiB)
2026-08-08 19:04:57,375 INFO executor.Executor: Finished task 0.0 in stage 53.0 (TID 144). 30807 bytes result sent to driver
2026-08-08 19:04:57,376 INFO executor.Executor: Finished task 2.0 in stage 53.0 (TID 146). 30842 bytes result sent to driver
2026-08-08 19:04:57,377 INFO scheduler.TaskSetManager: Finished task 0.0 in stage 53.0 (TID 144) in 34 ms on 10.0.0.215 (executor driver) (1/4)
2026-08-08 19:04:57,378 INFO scheduler.TaskSetManager: Finished task 2.0 in stage 53.0 (TID 146) in 35 ms on 10.0.0.215 (executor driver) (2/4)
2026-08-08 19:04:57,380 INFO executor.Executor: Finished task 1.0 in stage 53.0 (TID 145). 30712 bytes result sent to driver
2026-08-08 19:04:57,382 INFO executor.Executor: Finished task 3.0 in stage 53.0 (TID 147). 30737 bytes result sent to driver
2026-08-08 19:04:57,383 INFO scheduler.TaskSetManager: Finished task 1.0 in stage 53.0 (TID 145) in 40 ms on 10.0.0.215 (executor driver) (3/4)
2026-08-08 19:04:57,383 INFO scheduler.TaskSetManager: Finished task 3.0 in stage 53.0 (TID 147) in 40 ms on 10.0.0.215 (executor driver) (4/4)
2026-08-08 19:04:57,383 INFO scheduler.TaskSchedulerImpl: Removed TaskSet 53.0, whose tasks have all completed, from pool 
2026-08-08 19:04:57,383 INFO scheduler.DAGScheduler: ResultStage 53 (collectAsMap at RandomForest.scala:663) finished in 0.042 s
2026-08-08 19:04:57,383 INFO scheduler.DAGScheduler: Job 31 is finished. Cancelling potential speculative or zombie tasks for this job
2026-08-08 19:04:57,383 INFO scheduler.TaskSchedulerImpl: Killing all running tasks in stage 53: Stage finished
2026-08-08 19:04:57,384 INFO scheduler.DAGScheduler: Job 31 finished: collectAsMap at RandomForest.scala:663, took 0.354982 s
2026-08-08 19:04:57,384 INFO broadcast.TorrentBroadcast: Destroying Broadcast(59) (from destroy at RandomForest.scala:674)
2026-08-08 19:04:57,385 INFO storage.BlockManagerInfo: Removed broadcast_59_piece0 on 10.0.0.215:55616 in memory (size: 13.4 KiB, free: 2.2 GiB)
2026-08-08 19:04:57,393 INFO memory.MemoryStore: Block broadcast_62 stored as values in memory (estimated size 162.2 KiB, free 2.2 GiB)
2026-08-08 19:04:57,393 INFO memory.MemoryStore: Block broadcast_62_piece0 stored as bytes in memory (estimated size 26.7 KiB, free 2.2 GiB)
2026-08-08 19:04:57,393 INFO storage.BlockManagerInfo: Added broadcast_62_piece0 in memory on 10.0.0.215:55616 (size: 26.7 KiB, free: 2.2 GiB)
2026-08-08 19:04:57,394 INFO spark.SparkContext: Created broadcast 62 from broadcast at RandomForest.scala:622
2026-08-08 19:04:57,410 INFO spark.SparkContext: Starting job: collectAsMap at RandomForest.scala:663
2026-08-08 19:04:57,410 INFO scheduler.DAGScheduler: Registering RDD 149 (mapPartitions at RandomForest.scala:644) as input to shuffle 19
2026-08-08 19:04:57,411 INFO scheduler.DAGScheduler: Got job 32 (collectAsMap at RandomForest.scala:663) with 4 output partitions
2026-08-08 19:04:57,411 INFO scheduler.DAGScheduler: Final stage: ResultStage 55 (collectAsMap at RandomForest.scala:663)
2026-08-08 19:04:57,411 INFO scheduler.DAGScheduler: Parents of final stage: List(ShuffleMapStage 54)
2026-08-08 19:04:57,411 INFO scheduler.DAGScheduler: Missing parents: List(ShuffleMapStage 54)
2026-08-08 19:04:57,411 INFO scheduler.DAGScheduler: Submitting ShuffleMapStage 54 (MapPartitionsRDD[149] at mapPartitions at RandomForest.scala:644), which has no missing parents
2026-08-08 19:04:57,417 INFO memory.MemoryStore: Block broadcast_63 stored as values in memory (estimated size 448.3 KiB, free 2.2 GiB)
2026-08-08 19:04:57,419 INFO memory.MemoryStore: Block broadcast_63_piece0 stored as bytes in memory (estimated size 181.4 KiB, free 2.2 GiB)
2026-08-08 19:04:57,419 INFO storage.BlockManagerInfo: Added broadcast_63_piece0 in memory on 10.0.0.215:55616 (size: 181.4 KiB, free: 2.2 GiB)
2026-08-08 19:04:57,419 INFO spark.SparkContext: Created broadcast 63 from broadcast at DAGScheduler.scala:1513
2026-08-08 19:04:57,419 INFO scheduler.DAGScheduler: Submitting 4 missing tasks from ShuffleMapStage 54 (MapPartitionsRDD[149] at mapPartitions at RandomForest.scala:644) (first 15 tasks are for partitions Vector(0, 1, 2, 3))
2026-08-08 19:04:57,419 INFO scheduler.TaskSchedulerImpl: Adding task set 54.0 with 4 tasks resource profile 0
2026-08-08 19:04:57,420 INFO scheduler.TaskSetManager: Starting task 0.0 in stage 54.0 (TID 148) (10.0.0.215, executor driver, partition 0, PROCESS_LOCAL, 5019 bytes) taskResourceAssignments Map()
2026-08-08 19:04:57,420 INFO scheduler.TaskSetManager: Starting task 1.0 in stage 54.0 (TID 149) (10.0.0.215, executor driver, partition 1, PROCESS_LOCAL, 5019 bytes) taskResourceAssignments Map()
2026-08-08 19:04:57,420 INFO scheduler.TaskSetManager: Starting task 2.0 in stage 54.0 (TID 150) (10.0.0.215, executor driver, partition 2, PROCESS_LOCAL, 5019 bytes) taskResourceAssignments Map()
2026-08-08 19:04:57,420 INFO scheduler.TaskSetManager: Starting task 3.0 in stage 54.0 (TID 151) (10.0.0.215, executor driver, partition 3, PROCESS_LOCAL, 5019 bytes) taskResourceAssignments Map()
2026-08-08 19:04:57,420 INFO executor.Executor: Running task 1.0 in stage 54.0 (TID 149)
2026-08-08 19:04:57,420 INFO executor.Executor: Running task 0.0 in stage 54.0 (TID 148)
2026-08-08 19:04:57,420 INFO executor.Executor: Running task 3.0 in stage 54.0 (TID 151)
2026-08-08 19:04:57,420 INFO executor.Executor: Running task 2.0 in stage 54.0 (TID 150)
2026-08-08 19:04:57,426 INFO storage.BlockManager: Found block rdd_133_0 locally
2026-08-08 19:04:57,427 INFO storage.BlockManager: Found block rdd_133_1 locally
2026-08-08 19:04:57,432 INFO storage.BlockManager: Found block rdd_133_2 locally
2026-08-08 19:04:57,432 INFO storage.BlockManager: Found block rdd_133_3 locally
2026-08-08 19:04:57,640 INFO executor.Executor: Finished task 3.0 in stage 54.0 (TID 151). 2000 bytes result sent to driver
2026-08-08 19:04:57,641 INFO scheduler.TaskSetManager: Finished task 3.0 in stage 54.0 (TID 151) in 221 ms on 10.0.0.215 (executor driver) (1/4)
2026-08-08 19:04:57,707 INFO storage.BlockManagerInfo: Removed broadcast_61_piece0 on 10.0.0.215:55616 in memory (size: 22.6 KiB, free: 2.2 GiB)
2026-08-08 19:04:57,793 INFO executor.Executor: Finished task 1.0 in stage 54.0 (TID 149). 2043 bytes result sent to driver
2026-08-08 19:04:57,793 INFO executor.Executor: Finished task 0.0 in stage 54.0 (TID 148). 2043 bytes result sent to driver
2026-08-08 19:04:57,794 INFO scheduler.TaskSetManager: Finished task 0.0 in stage 54.0 (TID 148) in 375 ms on 10.0.0.215 (executor driver) (2/4)
2026-08-08 19:04:57,794 INFO scheduler.TaskSetManager: Finished task 1.0 in stage 54.0 (TID 149) in 374 ms on 10.0.0.215 (executor driver) (3/4)
2026-08-08 19:04:57,798 INFO executor.Executor: Finished task 2.0 in stage 54.0 (TID 150). 2043 bytes result sent to driver
2026-08-08 19:04:57,798 INFO scheduler.TaskSetManager: Finished task 2.0 in stage 54.0 (TID 150) in 378 ms on 10.0.0.215 (executor driver) (4/4)
2026-08-08 19:04:57,798 INFO scheduler.TaskSchedulerImpl: Removed TaskSet 54.0, whose tasks have all completed, from pool 
2026-08-08 19:04:57,798 INFO scheduler.DAGScheduler: ShuffleMapStage 54 (mapPartitions at RandomForest.scala:644) finished in 0.386 s
2026-08-08 19:04:57,798 INFO scheduler.DAGScheduler: looking for newly runnable stages
2026-08-08 19:04:57,798 INFO scheduler.DAGScheduler: running: Set()
2026-08-08 19:04:57,798 INFO scheduler.DAGScheduler: waiting: Set(ResultStage 55)
2026-08-08 19:04:57,798 INFO scheduler.DAGScheduler: failed: Set()
2026-08-08 19:04:57,799 INFO scheduler.DAGScheduler: Submitting ResultStage 55 (MapPartitionsRDD[151] at map at RandomForest.scala:663), which has no missing parents
2026-08-08 19:04:57,800 INFO memory.MemoryStore: Block broadcast_64 stored as values in memory (estimated size 119.4 KiB, free 2.2 GiB)
2026-08-08 19:04:57,800 INFO memory.MemoryStore: Block broadcast_64_piece0 stored as bytes in memory (estimated size 39.9 KiB, free 2.2 GiB)
2026-08-08 19:04:57,800 INFO storage.BlockManagerInfo: Added broadcast_64_piece0 in memory on 10.0.0.215:55616 (size: 39.9 KiB, free: 2.2 GiB)
2026-08-08 19:04:57,801 INFO spark.SparkContext: Created broadcast 64 from broadcast at DAGScheduler.scala:1513
2026-08-08 19:04:57,801 INFO scheduler.DAGScheduler: Submitting 4 missing tasks from ResultStage 55 (MapPartitionsRDD[151] at map at RandomForest.scala:663) (first 15 tasks are for partitions Vector(0, 1, 2, 3))
2026-08-08 19:04:57,801 INFO scheduler.TaskSchedulerImpl: Adding task set 55.0 with 4 tasks resource profile 0
2026-08-08 19:04:57,801 INFO scheduler.TaskSetManager: Starting task 0.0 in stage 55.0 (TID 152) (10.0.0.215, executor driver, partition 0, NODE_LOCAL, 4271 bytes) taskResourceAssignments Map()
2026-08-08 19:04:57,801 INFO scheduler.TaskSetManager: Starting task 1.0 in stage 55.0 (TID 153) (10.0.0.215, executor driver, partition 1, NODE_LOCAL, 4271 bytes) taskResourceAssignments Map()
2026-08-08 19:04:57,801 INFO scheduler.TaskSetManager: Starting task 2.0 in stage 55.0 (TID 154) (10.0.0.215, executor driver, partition 2, NODE_LOCAL, 4271 bytes) taskResourceAssignments Map()
2026-08-08 19:04:57,801 INFO scheduler.TaskSetManager: Starting task 3.0 in stage 55.0 (TID 155) (10.0.0.215, executor driver, partition 3, NODE_LOCAL, 4271 bytes) taskResourceAssignments Map()
2026-08-08 19:04:57,801 INFO executor.Executor: Running task 3.0 in stage 55.0 (TID 155)
2026-08-08 19:04:57,801 INFO executor.Executor: Running task 1.0 in stage 55.0 (TID 153)
2026-08-08 19:04:57,801 INFO executor.Executor: Running task 2.0 in stage 55.0 (TID 154)
2026-08-08 19:04:57,801 INFO executor.Executor: Running task 0.0 in stage 55.0 (TID 152)
2026-08-08 19:04:57,804 INFO storage.ShuffleBlockFetcherIterator: Getting 4 (1626.2 KiB) non-empty blocks including 4 (1626.2 KiB) local and 0 (0.0 B) host-local and 0 (0.0 B) push-merged-local and 0 (0.0 B) remote blocks
2026-08-08 19:04:57,804 INFO storage.ShuffleBlockFetcherIterator: Started 0 remote fetches in 0 ms
2026-08-08 19:04:57,804 INFO storage.ShuffleBlockFetcherIterator: Getting 4 (1626.2 KiB) non-empty blocks including 4 (1626.2 KiB) local and 0 (0.0 B) host-local and 0 (0.0 B) push-merged-local and 0 (0.0 B) remote blocks
2026-08-08 19:04:57,804 INFO storage.ShuffleBlockFetcherIterator: Getting 4 (1626.2 KiB) non-empty blocks including 4 (1626.2 KiB) local and 0 (0.0 B) host-local and 0 (0.0 B) push-merged-local and 0 (0.0 B) remote blocks
2026-08-08 19:04:57,804 INFO storage.ShuffleBlockFetcherIterator: Started 0 remote fetches in 0 ms
2026-08-08 19:04:57,804 INFO storage.ShuffleBlockFetcherIterator: Started 0 remote fetches in 0 ms
2026-08-08 19:04:57,804 INFO storage.ShuffleBlockFetcherIterator: Getting 4 (1626.2 KiB) non-empty blocks including 4 (1626.2 KiB) local and 0 (0.0 B) host-local and 0 (0.0 B) push-merged-local and 0 (0.0 B) remote blocks
2026-08-08 19:04:57,804 INFO storage.ShuffleBlockFetcherIterator: Started 0 remote fetches in 0 ms
2026-08-08 19:04:57,841 INFO executor.Executor: Finished task 3.0 in stage 55.0 (TID 155). 58549 bytes result sent to driver
2026-08-08 19:04:57,843 INFO scheduler.TaskSetManager: Finished task 3.0 in stage 55.0 (TID 155) in 42 ms on 10.0.0.215 (executor driver) (1/4)
2026-08-08 19:04:57,844 INFO executor.Executor: Finished task 2.0 in stage 55.0 (TID 154). 58601 bytes result sent to driver
2026-08-08 19:04:57,845 INFO executor.Executor: Finished task 1.0 in stage 55.0 (TID 153). 58784 bytes result sent to driver
2026-08-08 19:04:57,845 INFO scheduler.TaskSetManager: Finished task 2.0 in stage 55.0 (TID 154) in 44 ms on 10.0.0.215 (executor driver) (2/4)
2026-08-08 19:04:57,846 INFO executor.Executor: Finished task 0.0 in stage 55.0 (TID 152). 58758 bytes result sent to driver
2026-08-08 19:04:57,846 INFO scheduler.TaskSetManager: Finished task 1.0 in stage 55.0 (TID 153) in 45 ms on 10.0.0.215 (executor driver) (3/4)
2026-08-08 19:04:57,847 INFO scheduler.TaskSetManager: Finished task 0.0 in stage 55.0 (TID 152) in 45 ms on 10.0.0.215 (executor driver) (4/4)
2026-08-08 19:04:57,847 INFO scheduler.TaskSchedulerImpl: Removed TaskSet 55.0, whose tasks have all completed, from pool 
2026-08-08 19:04:57,847 INFO scheduler.DAGScheduler: ResultStage 55 (collectAsMap at RandomForest.scala:663) finished in 0.048 s
2026-08-08 19:04:57,847 INFO scheduler.DAGScheduler: Job 32 is finished. Cancelling potential speculative or zombie tasks for this job
2026-08-08 19:04:57,847 INFO scheduler.TaskSchedulerImpl: Killing all running tasks in stage 55: Stage finished
2026-08-08 19:04:57,847 INFO scheduler.DAGScheduler: Job 32 finished: collectAsMap at RandomForest.scala:663, took 0.437006 s
2026-08-08 19:04:57,848 INFO broadcast.TorrentBroadcast: Destroying Broadcast(62) (from destroy at RandomForest.scala:674)
2026-08-08 19:04:57,848 INFO storage.BlockManagerInfo: Removed broadcast_62_piece0 on 10.0.0.215:55616 in memory (size: 26.7 KiB, free: 2.2 GiB)
2026-08-08 19:04:57,849 INFO impl.RandomForest: Internal timing for DecisionTree:
2026-08-08 19:04:57,849 INFO impl.RandomForest:   init: 6.2667E-5
  total: 1.784400792
  findBestSplits: 1.770619916
  chooseSplits: 1.765460749
2026-08-08 19:04:57,854 INFO rdd.MapPartitionsRDD: Removing RDD 133 from persistence list
2026-08-08 19:04:57,855 INFO storage.BlockManager: Removing RDD 133
2026-08-08 19:04:57,855 INFO broadcast.TorrentBroadcast: Destroying Broadcast(46) (from destroy at RandomForest.scala:305)
2026-08-08 19:04:57,858 INFO storage.BlockManagerInfo: Removed broadcast_46_piece0 on 10.0.0.215:55616 in memory (size: 5.8 KiB, free: 2.2 GiB)
2026-08-08 19:04:57,864 INFO util.Instrumentation: [b93e59df] {"numClasses":2}
2026-08-08 19:04:57,864 INFO util.Instrumentation: [b93e59df] {"numFeatures":28}
2026-08-08 19:04:57,926 INFO codegen.CodeGenerator: Code generated in 4.294708 ms
2026-08-08 19:04:57,956 INFO codegen.CodeGenerator: Code generated in 6.620208 ms
2026-08-08 19:04:57,965 INFO util.Instrumentation: [b93e59df] training finished
2026-08-08 19:04:58,007 INFO spark.SparkContext: Starting job: count at Metrics.scala:12
2026-08-08 19:04:58,007 INFO scheduler.DAGScheduler: Got job 33 (count at Metrics.scala:12) with 2 output partitions
2026-08-08 19:04:58,007 INFO scheduler.DAGScheduler: Final stage: ResultStage 56 (count at Metrics.scala:12)
2026-08-08 19:04:58,007 INFO scheduler.DAGScheduler: Parents of final stage: List()
2026-08-08 19:04:58,007 INFO scheduler.DAGScheduler: Missing parents: List()
2026-08-08 19:04:58,008 INFO scheduler.DAGScheduler: Submitting ResultStage 56 (MapPartitionsRDD[176] at map at MLlibBaselineDriver.scala:74), which has no missing parents
2026-08-08 19:04:58,015 INFO memory.MemoryStore: Block broadcast_65 stored as values in memory (estimated size 408.8 KiB, free 2.2 GiB)
2026-08-08 19:04:58,016 INFO memory.MemoryStore: Block broadcast_65_piece0 stored as bytes in memory (estimated size 184.7 KiB, free 2.2 GiB)
2026-08-08 19:04:58,016 INFO storage.BlockManagerInfo: Added broadcast_65_piece0 in memory on 10.0.0.215:55616 (size: 184.7 KiB, free: 2.2 GiB)
2026-08-08 19:04:58,016 INFO spark.SparkContext: Created broadcast 65 from broadcast at DAGScheduler.scala:1513
2026-08-08 19:04:58,016 INFO scheduler.DAGScheduler: Submitting 2 missing tasks from ResultStage 56 (MapPartitionsRDD[176] at map at MLlibBaselineDriver.scala:74) (first 15 tasks are for partitions Vector(0, 1))
2026-08-08 19:04:58,016 INFO scheduler.TaskSchedulerImpl: Adding task set 56.0 with 2 tasks resource profile 0
2026-08-08 19:04:58,017 INFO scheduler.TaskSetManager: Starting task 0.0 in stage 56.0 (TID 156) (10.0.0.215, executor driver, partition 0, PROCESS_LOCAL, 5029 bytes) taskResourceAssignments Map()
2026-08-08 19:04:58,017 INFO scheduler.TaskSetManager: Starting task 1.0 in stage 56.0 (TID 157) (10.0.0.215, executor driver, partition 1, PROCESS_LOCAL, 5029 bytes) taskResourceAssignments Map()
2026-08-08 19:04:58,017 INFO executor.Executor: Running task 0.0 in stage 56.0 (TID 156)
2026-08-08 19:04:58,017 INFO executor.Executor: Running task 1.0 in stage 56.0 (TID 157)
2026-08-08 19:04:58,025 INFO storage.BlockManager: Found block rdd_21_0 locally
2026-08-08 19:04:58,026 INFO storage.BlockManager: Found block rdd_21_1 locally
2026-08-08 19:04:58,028 INFO memory.MemoryStore: Block rdd_176_1 stored as values in memory (estimated size 16.0 B, free 2.2 GiB)
2026-08-08 19:04:58,028 INFO storage.BlockManagerInfo: Added rdd_176_1 in memory on 10.0.0.215:55616 (size: 16.0 B, free: 2.2 GiB)
2026-08-08 19:04:58,029 INFO executor.Executor: Finished task 1.0 in stage 56.0 (TID 157). 1670 bytes result sent to driver
2026-08-08 19:04:58,029 INFO scheduler.TaskSetManager: Finished task 1.0 in stage 56.0 (TID 157) in 12 ms on 10.0.0.215 (executor driver) (1/2)
2026-08-08 19:04:58,082 INFO storage.BlockManagerInfo: Removed broadcast_64_piece0 on 10.0.0.215:55616 in memory (size: 39.9 KiB, free: 2.2 GiB)
2026-08-08 19:04:58,117 INFO memory.MemoryStore: Block rdd_176_0 stored as values in memory (estimated size 351.6 KiB, free 2.2 GiB)
2026-08-08 19:04:58,117 INFO storage.BlockManagerInfo: Added rdd_176_0 in memory on 10.0.0.215:55616 (size: 351.6 KiB, free: 2.2 GiB)
2026-08-08 19:04:58,118 INFO executor.Executor: Finished task 0.0 in stage 56.0 (TID 156). 1756 bytes result sent to driver
2026-08-08 19:04:58,118 INFO scheduler.TaskSetManager: Finished task 0.0 in stage 56.0 (TID 156) in 102 ms on 10.0.0.215 (executor driver) (2/2)
2026-08-08 19:04:58,118 INFO scheduler.TaskSchedulerImpl: Removed TaskSet 56.0, whose tasks have all completed, from pool 
2026-08-08 19:04:58,118 INFO scheduler.DAGScheduler: ResultStage 56 (count at Metrics.scala:12) finished in 0.110 s
2026-08-08 19:04:58,119 INFO scheduler.DAGScheduler: Job 33 is finished. Cancelling potential speculative or zombie tasks for this job
2026-08-08 19:04:58,119 INFO scheduler.TaskSchedulerImpl: Killing all running tasks in stage 56: Stage finished
2026-08-08 19:04:58,119 INFO scheduler.DAGScheduler: Job 33 finished: count at Metrics.scala:12, took 0.112040 s
2026-08-08 19:04:58,122 INFO spark.SparkContext: Starting job: count at Metrics.scala:14
2026-08-08 19:04:58,122 INFO scheduler.DAGScheduler: Got job 34 (count at Metrics.scala:14) with 2 output partitions
2026-08-08 19:04:58,122 INFO scheduler.DAGScheduler: Final stage: ResultStage 57 (count at Metrics.scala:14)
2026-08-08 19:04:58,122 INFO scheduler.DAGScheduler: Parents of final stage: List()
2026-08-08 19:04:58,123 INFO scheduler.DAGScheduler: Missing parents: List()
2026-08-08 19:04:58,124 INFO scheduler.DAGScheduler: Submitting ResultStage 57 (MapPartitionsRDD[177] at filter at Metrics.scala:14), which has no missing parents
2026-08-08 19:04:58,128 INFO memory.MemoryStore: Block broadcast_66 stored as values in memory (estimated size 409.1 KiB, free 2.2 GiB)
2026-08-08 19:04:58,129 INFO memory.MemoryStore: Block broadcast_66_piece0 stored as bytes in memory (estimated size 184.8 KiB, free 2.2 GiB)
2026-08-08 19:04:58,130 INFO storage.BlockManagerInfo: Added broadcast_66_piece0 in memory on 10.0.0.215:55616 (size: 184.8 KiB, free: 2.2 GiB)
2026-08-08 19:04:58,130 INFO spark.SparkContext: Created broadcast 66 from broadcast at DAGScheduler.scala:1513
2026-08-08 19:04:58,130 INFO scheduler.DAGScheduler: Submitting 2 missing tasks from ResultStage 57 (MapPartitionsRDD[177] at filter at Metrics.scala:14) (first 15 tasks are for partitions Vector(0, 1))
2026-08-08 19:04:58,130 INFO scheduler.TaskSchedulerImpl: Adding task set 57.0 with 2 tasks resource profile 0
2026-08-08 19:04:58,133 INFO scheduler.TaskSetManager: Starting task 0.0 in stage 57.0 (TID 158) (10.0.0.215, executor driver, partition 0, PROCESS_LOCAL, 5029 bytes) taskResourceAssignments Map()
2026-08-08 19:04:58,133 INFO scheduler.TaskSetManager: Starting task 1.0 in stage 57.0 (TID 159) (10.0.0.215, executor driver, partition 1, PROCESS_LOCAL, 5029 bytes) taskResourceAssignments Map()
2026-08-08 19:04:58,134 INFO executor.Executor: Running task 1.0 in stage 57.0 (TID 159)
2026-08-08 19:04:58,134 INFO executor.Executor: Running task 0.0 in stage 57.0 (TID 158)
2026-08-08 19:04:58,140 INFO storage.BlockManager: Found block rdd_176_0 locally
2026-08-08 19:04:58,140 INFO storage.BlockManager: Found block rdd_176_1 locally
2026-08-08 19:04:58,140 INFO executor.Executor: Finished task 1.0 in stage 57.0 (TID 159). 1627 bytes result sent to driver
2026-08-08 19:04:58,141 INFO executor.Executor: Finished task 0.0 in stage 57.0 (TID 158). 1713 bytes result sent to driver
2026-08-08 19:04:58,141 INFO scheduler.TaskSetManager: Finished task 1.0 in stage 57.0 (TID 159) in 8 ms on 10.0.0.215 (executor driver) (1/2)
2026-08-08 19:04:58,141 INFO scheduler.TaskSetManager: Finished task 0.0 in stage 57.0 (TID 158) in 8 ms on 10.0.0.215 (executor driver) (2/2)
2026-08-08 19:04:58,141 INFO scheduler.TaskSchedulerImpl: Removed TaskSet 57.0, whose tasks have all completed, from pool 
2026-08-08 19:04:58,141 INFO scheduler.DAGScheduler: ResultStage 57 (count at Metrics.scala:14) finished in 0.017 s
2026-08-08 19:04:58,141 INFO scheduler.DAGScheduler: Job 34 is finished. Cancelling potential speculative or zombie tasks for this job
2026-08-08 19:04:58,141 INFO scheduler.TaskSchedulerImpl: Killing all running tasks in stage 57: Stage finished
2026-08-08 19:04:58,142 INFO scheduler.DAGScheduler: Job 34 finished: count at Metrics.scala:14, took 0.019365 s
2026-08-08 19:04:58,147 INFO spark.SparkContext: Starting job: sortByKey at BinaryClassificationMetrics.scala:189
2026-08-08 19:04:58,148 INFO scheduler.DAGScheduler: Registering RDD 179 (map at BinaryClassificationMetrics.scala:48) as input to shuffle 20
2026-08-08 19:04:58,148 INFO scheduler.DAGScheduler: Got job 35 (sortByKey at BinaryClassificationMetrics.scala:189) with 2 output partitions
2026-08-08 19:04:58,148 INFO scheduler.DAGScheduler: Final stage: ResultStage 59 (sortByKey at BinaryClassificationMetrics.scala:189)
2026-08-08 19:04:58,148 INFO scheduler.DAGScheduler: Parents of final stage: List(ShuffleMapStage 58)
2026-08-08 19:04:58,148 INFO scheduler.DAGScheduler: Missing parents: List(ShuffleMapStage 58)
2026-08-08 19:04:58,149 INFO scheduler.DAGScheduler: Submitting ShuffleMapStage 58 (MapPartitionsRDD[179] at map at BinaryClassificationMetrics.scala:48), which has no missing parents
2026-08-08 19:04:58,153 INFO memory.MemoryStore: Block broadcast_67 stored as values in memory (estimated size 410.7 KiB, free 2.2 GiB)
2026-08-08 19:04:58,154 INFO memory.MemoryStore: Block broadcast_67_piece0 stored as bytes in memory (estimated size 185.6 KiB, free 2.2 GiB)
2026-08-08 19:04:58,154 INFO storage.BlockManagerInfo: Added broadcast_67_piece0 in memory on 10.0.0.215:55616 (size: 185.6 KiB, free: 2.2 GiB)
2026-08-08 19:04:58,154 INFO spark.SparkContext: Created broadcast 67 from broadcast at DAGScheduler.scala:1513
2026-08-08 19:04:58,155 INFO scheduler.DAGScheduler: Submitting 2 missing tasks from ShuffleMapStage 58 (MapPartitionsRDD[179] at map at BinaryClassificationMetrics.scala:48) (first 15 tasks are for partitions Vector(0, 1))
2026-08-08 19:04:58,155 INFO scheduler.TaskSchedulerImpl: Adding task set 58.0 with 2 tasks resource profile 0
2026-08-08 19:04:58,155 INFO scheduler.TaskSetManager: Starting task 0.0 in stage 58.0 (TID 160) (10.0.0.215, executor driver, partition 0, PROCESS_LOCAL, 5018 bytes) taskResourceAssignments Map()
2026-08-08 19:04:58,155 INFO scheduler.TaskSetManager: Starting task 1.0 in stage 58.0 (TID 161) (10.0.0.215, executor driver, partition 1, PROCESS_LOCAL, 5018 bytes) taskResourceAssignments Map()
2026-08-08 19:04:58,155 INFO executor.Executor: Running task 0.0 in stage 58.0 (TID 160)
2026-08-08 19:04:58,155 INFO executor.Executor: Running task 1.0 in stage 58.0 (TID 161)
2026-08-08 19:04:58,161 INFO storage.BlockManager: Found block rdd_176_0 locally
2026-08-08 19:04:58,162 INFO storage.BlockManager: Found block rdd_176_1 locally
2026-08-08 19:04:58,163 INFO executor.Executor: Finished task 1.0 in stage 58.0 (TID 161). 1869 bytes result sent to driver
2026-08-08 19:04:58,163 INFO scheduler.TaskSetManager: Finished task 1.0 in stage 58.0 (TID 161) in 8 ms on 10.0.0.215 (executor driver) (1/2)
2026-08-08 19:04:58,189 INFO executor.Executor: Finished task 0.0 in stage 58.0 (TID 160). 1998 bytes result sent to driver
2026-08-08 19:04:58,190 INFO scheduler.TaskSetManager: Finished task 0.0 in stage 58.0 (TID 160) in 35 ms on 10.0.0.215 (executor driver) (2/2)
2026-08-08 19:04:58,190 INFO scheduler.TaskSchedulerImpl: Removed TaskSet 58.0, whose tasks have all completed, from pool 
2026-08-08 19:04:58,190 INFO scheduler.DAGScheduler: ShuffleMapStage 58 (map at BinaryClassificationMetrics.scala:48) finished in 0.041 s
2026-08-08 19:04:58,190 INFO scheduler.DAGScheduler: looking for newly runnable stages
2026-08-08 19:04:58,190 INFO scheduler.DAGScheduler: running: Set()
2026-08-08 19:04:58,190 INFO scheduler.DAGScheduler: waiting: Set(ResultStage 59)
2026-08-08 19:04:58,190 INFO scheduler.DAGScheduler: failed: Set()
2026-08-08 19:04:58,190 INFO scheduler.DAGScheduler: Submitting ResultStage 59 (MapPartitionsRDD[182] at sortByKey at BinaryClassificationMetrics.scala:189), which has no missing parents
2026-08-08 19:04:58,191 INFO memory.MemoryStore: Block broadcast_68 stored as values in memory (estimated size 6.7 KiB, free 2.2 GiB)
2026-08-08 19:04:58,191 INFO memory.MemoryStore: Block broadcast_68_piece0 stored as bytes in memory (estimated size 3.4 KiB, free 2.2 GiB)
2026-08-08 19:04:58,191 INFO storage.BlockManagerInfo: Added broadcast_68_piece0 in memory on 10.0.0.215:55616 (size: 3.4 KiB, free: 2.2 GiB)
2026-08-08 19:04:58,192 INFO spark.SparkContext: Created broadcast 68 from broadcast at DAGScheduler.scala:1513
2026-08-08 19:04:58,192 INFO scheduler.DAGScheduler: Submitting 2 missing tasks from ResultStage 59 (MapPartitionsRDD[182] at sortByKey at BinaryClassificationMetrics.scala:189) (first 15 tasks are for partitions Vector(0, 1))
2026-08-08 19:04:58,192 INFO scheduler.TaskSchedulerImpl: Adding task set 59.0 with 2 tasks resource profile 0
2026-08-08 19:04:58,193 INFO scheduler.TaskSetManager: Starting task 0.0 in stage 59.0 (TID 162) (10.0.0.215, executor driver, partition 0, NODE_LOCAL, 4271 bytes) taskResourceAssignments Map()
2026-08-08 19:04:58,193 INFO scheduler.TaskSetManager: Starting task 1.0 in stage 59.0 (TID 163) (10.0.0.215, executor driver, partition 1, NODE_LOCAL, 4271 bytes) taskResourceAssignments Map()
2026-08-08 19:04:58,193 INFO executor.Executor: Running task 0.0 in stage 59.0 (TID 162)
2026-08-08 19:04:58,193 INFO executor.Executor: Running task 1.0 in stage 59.0 (TID 163)
2026-08-08 19:04:58,194 INFO storage.ShuffleBlockFetcherIterator: Getting 1 (68.0 KiB) non-empty blocks including 1 (68.0 KiB) local and 0 (0.0 B) host-local and 0 (0.0 B) push-merged-local and 0 (0.0 B) remote blocks
2026-08-08 19:04:58,194 INFO storage.ShuffleBlockFetcherIterator: Started 0 remote fetches in 0 ms
2026-08-08 19:04:58,194 INFO storage.ShuffleBlockFetcherIterator: Getting 1 (68.0 KiB) non-empty blocks including 1 (68.0 KiB) local and 0 (0.0 B) host-local and 0 (0.0 B) push-merged-local and 0 (0.0 B) remote blocks
2026-08-08 19:04:58,194 INFO storage.ShuffleBlockFetcherIterator: Started 0 remote fetches in 0 ms
2026-08-08 19:04:58,205 INFO executor.Executor: Finished task 1.0 in stage 59.0 (TID 163). 1980 bytes result sent to driver
2026-08-08 19:04:58,205 INFO executor.Executor: Finished task 0.0 in stage 59.0 (TID 162). 1937 bytes result sent to driver
2026-08-08 19:04:58,205 INFO scheduler.TaskSetManager: Finished task 0.0 in stage 59.0 (TID 162) in 13 ms on 10.0.0.215 (executor driver) (1/2)
2026-08-08 19:04:58,205 INFO scheduler.TaskSetManager: Finished task 1.0 in stage 59.0 (TID 163) in 12 ms on 10.0.0.215 (executor driver) (2/2)
2026-08-08 19:04:58,205 INFO scheduler.TaskSchedulerImpl: Removed TaskSet 59.0, whose tasks have all completed, from pool 
2026-08-08 19:04:58,206 INFO scheduler.DAGScheduler: ResultStage 59 (sortByKey at BinaryClassificationMetrics.scala:189) finished in 0.015 s
2026-08-08 19:04:58,206 INFO scheduler.DAGScheduler: Job 35 is finished. Cancelling potential speculative or zombie tasks for this job
2026-08-08 19:04:58,206 INFO scheduler.TaskSchedulerImpl: Killing all running tasks in stage 59: Stage finished
2026-08-08 19:04:58,206 INFO scheduler.DAGScheduler: Job 35 finished: sortByKey at BinaryClassificationMetrics.scala:189, took 0.058534 s
2026-08-08 19:04:58,211 INFO spark.SparkContext: Starting job: collect at BinaryClassificationMetrics.scala:237
2026-08-08 19:04:58,211 INFO scheduler.DAGScheduler: Registering RDD 180 (combineByKey at BinaryClassificationMetrics.scala:188) as input to shuffle 21
2026-08-08 19:04:58,212 INFO scheduler.DAGScheduler: Got job 36 (collect at BinaryClassificationMetrics.scala:237) with 2 output partitions
2026-08-08 19:04:58,212 INFO scheduler.DAGScheduler: Final stage: ResultStage 62 (collect at BinaryClassificationMetrics.scala:237)
2026-08-08 19:04:58,212 INFO scheduler.DAGScheduler: Parents of final stage: List(ShuffleMapStage 61)
2026-08-08 19:04:58,212 INFO scheduler.DAGScheduler: Missing parents: List(ShuffleMapStage 61)
2026-08-08 19:04:58,212 INFO scheduler.DAGScheduler: Submitting ShuffleMapStage 61 (ShuffledRDD[180] at combineByKey at BinaryClassificationMetrics.scala:188), which has no missing parents
2026-08-08 19:04:58,212 INFO memory.MemoryStore: Block broadcast_69 stored as values in memory (estimated size 5.2 KiB, free 2.2 GiB)
2026-08-08 19:04:58,213 INFO memory.MemoryStore: Block broadcast_69_piece0 stored as bytes in memory (estimated size 2.9 KiB, free 2.2 GiB)
2026-08-08 19:04:58,213 INFO storage.BlockManagerInfo: Added broadcast_69_piece0 in memory on 10.0.0.215:55616 (size: 2.9 KiB, free: 2.2 GiB)
2026-08-08 19:04:58,213 INFO spark.SparkContext: Created broadcast 69 from broadcast at DAGScheduler.scala:1513
2026-08-08 19:04:58,213 INFO scheduler.DAGScheduler: Submitting 2 missing tasks from ShuffleMapStage 61 (ShuffledRDD[180] at combineByKey at BinaryClassificationMetrics.scala:188) (first 15 tasks are for partitions Vector(0, 1))
2026-08-08 19:04:58,213 INFO scheduler.TaskSchedulerImpl: Adding task set 61.0 with 2 tasks resource profile 0
2026-08-08 19:04:58,214 INFO scheduler.TaskSetManager: Starting task 0.0 in stage 61.0 (TID 164) (10.0.0.215, executor driver, partition 0, NODE_LOCAL, 4260 bytes) taskResourceAssignments Map()
2026-08-08 19:04:58,214 INFO scheduler.TaskSetManager: Starting task 1.0 in stage 61.0 (TID 165) (10.0.0.215, executor driver, partition 1, NODE_LOCAL, 4260 bytes) taskResourceAssignments Map()
2026-08-08 19:04:58,214 INFO executor.Executor: Running task 1.0 in stage 61.0 (TID 165)
2026-08-08 19:04:58,214 INFO executor.Executor: Running task 0.0 in stage 61.0 (TID 164)
2026-08-08 19:04:58,215 INFO storage.ShuffleBlockFetcherIterator: Getting 1 (68.0 KiB) non-empty blocks including 1 (68.0 KiB) local and 0 (0.0 B) host-local and 0 (0.0 B) push-merged-local and 0 (0.0 B) remote blocks
2026-08-08 19:04:58,216 INFO storage.ShuffleBlockFetcherIterator: Started 0 remote fetches in 0 ms
2026-08-08 19:04:58,216 INFO storage.ShuffleBlockFetcherIterator: Getting 1 (68.0 KiB) non-empty blocks including 1 (68.0 KiB) local and 0 (0.0 B) host-local and 0 (0.0 B) push-merged-local and 0 (0.0 B) remote blocks
2026-08-08 19:04:58,216 INFO storage.ShuffleBlockFetcherIterator: Started 0 remote fetches in 0 ms
2026-08-08 19:04:58,231 INFO executor.Executor: Finished task 0.0 in stage 61.0 (TID 164). 1426 bytes result sent to driver
2026-08-08 19:04:58,231 INFO scheduler.TaskSetManager: Finished task 0.0 in stage 61.0 (TID 164) in 17 ms on 10.0.0.215 (executor driver) (1/2)
2026-08-08 19:04:58,232 INFO executor.Executor: Finished task 1.0 in stage 61.0 (TID 165). 1426 bytes result sent to driver
2026-08-08 19:04:58,232 INFO scheduler.TaskSetManager: Finished task 1.0 in stage 61.0 (TID 165) in 18 ms on 10.0.0.215 (executor driver) (2/2)
2026-08-08 19:04:58,232 INFO scheduler.TaskSchedulerImpl: Removed TaskSet 61.0, whose tasks have all completed, from pool 
2026-08-08 19:04:58,232 INFO scheduler.DAGScheduler: ShuffleMapStage 61 (combineByKey at BinaryClassificationMetrics.scala:188) finished in 0.020 s
2026-08-08 19:04:58,232 INFO scheduler.DAGScheduler: looking for newly runnable stages
2026-08-08 19:04:58,232 INFO scheduler.DAGScheduler: running: Set()
2026-08-08 19:04:58,232 INFO scheduler.DAGScheduler: waiting: Set(ResultStage 62)
2026-08-08 19:04:58,232 INFO scheduler.DAGScheduler: failed: Set()
2026-08-08 19:04:58,232 INFO scheduler.DAGScheduler: Submitting ResultStage 62 (MapPartitionsRDD[185] at mapPartitions at BinaryClassificationMetrics.scala:237), which has no missing parents
2026-08-08 19:04:58,233 INFO memory.MemoryStore: Block broadcast_70 stored as values in memory (estimated size 6.2 KiB, free 2.2 GiB)
2026-08-08 19:04:58,233 INFO memory.MemoryStore: Block broadcast_70_piece0 stored as bytes in memory (estimated size 3.4 KiB, free 2.2 GiB)
2026-08-08 19:04:58,233 INFO storage.BlockManagerInfo: Added broadcast_70_piece0 in memory on 10.0.0.215:55616 (size: 3.4 KiB, free: 2.2 GiB)
2026-08-08 19:04:58,233 INFO spark.SparkContext: Created broadcast 70 from broadcast at DAGScheduler.scala:1513
2026-08-08 19:04:58,233 INFO scheduler.DAGScheduler: Submitting 2 missing tasks from ResultStage 62 (MapPartitionsRDD[185] at mapPartitions at BinaryClassificationMetrics.scala:237) (first 15 tasks are for partitions Vector(0, 1))
2026-08-08 19:04:58,233 INFO scheduler.TaskSchedulerImpl: Adding task set 62.0 with 2 tasks resource profile 0
2026-08-08 19:04:58,234 INFO scheduler.TaskSetManager: Starting task 0.0 in stage 62.0 (TID 166) (10.0.0.215, executor driver, partition 0, NODE_LOCAL, 4271 bytes) taskResourceAssignments Map()
2026-08-08 19:04:58,234 INFO scheduler.TaskSetManager: Starting task 1.0 in stage 62.0 (TID 167) (10.0.0.215, executor driver, partition 1, NODE_LOCAL, 4271 bytes) taskResourceAssignments Map()
2026-08-08 19:04:58,234 INFO executor.Executor: Running task 1.0 in stage 62.0 (TID 167)
2026-08-08 19:04:58,234 INFO executor.Executor: Running task 0.0 in stage 62.0 (TID 166)
2026-08-08 19:04:58,235 INFO storage.ShuffleBlockFetcherIterator: Getting 2 (57.7 KiB) non-empty blocks including 2 (57.7 KiB) local and 0 (0.0 B) host-local and 0 (0.0 B) push-merged-local and 0 (0.0 B) remote blocks
2026-08-08 19:04:58,235 INFO storage.ShuffleBlockFetcherIterator: Getting 2 (76.8 KiB) non-empty blocks including 2 (76.8 KiB) local and 0 (0.0 B) host-local and 0 (0.0 B) push-merged-local and 0 (0.0 B) remote blocks
2026-08-08 19:04:58,235 INFO storage.ShuffleBlockFetcherIterator: Started 0 remote fetches in 0 ms
2026-08-08 19:04:58,235 INFO storage.ShuffleBlockFetcherIterator: Started 0 remote fetches in 0 ms
2026-08-08 19:04:58,253 INFO executor.Executor: Finished task 0.0 in stage 62.0 (TID 166). 1413 bytes result sent to driver
2026-08-08 19:04:58,253 INFO executor.Executor: Finished task 1.0 in stage 62.0 (TID 167). 1413 bytes result sent to driver
2026-08-08 19:04:58,254 INFO scheduler.TaskSetManager: Finished task 0.0 in stage 62.0 (TID 166) in 20 ms on 10.0.0.215 (executor driver) (1/2)
2026-08-08 19:04:58,254 INFO scheduler.TaskSetManager: Finished task 1.0 in stage 62.0 (TID 167) in 20 ms on 10.0.0.215 (executor driver) (2/2)
2026-08-08 19:04:58,254 INFO scheduler.TaskSchedulerImpl: Removed TaskSet 62.0, whose tasks have all completed, from pool 
2026-08-08 19:04:58,254 INFO scheduler.DAGScheduler: ResultStage 62 (collect at BinaryClassificationMetrics.scala:237) finished in 0.022 s
2026-08-08 19:04:58,254 INFO scheduler.DAGScheduler: Job 36 is finished. Cancelling potential speculative or zombie tasks for this job
2026-08-08 19:04:58,254 INFO scheduler.TaskSchedulerImpl: Killing all running tasks in stage 62: Stage finished
2026-08-08 19:04:58,254 INFO scheduler.DAGScheduler: Job 36 finished: collect at BinaryClassificationMetrics.scala:237, took 0.043232 s
2026-08-08 19:04:58,255 INFO evaluation.BinaryClassificationMetrics: Total counts: {numPos: 5174.0, numNeg: 4826.0}
2026-08-08 19:04:58,260 INFO spark.SparkContext: Starting job: collect at AreaUnderCurve.scala:44
2026-08-08 19:04:58,260 INFO scheduler.DAGScheduler: Got job 37 (collect at AreaUnderCurve.scala:44) with 2 output partitions
2026-08-08 19:04:58,260 INFO scheduler.DAGScheduler: Final stage: ResultStage 65 (collect at AreaUnderCurve.scala:44)
2026-08-08 19:04:58,260 INFO scheduler.DAGScheduler: Parents of final stage: List(ShuffleMapStage 64)
2026-08-08 19:04:58,261 INFO scheduler.DAGScheduler: Missing parents: List()
2026-08-08 19:04:58,261 INFO scheduler.DAGScheduler: Submitting ResultStage 65 (MapPartitionsRDD[190] at mapPartitions at AreaUnderCurve.scala:44), which has no missing parents
2026-08-08 19:04:58,262 INFO memory.MemoryStore: Block broadcast_71 stored as values in memory (estimated size 7.8 KiB, free 2.2 GiB)
2026-08-08 19:04:58,262 INFO memory.MemoryStore: Block broadcast_71_piece0 stored as bytes in memory (estimated size 3.8 KiB, free 2.2 GiB)
2026-08-08 19:04:58,263 INFO storage.BlockManagerInfo: Added broadcast_71_piece0 in memory on 10.0.0.215:55616 (size: 3.8 KiB, free: 2.2 GiB)
2026-08-08 19:04:58,263 INFO spark.SparkContext: Created broadcast 71 from broadcast at DAGScheduler.scala:1513
2026-08-08 19:04:58,263 INFO scheduler.DAGScheduler: Submitting 2 missing tasks from ResultStage 65 (MapPartitionsRDD[190] at mapPartitions at AreaUnderCurve.scala:44) (first 15 tasks are for partitions Vector(0, 1))
2026-08-08 19:04:58,263 INFO scheduler.TaskSchedulerImpl: Adding task set 65.0 with 2 tasks resource profile 0
2026-08-08 19:04:58,264 INFO scheduler.TaskSetManager: Starting task 0.0 in stage 65.0 (TID 168) (10.0.0.215, executor driver, partition 0, NODE_LOCAL, 4271 bytes) taskResourceAssignments Map()
2026-08-08 19:04:58,264 INFO scheduler.TaskSetManager: Starting task 1.0 in stage 65.0 (TID 169) (10.0.0.215, executor driver, partition 1, NODE_LOCAL, 4271 bytes) taskResourceAssignments Map()
2026-08-08 19:04:58,264 INFO executor.Executor: Running task 1.0 in stage 65.0 (TID 169)
2026-08-08 19:04:58,264 INFO executor.Executor: Running task 0.0 in stage 65.0 (TID 168)
2026-08-08 19:04:58,266 INFO storage.ShuffleBlockFetcherIterator: Getting 2 (57.7 KiB) non-empty blocks including 2 (57.7 KiB) local and 0 (0.0 B) host-local and 0 (0.0 B) push-merged-local and 0 (0.0 B) remote blocks
2026-08-08 19:04:58,266 INFO storage.ShuffleBlockFetcherIterator: Started 0 remote fetches in 0 ms
2026-08-08 19:04:58,266 INFO storage.ShuffleBlockFetcherIterator: Getting 2 (76.8 KiB) non-empty blocks including 2 (76.8 KiB) local and 0 (0.0 B) host-local and 0 (0.0 B) push-merged-local and 0 (0.0 B) remote blocks
2026-08-08 19:04:58,266 INFO storage.ShuffleBlockFetcherIterator: Started 0 remote fetches in 0 ms
2026-08-08 19:04:58,288 INFO memory.MemoryStore: Block rdd_186_1 stored as values in memory (estimated size 353.0 KiB, free 2.2 GiB)
2026-08-08 19:04:58,288 INFO storage.BlockManagerInfo: Added rdd_186_1 in memory on 10.0.0.215:55616 (size: 353.0 KiB, free: 2.2 GiB)
2026-08-08 19:04:58,291 INFO memory.MemoryStore: Block rdd_186_0 stored as values in memory (estimated size 459.4 KiB, free 2.2 GiB)
2026-08-08 19:04:58,291 INFO storage.BlockManagerInfo: Added rdd_186_0 in memory on 10.0.0.215:55616 (size: 459.4 KiB, free: 2.2 GiB)
2026-08-08 19:04:58,298 INFO executor.Executor: Finished task 1.0 in stage 65.0 (TID 169). 1489 bytes result sent to driver
2026-08-08 19:04:58,298 INFO scheduler.TaskSetManager: Finished task 1.0 in stage 65.0 (TID 169) in 34 ms on 10.0.0.215 (executor driver) (1/2)
2026-08-08 19:04:58,300 INFO executor.Executor: Finished task 0.0 in stage 65.0 (TID 168). 1489 bytes result sent to driver
2026-08-08 19:04:58,300 INFO scheduler.TaskSetManager: Finished task 0.0 in stage 65.0 (TID 168) in 36 ms on 10.0.0.215 (executor driver) (2/2)
2026-08-08 19:04:58,300 INFO scheduler.TaskSchedulerImpl: Removed TaskSet 65.0, whose tasks have all completed, from pool 
2026-08-08 19:04:58,300 INFO scheduler.DAGScheduler: ResultStage 65 (collect at AreaUnderCurve.scala:44) finished in 0.039 s
2026-08-08 19:04:58,300 INFO scheduler.DAGScheduler: Job 37 is finished. Cancelling potential speculative or zombie tasks for this job
2026-08-08 19:04:58,300 INFO scheduler.TaskSchedulerImpl: Killing all running tasks in stage 65: Stage finished
2026-08-08 19:04:58,300 INFO scheduler.DAGScheduler: Job 37 finished: collect at AreaUnderCurve.scala:44, took 0.039995 s
RESULT model=RandomForest trainSeconds=2.28 accuracy=0.6854 auc=0.7559083152060463
2026-08-08 19:04:58,305 INFO server.AbstractConnector: Stopped Spark@4e1a46fb{HTTP/1.1, (http/1.1)}{0.0.0.0:4040}
2026-08-08 19:04:58,308 INFO ui.SparkUI: Stopped Spark web UI at http://10.0.0.215:4040
2026-08-08 19:04:58,321 INFO spark.MapOutputTrackerMasterEndpoint: MapOutputTrackerMasterEndpoint stopped!
2026-08-08 19:04:58,339 INFO memory.MemoryStore: MemoryStore cleared
2026-08-08 19:04:58,339 INFO storage.BlockManager: BlockManager stopped
2026-08-08 19:04:58,342 INFO storage.BlockManagerMaster: BlockManagerMaster stopped
2026-08-08 19:04:58,344 INFO scheduler.OutputCommitCoordinator$OutputCommitCoordinatorEndpoint: OutputCommitCoordinator stopped!
2026-08-08 19:04:58,349 INFO spark.SparkContext: Successfully stopped SparkContext
2026-08-08 19:04:58,351 INFO util.ShutdownHookManager: Shutdown hook called
2026-08-08 19:04:58,351 INFO util.ShutdownHookManager: Deleting directory /private/var/folders/01/7kzv0jfn5b53d16tqv0sk5r80000gn/T/spark-423facca-7496-4ed6-8851-dd633237ee2c
2026-08-08 19:04:58,354 INFO util.ShutdownHookManager: Deleting directory /private/var/folders/01/7kzv0jfn5b53d16tqv0sk5r80000gn/T/spark-8de75729-8b3b-48f6-aad8-0fa6af46447b
