2026-08-09 23:12:06,827 WARN util.Utils: Your hostname, Rudys-MacBook-Pro.local resolves to a loopback address: 127.0.0.1; using 10.0.0.215 instead (on interface en0)
2026-08-09 23:12:06,827 WARN util.Utils: Set SPARK_LOCAL_IP if you need to bind to another address
2026-08-09 23:12:07,038 INFO spark.SparkContext: Running Spark version 3.3.2
2026-08-09 23:12:07,116 WARN util.NativeCodeLoader: Unable to load native-hadoop library for your platform... using builtin-java classes where applicable
2026-08-09 23:12:07,186 INFO resource.ResourceUtils: ==============================================================
2026-08-09 23:12:07,187 INFO resource.ResourceUtils: No custom resources configured for spark.driver.
2026-08-09 23:12:07,187 INFO resource.ResourceUtils: ==============================================================
2026-08-09 23:12:07,188 INFO spark.SparkContext: Submitted application: driver.ScalingHarnessDriver
2026-08-09 23:12:07,204 INFO resource.ResourceProfile: Default ResourceProfile created, executor resources: Map(cores -> name: cores, amount: 1, script: , vendor: , memory -> name: memory, amount: 1024, script: , vendor: , offHeap -> name: offHeap, amount: 0, script: , vendor: ), task resources: Map(cpus -> name: cpus, amount: 1.0)
2026-08-09 23:12:07,218 INFO resource.ResourceProfile: Limiting resource is cpu
2026-08-09 23:12:07,218 INFO resource.ResourceProfileManager: Added ResourceProfile id: 0
2026-08-09 23:12:07,260 INFO spark.SecurityManager: Changing view acls to: rudybanerjee
2026-08-09 23:12:07,261 INFO spark.SecurityManager: Changing modify acls to: rudybanerjee
2026-08-09 23:12:07,261 INFO spark.SecurityManager: Changing view acls groups to: 
2026-08-09 23:12:07,261 INFO spark.SecurityManager: Changing modify acls groups to: 
2026-08-09 23:12:07,261 INFO spark.SecurityManager: SecurityManager: authentication disabled; ui acls disabled; users  with view permissions: Set(rudybanerjee); groups with view permissions: Set(); users  with modify permissions: Set(rudybanerjee); groups with modify permissions: Set()
2026-08-09 23:12:07,443 INFO util.Utils: Successfully started service 'sparkDriver' on port 64237.
2026-08-09 23:12:07,458 INFO spark.SparkEnv: Registering MapOutputTracker
2026-08-09 23:12:07,482 INFO spark.SparkEnv: Registering BlockManagerMaster
2026-08-09 23:12:07,492 INFO storage.BlockManagerMasterEndpoint: Using org.apache.spark.storage.DefaultTopologyMapper for getting topology information
2026-08-09 23:12:07,492 INFO storage.BlockManagerMasterEndpoint: BlockManagerMasterEndpoint up
2026-08-09 23:12:07,494 INFO spark.SparkEnv: Registering BlockManagerMasterHeartbeat
2026-08-09 23:12:07,507 INFO storage.DiskBlockManager: Created local directory at /private/var/folders/01/7kzv0jfn5b53d16tqv0sk5r80000gn/T/blockmgr-9a14a026-5918-41c7-b0e8-5a02e9f361a5
2026-08-09 23:12:07,516 INFO memory.MemoryStore: MemoryStore started with capacity 2.2 GiB
2026-08-09 23:12:07,526 INFO spark.SparkEnv: Registering OutputCommitCoordinator
2026-08-09 23:12:07,557 INFO util.log: Logging initialized @1336ms to org.sparkproject.jetty.util.log.Slf4jLog
2026-08-09 23:12:07,658 INFO server.Server: jetty-9.4.48.v20220622; built: 2022-06-21T20:42:25.880Z; git: 6b67c5719d1f4371b33655ff2d047d24e171e49a; jvm 11.0.23+7-LTS-222
2026-08-09 23:12:07,672 INFO server.Server: Started @1452ms
2026-08-09 23:12:07,697 INFO server.AbstractConnector: Started ServerConnector@70887727{HTTP/1.1, (http/1.1)}{0.0.0.0:4040}
2026-08-09 23:12:07,697 INFO util.Utils: Successfully started service 'SparkUI' on port 4040.
2026-08-09 23:12:07,712 INFO handler.ContextHandler: Started o.s.j.s.ServletContextHandler@7fb29ca9{/,null,AVAILABLE,@Spark}
2026-08-09 23:12:07,724 INFO spark.SparkContext: Added JAR file:/Users/rudybanerjee/northeastern_work/CS6240/project/ensemble.jar at spark://10.0.0.215:64237/jars/ensemble.jar with timestamp 1786331527033
2026-08-09 23:12:07,749 INFO scheduler.FairSchedulableBuilder: Fair scheduler configuration not found, created default pool: default, schedulingMode: FAIR, minShare: 0, weight: 1
2026-08-09 23:12:07,793 INFO executor.Executor: Starting executor ID driver on host 10.0.0.215
2026-08-09 23:12:07,797 INFO executor.Executor: Starting executor with user classpath (userClassPathFirst = false): ''
2026-08-09 23:12:07,802 INFO executor.Executor: Fetching spark://10.0.0.215:64237/jars/ensemble.jar with timestamp 1786331527033
2026-08-09 23:12:07,832 INFO client.TransportClientFactory: Successfully created connection to /10.0.0.215:64237 after 15 ms (0 ms spent in bootstraps)
2026-08-09 23:12:07,836 INFO util.Utils: Fetching spark://10.0.0.215:64237/jars/ensemble.jar to /private/var/folders/01/7kzv0jfn5b53d16tqv0sk5r80000gn/T/spark-48904652-5820-41c4-b832-f3169a165d0d/userFiles-c3033230-8589-40ae-ab9e-66b43e7774df/fetchFileTemp17095333669071799610.tmp
2026-08-09 23:12:07,872 INFO executor.Executor: Adding file:/private/var/folders/01/7kzv0jfn5b53d16tqv0sk5r80000gn/T/spark-48904652-5820-41c4-b832-f3169a165d0d/userFiles-c3033230-8589-40ae-ab9e-66b43e7774df/ensemble.jar to class loader
2026-08-09 23:12:07,875 INFO util.Utils: Successfully started service 'org.apache.spark.network.netty.NettyBlockTransferService' on port 64239.
2026-08-09 23:12:07,875 INFO netty.NettyBlockTransferService: Server created on 10.0.0.215:64239
2026-08-09 23:12:07,876 INFO storage.BlockManager: Using org.apache.spark.storage.RandomBlockReplicationPolicy for block replication policy
2026-08-09 23:12:07,879 INFO storage.BlockManagerMaster: Registering BlockManager BlockManagerId(driver, 10.0.0.215, 64239, None)
2026-08-09 23:12:07,881 INFO storage.BlockManagerMasterEndpoint: Registering block manager 10.0.0.215:64239 with 2.2 GiB RAM, BlockManagerId(driver, 10.0.0.215, 64239, None)
2026-08-09 23:12:07,883 INFO storage.BlockManagerMaster: Registered BlockManager BlockManagerId(driver, 10.0.0.215, 64239, None)
2026-08-09 23:12:07,883 INFO storage.BlockManager: Initialized BlockManager: BlockManagerId(driver, 10.0.0.215, 64239, None)
2026-08-09 23:12:07,971 INFO handler.ContextHandler: Stopped o.s.j.s.ServletContextHandler@7fb29ca9{/,null,STOPPED,@Spark}
2026-08-09 23:12:07,971 INFO handler.ContextHandler: Started o.s.j.s.ServletContextHandler@63f855b{/jobs,null,AVAILABLE,@Spark}
2026-08-09 23:12:07,972 INFO handler.ContextHandler: Started o.s.j.s.ServletContextHandler@4cffcc61{/jobs/json,null,AVAILABLE,@Spark}
2026-08-09 23:12:07,973 INFO handler.ContextHandler: Started o.s.j.s.ServletContextHandler@76bf1bb8{/jobs/job,null,AVAILABLE,@Spark}
2026-08-09 23:12:07,973 INFO handler.ContextHandler: Started o.s.j.s.ServletContextHandler@76536c53{/jobs/job/json,null,AVAILABLE,@Spark}
2026-08-09 23:12:07,973 INFO handler.ContextHandler: Started o.s.j.s.ServletContextHandler@363c32cc{/stages,null,AVAILABLE,@Spark}
2026-08-09 23:12:07,974 INFO handler.ContextHandler: Started o.s.j.s.ServletContextHandler@6baf25d7{/stages/json,null,AVAILABLE,@Spark}
2026-08-09 23:12:07,974 INFO handler.ContextHandler: Started o.s.j.s.ServletContextHandler@33f17289{/stages/stage,null,AVAILABLE,@Spark}
2026-08-09 23:12:07,975 INFO handler.ContextHandler: Started o.s.j.s.ServletContextHandler@3913f206{/stages/stage/json,null,AVAILABLE,@Spark}
2026-08-09 23:12:07,975 INFO handler.ContextHandler: Started o.s.j.s.ServletContextHandler@3b353651{/stages/pool,null,AVAILABLE,@Spark}
2026-08-09 23:12:07,975 INFO handler.ContextHandler: Started o.s.j.s.ServletContextHandler@1280682{/stages/pool/json,null,AVAILABLE,@Spark}
2026-08-09 23:12:07,975 INFO handler.ContextHandler: Started o.s.j.s.ServletContextHandler@53d9826f{/storage,null,AVAILABLE,@Spark}
2026-08-09 23:12:07,976 INFO handler.ContextHandler: Started o.s.j.s.ServletContextHandler@5f59ea8c{/storage/json,null,AVAILABLE,@Spark}
2026-08-09 23:12:07,976 INFO handler.ContextHandler: Started o.s.j.s.ServletContextHandler@64f9f455{/storage/rdd,null,AVAILABLE,@Spark}
2026-08-09 23:12:07,976 INFO handler.ContextHandler: Started o.s.j.s.ServletContextHandler@4dc7cd1c{/storage/rdd/json,null,AVAILABLE,@Spark}
2026-08-09 23:12:07,977 INFO handler.ContextHandler: Started o.s.j.s.ServletContextHandler@7b5b5bfe{/environment,null,AVAILABLE,@Spark}
2026-08-09 23:12:07,977 INFO handler.ContextHandler: Started o.s.j.s.ServletContextHandler@75fd65c{/environment/json,null,AVAILABLE,@Spark}
2026-08-09 23:12:07,978 INFO handler.ContextHandler: Started o.s.j.s.ServletContextHandler@2ceca2ef{/executors,null,AVAILABLE,@Spark}
2026-08-09 23:12:07,978 INFO handler.ContextHandler: Started o.s.j.s.ServletContextHandler@3b42121d{/executors/json,null,AVAILABLE,@Spark}
2026-08-09 23:12:07,978 INFO handler.ContextHandler: Started o.s.j.s.ServletContextHandler@33188612{/executors/threadDump,null,AVAILABLE,@Spark}
2026-08-09 23:12:07,979 INFO handler.ContextHandler: Started o.s.j.s.ServletContextHandler@6ccac6f4{/executors/threadDump/json,null,AVAILABLE,@Spark}
2026-08-09 23:12:07,983 INFO handler.ContextHandler: Started o.s.j.s.ServletContextHandler@3453acd2{/static,null,AVAILABLE,@Spark}
2026-08-09 23:12:07,983 INFO handler.ContextHandler: Started o.s.j.s.ServletContextHandler@5426cb36{/,null,AVAILABLE,@Spark}
2026-08-09 23:12:07,985 INFO handler.ContextHandler: Started o.s.j.s.ServletContextHandler@4b1ec694{/api,null,AVAILABLE,@Spark}
2026-08-09 23:12:07,985 INFO handler.ContextHandler: Started o.s.j.s.ServletContextHandler@2e1b374c{/jobs/job/kill,null,AVAILABLE,@Spark}
2026-08-09 23:12:07,985 INFO handler.ContextHandler: Started o.s.j.s.ServletContextHandler@9c93d16{/stages/stage/kill,null,AVAILABLE,@Spark}
2026-08-09 23:12:07,988 INFO handler.ContextHandler: Started o.s.j.s.ServletContextHandler@1624775{/metrics/json,null,AVAILABLE,@Spark}
2026-08-09 23:12:08,087 INFO internal.SharedState: Setting hive.metastore.warehouse.dir ('null') to the value of spark.sql.warehouse.dir.
2026-08-09 23:12:08,092 INFO internal.SharedState: Warehouse path is 'file:/Users/rudybanerjee/northeastern_work/CS6240/project/spark-warehouse'.
2026-08-09 23:12:08,100 INFO handler.ContextHandler: Started o.s.j.s.ServletContextHandler@766a52f5{/SQL,null,AVAILABLE,@Spark}
2026-08-09 23:12:08,100 INFO handler.ContextHandler: Started o.s.j.s.ServletContextHandler@2ba1209b{/SQL/json,null,AVAILABLE,@Spark}
2026-08-09 23:12:08,101 INFO handler.ContextHandler: Started o.s.j.s.ServletContextHandler@3a7b2e2{/SQL/execution,null,AVAILABLE,@Spark}
2026-08-09 23:12:08,101 INFO handler.ContextHandler: Started o.s.j.s.ServletContextHandler@2921a36a{/SQL/execution/json,null,AVAILABLE,@Spark}
2026-08-09 23:12:08,110 INFO handler.ContextHandler: Started o.s.j.s.ServletContextHandler@18d11527{/static/sql,null,AVAILABLE,@Spark}
2026-08-09 23:12:08,600 INFO datasources.InMemoryFileIndex: It took 22 ms to list leaf files for 1 paths.
2026-08-09 23:12:08,916 INFO spark.SparkContext: Starting job: parquet at HiggsLoader.scala:14
2026-08-09 23:12:08,929 INFO scheduler.DAGScheduler: Got job 0 (parquet at HiggsLoader.scala:14) with 1 output partitions
2026-08-09 23:12:08,929 INFO scheduler.DAGScheduler: Final stage: ResultStage 0 (parquet at HiggsLoader.scala:14)
2026-08-09 23:12:08,929 INFO scheduler.DAGScheduler: Parents of final stage: List()
2026-08-09 23:12:08,930 INFO scheduler.DAGScheduler: Missing parents: List()
2026-08-09 23:12:08,931 INFO scheduler.DAGScheduler: Submitting ResultStage 0 (MapPartitionsRDD[1] at parquet at HiggsLoader.scala:14), which has no missing parents
2026-08-09 23:12:08,997 INFO memory.MemoryStore: Block broadcast_0 stored as values in memory (estimated size 151.7 KiB, free 2.2 GiB)
2026-08-09 23:12:09,224 INFO memory.MemoryStore: Block broadcast_0_piece0 stored as bytes in memory (estimated size 55.7 KiB, free 2.2 GiB)
2026-08-09 23:12:09,226 INFO storage.BlockManagerInfo: Added broadcast_0_piece0 in memory on 10.0.0.215:64239 (size: 55.7 KiB, free: 2.2 GiB)
2026-08-09 23:12:09,227 INFO spark.SparkContext: Created broadcast 0 from broadcast at DAGScheduler.scala:1513
2026-08-09 23:12:09,235 INFO scheduler.DAGScheduler: Submitting 1 missing tasks from ResultStage 0 (MapPartitionsRDD[1] at parquet at HiggsLoader.scala:14) (first 15 tasks are for partitions Vector(0))
2026-08-09 23:12:09,235 INFO scheduler.TaskSchedulerImpl: Adding task set 0.0 with 1 tasks resource profile 0
2026-08-09 23:12:09,248 INFO scheduler.FairSchedulableBuilder: Added task set TaskSet_0.0 tasks to pool default
2026-08-09 23:12:09,269 INFO scheduler.TaskSetManager: Starting task 0.0 in stage 0.0 (TID 0) (10.0.0.215, executor driver, partition 0, PROCESS_LOCAL, 4704 bytes) taskResourceAssignments Map()
2026-08-09 23:12:09,276 INFO executor.Executor: Running task 0.0 in stage 0.0 (TID 0)
2026-08-09 23:12:09,484 INFO executor.Executor: Finished task 0.0 in stage 0.0 (TID 0). 2607 bytes result sent to driver
2026-08-09 23:12:09,487 INFO scheduler.TaskSetManager: Finished task 0.0 in stage 0.0 (TID 0) in 231 ms on 10.0.0.215 (executor driver) (1/1)
2026-08-09 23:12:09,488 INFO scheduler.TaskSchedulerImpl: Removed TaskSet 0.0, whose tasks have all completed, from pool default
2026-08-09 23:12:09,491 INFO scheduler.DAGScheduler: ResultStage 0 (parquet at HiggsLoader.scala:14) finished in 0.553 s
2026-08-09 23:12:09,492 INFO scheduler.DAGScheduler: Job 0 is finished. Cancelling potential speculative or zombie tasks for this job
2026-08-09 23:12:09,492 INFO scheduler.TaskSchedulerImpl: Killing all running tasks in stage 0: Stage finished
2026-08-09 23:12:09,493 INFO scheduler.DAGScheduler: Job 0 finished: parquet at HiggsLoader.scala:14, took 0.576294 s
2026-08-09 23:12:09,549 INFO storage.BlockManagerInfo: Removed broadcast_0_piece0 on 10.0.0.215:64239 in memory (size: 55.7 KiB, free: 2.2 GiB)
2026-08-09 23:12:10,454 INFO datasources.FileSourceStrategy: Pushed Filters: 
2026-08-09 23:12:10,455 INFO datasources.FileSourceStrategy: Post-Scan Filters: 
2026-08-09 23:12:10,456 INFO datasources.FileSourceStrategy: Output Data Schema: struct<label: double, f1: double, f2: double, f3: double, f4: double ... 27 more fields>
2026-08-09 23:12:10,623 INFO codegen.CodeGenerator: Code generated in 105.820541 ms
2026-08-09 23:12:10,635 INFO memory.MemoryStore: Block broadcast_1 stored as values in memory (estimated size 305.6 KiB, free 2.2 GiB)
2026-08-09 23:12:10,650 INFO memory.MemoryStore: Block broadcast_1_piece0 stored as bytes in memory (estimated size 54.1 KiB, free 2.2 GiB)
2026-08-09 23:12:10,650 INFO storage.BlockManagerInfo: Added broadcast_1_piece0 in memory on 10.0.0.215:64239 (size: 54.1 KiB, free: 2.2 GiB)
2026-08-09 23:12:10,651 INFO spark.SparkContext: Created broadcast 1 from rdd at HiggsLoader.scala:15
2026-08-09 23:12:10,656 INFO execution.FileSourceScanExec: Planning scan with bin packing, max size: 4194304 bytes, open cost is considered as scanning 4194304 bytes.
2026-08-09 23:12:10,698 INFO datasources.InMemoryFileIndex: It took 1 ms to list leaf files for 1 paths.
2026-08-09 23:12:10,762 INFO spark.SparkContext: Starting job: parquet at HiggsLoader.scala:14
2026-08-09 23:12:10,763 INFO scheduler.DAGScheduler: Got job 1 (parquet at HiggsLoader.scala:14) with 1 output partitions
2026-08-09 23:12:10,763 INFO scheduler.DAGScheduler: Final stage: ResultStage 1 (parquet at HiggsLoader.scala:14)
2026-08-09 23:12:10,763 INFO scheduler.DAGScheduler: Parents of final stage: List()
2026-08-09 23:12:10,763 INFO scheduler.DAGScheduler: Missing parents: List()
2026-08-09 23:12:10,764 INFO scheduler.DAGScheduler: Submitting ResultStage 1 (MapPartitionsRDD[10] at parquet at HiggsLoader.scala:14), which has no missing parents
2026-08-09 23:12:10,777 INFO memory.MemoryStore: Block broadcast_2 stored as values in memory (estimated size 151.7 KiB, free 2.2 GiB)
2026-08-09 23:12:10,778 INFO memory.MemoryStore: Block broadcast_2_piece0 stored as bytes in memory (estimated size 55.7 KiB, free 2.2 GiB)
2026-08-09 23:12:10,778 INFO storage.BlockManagerInfo: Added broadcast_2_piece0 in memory on 10.0.0.215:64239 (size: 55.7 KiB, free: 2.2 GiB)
2026-08-09 23:12:10,778 INFO spark.SparkContext: Created broadcast 2 from broadcast at DAGScheduler.scala:1513
2026-08-09 23:12:10,779 INFO scheduler.DAGScheduler: Submitting 1 missing tasks from ResultStage 1 (MapPartitionsRDD[10] at parquet at HiggsLoader.scala:14) (first 15 tasks are for partitions Vector(0))
2026-08-09 23:12:10,779 INFO scheduler.TaskSchedulerImpl: Adding task set 1.0 with 1 tasks resource profile 0
2026-08-09 23:12:10,779 INFO scheduler.FairSchedulableBuilder: Added task set TaskSet_1.0 tasks to pool default
2026-08-09 23:12:10,780 INFO scheduler.TaskSetManager: Starting task 0.0 in stage 1.0 (TID 1) (10.0.0.215, executor driver, partition 0, PROCESS_LOCAL, 4703 bytes) taskResourceAssignments Map()
2026-08-09 23:12:10,780 INFO executor.Executor: Running task 0.0 in stage 1.0 (TID 1)
2026-08-09 23:12:10,792 INFO executor.Executor: Finished task 0.0 in stage 1.0 (TID 1). 2564 bytes result sent to driver
2026-08-09 23:12:10,793 INFO scheduler.TaskSetManager: Finished task 0.0 in stage 1.0 (TID 1) in 14 ms on 10.0.0.215 (executor driver) (1/1)
2026-08-09 23:12:10,793 INFO scheduler.TaskSchedulerImpl: Removed TaskSet 1.0, whose tasks have all completed, from pool default
2026-08-09 23:12:10,793 INFO scheduler.DAGScheduler: ResultStage 1 (parquet at HiggsLoader.scala:14) finished in 0.029 s
2026-08-09 23:12:10,793 INFO scheduler.DAGScheduler: Job 1 is finished. Cancelling potential speculative or zombie tasks for this job
2026-08-09 23:12:10,793 INFO scheduler.TaskSchedulerImpl: Killing all running tasks in stage 1: Stage finished
2026-08-09 23:12:10,793 INFO scheduler.DAGScheduler: Job 1 finished: parquet at HiggsLoader.scala:14, took 0.030928 s
2026-08-09 23:12:10,812 INFO datasources.FileSourceStrategy: Pushed Filters: 
2026-08-09 23:12:10,812 INFO datasources.FileSourceStrategy: Post-Scan Filters: 
2026-08-09 23:12:10,812 INFO datasources.FileSourceStrategy: Output Data Schema: struct<label: double, f1: double, f2: double, f3: double, f4: double ... 27 more fields>
2026-08-09 23:12:10,831 INFO memory.MemoryStore: Block broadcast_3 stored as values in memory (estimated size 305.6 KiB, free 2.2 GiB)
2026-08-09 23:12:10,910 INFO memory.MemoryStore: Block broadcast_3_piece0 stored as bytes in memory (estimated size 54.1 KiB, free 2.2 GiB)
2026-08-09 23:12:10,911 INFO storage.BlockManagerInfo: Added broadcast_3_piece0 in memory on 10.0.0.215:64239 (size: 54.1 KiB, free: 2.2 GiB)
2026-08-09 23:12:10,912 INFO spark.SparkContext: Created broadcast 3 from rdd at HiggsLoader.scala:15
2026-08-09 23:12:10,913 INFO execution.FileSourceScanExec: Planning scan with bin packing, max size: 4194304 bytes, open cost is considered as scanning 4194304 bytes.
2026-08-09 23:12:10,929 INFO spark.SparkContext: Starting job: count at ScalingHarnessDriver.scala:30
2026-08-09 23:12:10,930 INFO scheduler.DAGScheduler: Got job 2 (count at ScalingHarnessDriver.scala:30) with 2 output partitions
2026-08-09 23:12:10,930 INFO scheduler.DAGScheduler: Final stage: ResultStage 2 (count at ScalingHarnessDriver.scala:30)
2026-08-09 23:12:10,930 INFO scheduler.DAGScheduler: Parents of final stage: List()
2026-08-09 23:12:10,932 INFO scheduler.DAGScheduler: Missing parents: List()
2026-08-09 23:12:10,933 INFO scheduler.DAGScheduler: Submitting ResultStage 2 (MapPartitionsRDD[8] at map at HiggsLoader.scala:15), which has no missing parents
2026-08-09 23:12:10,966 INFO memory.MemoryStore: Block broadcast_4 stored as values in memory (estimated size 37.4 KiB, free 2.2 GiB)
2026-08-09 23:12:10,967 INFO memory.MemoryStore: Block broadcast_4_piece0 stored as bytes in memory (estimated size 11.6 KiB, free 2.2 GiB)
2026-08-09 23:12:10,968 INFO storage.BlockManagerInfo: Added broadcast_4_piece0 in memory on 10.0.0.215:64239 (size: 11.6 KiB, free: 2.2 GiB)
2026-08-09 23:12:10,968 INFO spark.SparkContext: Created broadcast 4 from broadcast at DAGScheduler.scala:1513
2026-08-09 23:12:10,968 INFO scheduler.DAGScheduler: Submitting 2 missing tasks from ResultStage 2 (MapPartitionsRDD[8] at map at HiggsLoader.scala:15) (first 15 tasks are for partitions Vector(0, 1))
2026-08-09 23:12:10,968 INFO scheduler.TaskSchedulerImpl: Adding task set 2.0 with 2 tasks resource profile 0
2026-08-09 23:12:10,969 INFO scheduler.FairSchedulableBuilder: Added task set TaskSet_2.0 tasks to pool default
2026-08-09 23:12:10,970 INFO scheduler.TaskSetManager: Starting task 0.0 in stage 2.0 (TID 2) (10.0.0.215, executor driver, partition 0, PROCESS_LOCAL, 5029 bytes) taskResourceAssignments Map()
2026-08-09 23:12:10,970 INFO scheduler.TaskSetManager: Starting task 1.0 in stage 2.0 (TID 3) (10.0.0.215, executor driver, partition 1, PROCESS_LOCAL, 5029 bytes) taskResourceAssignments Map()
2026-08-09 23:12:10,970 INFO executor.Executor: Running task 0.0 in stage 2.0 (TID 2)
2026-08-09 23:12:10,970 INFO executor.Executor: Running task 1.0 in stage 2.0 (TID 3)
2026-08-09 23:12:11,038 INFO codegen.CodeGenerator: Code generated in 17.334334 ms
2026-08-09 23:12:11,041 INFO datasources.FileScanRDD: Reading File path: file:///Users/rudybanerjee/northeastern_work/CS6240/project/data/scaling/parquet_10k/train/part-00001-0e65c1fd-42ec-49dc-a74b-e46186989ce4-c000.snappy.parquet, range: 0-469839, partition values: [empty row]
2026-08-09 23:12:11,041 INFO datasources.FileScanRDD: Reading File path: file:///Users/rudybanerjee/northeastern_work/CS6240/project/data/scaling/parquet_10k/train/part-00000-0e65c1fd-42ec-49dc-a74b-e46186989ce4-c000.snappy.parquet, range: 0-778084, partition values: [empty row]
2026-08-09 23:12:11,109 INFO compress.CodecPool: Got brand-new decompressor [.snappy]
2026-08-09 23:12:11,109 INFO compress.CodecPool: Got brand-new decompressor [.snappy]
2026-08-09 23:12:11,400 INFO storage.BlockManagerInfo: Removed broadcast_2_piece0 on 10.0.0.215:64239 in memory (size: 55.7 KiB, free: 2.2 GiB)
2026-08-09 23:12:11,547 INFO memory.MemoryStore: Block rdd_8_1 stored as values in memory (estimated size 837.8 KiB, free 2.2 GiB)
2026-08-09 23:12:11,547 INFO storage.BlockManagerInfo: Added rdd_8_1 in memory on 10.0.0.215:64239 (size: 837.8 KiB, free: 2.2 GiB)
2026-08-09 23:12:11,552 INFO executor.Executor: Finished task 1.0 in stage 2.0 (TID 3). 1791 bytes result sent to driver
2026-08-09 23:12:11,552 INFO scheduler.TaskSetManager: Finished task 1.0 in stage 2.0 (TID 3) in 582 ms on 10.0.0.215 (executor driver) (1/2)
2026-08-09 23:12:11,560 INFO memory.MemoryStore: Block rdd_8_0 stored as values in memory (estimated size 1492.0 KiB, free 2.2 GiB)
2026-08-09 23:12:11,560 INFO storage.BlockManagerInfo: Added rdd_8_0 in memory on 10.0.0.215:64239 (size: 1492.0 KiB, free: 2.2 GiB)
2026-08-09 23:12:11,562 INFO executor.Executor: Finished task 0.0 in stage 2.0 (TID 2). 1791 bytes result sent to driver
2026-08-09 23:12:11,562 INFO scheduler.TaskSetManager: Finished task 0.0 in stage 2.0 (TID 2) in 593 ms on 10.0.0.215 (executor driver) (2/2)
2026-08-09 23:12:11,562 INFO scheduler.TaskSchedulerImpl: Removed TaskSet 2.0, whose tasks have all completed, from pool default
2026-08-09 23:12:11,563 INFO scheduler.DAGScheduler: ResultStage 2 (count at ScalingHarnessDriver.scala:30) finished in 0.627 s
2026-08-09 23:12:11,563 INFO scheduler.DAGScheduler: Job 2 is finished. Cancelling potential speculative or zombie tasks for this job
2026-08-09 23:12:11,563 INFO scheduler.TaskSchedulerImpl: Killing all running tasks in stage 2: Stage finished
2026-08-09 23:12:11,563 INFO scheduler.DAGScheduler: Job 2 finished: count at ScalingHarnessDriver.scala:30, took 0.633697 s
2026-08-09 23:12:11,567 INFO spark.SparkContext: Starting job: count at ScalingHarnessDriver.scala:31
2026-08-09 23:12:11,568 INFO scheduler.DAGScheduler: Got job 3 (count at ScalingHarnessDriver.scala:31) with 2 output partitions
2026-08-09 23:12:11,568 INFO scheduler.DAGScheduler: Final stage: ResultStage 3 (count at ScalingHarnessDriver.scala:31)
2026-08-09 23:12:11,568 INFO scheduler.DAGScheduler: Parents of final stage: List()
2026-08-09 23:12:11,568 INFO scheduler.DAGScheduler: Missing parents: List()
2026-08-09 23:12:11,568 INFO scheduler.DAGScheduler: Submitting ResultStage 3 (MapPartitionsRDD[17] at map at HiggsLoader.scala:15), which has no missing parents
2026-08-09 23:12:11,571 INFO memory.MemoryStore: Block broadcast_5 stored as values in memory (estimated size 37.4 KiB, free 2.2 GiB)
2026-08-09 23:12:11,572 INFO memory.MemoryStore: Block broadcast_5_piece0 stored as bytes in memory (estimated size 11.6 KiB, free 2.2 GiB)
2026-08-09 23:12:11,573 INFO storage.BlockManagerInfo: Added broadcast_5_piece0 in memory on 10.0.0.215:64239 (size: 11.6 KiB, free: 2.2 GiB)
2026-08-09 23:12:11,573 INFO spark.SparkContext: Created broadcast 5 from broadcast at DAGScheduler.scala:1513
2026-08-09 23:12:11,573 INFO scheduler.DAGScheduler: Submitting 2 missing tasks from ResultStage 3 (MapPartitionsRDD[17] at map at HiggsLoader.scala:15) (first 15 tasks are for partitions Vector(0, 1))
2026-08-09 23:12:11,573 INFO scheduler.TaskSchedulerImpl: Adding task set 3.0 with 2 tasks resource profile 0
2026-08-09 23:12:11,573 INFO scheduler.FairSchedulableBuilder: Added task set TaskSet_3.0 tasks to pool default
2026-08-09 23:12:11,574 INFO scheduler.TaskSetManager: Starting task 0.0 in stage 3.0 (TID 4) (10.0.0.215, executor driver, partition 0, PROCESS_LOCAL, 5028 bytes) taskResourceAssignments Map()
2026-08-09 23:12:11,574 INFO scheduler.TaskSetManager: Starting task 1.0 in stage 3.0 (TID 5) (10.0.0.215, executor driver, partition 1, PROCESS_LOCAL, 5028 bytes) taskResourceAssignments Map()
2026-08-09 23:12:11,574 INFO executor.Executor: Running task 1.0 in stage 3.0 (TID 5)
2026-08-09 23:12:11,574 INFO executor.Executor: Running task 0.0 in stage 3.0 (TID 4)
2026-08-09 23:12:11,583 INFO datasources.FileScanRDD: Reading File path: file:///Users/rudybanerjee/northeastern_work/CS6240/project/data/scaling/parquet_10k/test/part-00000-399f6012-2025-4efd-abd6-92d7df178f50-c000.snappy.parquet, range: 0-2390, partition values: [empty row]
2026-08-09 23:12:11,583 INFO datasources.FileScanRDD: Reading File path: file:///Users/rudybanerjee/northeastern_work/CS6240/project/data/scaling/parquet_10k/test/part-00001-399f6012-2025-4efd-abd6-92d7df178f50-c000.snappy.parquet, range: 0-149729, partition values: [empty row]
2026-08-09 23:12:11,589 INFO memory.MemoryStore: Block rdd_17_1 stored as values in memory (estimated size 16.0 B, free 2.2 GiB)
2026-08-09 23:12:11,589 INFO storage.BlockManagerInfo: Added rdd_17_1 in memory on 10.0.0.215:64239 (size: 16.0 B, free: 2.2 GiB)
2026-08-09 23:12:11,590 INFO executor.Executor: Finished task 1.0 in stage 3.0 (TID 5). 1705 bytes result sent to driver
2026-08-09 23:12:11,591 INFO scheduler.TaskSetManager: Finished task 1.0 in stage 3.0 (TID 5) in 17 ms on 10.0.0.215 (executor driver) (1/2)
2026-08-09 23:12:11,615 INFO memory.MemoryStore: Block rdd_17_0 stored as values in memory (estimated size 261.8 KiB, free 2.2 GiB)
2026-08-09 23:12:11,615 INFO storage.BlockManagerInfo: Added rdd_17_0 in memory on 10.0.0.215:64239 (size: 261.8 KiB, free: 2.2 GiB)
2026-08-09 23:12:11,616 INFO executor.Executor: Finished task 0.0 in stage 3.0 (TID 4). 1791 bytes result sent to driver
2026-08-09 23:12:11,617 INFO scheduler.TaskSetManager: Finished task 0.0 in stage 3.0 (TID 4) in 43 ms on 10.0.0.215 (executor driver) (2/2)
2026-08-09 23:12:11,617 INFO scheduler.TaskSchedulerImpl: Removed TaskSet 3.0, whose tasks have all completed, from pool default
2026-08-09 23:12:11,617 INFO scheduler.DAGScheduler: ResultStage 3 (count at ScalingHarnessDriver.scala:31) finished in 0.048 s
2026-08-09 23:12:11,617 INFO scheduler.DAGScheduler: Job 3 is finished. Cancelling potential speculative or zombie tasks for this job
2026-08-09 23:12:11,617 INFO scheduler.TaskSchedulerImpl: Killing all running tasks in stage 3: Stage finished
2026-08-09 23:12:11,617 INFO scheduler.DAGScheduler: Job 3 finished: count at ScalingHarnessDriver.scala:31, took 0.050193 s
2026-08-09 23:12:11,624 INFO spark.SparkContext: Starting job: foreach at ScalingHarnessDriver.scala:34
2026-08-09 23:12:11,625 INFO scheduler.DAGScheduler: Got job 4 (foreach at ScalingHarnessDriver.scala:34) with 2 output partitions
2026-08-09 23:12:11,625 INFO scheduler.DAGScheduler: Final stage: ResultStage 4 (foreach at ScalingHarnessDriver.scala:34)
2026-08-09 23:12:11,625 INFO scheduler.DAGScheduler: Parents of final stage: List()
2026-08-09 23:12:11,626 INFO scheduler.DAGScheduler: Missing parents: List()
2026-08-09 23:12:11,626 INFO scheduler.DAGScheduler: Submitting ResultStage 4 (MapPartitionsRDD[8] at map at HiggsLoader.scala:15), which has no missing parents
2026-08-09 23:12:11,628 INFO memory.MemoryStore: Block broadcast_6 stored as values in memory (estimated size 37.7 KiB, free 2.2 GiB)
2026-08-09 23:12:11,629 INFO memory.MemoryStore: Block broadcast_6_piece0 stored as bytes in memory (estimated size 11.7 KiB, free 2.2 GiB)
2026-08-09 23:12:11,629 INFO storage.BlockManagerInfo: Added broadcast_6_piece0 in memory on 10.0.0.215:64239 (size: 11.7 KiB, free: 2.2 GiB)
2026-08-09 23:12:11,629 INFO spark.SparkContext: Created broadcast 6 from broadcast at DAGScheduler.scala:1513
2026-08-09 23:12:11,630 INFO scheduler.DAGScheduler: Submitting 2 missing tasks from ResultStage 4 (MapPartitionsRDD[8] at map at HiggsLoader.scala:15) (first 15 tasks are for partitions Vector(0, 1))
2026-08-09 23:12:11,630 INFO scheduler.TaskSchedulerImpl: Adding task set 4.0 with 2 tasks resource profile 0
2026-08-09 23:12:11,631 INFO scheduler.FairSchedulableBuilder: Added task set TaskSet_4.0 tasks to pool default
2026-08-09 23:12:11,632 INFO scheduler.TaskSetManager: Starting task 0.0 in stage 4.0 (TID 6) (10.0.0.215, executor driver, partition 0, PROCESS_LOCAL, 5029 bytes) taskResourceAssignments Map()
2026-08-09 23:12:11,632 INFO scheduler.TaskSetManager: Starting task 1.0 in stage 4.0 (TID 7) (10.0.0.215, executor driver, partition 1, PROCESS_LOCAL, 5029 bytes) taskResourceAssignments Map()
2026-08-09 23:12:11,632 INFO executor.Executor: Running task 0.0 in stage 4.0 (TID 6)
2026-08-09 23:12:11,632 INFO executor.Executor: Running task 1.0 in stage 4.0 (TID 7)
2026-08-09 23:12:11,639 INFO storage.BlockManager: Found block rdd_8_1 locally
2026-08-09 23:12:11,639 INFO storage.BlockManager: Found block rdd_8_0 locally
2026-08-09 23:12:11,641 INFO executor.Executor: Finished task 1.0 in stage 4.0 (TID 7). 1710 bytes result sent to driver
2026-08-09 23:12:11,641 INFO executor.Executor: Finished task 0.0 in stage 4.0 (TID 6). 1710 bytes result sent to driver
2026-08-09 23:12:11,641 INFO scheduler.TaskSetManager: Finished task 1.0 in stage 4.0 (TID 7) in 9 ms on 10.0.0.215 (executor driver) (1/2)
2026-08-09 23:12:11,642 INFO scheduler.TaskSetManager: Finished task 0.0 in stage 4.0 (TID 6) in 11 ms on 10.0.0.215 (executor driver) (2/2)
2026-08-09 23:12:11,642 INFO scheduler.TaskSchedulerImpl: Removed TaskSet 4.0, whose tasks have all completed, from pool default
2026-08-09 23:12:11,642 INFO scheduler.DAGScheduler: ResultStage 4 (foreach at ScalingHarnessDriver.scala:34) finished in 0.016 s
2026-08-09 23:12:11,642 INFO scheduler.DAGScheduler: Job 4 is finished. Cancelling potential speculative or zombie tasks for this job
2026-08-09 23:12:11,642 INFO scheduler.TaskSchedulerImpl: Killing all running tasks in stage 4: Stage finished
2026-08-09 23:12:11,642 INFO scheduler.DAGScheduler: Job 4 finished: foreach at ScalingHarnessDriver.scala:34, took 0.017703 s
2026-08-09 23:12:11,647 INFO spark.SparkContext: Starting job: foreach at ScalingHarnessDriver.scala:35
2026-08-09 23:12:11,648 INFO scheduler.DAGScheduler: Got job 5 (foreach at ScalingHarnessDriver.scala:35) with 2 output partitions
2026-08-09 23:12:11,648 INFO scheduler.DAGScheduler: Final stage: ResultStage 5 (foreach at ScalingHarnessDriver.scala:35)
2026-08-09 23:12:11,648 INFO scheduler.DAGScheduler: Parents of final stage: List()
2026-08-09 23:12:11,648 INFO scheduler.DAGScheduler: Missing parents: List()
2026-08-09 23:12:11,648 INFO scheduler.DAGScheduler: Submitting ResultStage 5 (MapPartitionsRDD[17] at map at HiggsLoader.scala:15), which has no missing parents
2026-08-09 23:12:11,650 INFO memory.MemoryStore: Block broadcast_7 stored as values in memory (estimated size 37.7 KiB, free 2.2 GiB)
2026-08-09 23:12:11,651 INFO memory.MemoryStore: Block broadcast_7_piece0 stored as bytes in memory (estimated size 11.7 KiB, free 2.2 GiB)
2026-08-09 23:12:11,651 INFO storage.BlockManagerInfo: Added broadcast_7_piece0 in memory on 10.0.0.215:64239 (size: 11.7 KiB, free: 2.2 GiB)
2026-08-09 23:12:11,651 INFO spark.SparkContext: Created broadcast 7 from broadcast at DAGScheduler.scala:1513
2026-08-09 23:12:11,651 INFO scheduler.DAGScheduler: Submitting 2 missing tasks from ResultStage 5 (MapPartitionsRDD[17] at map at HiggsLoader.scala:15) (first 15 tasks are for partitions Vector(0, 1))
2026-08-09 23:12:11,652 INFO scheduler.TaskSchedulerImpl: Adding task set 5.0 with 2 tasks resource profile 0
2026-08-09 23:12:11,652 INFO scheduler.FairSchedulableBuilder: Added task set TaskSet_5.0 tasks to pool default
2026-08-09 23:12:11,652 INFO scheduler.TaskSetManager: Starting task 0.0 in stage 5.0 (TID 8) (10.0.0.215, executor driver, partition 0, PROCESS_LOCAL, 5028 bytes) taskResourceAssignments Map()
2026-08-09 23:12:11,652 INFO scheduler.TaskSetManager: Starting task 1.0 in stage 5.0 (TID 9) (10.0.0.215, executor driver, partition 1, PROCESS_LOCAL, 5028 bytes) taskResourceAssignments Map()
2026-08-09 23:12:11,653 INFO executor.Executor: Running task 0.0 in stage 5.0 (TID 8)
2026-08-09 23:12:11,653 INFO executor.Executor: Running task 1.0 in stage 5.0 (TID 9)
2026-08-09 23:12:11,656 INFO storage.BlockManager: Found block rdd_17_0 locally
2026-08-09 23:12:11,656 INFO storage.BlockManager: Found block rdd_17_1 locally
2026-08-09 23:12:11,657 INFO executor.Executor: Finished task 1.0 in stage 5.0 (TID 9). 1624 bytes result sent to driver
2026-08-09 23:12:11,657 INFO executor.Executor: Finished task 0.0 in stage 5.0 (TID 8). 1667 bytes result sent to driver
2026-08-09 23:12:11,657 INFO scheduler.TaskSetManager: Finished task 1.0 in stage 5.0 (TID 9) in 5 ms on 10.0.0.215 (executor driver) (1/2)
2026-08-09 23:12:11,657 INFO scheduler.TaskSetManager: Finished task 0.0 in stage 5.0 (TID 8) in 5 ms on 10.0.0.215 (executor driver) (2/2)
2026-08-09 23:12:11,657 INFO scheduler.TaskSchedulerImpl: Removed TaskSet 5.0, whose tasks have all completed, from pool default
2026-08-09 23:12:11,658 INFO scheduler.DAGScheduler: ResultStage 5 (foreach at ScalingHarnessDriver.scala:35) finished in 0.010 s
2026-08-09 23:12:11,658 INFO scheduler.DAGScheduler: Job 5 is finished. Cancelling potential speculative or zombie tasks for this job
2026-08-09 23:12:11,658 INFO scheduler.TaskSchedulerImpl: Killing all running tasks in stage 5: Stage finished
2026-08-09 23:12:11,658 INFO scheduler.DAGScheduler: Job 5 finished: foreach at ScalingHarnessDriver.scala:35, took 0.010691 s
[scaling] label=10k trainRows=9000 testRows=1000 sweepSize=12
2026-08-09 23:12:11,670 INFO spark.SparkContext: Starting job: zipWithIndex at EnsembleTrainer.scala:31
2026-08-09 23:12:11,671 INFO scheduler.DAGScheduler: Got job 6 (zipWithIndex at EnsembleTrainer.scala:31) with 1 output partitions
2026-08-09 23:12:11,671 INFO scheduler.DAGScheduler: Final stage: ResultStage 6 (zipWithIndex at EnsembleTrainer.scala:31)
2026-08-09 23:12:11,671 INFO scheduler.DAGScheduler: Parents of final stage: List()
2026-08-09 23:12:11,671 INFO spark.SparkContext: Starting job: zipWithIndex at EnsembleTrainer.scala:31
2026-08-09 23:12:11,672 INFO spark.SparkContext: Starting job: zipWithIndex at EnsembleTrainer.scala:31
2026-08-09 23:12:11,672 INFO scheduler.DAGScheduler: Missing parents: List()
2026-08-09 23:12:11,672 INFO scheduler.DAGScheduler: Submitting ResultStage 6 (MapPartitionsRDD[8] at map at HiggsLoader.scala:15), which has no missing parents
2026-08-09 23:12:11,673 INFO spark.SparkContext: Starting job: zipWithIndex at EnsembleTrainer.scala:31
2026-08-09 23:12:11,673 INFO spark.SparkContext: Starting job: zipWithIndex at EnsembleTrainer.scala:31
2026-08-09 23:12:11,674 INFO spark.SparkContext: Starting job: zipWithIndex at EnsembleTrainer.scala:31
2026-08-09 23:12:11,675 INFO memory.MemoryStore: Block broadcast_8 stored as values in memory (estimated size 37.6 KiB, free 2.2 GiB)
2026-08-09 23:12:11,676 INFO memory.MemoryStore: Block broadcast_8_piece0 stored as bytes in memory (estimated size 11.7 KiB, free 2.2 GiB)
2026-08-09 23:12:11,677 INFO storage.BlockManagerInfo: Added broadcast_8_piece0 in memory on 10.0.0.215:64239 (size: 11.7 KiB, free: 2.2 GiB)
2026-08-09 23:12:11,678 INFO spark.SparkContext: Created broadcast 8 from broadcast at DAGScheduler.scala:1513
2026-08-09 23:12:11,678 INFO scheduler.DAGScheduler: Submitting 1 missing tasks from ResultStage 6 (MapPartitionsRDD[8] at map at HiggsLoader.scala:15) (first 15 tasks are for partitions Vector(0))
2026-08-09 23:12:11,679 INFO scheduler.TaskSchedulerImpl: Adding task set 6.0 with 1 tasks resource profile 0
2026-08-09 23:12:11,679 INFO scheduler.FairSchedulableBuilder: Added task set TaskSet_6.0 tasks to pool default
2026-08-09 23:12:11,679 INFO scheduler.DAGScheduler: Got job 7 (zipWithIndex at EnsembleTrainer.scala:31) with 1 output partitions
2026-08-09 23:12:11,679 INFO scheduler.DAGScheduler: Final stage: ResultStage 7 (zipWithIndex at EnsembleTrainer.scala:31)
2026-08-09 23:12:11,679 INFO scheduler.DAGScheduler: Parents of final stage: List()
2026-08-09 23:12:11,680 INFO scheduler.DAGScheduler: Missing parents: List()
2026-08-09 23:12:11,680 INFO scheduler.DAGScheduler: Submitting ResultStage 7 (MapPartitionsRDD[8] at map at HiggsLoader.scala:15), which has no missing parents
2026-08-09 23:12:11,681 INFO scheduler.TaskSetManager: Starting task 0.0 in stage 6.0 (TID 10) (10.0.0.215, executor driver, partition 0, PROCESS_LOCAL, 5029 bytes) taskResourceAssignments Map()
2026-08-09 23:12:11,682 INFO executor.Executor: Running task 0.0 in stage 6.0 (TID 10)
2026-08-09 23:12:11,686 INFO memory.MemoryStore: Block broadcast_9 stored as values in memory (estimated size 37.6 KiB, free 2.2 GiB)
2026-08-09 23:12:11,687 INFO memory.MemoryStore: Block broadcast_9_piece0 stored as bytes in memory (estimated size 11.7 KiB, free 2.2 GiB)
2026-08-09 23:12:11,688 INFO storage.BlockManagerInfo: Added broadcast_9_piece0 in memory on 10.0.0.215:64239 (size: 11.7 KiB, free: 2.2 GiB)
2026-08-09 23:12:11,689 INFO spark.SparkContext: Created broadcast 9 from broadcast at DAGScheduler.scala:1513
2026-08-09 23:12:11,689 INFO spark.SparkContext: Starting job: collect at EnsembleTrainer.scala:80
2026-08-09 23:12:11,689 INFO storage.BlockManager: Found block rdd_8_0 locally
2026-08-09 23:12:11,689 INFO scheduler.DAGScheduler: Submitting 1 missing tasks from ResultStage 7 (MapPartitionsRDD[8] at map at HiggsLoader.scala:15) (first 15 tasks are for partitions Vector(0))
2026-08-09 23:12:11,689 INFO scheduler.TaskSchedulerImpl: Adding task set 7.0 with 1 tasks resource profile 0
2026-08-09 23:12:11,690 INFO spark.SparkContext: Starting job: collect at EnsembleTrainer.scala:80
2026-08-09 23:12:11,690 INFO scheduler.FairSchedulableBuilder: Added task set TaskSet_7.0 tasks to pool default
2026-08-09 23:12:11,690 INFO executor.Executor: Finished task 0.0 in stage 6.0 (TID 10). 1748 bytes result sent to driver
2026-08-09 23:12:11,691 INFO spark.SparkContext: Starting job: collect at EnsembleTrainer.scala:80
2026-08-09 23:12:11,691 INFO spark.SparkContext: Starting job: collect at EnsembleTrainer.scala:80
2026-08-09 23:12:11,691 INFO scheduler.DAGScheduler: Got job 8 (zipWithIndex at EnsembleTrainer.scala:31) with 1 output partitions
2026-08-09 23:12:11,691 INFO scheduler.DAGScheduler: Final stage: ResultStage 8 (zipWithIndex at EnsembleTrainer.scala:31)
2026-08-09 23:12:11,691 INFO scheduler.DAGScheduler: Parents of final stage: List()
2026-08-09 23:12:11,691 INFO spark.SparkContext: Starting job: collect at EnsembleTrainer.scala:80
2026-08-09 23:12:11,692 INFO scheduler.TaskSetManager: Starting task 0.0 in stage 7.0 (TID 11) (10.0.0.215, executor driver, partition 0, PROCESS_LOCAL, 5029 bytes) taskResourceAssignments Map()
2026-08-09 23:12:11,692 INFO scheduler.DAGScheduler: Missing parents: List()
2026-08-09 23:12:11,692 INFO scheduler.DAGScheduler: Submitting ResultStage 8 (MapPartitionsRDD[8] at map at HiggsLoader.scala:15), which has no missing parents
2026-08-09 23:12:11,692 INFO executor.Executor: Running task 0.0 in stage 7.0 (TID 11)
2026-08-09 23:12:11,692 INFO scheduler.TaskSetManager: Finished task 0.0 in stage 6.0 (TID 10) in 13 ms on 10.0.0.215 (executor driver) (1/1)
2026-08-09 23:12:11,692 INFO scheduler.TaskSchedulerImpl: Removed TaskSet 6.0, whose tasks have all completed, from pool default
2026-08-09 23:12:11,693 INFO spark.SparkContext: Starting job: collect at EnsembleTrainer.scala:80
2026-08-09 23:12:11,694 INFO memory.MemoryStore: Block broadcast_10 stored as values in memory (estimated size 37.6 KiB, free 2.2 GiB)
2026-08-09 23:12:11,695 INFO storage.BlockManager: Found block rdd_8_0 locally
2026-08-09 23:12:11,695 INFO memory.MemoryStore: Block broadcast_10_piece0 stored as bytes in memory (estimated size 11.7 KiB, free 2.2 GiB)
2026-08-09 23:12:11,696 INFO storage.BlockManagerInfo: Added broadcast_10_piece0 in memory on 10.0.0.215:64239 (size: 11.7 KiB, free: 2.2 GiB)
2026-08-09 23:12:11,696 INFO spark.SparkContext: Created broadcast 10 from broadcast at DAGScheduler.scala:1513
2026-08-09 23:12:11,696 INFO executor.Executor: Finished task 0.0 in stage 7.0 (TID 11). 1705 bytes result sent to driver
2026-08-09 23:12:11,696 INFO scheduler.DAGScheduler: Submitting 1 missing tasks from ResultStage 8 (MapPartitionsRDD[8] at map at HiggsLoader.scala:15) (first 15 tasks are for partitions Vector(0))
2026-08-09 23:12:11,696 INFO scheduler.TaskSchedulerImpl: Adding task set 8.0 with 1 tasks resource profile 0
2026-08-09 23:12:11,697 INFO scheduler.FairSchedulableBuilder: Added task set TaskSet_8.0 tasks to pool default
2026-08-09 23:12:11,697 INFO scheduler.DAGScheduler: Got job 9 (zipWithIndex at EnsembleTrainer.scala:31) with 1 output partitions
2026-08-09 23:12:11,697 INFO scheduler.DAGScheduler: Final stage: ResultStage 9 (zipWithIndex at EnsembleTrainer.scala:31)
2026-08-09 23:12:11,697 INFO scheduler.DAGScheduler: Parents of final stage: List()
2026-08-09 23:12:11,697 INFO scheduler.TaskSetManager: Starting task 0.0 in stage 8.0 (TID 12) (10.0.0.215, executor driver, partition 0, PROCESS_LOCAL, 5029 bytes) taskResourceAssignments Map()
2026-08-09 23:12:11,697 INFO scheduler.DAGScheduler: Missing parents: List()
2026-08-09 23:12:11,697 INFO scheduler.DAGScheduler: Submitting ResultStage 9 (MapPartitionsRDD[8] at map at HiggsLoader.scala:15), which has no missing parents
2026-08-09 23:12:11,698 INFO scheduler.TaskSetManager: Finished task 0.0 in stage 7.0 (TID 11) in 6 ms on 10.0.0.215 (executor driver) (1/1)
2026-08-09 23:12:11,698 INFO scheduler.TaskSchedulerImpl: Removed TaskSet 7.0, whose tasks have all completed, from pool default
2026-08-09 23:12:11,698 INFO executor.Executor: Running task 0.0 in stage 8.0 (TID 12)
2026-08-09 23:12:11,699 INFO memory.MemoryStore: Block broadcast_11 stored as values in memory (estimated size 37.6 KiB, free 2.2 GiB)
2026-08-09 23:12:11,700 INFO memory.MemoryStore: Block broadcast_11_piece0 stored as bytes in memory (estimated size 11.7 KiB, free 2.2 GiB)
2026-08-09 23:12:11,700 INFO storage.BlockManager: Found block rdd_8_0 locally
2026-08-09 23:12:11,700 INFO storage.BlockManagerInfo: Added broadcast_11_piece0 in memory on 10.0.0.215:64239 (size: 11.7 KiB, free: 2.2 GiB)
2026-08-09 23:12:11,701 INFO spark.SparkContext: Created broadcast 11 from broadcast at DAGScheduler.scala:1513
2026-08-09 23:12:11,702 INFO scheduler.DAGScheduler: Submitting 1 missing tasks from ResultStage 9 (MapPartitionsRDD[8] at map at HiggsLoader.scala:15) (first 15 tasks are for partitions Vector(0))
2026-08-09 23:12:11,702 INFO executor.Executor: Finished task 0.0 in stage 8.0 (TID 12). 1748 bytes result sent to driver
2026-08-09 23:12:11,702 INFO scheduler.TaskSchedulerImpl: Adding task set 9.0 with 1 tasks resource profile 0
2026-08-09 23:12:11,702 INFO scheduler.FairSchedulableBuilder: Added task set TaskSet_9.0 tasks to pool default
2026-08-09 23:12:11,702 INFO scheduler.DAGScheduler: Got job 10 (zipWithIndex at EnsembleTrainer.scala:31) with 1 output partitions
2026-08-09 23:12:11,702 INFO scheduler.DAGScheduler: Final stage: ResultStage 10 (zipWithIndex at EnsembleTrainer.scala:31)
2026-08-09 23:12:11,702 INFO scheduler.DAGScheduler: Parents of final stage: List()
2026-08-09 23:12:11,702 INFO scheduler.TaskSetManager: Starting task 0.0 in stage 9.0 (TID 13) (10.0.0.215, executor driver, partition 0, PROCESS_LOCAL, 5029 bytes) taskResourceAssignments Map()
2026-08-09 23:12:11,703 INFO scheduler.DAGScheduler: Missing parents: List()
2026-08-09 23:12:11,703 INFO scheduler.DAGScheduler: Submitting ResultStage 10 (MapPartitionsRDD[8] at map at HiggsLoader.scala:15), which has no missing parents
2026-08-09 23:12:11,703 INFO scheduler.TaskSetManager: Finished task 0.0 in stage 8.0 (TID 12) in 6 ms on 10.0.0.215 (executor driver) (1/1)
2026-08-09 23:12:11,703 INFO executor.Executor: Running task 0.0 in stage 9.0 (TID 13)
2026-08-09 23:12:11,703 INFO scheduler.TaskSchedulerImpl: Removed TaskSet 8.0, whose tasks have all completed, from pool default
2026-08-09 23:12:11,704 INFO memory.MemoryStore: Block broadcast_12 stored as values in memory (estimated size 37.6 KiB, free 2.2 GiB)
2026-08-09 23:12:11,705 INFO memory.MemoryStore: Block broadcast_12_piece0 stored as bytes in memory (estimated size 11.7 KiB, free 2.2 GiB)
2026-08-09 23:12:11,705 INFO storage.BlockManagerInfo: Added broadcast_12_piece0 in memory on 10.0.0.215:64239 (size: 11.7 KiB, free: 2.2 GiB)
2026-08-09 23:12:11,705 INFO storage.BlockManager: Found block rdd_8_0 locally
2026-08-09 23:12:11,705 INFO spark.SparkContext: Created broadcast 12 from broadcast at DAGScheduler.scala:1513
2026-08-09 23:12:11,706 INFO scheduler.DAGScheduler: Submitting 1 missing tasks from ResultStage 10 (MapPartitionsRDD[8] at map at HiggsLoader.scala:15) (first 15 tasks are for partitions Vector(0))
2026-08-09 23:12:11,706 INFO scheduler.TaskSchedulerImpl: Adding task set 10.0 with 1 tasks resource profile 0
2026-08-09 23:12:11,706 INFO scheduler.FairSchedulableBuilder: Added task set TaskSet_10.0 tasks to pool default
2026-08-09 23:12:11,706 INFO executor.Executor: Finished task 0.0 in stage 9.0 (TID 13). 1705 bytes result sent to driver
2026-08-09 23:12:11,706 INFO scheduler.DAGScheduler: Got job 11 (zipWithIndex at EnsembleTrainer.scala:31) with 1 output partitions
2026-08-09 23:12:11,706 INFO scheduler.DAGScheduler: Final stage: ResultStage 11 (zipWithIndex at EnsembleTrainer.scala:31)
2026-08-09 23:12:11,706 INFO scheduler.DAGScheduler: Parents of final stage: List()
2026-08-09 23:12:11,706 INFO scheduler.TaskSetManager: Starting task 0.0 in stage 10.0 (TID 14) (10.0.0.215, executor driver, partition 0, PROCESS_LOCAL, 5029 bytes) taskResourceAssignments Map()
2026-08-09 23:12:11,707 INFO scheduler.DAGScheduler: Missing parents: List()
2026-08-09 23:12:11,707 INFO executor.Executor: Running task 0.0 in stage 10.0 (TID 14)
2026-08-09 23:12:11,707 INFO scheduler.DAGScheduler: Submitting ResultStage 11 (MapPartitionsRDD[8] at map at HiggsLoader.scala:15), which has no missing parents
2026-08-09 23:12:11,707 INFO scheduler.TaskSetManager: Finished task 0.0 in stage 9.0 (TID 13) in 5 ms on 10.0.0.215 (executor driver) (1/1)
2026-08-09 23:12:11,708 INFO scheduler.TaskSchedulerImpl: Removed TaskSet 9.0, whose tasks have all completed, from pool default
2026-08-09 23:12:11,709 INFO memory.MemoryStore: Block broadcast_13 stored as values in memory (estimated size 37.6 KiB, free 2.2 GiB)
2026-08-09 23:12:11,709 INFO storage.BlockManager: Found block rdd_8_0 locally
2026-08-09 23:12:11,709 INFO memory.MemoryStore: Block broadcast_13_piece0 stored as bytes in memory (estimated size 11.7 KiB, free 2.2 GiB)
2026-08-09 23:12:11,710 INFO storage.BlockManagerInfo: Added broadcast_13_piece0 in memory on 10.0.0.215:64239 (size: 11.7 KiB, free: 2.2 GiB)
2026-08-09 23:12:11,710 INFO executor.Executor: Finished task 0.0 in stage 10.0 (TID 14). 1705 bytes result sent to driver
2026-08-09 23:12:11,711 INFO spark.SparkContext: Created broadcast 13 from broadcast at DAGScheduler.scala:1513
2026-08-09 23:12:11,711 INFO scheduler.TaskSetManager: Finished task 0.0 in stage 10.0 (TID 14) in 5 ms on 10.0.0.215 (executor driver) (1/1)
2026-08-09 23:12:11,711 INFO scheduler.TaskSchedulerImpl: Removed TaskSet 10.0, whose tasks have all completed, from pool default
2026-08-09 23:12:11,711 INFO scheduler.DAGScheduler: Submitting 1 missing tasks from ResultStage 11 (MapPartitionsRDD[8] at map at HiggsLoader.scala:15) (first 15 tasks are for partitions Vector(0))
2026-08-09 23:12:11,711 INFO scheduler.TaskSchedulerImpl: Adding task set 11.0 with 1 tasks resource profile 0
2026-08-09 23:12:11,711 INFO scheduler.FairSchedulableBuilder: Added task set TaskSet_11.0 tasks to pool default
2026-08-09 23:12:11,712 INFO scheduler.DAGScheduler: ResultStage 6 (zipWithIndex at EnsembleTrainer.scala:31) finished in 0.039 s
2026-08-09 23:12:11,712 INFO scheduler.TaskSetManager: Starting task 0.0 in stage 11.0 (TID 15) (10.0.0.215, executor driver, partition 0, PROCESS_LOCAL, 5029 bytes) taskResourceAssignments Map()
2026-08-09 23:12:11,712 INFO scheduler.DAGScheduler: Job 6 is finished. Cancelling potential speculative or zombie tasks for this job
2026-08-09 23:12:11,712 INFO scheduler.TaskSchedulerImpl: Killing all running tasks in stage 6: Stage finished
2026-08-09 23:12:11,712 INFO executor.Executor: Running task 0.0 in stage 11.0 (TID 15)
2026-08-09 23:12:11,712 INFO scheduler.DAGScheduler: Job 6 finished: zipWithIndex at EnsembleTrainer.scala:31, took 0.041662 s
2026-08-09 23:12:11,712 INFO scheduler.DAGScheduler: ResultStage 7 (zipWithIndex at EnsembleTrainer.scala:31) finished in 0.031 s
2026-08-09 23:12:11,712 INFO scheduler.DAGScheduler: Job 7 is finished. Cancelling potential speculative or zombie tasks for this job
2026-08-09 23:12:11,712 INFO scheduler.TaskSchedulerImpl: Killing all running tasks in stage 7: Stage finished
2026-08-09 23:12:11,712 INFO scheduler.DAGScheduler: Job 7 finished: zipWithIndex at EnsembleTrainer.scala:31, took 0.040903 s
2026-08-09 23:12:11,714 INFO scheduler.DAGScheduler: Registering RDD 29 (mapPartitionsWithIndex at EnsembleTrainer.scala:60) as input to shuffle 5
2026-08-09 23:12:11,715 INFO storage.BlockManager: Found block rdd_8_0 locally
2026-08-09 23:12:11,716 INFO executor.Executor: Finished task 0.0 in stage 11.0 (TID 15). 1748 bytes result sent to driver
2026-08-09 23:12:11,717 INFO scheduler.TaskSetManager: Finished task 0.0 in stage 11.0 (TID 15) in 5 ms on 10.0.0.215 (executor driver) (1/1)
2026-08-09 23:12:11,717 INFO scheduler.DAGScheduler: Got job 13 (collect at EnsembleTrainer.scala:80) with 20 output partitions
2026-08-09 23:12:11,717 INFO scheduler.TaskSchedulerImpl: Removed TaskSet 11.0, whose tasks have all completed, from pool default
2026-08-09 23:12:11,717 INFO scheduler.DAGScheduler: Final stage: ResultStage 13 (collect at EnsembleTrainer.scala:80)
2026-08-09 23:12:11,717 INFO scheduler.DAGScheduler: Parents of final stage: List(ShuffleMapStage 12)
2026-08-09 23:12:11,718 INFO scheduler.DAGScheduler: Missing parents: List(ShuffleMapStage 12)
2026-08-09 23:12:11,719 INFO scheduler.DAGScheduler: Submitting ShuffleMapStage 12 (MapPartitionsRDD[29] at mapPartitionsWithIndex at EnsembleTrainer.scala:60), which has no missing parents
2026-08-09 23:12:11,719 INFO spark.SparkContext: Starting job: collect at EnsembleTrainer.scala:45
2026-08-09 23:12:11,719 INFO spark.SparkContext: Starting job: collect at EnsembleTrainer.scala:45
2026-08-09 23:12:11,723 INFO memory.MemoryStore: Block broadcast_14 stored as values in memory (estimated size 38.5 KiB, free 2.2 GiB)
2026-08-09 23:12:11,724 INFO memory.MemoryStore: Block broadcast_14_piece0 stored as bytes in memory (estimated size 12.3 KiB, free 2.2 GiB)
2026-08-09 23:12:11,724 INFO storage.BlockManagerInfo: Added broadcast_14_piece0 in memory on 10.0.0.215:64239 (size: 12.3 KiB, free: 2.2 GiB)
2026-08-09 23:12:11,724 INFO spark.SparkContext: Created broadcast 14 from broadcast at DAGScheduler.scala:1513
2026-08-09 23:12:11,728 INFO scheduler.DAGScheduler: Submitting 2 missing tasks from ShuffleMapStage 12 (MapPartitionsRDD[29] at mapPartitionsWithIndex at EnsembleTrainer.scala:60) (first 15 tasks are for partitions Vector(0, 1))
2026-08-09 23:12:11,728 INFO scheduler.TaskSchedulerImpl: Adding task set 12.0 with 2 tasks resource profile 0
2026-08-09 23:12:11,728 INFO scheduler.FairSchedulableBuilder: Added task set TaskSet_12.0 tasks to pool default
2026-08-09 23:12:11,729 INFO scheduler.DAGScheduler: Registering RDD 28 (mapPartitionsWithIndex at EnsembleTrainer.scala:60) as input to shuffle 0
2026-08-09 23:12:11,729 INFO scheduler.DAGScheduler: Got job 12 (collect at EnsembleTrainer.scala:80) with 40 output partitions
2026-08-09 23:12:11,729 INFO scheduler.DAGScheduler: Final stage: ResultStage 15 (collect at EnsembleTrainer.scala:80)
2026-08-09 23:12:11,729 INFO scheduler.DAGScheduler: Parents of final stage: List(ShuffleMapStage 14)
2026-08-09 23:12:11,729 INFO scheduler.DAGScheduler: Missing parents: List(ShuffleMapStage 14)
2026-08-09 23:12:11,729 INFO scheduler.TaskSetManager: Starting task 0.0 in stage 12.0 (TID 16) (10.0.0.215, executor driver, partition 0, PROCESS_LOCAL, 5018 bytes) taskResourceAssignments Map()
2026-08-09 23:12:11,730 INFO scheduler.TaskSetManager: Starting task 1.0 in stage 12.0 (TID 17) (10.0.0.215, executor driver, partition 1, PROCESS_LOCAL, 5018 bytes) taskResourceAssignments Map()
2026-08-09 23:12:11,730 INFO executor.Executor: Running task 1.0 in stage 12.0 (TID 17)
2026-08-09 23:12:11,730 INFO executor.Executor: Running task 0.0 in stage 12.0 (TID 16)
2026-08-09 23:12:11,730 INFO scheduler.DAGScheduler: Submitting ShuffleMapStage 14 (MapPartitionsRDD[28] at mapPartitionsWithIndex at EnsembleTrainer.scala:60), which has no missing parents
2026-08-09 23:12:11,732 INFO memory.MemoryStore: Block broadcast_15 stored as values in memory (estimated size 38.5 KiB, free 2.2 GiB)
2026-08-09 23:12:11,733 INFO memory.MemoryStore: Block broadcast_15_piece0 stored as bytes in memory (estimated size 12.3 KiB, free 2.2 GiB)
2026-08-09 23:12:11,733 INFO storage.BlockManagerInfo: Added broadcast_15_piece0 in memory on 10.0.0.215:64239 (size: 12.3 KiB, free: 2.2 GiB)
2026-08-09 23:12:11,734 INFO spark.SparkContext: Created broadcast 15 from broadcast at DAGScheduler.scala:1513
2026-08-09 23:12:11,734 INFO scheduler.DAGScheduler: Submitting 2 missing tasks from ShuffleMapStage 14 (MapPartitionsRDD[28] at mapPartitionsWithIndex at EnsembleTrainer.scala:60) (first 15 tasks are for partitions Vector(0, 1))
2026-08-09 23:12:11,734 INFO scheduler.TaskSchedulerImpl: Adding task set 14.0 with 2 tasks resource profile 0
2026-08-09 23:12:11,735 INFO scheduler.FairSchedulableBuilder: Added task set TaskSet_14.0 tasks to pool default
2026-08-09 23:12:11,736 INFO scheduler.TaskSetManager: Starting task 0.0 in stage 14.0 (TID 18) (10.0.0.215, executor driver, partition 0, PROCESS_LOCAL, 5018 bytes) taskResourceAssignments Map()
2026-08-09 23:12:11,736 INFO scheduler.DAGScheduler: Registering RDD 26 (mapPartitionsWithIndex at EnsembleTrainer.scala:60) as input to shuffle 1
2026-08-09 23:12:11,736 INFO scheduler.DAGScheduler: Got job 14 (collect at EnsembleTrainer.scala:80) with 20 output partitions
2026-08-09 23:12:11,736 INFO scheduler.DAGScheduler: Final stage: ResultStage 17 (collect at EnsembleTrainer.scala:80)
2026-08-09 23:12:11,736 INFO scheduler.TaskSetManager: Starting task 1.0 in stage 14.0 (TID 19) (10.0.0.215, executor driver, partition 1, PROCESS_LOCAL, 5018 bytes) taskResourceAssignments Map()
2026-08-09 23:12:11,736 INFO scheduler.DAGScheduler: Parents of final stage: List(ShuffleMapStage 16)
2026-08-09 23:12:11,736 INFO scheduler.DAGScheduler: Missing parents: List(ShuffleMapStage 16)
2026-08-09 23:12:11,737 INFO executor.Executor: Running task 0.0 in stage 14.0 (TID 18)
2026-08-09 23:12:11,737 INFO executor.Executor: Running task 1.0 in stage 14.0 (TID 19)
2026-08-09 23:12:11,737 INFO scheduler.DAGScheduler: Submitting ShuffleMapStage 16 (MapPartitionsRDD[26] at mapPartitionsWithIndex at EnsembleTrainer.scala:60), which has no missing parents
2026-08-09 23:12:11,740 INFO storage.BlockManager: Found block rdd_8_1 locally
2026-08-09 23:12:11,740 INFO storage.BlockManager: Found block rdd_8_0 locally
2026-08-09 23:12:11,741 INFO memory.MemoryStore: Block broadcast_16 stored as values in memory (estimated size 38.5 KiB, free 2.2 GiB)
2026-08-09 23:12:11,741 INFO storage.BlockManager: Found block rdd_8_1 locally
2026-08-09 23:12:11,747 INFO memory.MemoryStore: Block broadcast_16_piece0 stored as bytes in memory (estimated size 12.3 KiB, free 2.2 GiB)
2026-08-09 23:12:11,748 INFO storage.BlockManagerInfo: Added broadcast_16_piece0 in memory on 10.0.0.215:64239 (size: 12.3 KiB, free: 2.2 GiB)
2026-08-09 23:12:11,749 INFO spark.SparkContext: Created broadcast 16 from broadcast at DAGScheduler.scala:1513
2026-08-09 23:12:11,749 INFO storage.BlockManagerInfo: Removed broadcast_7_piece0 on 10.0.0.215:64239 in memory (size: 11.7 KiB, free: 2.2 GiB)
2026-08-09 23:12:11,750 INFO storage.BlockManager: Found block rdd_8_0 locally
2026-08-09 23:12:11,750 INFO scheduler.DAGScheduler: Submitting 2 missing tasks from ShuffleMapStage 16 (MapPartitionsRDD[26] at mapPartitionsWithIndex at EnsembleTrainer.scala:60) (first 15 tasks are for partitions Vector(0, 1))
2026-08-09 23:12:11,750 INFO scheduler.TaskSchedulerImpl: Adding task set 16.0 with 2 tasks resource profile 0
2026-08-09 23:12:11,751 INFO scheduler.FairSchedulableBuilder: Added task set TaskSet_16.0 tasks to pool default
2026-08-09 23:12:11,751 INFO scheduler.DAGScheduler: Registering RDD 24 (mapPartitionsWithIndex at EnsembleTrainer.scala:60) as input to shuffle 2
2026-08-09 23:12:11,752 INFO scheduler.DAGScheduler: Got job 16 (collect at EnsembleTrainer.scala:80) with 40 output partitions
2026-08-09 23:12:11,752 INFO scheduler.DAGScheduler: Final stage: ResultStage 19 (collect at EnsembleTrainer.scala:80)
2026-08-09 23:12:11,752 INFO scheduler.DAGScheduler: Parents of final stage: List(ShuffleMapStage 18)
2026-08-09 23:12:11,752 INFO scheduler.DAGScheduler: Missing parents: List(ShuffleMapStage 18)
2026-08-09 23:12:11,753 INFO scheduler.DAGScheduler: Submitting ShuffleMapStage 18 (MapPartitionsRDD[24] at mapPartitionsWithIndex at EnsembleTrainer.scala:60), which has no missing parents
2026-08-09 23:12:11,755 INFO memory.MemoryStore: Block broadcast_17 stored as values in memory (estimated size 38.5 KiB, free 2.2 GiB)
2026-08-09 23:12:11,755 INFO storage.BlockManagerInfo: Removed broadcast_6_piece0 on 10.0.0.215:64239 in memory (size: 11.7 KiB, free: 2.2 GiB)
2026-08-09 23:12:11,756 INFO memory.MemoryStore: Block broadcast_17_piece0 stored as bytes in memory (estimated size 12.3 KiB, free 2.2 GiB)
2026-08-09 23:12:11,756 INFO storage.BlockManagerInfo: Added broadcast_17_piece0 in memory on 10.0.0.215:64239 (size: 12.3 KiB, free: 2.2 GiB)
2026-08-09 23:12:11,756 INFO spark.SparkContext: Created broadcast 17 from broadcast at DAGScheduler.scala:1513
2026-08-09 23:12:11,757 INFO scheduler.DAGScheduler: Submitting 2 missing tasks from ShuffleMapStage 18 (MapPartitionsRDD[24] at mapPartitionsWithIndex at EnsembleTrainer.scala:60) (first 15 tasks are for partitions Vector(0, 1))
2026-08-09 23:12:11,757 INFO scheduler.TaskSchedulerImpl: Adding task set 18.0 with 2 tasks resource profile 0
2026-08-09 23:12:11,757 INFO scheduler.FairSchedulableBuilder: Added task set TaskSet_18.0 tasks to pool default
2026-08-09 23:12:11,758 INFO scheduler.DAGScheduler: Registering RDD 25 (mapPartitionsWithIndex at EnsembleTrainer.scala:60) as input to shuffle 4
2026-08-09 23:12:11,758 INFO scheduler.DAGScheduler: Got job 15 (collect at EnsembleTrainer.scala:80) with 10 output partitions
2026-08-09 23:12:11,758 INFO scheduler.DAGScheduler: Final stage: ResultStage 21 (collect at EnsembleTrainer.scala:80)
2026-08-09 23:12:11,758 INFO scheduler.DAGScheduler: Parents of final stage: List(ShuffleMapStage 20)
2026-08-09 23:12:11,758 INFO scheduler.DAGScheduler: Missing parents: List(ShuffleMapStage 20)
2026-08-09 23:12:11,759 INFO storage.BlockManagerInfo: Removed broadcast_8_piece0 on 10.0.0.215:64239 in memory (size: 11.7 KiB, free: 2.2 GiB)
2026-08-09 23:12:11,759 INFO scheduler.DAGScheduler: Submitting ShuffleMapStage 20 (MapPartitionsRDD[25] at mapPartitionsWithIndex at EnsembleTrainer.scala:60), which has no missing parents
2026-08-09 23:12:11,761 INFO memory.MemoryStore: Block broadcast_18 stored as values in memory (estimated size 38.5 KiB, free 2.2 GiB)
2026-08-09 23:12:11,762 INFO memory.MemoryStore: Block broadcast_18_piece0 stored as bytes in memory (estimated size 12.3 KiB, free 2.2 GiB)
2026-08-09 23:12:11,763 INFO storage.BlockManagerInfo: Added broadcast_18_piece0 in memory on 10.0.0.215:64239 (size: 12.3 KiB, free: 2.2 GiB)
2026-08-09 23:12:11,765 INFO spark.SparkContext: Created broadcast 18 from broadcast at DAGScheduler.scala:1513
2026-08-09 23:12:11,765 INFO scheduler.DAGScheduler: Submitting 2 missing tasks from ShuffleMapStage 20 (MapPartitionsRDD[25] at mapPartitionsWithIndex at EnsembleTrainer.scala:60) (first 15 tasks are for partitions Vector(0, 1))
2026-08-09 23:12:11,765 INFO scheduler.TaskSchedulerImpl: Adding task set 20.0 with 2 tasks resource profile 0
2026-08-09 23:12:11,766 INFO scheduler.FairSchedulableBuilder: Added task set TaskSet_20.0 tasks to pool default
2026-08-09 23:12:11,778 INFO scheduler.DAGScheduler: Registering RDD 27 (mapPartitionsWithIndex at EnsembleTrainer.scala:60) as input to shuffle 3
2026-08-09 23:12:11,778 INFO scheduler.DAGScheduler: Got job 17 (collect at EnsembleTrainer.scala:80) with 10 output partitions
2026-08-09 23:12:11,778 INFO scheduler.DAGScheduler: Final stage: ResultStage 23 (collect at EnsembleTrainer.scala:80)
2026-08-09 23:12:11,778 INFO scheduler.DAGScheduler: Parents of final stage: List(ShuffleMapStage 22)
2026-08-09 23:12:11,778 INFO scheduler.DAGScheduler: Missing parents: List(ShuffleMapStage 22)
2026-08-09 23:12:11,778 INFO storage.BlockManagerInfo: Removed broadcast_9_piece0 on 10.0.0.215:64239 in memory (size: 11.7 KiB, free: 2.2 GiB)
2026-08-09 23:12:11,780 INFO scheduler.DAGScheduler: Submitting ShuffleMapStage 22 (MapPartitionsRDD[27] at mapPartitionsWithIndex at EnsembleTrainer.scala:60), which has no missing parents
2026-08-09 23:12:11,785 INFO memory.MemoryStore: Block broadcast_19 stored as values in memory (estimated size 38.5 KiB, free 2.2 GiB)
2026-08-09 23:12:11,785 INFO memory.MemoryStore: Block broadcast_19_piece0 stored as bytes in memory (estimated size 12.3 KiB, free 2.2 GiB)
2026-08-09 23:12:11,785 INFO storage.BlockManagerInfo: Added broadcast_19_piece0 in memory on 10.0.0.215:64239 (size: 12.3 KiB, free: 2.2 GiB)
2026-08-09 23:12:11,786 INFO spark.SparkContext: Created broadcast 19 from broadcast at DAGScheduler.scala:1513
2026-08-09 23:12:11,787 INFO scheduler.DAGScheduler: Submitting 2 missing tasks from ShuffleMapStage 22 (MapPartitionsRDD[27] at mapPartitionsWithIndex at EnsembleTrainer.scala:60) (first 15 tasks are for partitions Vector(0, 1))
2026-08-09 23:12:11,787 INFO scheduler.TaskSchedulerImpl: Adding task set 22.0 with 2 tasks resource profile 0
2026-08-09 23:12:11,787 INFO scheduler.FairSchedulableBuilder: Added task set TaskSet_22.0 tasks to pool default
2026-08-09 23:12:11,788 INFO scheduler.DAGScheduler: ResultStage 8 (zipWithIndex at EnsembleTrainer.scala:31) finished in 0.095 s
2026-08-09 23:12:11,788 INFO scheduler.DAGScheduler: Job 8 is finished. Cancelling potential speculative or zombie tasks for this job
2026-08-09 23:12:11,788 INFO scheduler.TaskSchedulerImpl: Killing all running tasks in stage 8: Stage finished
2026-08-09 23:12:11,789 INFO scheduler.DAGScheduler: ResultStage 9 (zipWithIndex at EnsembleTrainer.scala:31) finished in 0.091 s
2026-08-09 23:12:11,789 INFO scheduler.DAGScheduler: Job 9 is finished. Cancelling potential speculative or zombie tasks for this job
2026-08-09 23:12:11,789 INFO scheduler.TaskSchedulerImpl: Killing all running tasks in stage 9: Stage finished
2026-08-09 23:12:11,790 INFO scheduler.DAGScheduler: ResultStage 10 (zipWithIndex at EnsembleTrainer.scala:31) finished in 0.087 s
2026-08-09 23:12:11,790 INFO scheduler.DAGScheduler: Job 10 is finished. Cancelling potential speculative or zombie tasks for this job
2026-08-09 23:12:11,790 INFO scheduler.TaskSchedulerImpl: Killing all running tasks in stage 10: Stage finished
2026-08-09 23:12:11,790 INFO scheduler.DAGScheduler: ResultStage 11 (zipWithIndex at EnsembleTrainer.scala:31) finished in 0.083 s
2026-08-09 23:12:11,790 INFO scheduler.DAGScheduler: Job 11 is finished. Cancelling potential speculative or zombie tasks for this job
2026-08-09 23:12:11,791 INFO scheduler.TaskSchedulerImpl: Killing all running tasks in stage 11: Stage finished
2026-08-09 23:12:11,791 INFO scheduler.DAGScheduler: Job 8 finished: zipWithIndex at EnsembleTrainer.scala:31, took 0.119084 s
2026-08-09 23:12:11,791 INFO scheduler.DAGScheduler: Registering RDD 42 (map at EnsembleTrainer.scala:31) as input to shuffle 6
2026-08-09 23:12:11,792 INFO scheduler.DAGScheduler: Got job 18 (collect at EnsembleTrainer.scala:45) with 20 output partitions
2026-08-09 23:12:11,792 INFO scheduler.DAGScheduler: Final stage: ResultStage 25 (collect at EnsembleTrainer.scala:45)
2026-08-09 23:12:11,792 INFO scheduler.DAGScheduler: Parents of final stage: List(ShuffleMapStage 24)
2026-08-09 23:12:11,792 INFO scheduler.DAGScheduler: Missing parents: List(ShuffleMapStage 24)
2026-08-09 23:12:11,792 INFO scheduler.DAGScheduler: Job 10 finished: zipWithIndex at EnsembleTrainer.scala:31, took 0.118721 s
2026-08-09 23:12:11,792 INFO scheduler.DAGScheduler: Job 11 finished: zipWithIndex at EnsembleTrainer.scala:31, took 0.117333 s
2026-08-09 23:12:11,793 INFO storage.BlockManagerInfo: Removed broadcast_4_piece0 on 10.0.0.215:64239 in memory (size: 11.6 KiB, free: 2.2 GiB)
2026-08-09 23:12:11,794 INFO scheduler.DAGScheduler: Submitting ShuffleMapStage 24 (MapPartitionsRDD[42] at map at EnsembleTrainer.scala:31), which has no missing parents
2026-08-09 23:12:11,792 INFO scheduler.DAGScheduler: Job 9 finished: zipWithIndex at EnsembleTrainer.scala:31, took 0.118808 s
2026-08-09 23:12:11,802 INFO spark.SparkContext: Starting job: collect at EnsembleTrainer.scala:45
2026-08-09 23:12:11,806 INFO spark.SparkContext: Starting job: collect at EnsembleTrainer.scala:45
2026-08-09 23:12:11,806 INFO memory.MemoryStore: Block broadcast_20 stored as values in memory (estimated size 38.5 KiB, free 2.2 GiB)
2026-08-09 23:12:11,807 INFO spark.SparkContext: Starting job: collect at EnsembleTrainer.scala:45
2026-08-09 23:12:11,807 INFO memory.MemoryStore: Block broadcast_20_piece0 stored as bytes in memory (estimated size 12.3 KiB, free 2.2 GiB)
2026-08-09 23:12:11,807 INFO storage.BlockManagerInfo: Added broadcast_20_piece0 in memory on 10.0.0.215:64239 (size: 12.3 KiB, free: 2.2 GiB)
2026-08-09 23:12:11,808 INFO spark.SparkContext: Starting job: collect at EnsembleTrainer.scala:45
2026-08-09 23:12:11,808 INFO spark.SparkContext: Created broadcast 20 from broadcast at DAGScheduler.scala:1513
2026-08-09 23:12:11,809 INFO scheduler.DAGScheduler: Submitting 2 missing tasks from ShuffleMapStage 24 (MapPartitionsRDD[42] at map at EnsembleTrainer.scala:31) (first 15 tasks are for partitions Vector(0, 1))
2026-08-09 23:12:11,809 INFO scheduler.TaskSchedulerImpl: Adding task set 24.0 with 2 tasks resource profile 0
2026-08-09 23:12:11,809 INFO scheduler.FairSchedulableBuilder: Added task set TaskSet_24.0 tasks to pool default
2026-08-09 23:12:11,810 INFO storage.BlockManagerInfo: Removed broadcast_5_piece0 on 10.0.0.215:64239 in memory (size: 11.6 KiB, free: 2.2 GiB)
2026-08-09 23:12:11,810 INFO scheduler.DAGScheduler: Registering RDD 43 (map at EnsembleTrainer.scala:31) as input to shuffle 7
2026-08-09 23:12:11,810 INFO scheduler.DAGScheduler: Got job 19 (collect at EnsembleTrainer.scala:45) with 40 output partitions
2026-08-09 23:12:11,810 INFO scheduler.DAGScheduler: Final stage: ResultStage 27 (collect at EnsembleTrainer.scala:45)
2026-08-09 23:12:11,810 INFO scheduler.DAGScheduler: Parents of final stage: List(ShuffleMapStage 26)
2026-08-09 23:12:11,810 INFO scheduler.DAGScheduler: Missing parents: List(ShuffleMapStage 26)
2026-08-09 23:12:11,811 INFO scheduler.DAGScheduler: Submitting ShuffleMapStage 26 (MapPartitionsRDD[43] at map at EnsembleTrainer.scala:31), which has no missing parents
2026-08-09 23:12:11,812 INFO memory.MemoryStore: Block broadcast_21 stored as values in memory (estimated size 38.5 KiB, free 2.2 GiB)
2026-08-09 23:12:11,813 INFO memory.MemoryStore: Block broadcast_21_piece0 stored as bytes in memory (estimated size 12.3 KiB, free 2.2 GiB)
2026-08-09 23:12:11,813 INFO storage.BlockManagerInfo: Added broadcast_21_piece0 in memory on 10.0.0.215:64239 (size: 12.3 KiB, free: 2.2 GiB)
2026-08-09 23:12:11,813 INFO spark.SparkContext: Created broadcast 21 from broadcast at DAGScheduler.scala:1513
2026-08-09 23:12:11,814 INFO scheduler.DAGScheduler: Submitting 2 missing tasks from ShuffleMapStage 26 (MapPartitionsRDD[43] at map at EnsembleTrainer.scala:31) (first 15 tasks are for partitions Vector(0, 1))
2026-08-09 23:12:11,815 INFO scheduler.TaskSchedulerImpl: Adding task set 26.0 with 2 tasks resource profile 0
2026-08-09 23:12:11,815 INFO scheduler.FairSchedulableBuilder: Added task set TaskSet_26.0 tasks to pool default
2026-08-09 23:12:11,815 INFO scheduler.DAGScheduler: Registering RDD 52 (map at EnsembleTrainer.scala:31) as input to shuffle 8
2026-08-09 23:12:11,815 INFO scheduler.DAGScheduler: Got job 20 (collect at EnsembleTrainer.scala:45) with 10 output partitions
2026-08-09 23:12:11,815 INFO scheduler.DAGScheduler: Final stage: ResultStage 29 (collect at EnsembleTrainer.scala:45)
2026-08-09 23:12:11,815 INFO scheduler.DAGScheduler: Parents of final stage: List(ShuffleMapStage 28)
2026-08-09 23:12:11,815 INFO scheduler.DAGScheduler: Missing parents: List(ShuffleMapStage 28)
2026-08-09 23:12:11,818 INFO scheduler.DAGScheduler: Submitting ShuffleMapStage 28 (MapPartitionsRDD[52] at map at EnsembleTrainer.scala:31), which has no missing parents
2026-08-09 23:12:11,821 INFO memory.MemoryStore: Block broadcast_22 stored as values in memory (estimated size 38.5 KiB, free 2.2 GiB)
2026-08-09 23:12:11,822 INFO memory.MemoryStore: Block broadcast_22_piece0 stored as bytes in memory (estimated size 12.3 KiB, free 2.2 GiB)
2026-08-09 23:12:11,822 INFO storage.BlockManagerInfo: Added broadcast_22_piece0 in memory on 10.0.0.215:64239 (size: 12.3 KiB, free: 2.2 GiB)
2026-08-09 23:12:11,822 INFO spark.SparkContext: Created broadcast 22 from broadcast at DAGScheduler.scala:1513
2026-08-09 23:12:11,823 INFO scheduler.DAGScheduler: Submitting 2 missing tasks from ShuffleMapStage 28 (MapPartitionsRDD[52] at map at EnsembleTrainer.scala:31) (first 15 tasks are for partitions Vector(0, 1))
2026-08-09 23:12:11,823 INFO scheduler.TaskSchedulerImpl: Adding task set 28.0 with 2 tasks resource profile 0
2026-08-09 23:12:11,823 INFO scheduler.FairSchedulableBuilder: Added task set TaskSet_28.0 tasks to pool default
2026-08-09 23:12:11,824 INFO scheduler.DAGScheduler: Registering RDD 48 (map at EnsembleTrainer.scala:31) as input to shuffle 9
2026-08-09 23:12:11,825 INFO scheduler.DAGScheduler: Got job 21 (collect at EnsembleTrainer.scala:45) with 20 output partitions
2026-08-09 23:12:11,825 INFO scheduler.DAGScheduler: Final stage: ResultStage 31 (collect at EnsembleTrainer.scala:45)
2026-08-09 23:12:11,825 INFO scheduler.DAGScheduler: Parents of final stage: List(ShuffleMapStage 30)
2026-08-09 23:12:11,825 INFO scheduler.DAGScheduler: Missing parents: List(ShuffleMapStage 30)
2026-08-09 23:12:11,826 INFO scheduler.DAGScheduler: Submitting ShuffleMapStage 30 (MapPartitionsRDD[48] at map at EnsembleTrainer.scala:31), which has no missing parents
2026-08-09 23:12:11,828 INFO memory.MemoryStore: Block broadcast_23 stored as values in memory (estimated size 38.5 KiB, free 2.2 GiB)
2026-08-09 23:12:11,829 INFO memory.MemoryStore: Block broadcast_23_piece0 stored as bytes in memory (estimated size 12.3 KiB, free 2.2 GiB)
2026-08-09 23:12:11,830 INFO storage.BlockManagerInfo: Added broadcast_23_piece0 in memory on 10.0.0.215:64239 (size: 12.3 KiB, free: 2.2 GiB)
2026-08-09 23:12:11,831 INFO spark.SparkContext: Created broadcast 23 from broadcast at DAGScheduler.scala:1513
2026-08-09 23:12:11,833 INFO scheduler.DAGScheduler: Submitting 2 missing tasks from ShuffleMapStage 30 (MapPartitionsRDD[48] at map at EnsembleTrainer.scala:31) (first 15 tasks are for partitions Vector(0, 1))
2026-08-09 23:12:11,833 INFO scheduler.TaskSchedulerImpl: Adding task set 30.0 with 2 tasks resource profile 0
2026-08-09 23:12:11,834 INFO scheduler.FairSchedulableBuilder: Added task set TaskSet_30.0 tasks to pool default
2026-08-09 23:12:11,835 INFO scheduler.DAGScheduler: Registering RDD 50 (map at EnsembleTrainer.scala:31) as input to shuffle 10
2026-08-09 23:12:11,835 INFO scheduler.DAGScheduler: Got job 22 (collect at EnsembleTrainer.scala:45) with 40 output partitions
2026-08-09 23:12:11,835 INFO scheduler.DAGScheduler: Final stage: ResultStage 33 (collect at EnsembleTrainer.scala:45)
2026-08-09 23:12:11,835 INFO scheduler.DAGScheduler: Parents of final stage: List(ShuffleMapStage 32)
2026-08-09 23:12:11,835 INFO scheduler.DAGScheduler: Missing parents: List(ShuffleMapStage 32)
2026-08-09 23:12:11,836 INFO scheduler.DAGScheduler: Submitting ShuffleMapStage 32 (MapPartitionsRDD[50] at map at EnsembleTrainer.scala:31), which has no missing parents
2026-08-09 23:12:11,838 INFO memory.MemoryStore: Block broadcast_24 stored as values in memory (estimated size 38.5 KiB, free 2.2 GiB)
2026-08-09 23:12:11,839 INFO memory.MemoryStore: Block broadcast_24_piece0 stored as bytes in memory (estimated size 12.3 KiB, free 2.2 GiB)
2026-08-09 23:12:11,839 INFO storage.BlockManagerInfo: Added broadcast_24_piece0 in memory on 10.0.0.215:64239 (size: 12.3 KiB, free: 2.2 GiB)
2026-08-09 23:12:11,840 INFO spark.SparkContext: Created broadcast 24 from broadcast at DAGScheduler.scala:1513
2026-08-09 23:12:11,840 INFO scheduler.DAGScheduler: Submitting 2 missing tasks from ShuffleMapStage 32 (MapPartitionsRDD[50] at map at EnsembleTrainer.scala:31) (first 15 tasks are for partitions Vector(0, 1))
2026-08-09 23:12:11,840 INFO scheduler.TaskSchedulerImpl: Adding task set 32.0 with 2 tasks resource profile 0
2026-08-09 23:12:11,841 INFO scheduler.FairSchedulableBuilder: Added task set TaskSet_32.0 tasks to pool default
2026-08-09 23:12:11,842 INFO scheduler.DAGScheduler: Registering RDD 56 (map at EnsembleTrainer.scala:31) as input to shuffle 11
2026-08-09 23:12:11,842 INFO scheduler.DAGScheduler: Got job 23 (collect at EnsembleTrainer.scala:45) with 10 output partitions
2026-08-09 23:12:11,842 INFO scheduler.DAGScheduler: Final stage: ResultStage 35 (collect at EnsembleTrainer.scala:45)
2026-08-09 23:12:11,842 INFO scheduler.DAGScheduler: Parents of final stage: List(ShuffleMapStage 34)
2026-08-09 23:12:11,842 INFO scheduler.DAGScheduler: Missing parents: List(ShuffleMapStage 34)
2026-08-09 23:12:11,843 INFO scheduler.DAGScheduler: Submitting ShuffleMapStage 34 (MapPartitionsRDD[56] at map at EnsembleTrainer.scala:31), which has no missing parents
2026-08-09 23:12:11,846 INFO memory.MemoryStore: Block broadcast_25 stored as values in memory (estimated size 38.5 KiB, free 2.2 GiB)
2026-08-09 23:12:11,847 INFO memory.MemoryStore: Block broadcast_25_piece0 stored as bytes in memory (estimated size 12.3 KiB, free 2.2 GiB)
2026-08-09 23:12:11,848 INFO storage.BlockManagerInfo: Added broadcast_25_piece0 in memory on 10.0.0.215:64239 (size: 12.3 KiB, free: 2.2 GiB)
2026-08-09 23:12:11,848 INFO spark.SparkContext: Created broadcast 25 from broadcast at DAGScheduler.scala:1513
2026-08-09 23:12:11,848 INFO scheduler.DAGScheduler: Submitting 2 missing tasks from ShuffleMapStage 34 (MapPartitionsRDD[56] at map at EnsembleTrainer.scala:31) (first 15 tasks are for partitions Vector(0, 1))
2026-08-09 23:12:11,848 INFO scheduler.TaskSchedulerImpl: Adding task set 34.0 with 2 tasks resource profile 0
2026-08-09 23:12:11,849 INFO scheduler.FairSchedulableBuilder: Added task set TaskSet_34.0 tasks to pool default
2026-08-09 23:12:11,857 INFO executor.Executor: Finished task 1.0 in stage 12.0 (TID 17). 1965 bytes result sent to driver
2026-08-09 23:12:11,857 INFO executor.Executor: Finished task 0.0 in stage 12.0 (TID 16). 1965 bytes result sent to driver
2026-08-09 23:12:11,857 INFO scheduler.TaskSetManager: Starting task 0.0 in stage 16.0 (TID 20) (10.0.0.215, executor driver, partition 0, PROCESS_LOCAL, 5018 bytes) taskResourceAssignments Map()
2026-08-09 23:12:11,858 INFO executor.Executor: Running task 0.0 in stage 16.0 (TID 20)
2026-08-09 23:12:11,858 INFO scheduler.TaskSetManager: Starting task 0.0 in stage 18.0 (TID 21) (10.0.0.215, executor driver, partition 0, PROCESS_LOCAL, 5018 bytes) taskResourceAssignments Map()
2026-08-09 23:12:11,858 INFO executor.Executor: Running task 0.0 in stage 18.0 (TID 21)
2026-08-09 23:12:11,859 INFO scheduler.TaskSetManager: Finished task 1.0 in stage 12.0 (TID 17) in 130 ms on 10.0.0.215 (executor driver) (1/2)
2026-08-09 23:12:11,859 INFO scheduler.TaskSetManager: Finished task 0.0 in stage 12.0 (TID 16) in 130 ms on 10.0.0.215 (executor driver) (2/2)
2026-08-09 23:12:11,859 INFO scheduler.TaskSchedulerImpl: Removed TaskSet 12.0, whose tasks have all completed, from pool default
2026-08-09 23:12:11,860 INFO executor.Executor: Finished task 1.0 in stage 14.0 (TID 19). 1985 bytes result sent to driver
2026-08-09 23:12:11,860 INFO scheduler.DAGScheduler: ShuffleMapStage 12 (mapPartitionsWithIndex at EnsembleTrainer.scala:60) finished in 0.140 s
2026-08-09 23:12:11,860 INFO scheduler.DAGScheduler: looking for newly runnable stages
2026-08-09 23:12:11,860 INFO scheduler.TaskSetManager: Starting task 0.0 in stage 20.0 (TID 22) (10.0.0.215, executor driver, partition 0, PROCESS_LOCAL, 5018 bytes) taskResourceAssignments Map()
2026-08-09 23:12:11,861 INFO scheduler.DAGScheduler: running: Set(ShuffleMapStage 30, ShuffleMapStage 16, ShuffleMapStage 34, ShuffleMapStage 20, ShuffleMapStage 32, ShuffleMapStage 24, ShuffleMapStage 18, ShuffleMapStage 28, ShuffleMapStage 22, ShuffleMapStage 14, ShuffleMapStage 26)
2026-08-09 23:12:11,861 INFO scheduler.TaskSetManager: Finished task 1.0 in stage 14.0 (TID 19) in 125 ms on 10.0.0.215 (executor driver) (1/2)
2026-08-09 23:12:11,861 INFO executor.Executor: Running task 0.0 in stage 20.0 (TID 22)
2026-08-09 23:12:11,861 INFO scheduler.DAGScheduler: waiting: Set(ResultStage 15, ResultStage 33, ResultStage 27, ResultStage 19, ResultStage 13, ResultStage 31, ResultStage 17, ResultStage 35, ResultStage 21, ResultStage 25, ResultStage 29, ResultStage 23)
2026-08-09 23:12:11,862 INFO storage.BlockManager: Found block rdd_8_0 locally
2026-08-09 23:12:11,862 INFO scheduler.DAGScheduler: failed: Set()
2026-08-09 23:12:11,865 INFO scheduler.DAGScheduler: Submitting ResultStage 13 (MapPartitionsRDD[37] at mapPartitions at EnsembleTrainer.scala:72), which has no missing parents
2026-08-09 23:12:11,865 INFO storage.BlockManager: Found block rdd_8_0 locally
2026-08-09 23:12:11,866 INFO storage.BlockManager: Found block rdd_8_0 locally
2026-08-09 23:12:11,869 INFO memory.MemoryStore: Block broadcast_26 stored as values in memory (estimated size 5.4 KiB, free 2.2 GiB)
2026-08-09 23:12:11,874 INFO memory.MemoryStore: Block broadcast_26_piece0 stored as bytes in memory (estimated size 3.0 KiB, free 2.2 GiB)
2026-08-09 23:12:11,877 INFO storage.BlockManagerInfo: Added broadcast_26_piece0 in memory on 10.0.0.215:64239 (size: 3.0 KiB, free: 2.2 GiB)
2026-08-09 23:12:11,879 INFO spark.SparkContext: Created broadcast 26 from broadcast at DAGScheduler.scala:1513
2026-08-09 23:12:11,880 INFO scheduler.DAGScheduler: Submitting 20 missing tasks from ResultStage 13 (MapPartitionsRDD[37] at mapPartitions at EnsembleTrainer.scala:72) (first 15 tasks are for partitions Vector(0, 1, 2, 3, 4, 5, 6, 7, 8, 9, 10, 11, 12, 13, 14))
2026-08-09 23:12:11,880 INFO scheduler.TaskSchedulerImpl: Adding task set 13.0 with 20 tasks resource profile 0
2026-08-09 23:12:11,881 INFO scheduler.FairSchedulableBuilder: Added task set TaskSet_13.0 tasks to pool default
2026-08-09 23:12:11,887 INFO storage.BlockManagerInfo: Removed broadcast_13_piece0 on 10.0.0.215:64239 in memory (size: 11.7 KiB, free: 2.2 GiB)
2026-08-09 23:12:11,898 INFO storage.BlockManagerInfo: Removed broadcast_12_piece0 on 10.0.0.215:64239 in memory (size: 11.7 KiB, free: 2.2 GiB)
2026-08-09 23:12:11,903 INFO storage.BlockManagerInfo: Removed broadcast_10_piece0 on 10.0.0.215:64239 in memory (size: 11.7 KiB, free: 2.2 GiB)
2026-08-09 23:12:11,911 INFO storage.BlockManagerInfo: Removed broadcast_11_piece0 on 10.0.0.215:64239 in memory (size: 11.7 KiB, free: 2.2 GiB)
2026-08-09 23:12:11,922 INFO executor.Executor: Finished task 0.0 in stage 14.0 (TID 18). 1985 bytes result sent to driver
2026-08-09 23:12:11,925 INFO scheduler.TaskSetManager: Starting task 0.0 in stage 13.0 (TID 23) (10.0.0.215, executor driver, partition 0, NODE_LOCAL, 4271 bytes) taskResourceAssignments Map()
2026-08-09 23:12:11,926 INFO scheduler.TaskSetManager: Finished task 0.0 in stage 14.0 (TID 18) in 191 ms on 10.0.0.215 (executor driver) (2/2)
2026-08-09 23:12:11,926 INFO executor.Executor: Running task 0.0 in stage 13.0 (TID 23)
2026-08-09 23:12:11,926 INFO scheduler.TaskSchedulerImpl: Removed TaskSet 14.0, whose tasks have all completed, from pool default
2026-08-09 23:12:11,926 INFO scheduler.DAGScheduler: ShuffleMapStage 14 (mapPartitionsWithIndex at EnsembleTrainer.scala:60) finished in 0.195 s
2026-08-09 23:12:11,926 INFO scheduler.DAGScheduler: looking for newly runnable stages
2026-08-09 23:12:11,926 INFO scheduler.DAGScheduler: running: Set(ShuffleMapStage 30, ShuffleMapStage 16, ShuffleMapStage 34, ResultStage 13, ShuffleMapStage 20, ShuffleMapStage 32, ShuffleMapStage 24, ShuffleMapStage 18, ShuffleMapStage 28, ShuffleMapStage 22, ShuffleMapStage 26)
2026-08-09 23:12:11,927 INFO scheduler.DAGScheduler: waiting: Set(ResultStage 15, ResultStage 33, ResultStage 27, ResultStage 19, ResultStage 31, ResultStage 17, ResultStage 35, ResultStage 21, ResultStage 25, ResultStage 29, ResultStage 23)
2026-08-09 23:12:11,927 INFO scheduler.DAGScheduler: failed: Set()
2026-08-09 23:12:11,927 INFO scheduler.DAGScheduler: Submitting ResultStage 15 (MapPartitionsRDD[36] at mapPartitions at EnsembleTrainer.scala:72), which has no missing parents
2026-08-09 23:12:11,932 INFO memory.MemoryStore: Block broadcast_27 stored as values in memory (estimated size 5.4 KiB, free 2.2 GiB)
2026-08-09 23:12:11,933 INFO memory.MemoryStore: Block broadcast_27_piece0 stored as bytes in memory (estimated size 3.0 KiB, free 2.2 GiB)
2026-08-09 23:12:11,933 INFO storage.BlockManagerInfo: Added broadcast_27_piece0 in memory on 10.0.0.215:64239 (size: 3.0 KiB, free: 2.2 GiB)
2026-08-09 23:12:11,933 INFO spark.SparkContext: Created broadcast 27 from broadcast at DAGScheduler.scala:1513
2026-08-09 23:12:11,934 INFO scheduler.DAGScheduler: Submitting 40 missing tasks from ResultStage 15 (MapPartitionsRDD[36] at mapPartitions at EnsembleTrainer.scala:72) (first 15 tasks are for partitions Vector(0, 1, 2, 3, 4, 5, 6, 7, 8, 9, 10, 11, 12, 13, 14))
2026-08-09 23:12:11,934 INFO scheduler.TaskSchedulerImpl: Adding task set 15.0 with 40 tasks resource profile 0
2026-08-09 23:12:11,935 INFO executor.Executor: Finished task 0.0 in stage 20.0 (TID 22). 1955 bytes result sent to driver
2026-08-09 23:12:11,935 INFO scheduler.FairSchedulableBuilder: Added task set TaskSet_15.0 tasks to pool default
2026-08-09 23:12:11,936 INFO scheduler.TaskSetManager: Starting task 0.0 in stage 15.0 (TID 24) (10.0.0.215, executor driver, partition 0, NODE_LOCAL, 4271 bytes) taskResourceAssignments Map()
2026-08-09 23:12:11,937 INFO scheduler.TaskSetManager: Finished task 0.0 in stage 20.0 (TID 22) in 77 ms on 10.0.0.215 (executor driver) (1/2)
2026-08-09 23:12:11,937 INFO executor.Executor: Running task 0.0 in stage 15.0 (TID 24)
2026-08-09 23:12:11,947 INFO storage.ShuffleBlockFetcherIterator: Getting 2 (80.0 KiB) non-empty blocks including 2 (80.0 KiB) local and 0 (0.0 B) host-local and 0 (0.0 B) push-merged-local and 0 (0.0 B) remote blocks
2026-08-09 23:12:11,947 INFO storage.ShuffleBlockFetcherIterator: Getting 2 (38.5 KiB) non-empty blocks including 2 (38.5 KiB) local and 0 (0.0 B) host-local and 0 (0.0 B) push-merged-local and 0 (0.0 B) remote blocks
2026-08-09 23:12:11,948 INFO storage.ShuffleBlockFetcherIterator: Started 0 remote fetches in 6 ms
2026-08-09 23:12:11,948 INFO storage.ShuffleBlockFetcherIterator: Started 0 remote fetches in 6 ms
2026-08-09 23:12:11,951 INFO executor.Executor: Finished task 0.0 in stage 16.0 (TID 20). 1965 bytes result sent to driver
2026-08-09 23:12:11,952 INFO scheduler.TaskSetManager: Starting task 1.0 in stage 16.0 (TID 25) (10.0.0.215, executor driver, partition 1, PROCESS_LOCAL, 5018 bytes) taskResourceAssignments Map()
2026-08-09 23:12:11,952 INFO scheduler.TaskSetManager: Finished task 0.0 in stage 16.0 (TID 20) in 95 ms on 10.0.0.215 (executor driver) (1/2)
2026-08-09 23:12:11,952 INFO executor.Executor: Running task 1.0 in stage 16.0 (TID 25)
2026-08-09 23:12:11,955 INFO storage.BlockManager: Found block rdd_8_1 locally
2026-08-09 23:12:11,977 INFO executor.Executor: Finished task 0.0 in stage 18.0 (TID 21). 1985 bytes result sent to driver
2026-08-09 23:12:11,978 INFO scheduler.TaskSetManager: Starting task 1.0 in stage 18.0 (TID 26) (10.0.0.215, executor driver, partition 1, PROCESS_LOCAL, 5018 bytes) taskResourceAssignments Map()
2026-08-09 23:12:11,978 INFO scheduler.TaskSetManager: Finished task 0.0 in stage 18.0 (TID 21) in 120 ms on 10.0.0.215 (executor driver) (1/2)
2026-08-09 23:12:11,978 INFO executor.Executor: Running task 1.0 in stage 18.0 (TID 26)
2026-08-09 23:12:11,980 INFO storage.BlockManager: Found block rdd_8_1 locally
2026-08-09 23:12:11,985 INFO executor.Executor: Finished task 1.0 in stage 16.0 (TID 25). 1922 bytes result sent to driver
2026-08-09 23:12:11,986 INFO scheduler.TaskSetManager: Starting task 1.0 in stage 20.0 (TID 27) (10.0.0.215, executor driver, partition 1, PROCESS_LOCAL, 5018 bytes) taskResourceAssignments Map()
2026-08-09 23:12:11,986 INFO scheduler.TaskSetManager: Finished task 1.0 in stage 16.0 (TID 25) in 35 ms on 10.0.0.215 (executor driver) (2/2)
2026-08-09 23:12:11,986 INFO executor.Executor: Running task 1.0 in stage 20.0 (TID 27)
2026-08-09 23:12:11,986 INFO scheduler.TaskSchedulerImpl: Removed TaskSet 16.0, whose tasks have all completed, from pool default
2026-08-09 23:12:11,987 INFO scheduler.DAGScheduler: ShuffleMapStage 16 (mapPartitionsWithIndex at EnsembleTrainer.scala:60) finished in 0.248 s
2026-08-09 23:12:11,987 INFO scheduler.DAGScheduler: looking for newly runnable stages
2026-08-09 23:12:11,987 INFO scheduler.DAGScheduler: running: Set(ResultStage 15, ShuffleMapStage 30, ShuffleMapStage 34, ResultStage 13, ShuffleMapStage 20, ShuffleMapStage 32, ShuffleMapStage 24, ShuffleMapStage 18, ShuffleMapStage 28, ShuffleMapStage 22, ShuffleMapStage 26)
2026-08-09 23:12:11,987 INFO scheduler.DAGScheduler: waiting: Set(ResultStage 33, ResultStage 27, ResultStage 19, ResultStage 31, ResultStage 17, ResultStage 35, ResultStage 21, ResultStage 25, ResultStage 29, ResultStage 23)
2026-08-09 23:12:11,987 INFO scheduler.DAGScheduler: failed: Set()
2026-08-09 23:12:11,987 INFO scheduler.DAGScheduler: Submitting ResultStage 17 (MapPartitionsRDD[38] at mapPartitions at EnsembleTrainer.scala:72), which has no missing parents
2026-08-09 23:12:11,988 INFO memory.MemoryStore: Block broadcast_28 stored as values in memory (estimated size 5.4 KiB, free 2.2 GiB)
2026-08-09 23:12:11,989 INFO storage.BlockManager: Found block rdd_8_1 locally
2026-08-09 23:12:11,989 INFO memory.MemoryStore: Block broadcast_28_piece0 stored as bytes in memory (estimated size 3.0 KiB, free 2.2 GiB)
2026-08-09 23:12:11,989 INFO storage.BlockManagerInfo: Added broadcast_28_piece0 in memory on 10.0.0.215:64239 (size: 3.0 KiB, free: 2.2 GiB)
2026-08-09 23:12:11,990 INFO spark.SparkContext: Created broadcast 28 from broadcast at DAGScheduler.scala:1513
2026-08-09 23:12:11,990 INFO scheduler.DAGScheduler: Submitting 20 missing tasks from ResultStage 17 (MapPartitionsRDD[38] at mapPartitions at EnsembleTrainer.scala:72) (first 15 tasks are for partitions Vector(0, 1, 2, 3, 4, 5, 6, 7, 8, 9, 10, 11, 12, 13, 14))
2026-08-09 23:12:11,990 INFO scheduler.TaskSchedulerImpl: Adding task set 17.0 with 20 tasks resource profile 0
2026-08-09 23:12:11,991 INFO scheduler.FairSchedulableBuilder: Added task set TaskSet_17.0 tasks to pool default
2026-08-09 23:12:12,008 INFO executor.Executor: Finished task 1.0 in stage 20.0 (TID 27). 1912 bytes result sent to driver
2026-08-09 23:12:12,008 INFO scheduler.TaskSetManager: Starting task 0.0 in stage 17.0 (TID 28) (10.0.0.215, executor driver, partition 0, NODE_LOCAL, 4271 bytes) taskResourceAssignments Map()
2026-08-09 23:12:12,009 INFO scheduler.TaskSetManager: Finished task 1.0 in stage 20.0 (TID 27) in 23 ms on 10.0.0.215 (executor driver) (2/2)
2026-08-09 23:12:12,009 INFO scheduler.TaskSchedulerImpl: Removed TaskSet 20.0, whose tasks have all completed, from pool default
2026-08-09 23:12:12,009 INFO executor.Executor: Running task 0.0 in stage 17.0 (TID 28)
2026-08-09 23:12:12,010 INFO scheduler.DAGScheduler: ShuffleMapStage 20 (mapPartitionsWithIndex at EnsembleTrainer.scala:60) finished in 0.250 s
2026-08-09 23:12:12,010 INFO scheduler.DAGScheduler: looking for newly runnable stages
2026-08-09 23:12:12,010 INFO scheduler.DAGScheduler: running: Set(ResultStage 15, ShuffleMapStage 30, ShuffleMapStage 34, ResultStage 13, ResultStage 17, ShuffleMapStage 32, ShuffleMapStage 24, ShuffleMapStage 18, ShuffleMapStage 28, ShuffleMapStage 22, ShuffleMapStage 26)
2026-08-09 23:12:12,010 INFO scheduler.DAGScheduler: waiting: Set(ResultStage 33, ResultStage 27, ResultStage 19, ResultStage 31, ResultStage 35, ResultStage 21, ResultStage 25, ResultStage 29, ResultStage 23)
2026-08-09 23:12:12,010 INFO scheduler.DAGScheduler: failed: Set()
2026-08-09 23:12:12,010 INFO scheduler.DAGScheduler: Submitting ResultStage 21 (MapPartitionsRDD[39] at mapPartitions at EnsembleTrainer.scala:72), which has no missing parents
2026-08-09 23:12:12,011 INFO storage.ShuffleBlockFetcherIterator: Getting 2 (80.0 KiB) non-empty blocks including 2 (80.0 KiB) local and 0 (0.0 B) host-local and 0 (0.0 B) push-merged-local and 0 (0.0 B) remote blocks
2026-08-09 23:12:12,011 INFO storage.ShuffleBlockFetcherIterator: Started 0 remote fetches in 0 ms
2026-08-09 23:12:12,011 INFO memory.MemoryStore: Block broadcast_29 stored as values in memory (estimated size 5.4 KiB, free 2.2 GiB)
2026-08-09 23:12:12,011 INFO memory.MemoryStore: Block broadcast_29_piece0 stored as bytes in memory (estimated size 3.0 KiB, free 2.2 GiB)
2026-08-09 23:12:12,012 INFO storage.BlockManagerInfo: Added broadcast_29_piece0 in memory on 10.0.0.215:64239 (size: 3.0 KiB, free: 2.2 GiB)
2026-08-09 23:12:12,013 INFO spark.SparkContext: Created broadcast 29 from broadcast at DAGScheduler.scala:1513
2026-08-09 23:12:12,013 INFO scheduler.DAGScheduler: Submitting 10 missing tasks from ResultStage 21 (MapPartitionsRDD[39] at mapPartitions at EnsembleTrainer.scala:72) (first 15 tasks are for partitions Vector(0, 1, 2, 3, 4, 5, 6, 7, 8, 9))
2026-08-09 23:12:12,013 INFO scheduler.TaskSchedulerImpl: Adding task set 21.0 with 10 tasks resource profile 0
2026-08-09 23:12:12,014 INFO scheduler.FairSchedulableBuilder: Added task set TaskSet_21.0 tasks to pool default
2026-08-09 23:12:12,023 INFO executor.Executor: Finished task 1.0 in stage 18.0 (TID 26). 1942 bytes result sent to driver
2026-08-09 23:12:12,024 INFO scheduler.TaskSetManager: Starting task 0.0 in stage 21.0 (TID 29) (10.0.0.215, executor driver, partition 0, NODE_LOCAL, 4271 bytes) taskResourceAssignments Map()
2026-08-09 23:12:12,025 INFO executor.Executor: Running task 0.0 in stage 21.0 (TID 29)
2026-08-09 23:12:12,025 INFO scheduler.TaskSetManager: Finished task 1.0 in stage 18.0 (TID 26) in 48 ms on 10.0.0.215 (executor driver) (2/2)
2026-08-09 23:12:12,025 INFO scheduler.TaskSchedulerImpl: Removed TaskSet 18.0, whose tasks have all completed, from pool default
2026-08-09 23:12:12,026 INFO scheduler.DAGScheduler: ShuffleMapStage 18 (mapPartitionsWithIndex at EnsembleTrainer.scala:60) finished in 0.272 s
2026-08-09 23:12:12,026 INFO scheduler.DAGScheduler: looking for newly runnable stages
2026-08-09 23:12:12,026 INFO scheduler.DAGScheduler: running: Set(ResultStage 15, ShuffleMapStage 30, ShuffleMapStage 34, ResultStage 13, ResultStage 17, ShuffleMapStage 32, ShuffleMapStage 24, ResultStage 21, ShuffleMapStage 28, ShuffleMapStage 22, ShuffleMapStage 26)
2026-08-09 23:12:12,026 INFO scheduler.DAGScheduler: waiting: Set(ResultStage 33, ResultStage 27, ResultStage 19, ResultStage 31, ResultStage 35, ResultStage 25, ResultStage 29, ResultStage 23)
2026-08-09 23:12:12,026 INFO scheduler.DAGScheduler: failed: Set()
2026-08-09 23:12:12,026 INFO scheduler.DAGScheduler: Submitting ResultStage 19 (MapPartitionsRDD[41] at mapPartitions at EnsembleTrainer.scala:72), which has no missing parents
2026-08-09 23:12:12,027 INFO storage.ShuffleBlockFetcherIterator: Getting 2 (150.7 KiB) non-empty blocks including 2 (150.7 KiB) local and 0 (0.0 B) host-local and 0 (0.0 B) push-merged-local and 0 (0.0 B) remote blocks
2026-08-09 23:12:12,027 INFO storage.ShuffleBlockFetcherIterator: Started 0 remote fetches in 0 ms
2026-08-09 23:12:12,030 INFO memory.MemoryStore: Block broadcast_30 stored as values in memory (estimated size 5.4 KiB, free 2.2 GiB)
2026-08-09 23:12:12,031 INFO memory.MemoryStore: Block broadcast_30_piece0 stored as bytes in memory (estimated size 3.0 KiB, free 2.2 GiB)
2026-08-09 23:12:12,031 INFO storage.BlockManagerInfo: Added broadcast_30_piece0 in memory on 10.0.0.215:64239 (size: 3.0 KiB, free: 2.2 GiB)
2026-08-09 23:12:12,033 INFO spark.SparkContext: Created broadcast 30 from broadcast at DAGScheduler.scala:1513
2026-08-09 23:12:12,033 INFO scheduler.DAGScheduler: Submitting 40 missing tasks from ResultStage 19 (MapPartitionsRDD[41] at mapPartitions at EnsembleTrainer.scala:72) (first 15 tasks are for partitions Vector(0, 1, 2, 3, 4, 5, 6, 7, 8, 9, 10, 11, 12, 13, 14))
2026-08-09 23:12:12,033 INFO scheduler.TaskSchedulerImpl: Adding task set 19.0 with 40 tasks resource profile 0
2026-08-09 23:12:12,034 INFO scheduler.FairSchedulableBuilder: Added task set TaskSet_19.0 tasks to pool default
2026-08-09 23:12:12,043 INFO executor.Executor: Finished task 0.0 in stage 17.0 (TID 28). 6094 bytes result sent to driver
2026-08-09 23:12:12,043 INFO executor.Executor: Finished task 0.0 in stage 15.0 (TID 24). 6562 bytes result sent to driver
2026-08-09 23:12:12,044 INFO scheduler.TaskSetManager: Starting task 1.0 in stage 17.0 (TID 30) (10.0.0.215, executor driver, partition 1, NODE_LOCAL, 4271 bytes) taskResourceAssignments Map()
2026-08-09 23:12:12,045 INFO scheduler.TaskSetManager: Starting task 1.0 in stage 15.0 (TID 31) (10.0.0.215, executor driver, partition 1, NODE_LOCAL, 4271 bytes) taskResourceAssignments Map()
2026-08-09 23:12:12,045 INFO executor.Executor: Running task 1.0 in stage 17.0 (TID 30)
2026-08-09 23:12:12,045 INFO executor.Executor: Running task 1.0 in stage 15.0 (TID 31)
2026-08-09 23:12:12,046 INFO scheduler.TaskSetManager: Finished task 0.0 in stage 17.0 (TID 28) in 38 ms on 10.0.0.215 (executor driver) (1/20)
2026-08-09 23:12:12,046 INFO scheduler.TaskSetManager: Finished task 0.0 in stage 15.0 (TID 24) in 110 ms on 10.0.0.215 (executor driver) (1/40)
2026-08-09 23:12:12,047 INFO executor.Executor: Finished task 0.0 in stage 13.0 (TID 23). 7924 bytes result sent to driver
2026-08-09 23:12:12,047 INFO storage.ShuffleBlockFetcherIterator: Getting 2 (38.6 KiB) non-empty blocks including 2 (38.6 KiB) local and 0 (0.0 B) host-local and 0 (0.0 B) push-merged-local and 0 (0.0 B) remote blocks
2026-08-09 23:12:12,048 INFO storage.ShuffleBlockFetcherIterator: Started 0 remote fetches in 0 ms
2026-08-09 23:12:12,047 INFO storage.ShuffleBlockFetcherIterator: Getting 2 (78.2 KiB) non-empty blocks including 2 (78.2 KiB) local and 0 (0.0 B) host-local and 0 (0.0 B) push-merged-local and 0 (0.0 B) remote blocks
2026-08-09 23:12:12,048 INFO storage.ShuffleBlockFetcherIterator: Started 0 remote fetches in 1 ms
2026-08-09 23:12:12,049 INFO scheduler.TaskSetManager: Starting task 1.0 in stage 13.0 (TID 32) (10.0.0.215, executor driver, partition 1, NODE_LOCAL, 4271 bytes) taskResourceAssignments Map()
2026-08-09 23:12:12,050 INFO executor.Executor: Running task 1.0 in stage 13.0 (TID 32)
2026-08-09 23:12:12,051 INFO scheduler.TaskSetManager: Finished task 0.0 in stage 13.0 (TID 23) in 127 ms on 10.0.0.215 (executor driver) (1/20)
2026-08-09 23:12:12,051 INFO storage.ShuffleBlockFetcherIterator: Getting 2 (78.2 KiB) non-empty blocks including 2 (78.2 KiB) local and 0 (0.0 B) host-local and 0 (0.0 B) push-merged-local and 0 (0.0 B) remote blocks
2026-08-09 23:12:12,052 INFO storage.ShuffleBlockFetcherIterator: Started 0 remote fetches in 0 ms
2026-08-09 23:12:12,066 INFO executor.Executor: Finished task 1.0 in stage 15.0 (TID 31). 6519 bytes result sent to driver
2026-08-09 23:12:12,067 INFO scheduler.TaskSetManager: Starting task 2.0 in stage 15.0 (TID 33) (10.0.0.215, executor driver, partition 2, NODE_LOCAL, 4271 bytes) taskResourceAssignments Map()
2026-08-09 23:12:12,068 INFO executor.Executor: Running task 2.0 in stage 15.0 (TID 33)
2026-08-09 23:12:12,069 INFO scheduler.TaskSetManager: Finished task 1.0 in stage 15.0 (TID 31) in 24 ms on 10.0.0.215 (executor driver) (2/40)
2026-08-09 23:12:12,069 INFO executor.Executor: Finished task 1.0 in stage 17.0 (TID 30). 6234 bytes result sent to driver
2026-08-09 23:12:12,070 INFO storage.ShuffleBlockFetcherIterator: Getting 2 (35.1 KiB) non-empty blocks including 2 (35.1 KiB) local and 0 (0.0 B) host-local and 0 (0.0 B) push-merged-local and 0 (0.0 B) remote blocks
2026-08-09 23:12:12,070 INFO storage.ShuffleBlockFetcherIterator: Started 0 remote fetches in 0 ms
2026-08-09 23:12:12,071 INFO scheduler.TaskSetManager: Starting task 2.0 in stage 17.0 (TID 34) (10.0.0.215, executor driver, partition 2, NODE_LOCAL, 4271 bytes) taskResourceAssignments Map()
2026-08-09 23:12:12,072 INFO executor.Executor: Running task 2.0 in stage 17.0 (TID 34)
2026-08-09 23:12:12,073 INFO scheduler.TaskSetManager: Finished task 1.0 in stage 17.0 (TID 30) in 29 ms on 10.0.0.215 (executor driver) (2/20)
2026-08-09 23:12:12,075 INFO storage.ShuffleBlockFetcherIterator: Getting 2 (75.3 KiB) non-empty blocks including 2 (75.3 KiB) local and 0 (0.0 B) host-local and 0 (0.0 B) push-merged-local and 0 (0.0 B) remote blocks
2026-08-09 23:12:12,075 INFO storage.ShuffleBlockFetcherIterator: Started 0 remote fetches in 0 ms
2026-08-09 23:12:12,078 INFO executor.Executor: Finished task 2.0 in stage 15.0 (TID 33). 6519 bytes result sent to driver
2026-08-09 23:12:12,080 INFO scheduler.TaskSetManager: Starting task 3.0 in stage 15.0 (TID 35) (10.0.0.215, executor driver, partition 3, NODE_LOCAL, 4271 bytes) taskResourceAssignments Map()
2026-08-09 23:12:12,081 INFO executor.Executor: Running task 3.0 in stage 15.0 (TID 35)
2026-08-09 23:12:12,082 INFO scheduler.TaskSetManager: Finished task 2.0 in stage 15.0 (TID 33) in 15 ms on 10.0.0.215 (executor driver) (3/40)
2026-08-09 23:12:12,084 INFO storage.ShuffleBlockFetcherIterator: Getting 2 (38.0 KiB) non-empty blocks including 2 (38.0 KiB) local and 0 (0.0 B) host-local and 0 (0.0 B) push-merged-local and 0 (0.0 B) remote blocks
2026-08-09 23:12:12,084 INFO storage.ShuffleBlockFetcherIterator: Started 0 remote fetches in 0 ms
2026-08-09 23:12:12,084 INFO executor.Executor: Finished task 1.0 in stage 13.0 (TID 32). 8134 bytes result sent to driver
2026-08-09 23:12:12,085 INFO scheduler.TaskSetManager: Starting task 2.0 in stage 13.0 (TID 36) (10.0.0.215, executor driver, partition 2, NODE_LOCAL, 4271 bytes) taskResourceAssignments Map()
2026-08-09 23:12:12,086 INFO executor.Executor: Running task 2.0 in stage 13.0 (TID 36)
2026-08-09 23:12:12,086 INFO scheduler.TaskSetManager: Finished task 1.0 in stage 13.0 (TID 32) in 38 ms on 10.0.0.215 (executor driver) (2/20)
2026-08-09 23:12:12,087 INFO executor.Executor: Finished task 0.0 in stage 21.0 (TID 29). 10669 bytes result sent to driver
2026-08-09 23:12:12,087 INFO storage.ShuffleBlockFetcherIterator: Getting 2 (75.3 KiB) non-empty blocks including 2 (75.3 KiB) local and 0 (0.0 B) host-local and 0 (0.0 B) push-merged-local and 0 (0.0 B) remote blocks
2026-08-09 23:12:12,087 INFO storage.ShuffleBlockFetcherIterator: Started 0 remote fetches in 0 ms
2026-08-09 23:12:12,088 INFO scheduler.TaskSetManager: Starting task 0.0 in stage 19.0 (TID 37) (10.0.0.215, executor driver, partition 0, NODE_LOCAL, 4271 bytes) taskResourceAssignments Map()
2026-08-09 23:12:12,089 INFO executor.Executor: Running task 0.0 in stage 19.0 (TID 37)
2026-08-09 23:12:12,089 INFO scheduler.TaskSetManager: Finished task 0.0 in stage 21.0 (TID 29) in 65 ms on 10.0.0.215 (executor driver) (1/10)
2026-08-09 23:12:12,090 INFO storage.ShuffleBlockFetcherIterator: Getting 2 (38.5 KiB) non-empty blocks including 2 (38.5 KiB) local and 0 (0.0 B) host-local and 0 (0.0 B) push-merged-local and 0 (0.0 B) remote blocks
2026-08-09 23:12:12,090 INFO storage.ShuffleBlockFetcherIterator: Started 0 remote fetches in 0 ms
2026-08-09 23:12:12,092 INFO executor.Executor: Finished task 2.0 in stage 17.0 (TID 34). 6306 bytes result sent to driver
2026-08-09 23:12:12,093 INFO scheduler.TaskSetManager: Starting task 3.0 in stage 17.0 (TID 38) (10.0.0.215, executor driver, partition 3, NODE_LOCAL, 4271 bytes) taskResourceAssignments Map()
2026-08-09 23:12:12,094 INFO executor.Executor: Finished task 3.0 in stage 15.0 (TID 35). 6519 bytes result sent to driver
2026-08-09 23:12:12,094 INFO scheduler.TaskSetManager: Starting task 4.0 in stage 15.0 (TID 39) (10.0.0.215, executor driver, partition 4, NODE_LOCAL, 4271 bytes) taskResourceAssignments Map()
2026-08-09 23:12:12,095 INFO executor.Executor: Running task 4.0 in stage 15.0 (TID 39)
2026-08-09 23:12:12,095 INFO executor.Executor: Running task 3.0 in stage 17.0 (TID 38)
2026-08-09 23:12:12,096 INFO scheduler.TaskSetManager: Finished task 2.0 in stage 17.0 (TID 34) in 26 ms on 10.0.0.215 (executor driver) (3/20)
2026-08-09 23:12:12,097 INFO scheduler.TaskSetManager: Finished task 3.0 in stage 15.0 (TID 35) in 17 ms on 10.0.0.215 (executor driver) (4/40)
2026-08-09 23:12:12,097 INFO storage.ShuffleBlockFetcherIterator: Getting 2 (38.5 KiB) non-empty blocks including 2 (38.5 KiB) local and 0 (0.0 B) host-local and 0 (0.0 B) push-merged-local and 0 (0.0 B) remote blocks
2026-08-09 23:12:12,097 INFO storage.ShuffleBlockFetcherIterator: Getting 2 (68.5 KiB) non-empty blocks including 2 (68.5 KiB) local and 0 (0.0 B) host-local and 0 (0.0 B) push-merged-local and 0 (0.0 B) remote blocks
2026-08-09 23:12:12,097 INFO storage.ShuffleBlockFetcherIterator: Started 0 remote fetches in 0 ms
2026-08-09 23:12:12,097 INFO storage.ShuffleBlockFetcherIterator: Started 0 remote fetches in 0 ms
2026-08-09 23:12:12,103 INFO executor.Executor: Finished task 0.0 in stage 19.0 (TID 37). 5841 bytes result sent to driver
2026-08-09 23:12:12,104 INFO scheduler.TaskSetManager: Starting task 1.0 in stage 19.0 (TID 40) (10.0.0.215, executor driver, partition 1, NODE_LOCAL, 4271 bytes) taskResourceAssignments Map()
2026-08-09 23:12:12,105 INFO executor.Executor: Running task 1.0 in stage 19.0 (TID 40)
2026-08-09 23:12:12,105 INFO scheduler.TaskSetManager: Finished task 0.0 in stage 19.0 (TID 37) in 17 ms on 10.0.0.215 (executor driver) (1/40)
2026-08-09 23:12:12,107 INFO storage.ShuffleBlockFetcherIterator: Getting 2 (38.6 KiB) non-empty blocks including 2 (38.6 KiB) local and 0 (0.0 B) host-local and 0 (0.0 B) push-merged-local and 0 (0.0 B) remote blocks
2026-08-09 23:12:12,107 INFO storage.ShuffleBlockFetcherIterator: Started 0 remote fetches in 0 ms
2026-08-09 23:12:12,109 INFO executor.Executor: Finished task 4.0 in stage 15.0 (TID 39). 6659 bytes result sent to driver
2026-08-09 23:12:12,109 INFO scheduler.TaskSetManager: Starting task 5.0 in stage 15.0 (TID 41) (10.0.0.215, executor driver, partition 5, NODE_LOCAL, 4271 bytes) taskResourceAssignments Map()
2026-08-09 23:12:12,109 INFO executor.Executor: Running task 5.0 in stage 15.0 (TID 41)
2026-08-09 23:12:12,110 INFO scheduler.TaskSetManager: Finished task 4.0 in stage 15.0 (TID 39) in 16 ms on 10.0.0.215 (executor driver) (5/40)
2026-08-09 23:12:12,111 INFO storage.ShuffleBlockFetcherIterator: Getting 2 (42.3 KiB) non-empty blocks including 2 (42.3 KiB) local and 0 (0.0 B) host-local and 0 (0.0 B) push-merged-local and 0 (0.0 B) remote blocks
2026-08-09 23:12:12,111 INFO storage.ShuffleBlockFetcherIterator: Started 0 remote fetches in 0 ms
2026-08-09 23:12:12,111 INFO executor.Executor: Finished task 3.0 in stage 17.0 (TID 38). 6094 bytes result sent to driver
2026-08-09 23:12:12,112 INFO executor.Executor: Finished task 2.0 in stage 13.0 (TID 36). 7881 bytes result sent to driver
2026-08-09 23:12:12,112 INFO scheduler.TaskSetManager: Starting task 4.0 in stage 17.0 (TID 42) (10.0.0.215, executor driver, partition 4, NODE_LOCAL, 4271 bytes) taskResourceAssignments Map()
2026-08-09 23:12:12,113 INFO scheduler.TaskSetManager: Starting task 3.0 in stage 13.0 (TID 43) (10.0.0.215, executor driver, partition 3, NODE_LOCAL, 4271 bytes) taskResourceAssignments Map()
2026-08-09 23:12:12,113 INFO scheduler.TaskSetManager: Finished task 3.0 in stage 17.0 (TID 38) in 20 ms on 10.0.0.215 (executor driver) (4/20)
2026-08-09 23:12:12,113 INFO executor.Executor: Running task 4.0 in stage 17.0 (TID 42)
2026-08-09 23:12:12,113 INFO executor.Executor: Running task 3.0 in stage 13.0 (TID 43)
2026-08-09 23:12:12,113 INFO scheduler.TaskSetManager: Finished task 2.0 in stage 13.0 (TID 36) in 28 ms on 10.0.0.215 (executor driver) (3/20)
2026-08-09 23:12:12,115 INFO storage.ShuffleBlockFetcherIterator: Getting 2 (68.5 KiB) non-empty blocks including 2 (68.5 KiB) local and 0 (0.0 B) host-local and 0 (0.0 B) push-merged-local and 0 (0.0 B) remote blocks
2026-08-09 23:12:12,115 INFO storage.ShuffleBlockFetcherIterator: Started 0 remote fetches in 0 ms
2026-08-09 23:12:12,116 INFO storage.ShuffleBlockFetcherIterator: Getting 2 (74.9 KiB) non-empty blocks including 2 (74.9 KiB) local and 0 (0.0 B) host-local and 0 (0.0 B) push-merged-local and 0 (0.0 B) remote blocks
2026-08-09 23:12:12,116 INFO storage.ShuffleBlockFetcherIterator: Started 0 remote fetches in 0 ms
2026-08-09 23:12:12,116 INFO executor.Executor: Finished task 1.0 in stage 19.0 (TID 40). 5884 bytes result sent to driver
2026-08-09 23:12:12,117 INFO scheduler.TaskSetManager: Starting task 2.0 in stage 19.0 (TID 44) (10.0.0.215, executor driver, partition 2, NODE_LOCAL, 4271 bytes) taskResourceAssignments Map()
2026-08-09 23:12:12,117 INFO executor.Executor: Running task 2.0 in stage 19.0 (TID 44)
2026-08-09 23:12:12,118 INFO scheduler.TaskSetManager: Finished task 1.0 in stage 19.0 (TID 40) in 14 ms on 10.0.0.215 (executor driver) (2/40)
2026-08-09 23:12:12,119 INFO storage.ShuffleBlockFetcherIterator: Getting 2 (35.1 KiB) non-empty blocks including 2 (35.1 KiB) local and 0 (0.0 B) host-local and 0 (0.0 B) push-merged-local and 0 (0.0 B) remote blocks
2026-08-09 23:12:12,120 INFO storage.ShuffleBlockFetcherIterator: Started 0 remote fetches in 0 ms
2026-08-09 23:12:12,127 INFO executor.Executor: Finished task 5.0 in stage 15.0 (TID 41). 6939 bytes result sent to driver
2026-08-09 23:12:12,129 INFO scheduler.TaskSetManager: Starting task 6.0 in stage 15.0 (TID 45) (10.0.0.215, executor driver, partition 6, NODE_LOCAL, 4271 bytes) taskResourceAssignments Map()
2026-08-09 23:12:12,129 INFO executor.Executor: Running task 6.0 in stage 15.0 (TID 45)
2026-08-09 23:12:12,130 INFO executor.Executor: Finished task 2.0 in stage 19.0 (TID 44). 6094 bytes result sent to driver
2026-08-09 23:12:12,131 INFO scheduler.TaskSetManager: Finished task 5.0 in stage 15.0 (TID 41) in 22 ms on 10.0.0.215 (executor driver) (6/40)
2026-08-09 23:12:12,131 INFO scheduler.TaskSetManager: Starting task 3.0 in stage 19.0 (TID 46) (10.0.0.215, executor driver, partition 3, NODE_LOCAL, 4271 bytes) taskResourceAssignments Map()
2026-08-09 23:12:12,131 INFO storage.ShuffleBlockFetcherIterator: Getting 2 (36.5 KiB) non-empty blocks including 2 (36.5 KiB) local and 0 (0.0 B) host-local and 0 (0.0 B) push-merged-local and 0 (0.0 B) remote blocks
2026-08-09 23:12:12,131 INFO executor.Executor: Running task 3.0 in stage 19.0 (TID 46)
2026-08-09 23:12:12,132 INFO storage.ShuffleBlockFetcherIterator: Started 0 remote fetches in 0 ms
2026-08-09 23:12:12,132 INFO scheduler.TaskSetManager: Finished task 2.0 in stage 19.0 (TID 44) in 15 ms on 10.0.0.215 (executor driver) (3/40)
2026-08-09 23:12:12,134 INFO storage.ShuffleBlockFetcherIterator: Getting 2 (38.0 KiB) non-empty blocks including 2 (38.0 KiB) local and 0 (0.0 B) host-local and 0 (0.0 B) push-merged-local and 0 (0.0 B) remote blocks
2026-08-09 23:12:12,134 INFO storage.ShuffleBlockFetcherIterator: Started 0 remote fetches in 0 ms
2026-08-09 23:12:12,144 INFO executor.Executor: Finished task 4.0 in stage 17.0 (TID 42). 6234 bytes result sent to driver
2026-08-09 23:12:12,146 INFO scheduler.TaskSetManager: Starting task 5.0 in stage 17.0 (TID 47) (10.0.0.215, executor driver, partition 5, NODE_LOCAL, 4271 bytes) taskResourceAssignments Map()
2026-08-09 23:12:12,147 INFO executor.Executor: Finished task 3.0 in stage 13.0 (TID 43). 7687 bytes result sent to driver
2026-08-09 23:12:12,147 INFO executor.Executor: Running task 5.0 in stage 17.0 (TID 47)
2026-08-09 23:12:12,147 INFO scheduler.TaskSetManager: Starting task 4.0 in stage 13.0 (TID 48) (10.0.0.215, executor driver, partition 4, NODE_LOCAL, 4271 bytes) taskResourceAssignments Map()
2026-08-09 23:12:12,148 INFO scheduler.TaskSetManager: Finished task 4.0 in stage 17.0 (TID 42) in 36 ms on 10.0.0.215 (executor driver) (5/20)
2026-08-09 23:12:12,149 INFO scheduler.TaskSetManager: Finished task 3.0 in stage 13.0 (TID 43) in 35 ms on 10.0.0.215 (executor driver) (4/20)
2026-08-09 23:12:12,148 INFO executor.Executor: Running task 4.0 in stage 13.0 (TID 48)
2026-08-09 23:12:12,150 INFO storage.ShuffleBlockFetcherIterator: Getting 2 (77.3 KiB) non-empty blocks including 2 (77.3 KiB) local and 0 (0.0 B) host-local and 0 (0.0 B) push-merged-local and 0 (0.0 B) remote blocks
2026-08-09 23:12:12,150 INFO storage.ShuffleBlockFetcherIterator: Started 0 remote fetches in 0 ms
2026-08-09 23:12:12,150 INFO storage.ShuffleBlockFetcherIterator: Getting 2 (74.9 KiB) non-empty blocks including 2 (74.9 KiB) local and 0 (0.0 B) host-local and 0 (0.0 B) push-merged-local and 0 (0.0 B) remote blocks
2026-08-09 23:12:12,150 INFO storage.ShuffleBlockFetcherIterator: Started 0 remote fetches in 0 ms
2026-08-09 23:12:12,152 INFO executor.Executor: Finished task 6.0 in stage 15.0 (TID 45). 6489 bytes result sent to driver
2026-08-09 23:12:12,153 INFO scheduler.TaskSetManager: Starting task 7.0 in stage 15.0 (TID 49) (10.0.0.215, executor driver, partition 7, NODE_LOCAL, 4271 bytes) taskResourceAssignments Map()
2026-08-09 23:12:12,153 INFO executor.Executor: Finished task 3.0 in stage 19.0 (TID 46). 5997 bytes result sent to driver
2026-08-09 23:12:12,153 INFO executor.Executor: Running task 7.0 in stage 15.0 (TID 49)
2026-08-09 23:12:12,154 INFO scheduler.TaskSetManager: Starting task 4.0 in stage 19.0 (TID 50) (10.0.0.215, executor driver, partition 4, NODE_LOCAL, 4271 bytes) taskResourceAssignments Map()
2026-08-09 23:12:12,155 INFO scheduler.TaskSetManager: Finished task 6.0 in stage 15.0 (TID 45) in 27 ms on 10.0.0.215 (executor driver) (7/40)
2026-08-09 23:12:12,155 INFO executor.Executor: Running task 4.0 in stage 19.0 (TID 50)
2026-08-09 23:12:12,155 INFO storage.ShuffleBlockFetcherIterator: Getting 2 (36.0 KiB) non-empty blocks including 2 (36.0 KiB) local and 0 (0.0 B) host-local and 0 (0.0 B) push-merged-local and 0 (0.0 B) remote blocks
2026-08-09 23:12:12,155 INFO scheduler.TaskSetManager: Finished task 3.0 in stage 19.0 (TID 46) in 24 ms on 10.0.0.215 (executor driver) (4/40)
2026-08-09 23:12:12,155 INFO storage.ShuffleBlockFetcherIterator: Started 0 remote fetches in 0 ms
2026-08-09 23:12:12,158 INFO storage.ShuffleBlockFetcherIterator: Getting 2 (38.5 KiB) non-empty blocks including 2 (38.5 KiB) local and 0 (0.0 B) host-local and 0 (0.0 B) push-merged-local and 0 (0.0 B) remote blocks
2026-08-09 23:12:12,159 INFO storage.ShuffleBlockFetcherIterator: Started 0 remote fetches in 0 ms
2026-08-09 23:12:12,167 INFO executor.Executor: Finished task 5.0 in stage 17.0 (TID 47). 6306 bytes result sent to driver
2026-08-09 23:12:12,168 INFO scheduler.TaskSetManager: Starting task 6.0 in stage 17.0 (TID 51) (10.0.0.215, executor driver, partition 6, NODE_LOCAL, 4271 bytes) taskResourceAssignments Map()
2026-08-09 23:12:12,168 INFO executor.Executor: Finished task 7.0 in stage 15.0 (TID 49). 6659 bytes result sent to driver
2026-08-09 23:12:12,169 INFO executor.Executor: Running task 6.0 in stage 17.0 (TID 51)
2026-08-09 23:12:12,169 INFO executor.Executor: Finished task 4.0 in stage 19.0 (TID 50). 6094 bytes result sent to driver
2026-08-09 23:12:12,169 INFO scheduler.TaskSetManager: Starting task 8.0 in stage 15.0 (TID 52) (10.0.0.215, executor driver, partition 8, NODE_LOCAL, 4271 bytes) taskResourceAssignments Map()
2026-08-09 23:12:12,169 INFO scheduler.TaskSetManager: Starting task 5.0 in stage 19.0 (TID 53) (10.0.0.215, executor driver, partition 5, NODE_LOCAL, 4271 bytes) taskResourceAssignments Map()
2026-08-09 23:12:12,169 INFO executor.Executor: Running task 8.0 in stage 15.0 (TID 52)
2026-08-09 23:12:12,169 INFO scheduler.TaskSetManager: Finished task 5.0 in stage 17.0 (TID 47) in 23 ms on 10.0.0.215 (executor driver) (6/20)
2026-08-09 23:12:12,170 INFO scheduler.TaskSetManager: Finished task 4.0 in stage 19.0 (TID 50) in 16 ms on 10.0.0.215 (executor driver) (5/40)
2026-08-09 23:12:12,170 INFO storage.ShuffleBlockFetcherIterator: Getting 2 (77.3 KiB) non-empty blocks including 2 (77.3 KiB) local and 0 (0.0 B) host-local and 0 (0.0 B) push-merged-local and 0 (0.0 B) remote blocks
2026-08-09 23:12:12,170 INFO storage.ShuffleBlockFetcherIterator: Started 0 remote fetches in 0 ms
2026-08-09 23:12:12,171 INFO scheduler.TaskSetManager: Finished task 7.0 in stage 15.0 (TID 49) in 18 ms on 10.0.0.215 (executor driver) (8/40)
2026-08-09 23:12:12,171 INFO executor.Executor: Running task 5.0 in stage 19.0 (TID 53)
2026-08-09 23:12:12,172 INFO storage.ShuffleBlockFetcherIterator: Getting 2 (37.3 KiB) non-empty blocks including 2 (37.3 KiB) local and 0 (0.0 B) host-local and 0 (0.0 B) push-merged-local and 0 (0.0 B) remote blocks
2026-08-09 23:12:12,172 INFO storage.ShuffleBlockFetcherIterator: Started 0 remote fetches in 0 ms
2026-08-09 23:12:12,172 INFO executor.Executor: Finished task 4.0 in stage 13.0 (TID 48). 7784 bytes result sent to driver
2026-08-09 23:12:12,172 INFO storage.ShuffleBlockFetcherIterator: Getting 2 (42.3 KiB) non-empty blocks including 2 (42.3 KiB) local and 0 (0.0 B) host-local and 0 (0.0 B) push-merged-local and 0 (0.0 B) remote blocks
2026-08-09 23:12:12,172 INFO storage.ShuffleBlockFetcherIterator: Started 0 remote fetches in 0 ms
2026-08-09 23:12:12,174 INFO scheduler.TaskSetManager: Starting task 5.0 in stage 13.0 (TID 54) (10.0.0.215, executor driver, partition 5, NODE_LOCAL, 4271 bytes) taskResourceAssignments Map()
2026-08-09 23:12:12,175 INFO scheduler.TaskSetManager: Finished task 4.0 in stage 13.0 (TID 48) in 28 ms on 10.0.0.215 (executor driver) (5/20)
2026-08-09 23:12:12,175 INFO executor.Executor: Running task 5.0 in stage 13.0 (TID 54)
2026-08-09 23:12:12,177 INFO storage.ShuffleBlockFetcherIterator: Getting 2 (77.3 KiB) non-empty blocks including 2 (77.3 KiB) local and 0 (0.0 B) host-local and 0 (0.0 B) push-merged-local and 0 (0.0 B) remote blocks
2026-08-09 23:12:12,177 INFO storage.ShuffleBlockFetcherIterator: Started 0 remote fetches in 0 ms
2026-08-09 23:12:12,179 INFO executor.Executor: Finished task 5.0 in stage 19.0 (TID 53). 5981 bytes result sent to driver
2026-08-09 23:12:12,179 INFO executor.Executor: Finished task 8.0 in stage 15.0 (TID 52). 6659 bytes result sent to driver
2026-08-09 23:12:12,179 INFO scheduler.TaskSetManager: Starting task 6.0 in stage 19.0 (TID 55) (10.0.0.215, executor driver, partition 6, NODE_LOCAL, 4271 bytes) taskResourceAssignments Map()
2026-08-09 23:12:12,180 INFO executor.Executor: Running task 6.0 in stage 19.0 (TID 55)
2026-08-09 23:12:12,180 INFO executor.Executor: Finished task 6.0 in stage 17.0 (TID 51). 5884 bytes result sent to driver
2026-08-09 23:12:12,180 INFO scheduler.TaskSetManager: Starting task 9.0 in stage 15.0 (TID 56) (10.0.0.215, executor driver, partition 9, NODE_LOCAL, 4271 bytes) taskResourceAssignments Map()
2026-08-09 23:12:12,180 INFO scheduler.TaskSetManager: Starting task 7.0 in stage 17.0 (TID 57) (10.0.0.215, executor driver, partition 7, NODE_LOCAL, 4271 bytes) taskResourceAssignments Map()
2026-08-09 23:12:12,180 INFO scheduler.TaskSetManager: Finished task 8.0 in stage 15.0 (TID 52) in 11 ms on 10.0.0.215 (executor driver) (9/40)
2026-08-09 23:12:12,180 INFO executor.Executor: Running task 9.0 in stage 15.0 (TID 56)
2026-08-09 23:12:12,180 INFO scheduler.TaskSetManager: Finished task 6.0 in stage 17.0 (TID 51) in 13 ms on 10.0.0.215 (executor driver) (7/20)
2026-08-09 23:12:12,181 INFO executor.Executor: Running task 7.0 in stage 17.0 (TID 57)
2026-08-09 23:12:12,181 INFO scheduler.TaskSetManager: Finished task 5.0 in stage 19.0 (TID 53) in 12 ms on 10.0.0.215 (executor driver) (6/40)
2026-08-09 23:12:12,181 INFO storage.ShuffleBlockFetcherIterator: Getting 2 (36.5 KiB) non-empty blocks including 2 (36.5 KiB) local and 0 (0.0 B) host-local and 0 (0.0 B) push-merged-local and 0 (0.0 B) remote blocks
2026-08-09 23:12:12,181 INFO storage.ShuffleBlockFetcherIterator: Started 0 remote fetches in 0 ms
2026-08-09 23:12:12,181 INFO storage.ShuffleBlockFetcherIterator: Getting 2 (39.7 KiB) non-empty blocks including 2 (39.7 KiB) local and 0 (0.0 B) host-local and 0 (0.0 B) push-merged-local and 0 (0.0 B) remote blocks
2026-08-09 23:12:12,181 INFO storage.ShuffleBlockFetcherIterator: Started 0 remote fetches in 0 ms
2026-08-09 23:12:12,181 INFO storage.ShuffleBlockFetcherIterator: Getting 2 (75.3 KiB) non-empty blocks including 2 (75.3 KiB) local and 0 (0.0 B) host-local and 0 (0.0 B) push-merged-local and 0 (0.0 B) remote blocks
2026-08-09 23:12:12,181 INFO storage.ShuffleBlockFetcherIterator: Started 0 remote fetches in 0 ms
2026-08-09 23:12:12,184 INFO executor.Executor: Finished task 5.0 in stage 13.0 (TID 54). 7714 bytes result sent to driver
2026-08-09 23:12:12,185 INFO scheduler.TaskSetManager: Starting task 6.0 in stage 13.0 (TID 58) (10.0.0.215, executor driver, partition 6, NODE_LOCAL, 4271 bytes) taskResourceAssignments Map()
2026-08-09 23:12:12,186 INFO executor.Executor: Running task 6.0 in stage 13.0 (TID 58)
2026-08-09 23:12:12,186 INFO scheduler.TaskSetManager: Finished task 5.0 in stage 13.0 (TID 54) in 13 ms on 10.0.0.215 (executor driver) (6/20)
2026-08-09 23:12:12,187 INFO storage.ShuffleBlockFetcherIterator: Getting 2 (77.3 KiB) non-empty blocks including 2 (77.3 KiB) local and 0 (0.0 B) host-local and 0 (0.0 B) push-merged-local and 0 (0.0 B) remote blocks
2026-08-09 23:12:12,187 INFO storage.ShuffleBlockFetcherIterator: Started 0 remote fetches in 0 ms
2026-08-09 23:12:12,188 INFO executor.Executor: Finished task 6.0 in stage 19.0 (TID 55). 5911 bytes result sent to driver
2026-08-09 23:12:12,188 INFO scheduler.TaskSetManager: Starting task 7.0 in stage 19.0 (TID 59) (10.0.0.215, executor driver, partition 7, NODE_LOCAL, 4271 bytes) taskResourceAssignments Map()
2026-08-09 23:12:12,189 INFO executor.Executor: Running task 7.0 in stage 19.0 (TID 59)
2026-08-09 23:12:12,189 INFO scheduler.TaskSetManager: Finished task 6.0 in stage 19.0 (TID 55) in 10 ms on 10.0.0.215 (executor driver) (7/40)
2026-08-09 23:12:12,190 INFO storage.ShuffleBlockFetcherIterator: Getting 2 (36.0 KiB) non-empty blocks including 2 (36.0 KiB) local and 0 (0.0 B) host-local and 0 (0.0 B) push-merged-local and 0 (0.0 B) remote blocks
2026-08-09 23:12:12,190 INFO storage.ShuffleBlockFetcherIterator: Started 0 remote fetches in 0 ms
2026-08-09 23:12:12,195 INFO executor.Executor: Finished task 9.0 in stage 15.0 (TID 56). 6756 bytes result sent to driver
2026-08-09 23:12:12,195 INFO scheduler.TaskSetManager: Starting task 10.0 in stage 15.0 (TID 60) (10.0.0.215, executor driver, partition 10, NODE_LOCAL, 4271 bytes) taskResourceAssignments Map()
2026-08-09 23:12:12,196 INFO executor.Executor: Running task 10.0 in stage 15.0 (TID 60)
2026-08-09 23:12:12,196 INFO scheduler.TaskSetManager: Finished task 9.0 in stage 15.0 (TID 56) in 16 ms on 10.0.0.215 (executor driver) (10/40)
2026-08-09 23:12:12,197 INFO storage.ShuffleBlockFetcherIterator: Getting 2 (40.1 KiB) non-empty blocks including 2 (40.1 KiB) local and 0 (0.0 B) host-local and 0 (0.0 B) push-merged-local and 0 (0.0 B) remote blocks
2026-08-09 23:12:12,197 INFO storage.ShuffleBlockFetcherIterator: Started 0 remote fetches in 0 ms
2026-08-09 23:12:12,199 INFO executor.Executor: Finished task 7.0 in stage 19.0 (TID 59). 5701 bytes result sent to driver
2026-08-09 23:12:12,199 INFO scheduler.TaskSetManager: Starting task 8.0 in stage 19.0 (TID 61) (10.0.0.215, executor driver, partition 8, NODE_LOCAL, 4271 bytes) taskResourceAssignments Map()
2026-08-09 23:12:12,199 INFO scheduler.TaskSetManager: Finished task 7.0 in stage 19.0 (TID 59) in 11 ms on 10.0.0.215 (executor driver) (8/40)
2026-08-09 23:12:12,200 INFO executor.Executor: Running task 8.0 in stage 19.0 (TID 61)
2026-08-09 23:12:12,200 INFO executor.Executor: Finished task 7.0 in stage 17.0 (TID 57). 5841 bytes result sent to driver
2026-08-09 23:12:12,200 INFO scheduler.TaskSetManager: Starting task 8.0 in stage 17.0 (TID 62) (10.0.0.215, executor driver, partition 8, NODE_LOCAL, 4271 bytes) taskResourceAssignments Map()
2026-08-09 23:12:12,200 INFO executor.Executor: Running task 8.0 in stage 17.0 (TID 62)
2026-08-09 23:12:12,201 INFO scheduler.TaskSetManager: Finished task 7.0 in stage 17.0 (TID 57) in 21 ms on 10.0.0.215 (executor driver) (8/20)
2026-08-09 23:12:12,202 INFO storage.ShuffleBlockFetcherIterator: Getting 2 (75.3 KiB) non-empty blocks including 2 (75.3 KiB) local and 0 (0.0 B) host-local and 0 (0.0 B) push-merged-local and 0 (0.0 B) remote blocks
2026-08-09 23:12:12,202 INFO storage.ShuffleBlockFetcherIterator: Started 0 remote fetches in 0 ms
2026-08-09 23:12:12,202 INFO storage.ShuffleBlockFetcherIterator: Getting 2 (37.3 KiB) non-empty blocks including 2 (37.3 KiB) local and 0 (0.0 B) host-local and 0 (0.0 B) push-merged-local and 0 (0.0 B) remote blocks
2026-08-09 23:12:12,202 INFO storage.ShuffleBlockFetcherIterator: Started 0 remote fetches in 0 ms
2026-08-09 23:12:12,205 INFO executor.Executor: Finished task 6.0 in stage 13.0 (TID 58). 7811 bytes result sent to driver
2026-08-09 23:12:12,207 INFO scheduler.TaskSetManager: Starting task 7.0 in stage 13.0 (TID 63) (10.0.0.215, executor driver, partition 7, NODE_LOCAL, 4271 bytes) taskResourceAssignments Map()
2026-08-09 23:12:12,207 INFO scheduler.TaskSetManager: Finished task 6.0 in stage 13.0 (TID 58) in 22 ms on 10.0.0.215 (executor driver) (7/20)
2026-08-09 23:12:12,210 INFO executor.Executor: Running task 7.0 in stage 13.0 (TID 63)
2026-08-09 23:12:12,211 INFO executor.Executor: Finished task 10.0 in stage 15.0 (TID 60). 6756 bytes result sent to driver
2026-08-09 23:12:12,212 INFO scheduler.TaskSetManager: Starting task 11.0 in stage 15.0 (TID 64) (10.0.0.215, executor driver, partition 11, NODE_LOCAL, 4271 bytes) taskResourceAssignments Map()
2026-08-09 23:12:12,213 INFO scheduler.TaskSetManager: Finished task 10.0 in stage 15.0 (TID 60) in 18 ms on 10.0.0.215 (executor driver) (11/40)
2026-08-09 23:12:12,214 INFO executor.Executor: Running task 11.0 in stage 15.0 (TID 64)
2026-08-09 23:12:12,213 INFO executor.Executor: Finished task 8.0 in stage 17.0 (TID 62). 6051 bytes result sent to driver
2026-08-09 23:12:12,217 INFO storage.ShuffleBlockFetcherIterator: Getting 2 (41.0 KiB) non-empty blocks including 2 (41.0 KiB) local and 0 (0.0 B) host-local and 0 (0.0 B) push-merged-local and 0 (0.0 B) remote blocks
2026-08-09 23:12:12,217 INFO scheduler.TaskSetManager: Starting task 9.0 in stage 17.0 (TID 65) (10.0.0.215, executor driver, partition 9, NODE_LOCAL, 4271 bytes) taskResourceAssignments Map()
2026-08-09 23:12:12,218 INFO storage.ShuffleBlockFetcherIterator: Getting 2 (75.3 KiB) non-empty blocks including 2 (75.3 KiB) local and 0 (0.0 B) host-local and 0 (0.0 B) push-merged-local and 0 (0.0 B) remote blocks
2026-08-09 23:12:12,218 INFO storage.ShuffleBlockFetcherIterator: Started 0 remote fetches in 0 ms
2026-08-09 23:12:12,218 INFO scheduler.TaskSetManager: Finished task 8.0 in stage 17.0 (TID 62) in 18 ms on 10.0.0.215 (executor driver) (9/20)
2026-08-09 23:12:12,217 INFO storage.ShuffleBlockFetcherIterator: Started 0 remote fetches in 0 ms
2026-08-09 23:12:12,219 INFO executor.Executor: Running task 9.0 in stage 17.0 (TID 65)
2026-08-09 23:12:12,222 INFO storage.ShuffleBlockFetcherIterator: Getting 2 (80.0 KiB) non-empty blocks including 2 (80.0 KiB) local and 0 (0.0 B) host-local and 0 (0.0 B) push-merged-local and 0 (0.0 B) remote blocks
2026-08-09 23:12:12,222 INFO storage.ShuffleBlockFetcherIterator: Started 0 remote fetches in 0 ms
2026-08-09 23:12:12,232 INFO executor.Executor: Finished task 8.0 in stage 19.0 (TID 61). 6191 bytes result sent to driver
2026-08-09 23:12:12,233 INFO scheduler.TaskSetManager: Starting task 9.0 in stage 19.0 (TID 66) (10.0.0.215, executor driver, partition 9, NODE_LOCAL, 4271 bytes) taskResourceAssignments Map()
2026-08-09 23:12:12,233 INFO executor.Executor: Finished task 11.0 in stage 15.0 (TID 64). 6519 bytes result sent to driver
2026-08-09 23:12:12,233 INFO scheduler.TaskSetManager: Starting task 12.0 in stage 15.0 (TID 67) (10.0.0.215, executor driver, partition 12, NODE_LOCAL, 4271 bytes) taskResourceAssignments Map()
2026-08-09 23:12:12,233 INFO executor.Executor: Running task 9.0 in stage 19.0 (TID 66)
2026-08-09 23:12:12,234 INFO executor.Executor: Running task 12.0 in stage 15.0 (TID 67)
2026-08-09 23:12:12,234 INFO scheduler.TaskSetManager: Finished task 8.0 in stage 19.0 (TID 61) in 35 ms on 10.0.0.215 (executor driver) (9/40)
2026-08-09 23:12:12,234 INFO scheduler.TaskSetManager: Finished task 11.0 in stage 15.0 (TID 64) in 23 ms on 10.0.0.215 (executor driver) (12/40)
2026-08-09 23:12:12,235 INFO storage.ShuffleBlockFetcherIterator: Getting 2 (39.7 KiB) non-empty blocks including 2 (39.7 KiB) local and 0 (0.0 B) host-local and 0 (0.0 B) push-merged-local and 0 (0.0 B) remote blocks
2026-08-09 23:12:12,235 INFO storage.ShuffleBlockFetcherIterator: Started 0 remote fetches in 0 ms
2026-08-09 23:12:12,235 INFO storage.ShuffleBlockFetcherIterator: Getting 2 (37.3 KiB) non-empty blocks including 2 (37.3 KiB) local and 0 (0.0 B) host-local and 0 (0.0 B) push-merged-local and 0 (0.0 B) remote blocks
2026-08-09 23:12:12,236 INFO storage.ShuffleBlockFetcherIterator: Started 0 remote fetches in 0 ms
2026-08-09 23:12:12,237 INFO executor.Executor: Finished task 9.0 in stage 17.0 (TID 65). 6024 bytes result sent to driver
2026-08-09 23:12:12,238 INFO scheduler.TaskSetManager: Starting task 10.0 in stage 17.0 (TID 68) (10.0.0.215, executor driver, partition 10, NODE_LOCAL, 4271 bytes) taskResourceAssignments Map()
2026-08-09 23:12:12,238 INFO executor.Executor: Running task 10.0 in stage 17.0 (TID 68)
2026-08-09 23:12:12,238 INFO scheduler.TaskSetManager: Finished task 9.0 in stage 17.0 (TID 65) in 21 ms on 10.0.0.215 (executor driver) (10/20)
2026-08-09 23:12:12,240 INFO storage.ShuffleBlockFetcherIterator: Getting 2 (85.1 KiB) non-empty blocks including 2 (85.1 KiB) local and 0 (0.0 B) host-local and 0 (0.0 B) push-merged-local and 0 (0.0 B) remote blocks
2026-08-09 23:12:12,240 INFO storage.ShuffleBlockFetcherIterator: Started 0 remote fetches in 0 ms
2026-08-09 23:12:12,244 INFO executor.Executor: Finished task 9.0 in stage 19.0 (TID 66). 6234 bytes result sent to driver
2026-08-09 23:12:12,245 INFO scheduler.TaskSetManager: Starting task 10.0 in stage 19.0 (TID 69) (10.0.0.215, executor driver, partition 10, NODE_LOCAL, 4271 bytes) taskResourceAssignments Map()
2026-08-09 23:12:12,245 INFO executor.Executor: Finished task 12.0 in stage 15.0 (TID 67). 6826 bytes result sent to driver
2026-08-09 23:12:12,245 INFO executor.Executor: Running task 10.0 in stage 19.0 (TID 69)
2026-08-09 23:12:12,246 INFO scheduler.TaskSetManager: Starting task 13.0 in stage 15.0 (TID 70) (10.0.0.215, executor driver, partition 13, NODE_LOCAL, 4271 bytes) taskResourceAssignments Map()
2026-08-09 23:12:12,246 INFO scheduler.TaskSetManager: Finished task 9.0 in stage 19.0 (TID 66) in 14 ms on 10.0.0.215 (executor driver) (10/40)
2026-08-09 23:12:12,246 INFO executor.Executor: Running task 13.0 in stage 15.0 (TID 70)
2026-08-09 23:12:12,247 INFO scheduler.TaskSetManager: Finished task 12.0 in stage 15.0 (TID 67) in 14 ms on 10.0.0.215 (executor driver) (13/40)
2026-08-09 23:12:12,247 INFO storage.ShuffleBlockFetcherIterator: Getting 2 (40.1 KiB) non-empty blocks including 2 (40.1 KiB) local and 0 (0.0 B) host-local and 0 (0.0 B) push-merged-local and 0 (0.0 B) remote blocks
2026-08-09 23:12:12,247 INFO storage.ShuffleBlockFetcherIterator: Started 0 remote fetches in 0 ms
2026-08-09 23:12:12,247 INFO storage.ShuffleBlockFetcherIterator: Getting 2 (39.7 KiB) non-empty blocks including 2 (39.7 KiB) local and 0 (0.0 B) host-local and 0 (0.0 B) push-merged-local and 0 (0.0 B) remote blocks
2026-08-09 23:12:12,247 INFO storage.ShuffleBlockFetcherIterator: Started 0 remote fetches in 0 ms
2026-08-09 23:12:12,252 INFO executor.Executor: Finished task 7.0 in stage 13.0 (TID 63). 7854 bytes result sent to driver
2026-08-09 23:12:12,253 INFO scheduler.TaskSetManager: Starting task 8.0 in stage 13.0 (TID 71) (10.0.0.215, executor driver, partition 8, NODE_LOCAL, 4271 bytes) taskResourceAssignments Map()
2026-08-09 23:12:12,253 INFO scheduler.TaskSetManager: Finished task 7.0 in stage 13.0 (TID 63) in 47 ms on 10.0.0.215 (executor driver) (8/20)
2026-08-09 23:12:12,254 INFO executor.Executor: Running task 8.0 in stage 13.0 (TID 71)
2026-08-09 23:12:12,255 INFO executor.Executor: Finished task 10.0 in stage 17.0 (TID 68). 6234 bytes result sent to driver
2026-08-09 23:12:12,256 INFO scheduler.TaskSetManager: Starting task 11.0 in stage 17.0 (TID 72) (10.0.0.215, executor driver, partition 11, NODE_LOCAL, 4271 bytes) taskResourceAssignments Map()
2026-08-09 23:12:12,256 INFO storage.ShuffleBlockFetcherIterator: Getting 2 (75.3 KiB) non-empty blocks including 2 (75.3 KiB) local and 0 (0.0 B) host-local and 0 (0.0 B) push-merged-local and 0 (0.0 B) remote blocks
2026-08-09 23:12:12,256 INFO storage.ShuffleBlockFetcherIterator: Started 0 remote fetches in 0 ms
2026-08-09 23:12:12,256 INFO executor.Executor: Running task 11.0 in stage 17.0 (TID 72)
2026-08-09 23:12:12,257 INFO scheduler.TaskSetManager: Finished task 10.0 in stage 17.0 (TID 68) in 20 ms on 10.0.0.215 (executor driver) (11/20)
2026-08-09 23:12:12,258 INFO storage.ShuffleBlockFetcherIterator: Getting 2 (82.8 KiB) non-empty blocks including 2 (82.8 KiB) local and 0 (0.0 B) host-local and 0 (0.0 B) push-merged-local and 0 (0.0 B) remote blocks
2026-08-09 23:12:12,258 INFO executor.Executor: Finished task 10.0 in stage 19.0 (TID 69). 6094 bytes result sent to driver
2026-08-09 23:12:12,258 INFO storage.ShuffleBlockFetcherIterator: Started 0 remote fetches in 0 ms
2026-08-09 23:12:12,264 INFO scheduler.TaskSetManager: Starting task 11.0 in stage 19.0 (TID 73) (10.0.0.215, executor driver, partition 11, NODE_LOCAL, 4271 bytes) taskResourceAssignments Map()
2026-08-09 23:12:12,264 INFO executor.Executor: Finished task 13.0 in stage 15.0 (TID 70). 6589 bytes result sent to driver
2026-08-09 23:12:12,264 INFO executor.Executor: Running task 11.0 in stage 19.0 (TID 73)
2026-08-09 23:12:12,264 INFO scheduler.TaskSetManager: Starting task 14.0 in stage 15.0 (TID 74) (10.0.0.215, executor driver, partition 14, NODE_LOCAL, 4271 bytes) taskResourceAssignments Map()
2026-08-09 23:12:12,265 INFO executor.Executor: Running task 14.0 in stage 15.0 (TID 74)
2026-08-09 23:12:12,265 INFO scheduler.TaskSetManager: Finished task 10.0 in stage 19.0 (TID 69) in 20 ms on 10.0.0.215 (executor driver) (11/40)
2026-08-09 23:12:12,265 INFO scheduler.TaskSetManager: Finished task 13.0 in stage 15.0 (TID 70) in 20 ms on 10.0.0.215 (executor driver) (14/40)
2026-08-09 23:12:12,266 INFO storage.ShuffleBlockFetcherIterator: Getting 2 (41.0 KiB) non-empty blocks including 2 (41.0 KiB) local and 0 (0.0 B) host-local and 0 (0.0 B) push-merged-local and 0 (0.0 B) remote blocks
2026-08-09 23:12:12,266 INFO storage.ShuffleBlockFetcherIterator: Getting 2 (42.5 KiB) non-empty blocks including 2 (42.5 KiB) local and 0 (0.0 B) host-local and 0 (0.0 B) push-merged-local and 0 (0.0 B) remote blocks
2026-08-09 23:12:12,266 INFO storage.ShuffleBlockFetcherIterator: Started 0 remote fetches in 0 ms
2026-08-09 23:12:12,266 INFO storage.ShuffleBlockFetcherIterator: Started 0 remote fetches in 0 ms
2026-08-09 23:12:12,271 INFO executor.Executor: Finished task 8.0 in stage 13.0 (TID 71). 7501 bytes result sent to driver
2026-08-09 23:12:12,271 INFO scheduler.TaskSetManager: Starting task 9.0 in stage 13.0 (TID 75) (10.0.0.215, executor driver, partition 9, NODE_LOCAL, 4271 bytes) taskResourceAssignments Map()
2026-08-09 23:12:12,272 INFO executor.Executor: Running task 9.0 in stage 13.0 (TID 75)
2026-08-09 23:12:12,272 INFO scheduler.TaskSetManager: Finished task 8.0 in stage 13.0 (TID 71) in 20 ms on 10.0.0.215 (executor driver) (9/20)
2026-08-09 23:12:12,274 INFO storage.ShuffleBlockFetcherIterator: Getting 2 (80.0 KiB) non-empty blocks including 2 (80.0 KiB) local and 0 (0.0 B) host-local and 0 (0.0 B) push-merged-local and 0 (0.0 B) remote blocks
2026-08-09 23:12:12,274 INFO storage.ShuffleBlockFetcherIterator: Started 0 remote fetches in 0 ms
2026-08-09 23:12:12,276 INFO executor.Executor: Finished task 11.0 in stage 19.0 (TID 73). 6024 bytes result sent to driver
2026-08-09 23:12:12,276 INFO scheduler.TaskSetManager: Starting task 12.0 in stage 19.0 (TID 76) (10.0.0.215, executor driver, partition 12, NODE_LOCAL, 4271 bytes) taskResourceAssignments Map()
2026-08-09 23:12:12,277 INFO scheduler.TaskSetManager: Finished task 11.0 in stage 19.0 (TID 73) in 14 ms on 10.0.0.215 (executor driver) (12/40)
2026-08-09 23:12:12,278 INFO executor.Executor: Running task 12.0 in stage 19.0 (TID 76)
2026-08-09 23:12:12,280 INFO executor.Executor: Finished task 14.0 in stage 15.0 (TID 74). 6826 bytes result sent to driver
2026-08-09 23:12:12,280 INFO storage.ShuffleBlockFetcherIterator: Getting 2 (37.3 KiB) non-empty blocks including 2 (37.3 KiB) local and 0 (0.0 B) host-local and 0 (0.0 B) push-merged-local and 0 (0.0 B) remote blocks
2026-08-09 23:12:12,280 INFO storage.ShuffleBlockFetcherIterator: Started 0 remote fetches in 0 ms
2026-08-09 23:12:12,281 INFO scheduler.TaskSetManager: Starting task 15.0 in stage 15.0 (TID 77) (10.0.0.215, executor driver, partition 15, NODE_LOCAL, 4271 bytes) taskResourceAssignments Map()
2026-08-09 23:12:12,281 INFO executor.Executor: Finished task 11.0 in stage 17.0 (TID 72). 5911 bytes result sent to driver
2026-08-09 23:12:12,281 INFO executor.Executor: Running task 15.0 in stage 15.0 (TID 77)
2026-08-09 23:12:12,281 INFO scheduler.TaskSetManager: Starting task 12.0 in stage 17.0 (TID 78) (10.0.0.215, executor driver, partition 12, NODE_LOCAL, 4271 bytes) taskResourceAssignments Map()
2026-08-09 23:12:12,281 INFO scheduler.TaskSetManager: Finished task 14.0 in stage 15.0 (TID 74) in 17 ms on 10.0.0.215 (executor driver) (15/40)
2026-08-09 23:12:12,282 INFO executor.Executor: Running task 12.0 in stage 17.0 (TID 78)
2026-08-09 23:12:12,282 INFO scheduler.TaskSetManager: Finished task 11.0 in stage 17.0 (TID 72) in 26 ms on 10.0.0.215 (executor driver) (12/20)
2026-08-09 23:12:12,283 INFO storage.ShuffleBlockFetcherIterator: Getting 2 (41.0 KiB) non-empty blocks including 2 (41.0 KiB) local and 0 (0.0 B) host-local and 0 (0.0 B) push-merged-local and 0 (0.0 B) remote blocks
2026-08-09 23:12:12,283 INFO storage.ShuffleBlockFetcherIterator: Started 0 remote fetches in 0 ms
2026-08-09 23:12:12,283 INFO storage.ShuffleBlockFetcherIterator: Getting 2 (75.3 KiB) non-empty blocks including 2 (75.3 KiB) local and 0 (0.0 B) host-local and 0 (0.0 B) push-merged-local and 0 (0.0 B) remote blocks
2026-08-09 23:12:12,283 INFO storage.ShuffleBlockFetcherIterator: Started 0 remote fetches in 0 ms
2026-08-09 23:12:12,289 INFO executor.Executor: Finished task 12.0 in stage 19.0 (TID 76). 6094 bytes result sent to driver
2026-08-09 23:12:12,290 INFO scheduler.TaskSetManager: Starting task 13.0 in stage 19.0 (TID 79) (10.0.0.215, executor driver, partition 13, NODE_LOCAL, 4271 bytes) taskResourceAssignments Map()
2026-08-09 23:12:12,290 INFO executor.Executor: Running task 13.0 in stage 19.0 (TID 79)
2026-08-09 23:12:12,290 INFO scheduler.TaskSetManager: Finished task 12.0 in stage 19.0 (TID 76) in 14 ms on 10.0.0.215 (executor driver) (13/40)
2026-08-09 23:12:12,292 INFO storage.ShuffleBlockFetcherIterator: Getting 2 (39.7 KiB) non-empty blocks including 2 (39.7 KiB) local and 0 (0.0 B) host-local and 0 (0.0 B) push-merged-local and 0 (0.0 B) remote blocks
2026-08-09 23:12:12,292 INFO storage.ShuffleBlockFetcherIterator: Started 0 remote fetches in 0 ms
2026-08-09 23:12:12,295 INFO executor.Executor: Finished task 12.0 in stage 17.0 (TID 78). 6164 bytes result sent to driver
2026-08-09 23:12:12,296 INFO executor.Executor: Finished task 15.0 in stage 15.0 (TID 77). 6589 bytes result sent to driver
2026-08-09 23:12:12,296 INFO scheduler.TaskSetManager: Starting task 13.0 in stage 17.0 (TID 80) (10.0.0.215, executor driver, partition 13, NODE_LOCAL, 4271 bytes) taskResourceAssignments Map()
2026-08-09 23:12:12,296 INFO scheduler.TaskSetManager: Starting task 16.0 in stage 15.0 (TID 81) (10.0.0.215, executor driver, partition 16, NODE_LOCAL, 4271 bytes) taskResourceAssignments Map()
2026-08-09 23:12:12,297 INFO executor.Executor: Running task 16.0 in stage 15.0 (TID 81)
2026-08-09 23:12:12,297 INFO executor.Executor: Running task 13.0 in stage 17.0 (TID 80)
2026-08-09 23:12:12,297 INFO scheduler.TaskSetManager: Finished task 12.0 in stage 17.0 (TID 78) in 16 ms on 10.0.0.215 (executor driver) (13/20)
2026-08-09 23:12:12,297 INFO scheduler.TaskSetManager: Finished task 15.0 in stage 15.0 (TID 77) in 17 ms on 10.0.0.215 (executor driver) (16/40)
2026-08-09 23:12:12,298 INFO storage.ShuffleBlockFetcherIterator: Getting 2 (37.3 KiB) non-empty blocks including 2 (37.3 KiB) local and 0 (0.0 B) host-local and 0 (0.0 B) push-merged-local and 0 (0.0 B) remote blocks
2026-08-09 23:12:12,298 INFO storage.ShuffleBlockFetcherIterator: Started 0 remote fetches in 0 ms
2026-08-09 23:12:12,299 INFO executor.Executor: Finished task 9.0 in stage 13.0 (TID 75). 7601 bytes result sent to driver
2026-08-09 23:12:12,299 INFO storage.ShuffleBlockFetcherIterator: Getting 2 (77.3 KiB) non-empty blocks including 2 (77.3 KiB) local and 0 (0.0 B) host-local and 0 (0.0 B) push-merged-local and 0 (0.0 B) remote blocks
2026-08-09 23:12:12,299 INFO storage.ShuffleBlockFetcherIterator: Started 0 remote fetches in 0 ms
2026-08-09 23:12:12,299 INFO scheduler.TaskSetManager: Starting task 10.0 in stage 13.0 (TID 82) (10.0.0.215, executor driver, partition 10, NODE_LOCAL, 4271 bytes) taskResourceAssignments Map()
2026-08-09 23:12:12,299 INFO executor.Executor: Finished task 13.0 in stage 19.0 (TID 79). 5771 bytes result sent to driver
2026-08-09 23:12:12,299 INFO executor.Executor: Running task 10.0 in stage 13.0 (TID 82)
2026-08-09 23:12:12,300 INFO scheduler.TaskSetManager: Starting task 14.0 in stage 19.0 (TID 83) (10.0.0.215, executor driver, partition 14, NODE_LOCAL, 4271 bytes) taskResourceAssignments Map()
2026-08-09 23:12:12,300 INFO scheduler.TaskSetManager: Finished task 9.0 in stage 13.0 (TID 75) in 29 ms on 10.0.0.215 (executor driver) (10/20)
2026-08-09 23:12:12,300 INFO executor.Executor: Running task 14.0 in stage 19.0 (TID 83)
2026-08-09 23:12:12,301 INFO storage.ShuffleBlockFetcherIterator: Getting 2 (85.1 KiB) non-empty blocks including 2 (85.1 KiB) local and 0 (0.0 B) host-local and 0 (0.0 B) push-merged-local and 0 (0.0 B) remote blocks
2026-08-09 23:12:12,301 INFO storage.ShuffleBlockFetcherIterator: Started 0 remote fetches in 0 ms
2026-08-09 23:12:12,301 INFO storage.ShuffleBlockFetcherIterator: Getting 2 (42.5 KiB) non-empty blocks including 2 (42.5 KiB) local and 0 (0.0 B) host-local and 0 (0.0 B) push-merged-local and 0 (0.0 B) remote blocks
2026-08-09 23:12:12,301 INFO storage.ShuffleBlockFetcherIterator: Started 0 remote fetches in 0 ms
2026-08-09 23:12:12,301 INFO scheduler.TaskSetManager: Finished task 13.0 in stage 19.0 (TID 79) in 11 ms on 10.0.0.215 (executor driver) (14/40)
2026-08-09 23:12:12,312 INFO executor.Executor: Finished task 14.0 in stage 19.0 (TID 83). 6051 bytes result sent to driver
2026-08-09 23:12:12,312 INFO executor.Executor: Finished task 16.0 in stage 15.0 (TID 81). 6546 bytes result sent to driver
2026-08-09 23:12:12,312 INFO scheduler.TaskSetManager: Starting task 15.0 in stage 19.0 (TID 84) (10.0.0.215, executor driver, partition 15, NODE_LOCAL, 4271 bytes) taskResourceAssignments Map()
2026-08-09 23:12:12,313 INFO executor.Executor: Running task 15.0 in stage 19.0 (TID 84)
2026-08-09 23:12:12,313 INFO scheduler.TaskSetManager: Starting task 17.0 in stage 15.0 (TID 85) (10.0.0.215, executor driver, partition 17, NODE_LOCAL, 4271 bytes) taskResourceAssignments Map()
2026-08-09 23:12:12,313 INFO executor.Executor: Running task 17.0 in stage 15.0 (TID 85)
2026-08-09 23:12:12,314 INFO scheduler.TaskSetManager: Finished task 14.0 in stage 19.0 (TID 83) in 14 ms on 10.0.0.215 (executor driver) (15/40)
2026-08-09 23:12:12,314 INFO scheduler.TaskSetManager: Finished task 16.0 in stage 15.0 (TID 81) in 18 ms on 10.0.0.215 (executor driver) (17/40)
2026-08-09 23:12:12,315 INFO storage.ShuffleBlockFetcherIterator: Getting 2 (41.0 KiB) non-empty blocks including 2 (41.0 KiB) local and 0 (0.0 B) host-local and 0 (0.0 B) push-merged-local and 0 (0.0 B) remote blocks
2026-08-09 23:12:12,315 INFO storage.ShuffleBlockFetcherIterator: Started 0 remote fetches in 0 ms
2026-08-09 23:12:12,315 INFO storage.ShuffleBlockFetcherIterator: Getting 2 (42.5 KiB) non-empty blocks including 2 (42.5 KiB) local and 0 (0.0 B) host-local and 0 (0.0 B) push-merged-local and 0 (0.0 B) remote blocks
2026-08-09 23:12:12,315 INFO storage.ShuffleBlockFetcherIterator: Started 0 remote fetches in 0 ms
2026-08-09 23:12:12,315 INFO executor.Executor: Finished task 13.0 in stage 17.0 (TID 80). 6164 bytes result sent to driver
2026-08-09 23:12:12,315 INFO scheduler.TaskSetManager: Starting task 14.0 in stage 17.0 (TID 86) (10.0.0.215, executor driver, partition 14, NODE_LOCAL, 4271 bytes) taskResourceAssignments Map()
2026-08-09 23:12:12,315 INFO executor.Executor: Running task 14.0 in stage 17.0 (TID 86)
2026-08-09 23:12:12,317 INFO scheduler.TaskSetManager: Finished task 13.0 in stage 17.0 (TID 80) in 21 ms on 10.0.0.215 (executor driver) (14/20)
2026-08-09 23:12:12,317 INFO storage.ShuffleBlockFetcherIterator: Getting 2 (72.7 KiB) non-empty blocks including 2 (72.7 KiB) local and 0 (0.0 B) host-local and 0 (0.0 B) push-merged-local and 0 (0.0 B) remote blocks
2026-08-09 23:12:12,318 INFO storage.ShuffleBlockFetcherIterator: Started 0 remote fetches in 1 ms
2026-08-09 23:12:12,324 INFO executor.Executor: Finished task 15.0 in stage 19.0 (TID 84). 5911 bytes result sent to driver
2026-08-09 23:12:12,324 INFO scheduler.TaskSetManager: Starting task 16.0 in stage 19.0 (TID 87) (10.0.0.215, executor driver, partition 16, NODE_LOCAL, 4271 bytes) taskResourceAssignments Map()
2026-08-09 23:12:12,325 INFO executor.Executor: Running task 16.0 in stage 19.0 (TID 87)
2026-08-09 23:12:12,325 INFO scheduler.TaskSetManager: Finished task 15.0 in stage 19.0 (TID 84) in 13 ms on 10.0.0.215 (executor driver) (16/40)
2026-08-09 23:12:12,326 INFO executor.Executor: Finished task 10.0 in stage 13.0 (TID 82). 7811 bytes result sent to driver
2026-08-09 23:12:12,326 INFO storage.ShuffleBlockFetcherIterator: Getting 2 (37.3 KiB) non-empty blocks including 2 (37.3 KiB) local and 0 (0.0 B) host-local and 0 (0.0 B) push-merged-local and 0 (0.0 B) remote blocks
2026-08-09 23:12:12,326 INFO storage.ShuffleBlockFetcherIterator: Started 0 remote fetches in 0 ms
2026-08-09 23:12:12,327 INFO scheduler.TaskSetManager: Starting task 11.0 in stage 13.0 (TID 88) (10.0.0.215, executor driver, partition 11, NODE_LOCAL, 4271 bytes) taskResourceAssignments Map()
2026-08-09 23:12:12,327 INFO executor.Executor: Finished task 17.0 in stage 15.0 (TID 85). 6659 bytes result sent to driver
2026-08-09 23:12:12,327 INFO executor.Executor: Running task 11.0 in stage 13.0 (TID 88)
2026-08-09 23:12:12,327 INFO scheduler.TaskSetManager: Starting task 18.0 in stage 15.0 (TID 89) (10.0.0.215, executor driver, partition 18, NODE_LOCAL, 4271 bytes) taskResourceAssignments Map()
2026-08-09 23:12:12,327 INFO scheduler.TaskSetManager: Finished task 10.0 in stage 13.0 (TID 82) in 28 ms on 10.0.0.215 (executor driver) (11/20)
2026-08-09 23:12:12,327 INFO executor.Executor: Running task 18.0 in stage 15.0 (TID 89)
2026-08-09 23:12:12,328 INFO scheduler.TaskSetManager: Finished task 17.0 in stage 15.0 (TID 85) in 15 ms on 10.0.0.215 (executor driver) (18/40)
2026-08-09 23:12:12,329 INFO storage.ShuffleBlockFetcherIterator: Getting 2 (82.8 KiB) non-empty blocks including 2 (82.8 KiB) local and 0 (0.0 B) host-local and 0 (0.0 B) push-merged-local and 0 (0.0 B) remote blocks
2026-08-09 23:12:12,329 INFO storage.ShuffleBlockFetcherIterator: Started 0 remote fetches in 0 ms
2026-08-09 23:12:12,329 INFO storage.ShuffleBlockFetcherIterator: Getting 2 (41.0 KiB) non-empty blocks including 2 (41.0 KiB) local and 0 (0.0 B) host-local and 0 (0.0 B) push-merged-local and 0 (0.0 B) remote blocks
2026-08-09 23:12:12,329 INFO storage.ShuffleBlockFetcherIterator: Started 0 remote fetches in 0 ms
2026-08-09 23:12:12,330 INFO executor.Executor: Finished task 14.0 in stage 17.0 (TID 86). 6263 bytes result sent to driver
2026-08-09 23:12:12,331 INFO scheduler.TaskSetManager: Starting task 15.0 in stage 17.0 (TID 90) (10.0.0.215, executor driver, partition 15, NODE_LOCAL, 4271 bytes) taskResourceAssignments Map()
2026-08-09 23:12:12,331 INFO executor.Executor: Finished task 16.0 in stage 19.0 (TID 87). 5981 bytes result sent to driver
2026-08-09 23:12:12,331 INFO executor.Executor: Running task 15.0 in stage 17.0 (TID 90)
2026-08-09 23:12:12,331 INFO scheduler.TaskSetManager: Starting task 17.0 in stage 19.0 (TID 91) (10.0.0.215, executor driver, partition 17, NODE_LOCAL, 4271 bytes) taskResourceAssignments Map()
2026-08-09 23:12:12,332 INFO executor.Executor: Running task 17.0 in stage 19.0 (TID 91)
2026-08-09 23:12:12,332 INFO scheduler.TaskSetManager: Finished task 16.0 in stage 19.0 (TID 87) in 8 ms on 10.0.0.215 (executor driver) (17/40)
2026-08-09 23:12:12,332 INFO scheduler.TaskSetManager: Finished task 14.0 in stage 17.0 (TID 86) in 17 ms on 10.0.0.215 (executor driver) (15/20)
2026-08-09 23:12:12,333 INFO storage.ShuffleBlockFetcherIterator: Getting 2 (75.3 KiB) non-empty blocks including 2 (75.3 KiB) local and 0 (0.0 B) host-local and 0 (0.0 B) push-merged-local and 0 (0.0 B) remote blocks
2026-08-09 23:12:12,333 INFO storage.ShuffleBlockFetcherIterator: Started 0 remote fetches in 0 ms
2026-08-09 23:12:12,333 INFO storage.ShuffleBlockFetcherIterator: Getting 2 (42.5 KiB) non-empty blocks including 2 (42.5 KiB) local and 0 (0.0 B) host-local and 0 (0.0 B) push-merged-local and 0 (0.0 B) remote blocks
2026-08-09 23:12:12,333 INFO storage.ShuffleBlockFetcherIterator: Started 0 remote fetches in 0 ms
2026-08-09 23:12:12,335 INFO executor.Executor: Finished task 18.0 in stage 15.0 (TID 89). 6616 bytes result sent to driver
2026-08-09 23:12:12,336 INFO scheduler.TaskSetManager: Starting task 19.0 in stage 15.0 (TID 92) (10.0.0.215, executor driver, partition 19, NODE_LOCAL, 4271 bytes) taskResourceAssignments Map()
2026-08-09 23:12:12,336 INFO executor.Executor: Running task 19.0 in stage 15.0 (TID 92)
2026-08-09 23:12:12,336 INFO scheduler.TaskSetManager: Finished task 18.0 in stage 15.0 (TID 89) in 9 ms on 10.0.0.215 (executor driver) (19/40)
2026-08-09 23:12:12,337 INFO storage.ShuffleBlockFetcherIterator: Getting 2 (38.6 KiB) non-empty blocks including 2 (38.6 KiB) local and 0 (0.0 B) host-local and 0 (0.0 B) push-merged-local and 0 (0.0 B) remote blocks
2026-08-09 23:12:12,337 INFO storage.ShuffleBlockFetcherIterator: Started 0 remote fetches in 0 ms
2026-08-09 23:12:12,338 INFO executor.Executor: Finished task 17.0 in stage 19.0 (TID 91). 5701 bytes result sent to driver
2026-08-09 23:12:12,338 INFO scheduler.TaskSetManager: Starting task 18.0 in stage 19.0 (TID 93) (10.0.0.215, executor driver, partition 18, NODE_LOCAL, 4271 bytes) taskResourceAssignments Map()
2026-08-09 23:12:12,338 INFO executor.Executor: Running task 18.0 in stage 19.0 (TID 93)
2026-08-09 23:12:12,338 INFO executor.Executor: Finished task 11.0 in stage 13.0 (TID 88). 8134 bytes result sent to driver
2026-08-09 23:12:12,339 INFO scheduler.TaskSetManager: Starting task 12.0 in stage 13.0 (TID 94) (10.0.0.215, executor driver, partition 12, NODE_LOCAL, 4271 bytes) taskResourceAssignments Map()
2026-08-09 23:12:12,339 INFO executor.Executor: Running task 12.0 in stage 13.0 (TID 94)
2026-08-09 23:12:12,339 INFO storage.ShuffleBlockFetcherIterator: Getting 2 (41.0 KiB) non-empty blocks including 2 (41.0 KiB) local and 0 (0.0 B) host-local and 0 (0.0 B) push-merged-local and 0 (0.0 B) remote blocks
2026-08-09 23:12:12,339 INFO storage.ShuffleBlockFetcherIterator: Started 0 remote fetches in 0 ms
2026-08-09 23:12:12,339 INFO scheduler.TaskSetManager: Finished task 17.0 in stage 19.0 (TID 91) in 8 ms on 10.0.0.215 (executor driver) (18/40)
2026-08-09 23:12:12,340 INFO executor.Executor: Finished task 15.0 in stage 17.0 (TID 90). 5981 bytes result sent to driver
2026-08-09 23:12:12,340 INFO scheduler.TaskSetManager: Finished task 11.0 in stage 13.0 (TID 88) in 14 ms on 10.0.0.215 (executor driver) (12/20)
2026-08-09 23:12:12,340 INFO storage.ShuffleBlockFetcherIterator: Getting 2 (75.3 KiB) non-empty blocks including 2 (75.3 KiB) local and 0 (0.0 B) host-local and 0 (0.0 B) push-merged-local and 0 (0.0 B) remote blocks
2026-08-09 23:12:12,340 INFO storage.ShuffleBlockFetcherIterator: Started 0 remote fetches in 0 ms
2026-08-09 23:12:12,340 INFO scheduler.TaskSetManager: Starting task 16.0 in stage 17.0 (TID 95) (10.0.0.215, executor driver, partition 16, NODE_LOCAL, 4271 bytes) taskResourceAssignments Map()
2026-08-09 23:12:12,341 INFO executor.Executor: Running task 16.0 in stage 17.0 (TID 95)
2026-08-09 23:12:12,341 INFO scheduler.TaskSetManager: Finished task 15.0 in stage 17.0 (TID 90) in 10 ms on 10.0.0.215 (executor driver) (16/20)
2026-08-09 23:12:12,342 INFO storage.ShuffleBlockFetcherIterator: Getting 2 (72.7 KiB) non-empty blocks including 2 (72.7 KiB) local and 0 (0.0 B) host-local and 0 (0.0 B) push-merged-local and 0 (0.0 B) remote blocks
2026-08-09 23:12:12,342 INFO storage.ShuffleBlockFetcherIterator: Started 0 remote fetches in 0 ms
2026-08-09 23:12:12,343 INFO executor.Executor: Finished task 19.0 in stage 15.0 (TID 92). 6476 bytes result sent to driver
2026-08-09 23:12:12,343 INFO scheduler.TaskSetManager: Starting task 20.0 in stage 15.0 (TID 96) (10.0.0.215, executor driver, partition 20, NODE_LOCAL, 4271 bytes) taskResourceAssignments Map()
2026-08-09 23:12:12,343 INFO executor.Executor: Running task 20.0 in stage 15.0 (TID 96)
2026-08-09 23:12:12,344 INFO scheduler.TaskSetManager: Finished task 19.0 in stage 15.0 (TID 92) in 7 ms on 10.0.0.215 (executor driver) (20/40)
2026-08-09 23:12:12,344 INFO executor.Executor: Finished task 18.0 in stage 19.0 (TID 93). 5841 bytes result sent to driver
2026-08-09 23:12:12,344 INFO scheduler.TaskSetManager: Starting task 19.0 in stage 19.0 (TID 97) (10.0.0.215, executor driver, partition 19, NODE_LOCAL, 4271 bytes) taskResourceAssignments Map()
2026-08-09 23:12:12,345 INFO executor.Executor: Running task 19.0 in stage 19.0 (TID 97)
2026-08-09 23:12:12,345 INFO storage.ShuffleBlockFetcherIterator: Getting 2 (39.7 KiB) non-empty blocks including 2 (39.7 KiB) local and 0 (0.0 B) host-local and 0 (0.0 B) push-merged-local and 0 (0.0 B) remote blocks
2026-08-09 23:12:12,345 INFO storage.ShuffleBlockFetcherIterator: Started 0 remote fetches in 0 ms
2026-08-09 23:12:12,345 INFO scheduler.TaskSetManager: Finished task 18.0 in stage 19.0 (TID 93) in 7 ms on 10.0.0.215 (executor driver) (19/40)
2026-08-09 23:12:12,346 INFO storage.ShuffleBlockFetcherIterator: Getting 2 (38.6 KiB) non-empty blocks including 2 (38.6 KiB) local and 0 (0.0 B) host-local and 0 (0.0 B) push-merged-local and 0 (0.0 B) remote blocks
2026-08-09 23:12:12,346 INFO storage.ShuffleBlockFetcherIterator: Started 0 remote fetches in 0 ms
2026-08-09 23:12:12,349 INFO executor.Executor: Finished task 16.0 in stage 17.0 (TID 95). 6094 bytes result sent to driver
2026-08-09 23:12:12,350 INFO scheduler.TaskSetManager: Starting task 17.0 in stage 17.0 (TID 98) (10.0.0.215, executor driver, partition 17, NODE_LOCAL, 4271 bytes) taskResourceAssignments Map()
2026-08-09 23:12:12,350 INFO executor.Executor: Finished task 12.0 in stage 13.0 (TID 94). 7671 bytes result sent to driver
2026-08-09 23:12:12,350 INFO scheduler.TaskSetManager: Finished task 16.0 in stage 17.0 (TID 95) in 10 ms on 10.0.0.215 (executor driver) (17/20)
2026-08-09 23:12:12,350 INFO executor.Executor: Running task 17.0 in stage 17.0 (TID 98)
2026-08-09 23:12:12,350 INFO scheduler.TaskSetManager: Starting task 13.0 in stage 13.0 (TID 99) (10.0.0.215, executor driver, partition 13, NODE_LOCAL, 4271 bytes) taskResourceAssignments Map()
2026-08-09 23:12:12,350 INFO executor.Executor: Running task 13.0 in stage 13.0 (TID 99)
2026-08-09 23:12:12,350 INFO executor.Executor: Finished task 20.0 in stage 15.0 (TID 96). 6686 bytes result sent to driver
2026-08-09 23:12:12,351 INFO scheduler.TaskSetManager: Starting task 21.0 in stage 15.0 (TID 100) (10.0.0.215, executor driver, partition 21, NODE_LOCAL, 4271 bytes) taskResourceAssignments Map()
2026-08-09 23:12:12,351 INFO executor.Executor: Running task 21.0 in stage 15.0 (TID 100)
2026-08-09 23:12:12,351 INFO scheduler.TaskSetManager: Finished task 12.0 in stage 13.0 (TID 94) in 12 ms on 10.0.0.215 (executor driver) (13/20)
2026-08-09 23:12:12,351 INFO storage.ShuffleBlockFetcherIterator: Getting 2 (75.3 KiB) non-empty blocks including 2 (75.3 KiB) local and 0 (0.0 B) host-local and 0 (0.0 B) push-merged-local and 0 (0.0 B) remote blocks
2026-08-09 23:12:12,351 INFO storage.ShuffleBlockFetcherIterator: Getting 2 (77.3 KiB) non-empty blocks including 2 (77.3 KiB) local and 0 (0.0 B) host-local and 0 (0.0 B) push-merged-local and 0 (0.0 B) remote blocks
2026-08-09 23:12:12,352 INFO executor.Executor: Finished task 19.0 in stage 19.0 (TID 97). 5981 bytes result sent to driver
2026-08-09 23:12:12,352 INFO storage.ShuffleBlockFetcherIterator: Started 0 remote fetches in 0 ms
2026-08-09 23:12:12,352 INFO storage.ShuffleBlockFetcherIterator: Started 0 remote fetches in 0 ms
2026-08-09 23:12:12,352 INFO scheduler.TaskSetManager: Finished task 20.0 in stage 15.0 (TID 96) in 9 ms on 10.0.0.215 (executor driver) (21/40)
2026-08-09 23:12:12,353 INFO scheduler.TaskSetManager: Starting task 20.0 in stage 19.0 (TID 101) (10.0.0.215, executor driver, partition 20, NODE_LOCAL, 4271 bytes) taskResourceAssignments Map()
2026-08-09 23:12:12,353 INFO storage.ShuffleBlockFetcherIterator: Getting 2 (38.6 KiB) non-empty blocks including 2 (38.6 KiB) local and 0 (0.0 B) host-local and 0 (0.0 B) push-merged-local and 0 (0.0 B) remote blocks
2026-08-09 23:12:12,353 INFO storage.ShuffleBlockFetcherIterator: Started 0 remote fetches in 0 ms
2026-08-09 23:12:12,353 INFO executor.Executor: Running task 20.0 in stage 19.0 (TID 101)
2026-08-09 23:12:12,354 INFO scheduler.TaskSetManager: Finished task 19.0 in stage 19.0 (TID 97) in 10 ms on 10.0.0.215 (executor driver) (20/40)
2026-08-09 23:12:12,356 INFO storage.ShuffleBlockFetcherIterator: Getting 2 (39.7 KiB) non-empty blocks including 2 (39.7 KiB) local and 0 (0.0 B) host-local and 0 (0.0 B) push-merged-local and 0 (0.0 B) remote blocks
2026-08-09 23:12:12,356 INFO storage.ShuffleBlockFetcherIterator: Started 0 remote fetches in 0 ms
2026-08-09 23:12:12,361 INFO executor.Executor: Finished task 21.0 in stage 15.0 (TID 100). 6589 bytes result sent to driver
2026-08-09 23:12:12,361 INFO executor.Executor: Finished task 20.0 in stage 19.0 (TID 101). 6164 bytes result sent to driver
2026-08-09 23:12:12,361 INFO scheduler.TaskSetManager: Starting task 22.0 in stage 15.0 (TID 102) (10.0.0.215, executor driver, partition 22, NODE_LOCAL, 4271 bytes) taskResourceAssignments Map()
2026-08-09 23:12:12,361 INFO executor.Executor: Running task 22.0 in stage 15.0 (TID 102)
2026-08-09 23:12:12,361 INFO scheduler.TaskSetManager: Starting task 21.0 in stage 19.0 (TID 103) (10.0.0.215, executor driver, partition 21, NODE_LOCAL, 4271 bytes) taskResourceAssignments Map()
2026-08-09 23:12:12,362 INFO scheduler.TaskSetManager: Finished task 21.0 in stage 15.0 (TID 100) in 11 ms on 10.0.0.215 (executor driver) (22/40)
2026-08-09 23:12:12,362 INFO executor.Executor: Running task 21.0 in stage 19.0 (TID 103)
2026-08-09 23:12:12,363 INFO scheduler.TaskSetManager: Finished task 20.0 in stage 19.0 (TID 101) in 11 ms on 10.0.0.215 (executor driver) (21/40)
2026-08-09 23:12:12,363 INFO executor.Executor: Finished task 17.0 in stage 17.0 (TID 98). 6263 bytes result sent to driver
2026-08-09 23:12:12,363 INFO scheduler.TaskSetManager: Starting task 18.0 in stage 17.0 (TID 104) (10.0.0.215, executor driver, partition 18, NODE_LOCAL, 4271 bytes) taskResourceAssignments Map()
2026-08-09 23:12:12,363 INFO executor.Executor: Running task 18.0 in stage 17.0 (TID 104)
2026-08-09 23:12:12,363 INFO storage.ShuffleBlockFetcherIterator: Getting 2 (41.0 KiB) non-empty blocks including 2 (41.0 KiB) local and 0 (0.0 B) host-local and 0 (0.0 B) push-merged-local and 0 (0.0 B) remote blocks
2026-08-09 23:12:12,363 INFO storage.ShuffleBlockFetcherIterator: Started 0 remote fetches in 0 ms
2026-08-09 23:12:12,363 INFO storage.ShuffleBlockFetcherIterator: Getting 2 (38.6 KiB) non-empty blocks including 2 (38.6 KiB) local and 0 (0.0 B) host-local and 0 (0.0 B) push-merged-local and 0 (0.0 B) remote blocks
2026-08-09 23:12:12,364 INFO storage.ShuffleBlockFetcherIterator: Started 0 remote fetches in 0 ms
2026-08-09 23:12:12,364 INFO scheduler.TaskSetManager: Finished task 17.0 in stage 17.0 (TID 98) in 14 ms on 10.0.0.215 (executor driver) (18/20)
2026-08-09 23:12:12,364 INFO executor.Executor: Finished task 13.0 in stage 13.0 (TID 99). 7881 bytes result sent to driver
2026-08-09 23:12:12,365 INFO storage.ShuffleBlockFetcherIterator: Getting 2 (71.1 KiB) non-empty blocks including 2 (71.1 KiB) local and 0 (0.0 B) host-local and 0 (0.0 B) push-merged-local and 0 (0.0 B) remote blocks
2026-08-09 23:12:12,365 INFO storage.ShuffleBlockFetcherIterator: Started 0 remote fetches in 0 ms
2026-08-09 23:12:12,365 INFO scheduler.TaskSetManager: Starting task 14.0 in stage 13.0 (TID 105) (10.0.0.215, executor driver, partition 14, NODE_LOCAL, 4271 bytes) taskResourceAssignments Map()
2026-08-09 23:12:12,365 INFO executor.Executor: Running task 14.0 in stage 13.0 (TID 105)
2026-08-09 23:12:12,365 INFO scheduler.TaskSetManager: Finished task 13.0 in stage 13.0 (TID 99) in 15 ms on 10.0.0.215 (executor driver) (14/20)
2026-08-09 23:12:12,366 INFO storage.ShuffleBlockFetcherIterator: Getting 2 (72.7 KiB) non-empty blocks including 2 (72.7 KiB) local and 0 (0.0 B) host-local and 0 (0.0 B) push-merged-local and 0 (0.0 B) remote blocks
2026-08-09 23:12:12,366 INFO storage.ShuffleBlockFetcherIterator: Started 0 remote fetches in 0 ms
2026-08-09 23:12:12,369 INFO executor.Executor: Finished task 21.0 in stage 19.0 (TID 103). 5841 bytes result sent to driver
2026-08-09 23:12:12,369 INFO executor.Executor: Finished task 22.0 in stage 15.0 (TID 102). 6729 bytes result sent to driver
2026-08-09 23:12:12,369 INFO scheduler.TaskSetManager: Starting task 22.0 in stage 19.0 (TID 106) (10.0.0.215, executor driver, partition 22, NODE_LOCAL, 4271 bytes) taskResourceAssignments Map()
2026-08-09 23:12:12,370 INFO executor.Executor: Running task 22.0 in stage 19.0 (TID 106)
2026-08-09 23:12:12,370 INFO scheduler.TaskSetManager: Starting task 23.0 in stage 15.0 (TID 107) (10.0.0.215, executor driver, partition 23, NODE_LOCAL, 4271 bytes) taskResourceAssignments Map()
2026-08-09 23:12:12,370 INFO scheduler.TaskSetManager: Finished task 21.0 in stage 19.0 (TID 103) in 9 ms on 10.0.0.215 (executor driver) (22/40)
2026-08-09 23:12:12,370 INFO executor.Executor: Running task 23.0 in stage 15.0 (TID 107)
2026-08-09 23:12:12,371 INFO executor.Executor: Finished task 18.0 in stage 17.0 (TID 104). 6051 bytes result sent to driver
2026-08-09 23:12:12,371 INFO scheduler.TaskSetManager: Starting task 19.0 in stage 17.0 (TID 108) (10.0.0.215, executor driver, partition 19, NODE_LOCAL, 4271 bytes) taskResourceAssignments Map()
2026-08-09 23:12:12,371 INFO scheduler.TaskSetManager: Finished task 22.0 in stage 15.0 (TID 102) in 10 ms on 10.0.0.215 (executor driver) (23/40)
2026-08-09 23:12:12,372 INFO executor.Executor: Running task 19.0 in stage 17.0 (TID 108)
2026-08-09 23:12:12,372 INFO scheduler.TaskSetManager: Finished task 18.0 in stage 17.0 (TID 104) in 9 ms on 10.0.0.215 (executor driver) (19/20)
2026-08-09 23:12:12,372 INFO storage.ShuffleBlockFetcherIterator: Getting 2 (41.0 KiB) non-empty blocks including 2 (41.0 KiB) local and 0 (0.0 B) host-local and 0 (0.0 B) push-merged-local and 0 (0.0 B) remote blocks
2026-08-09 23:12:12,372 INFO storage.ShuffleBlockFetcherIterator: Started 0 remote fetches in 0 ms
2026-08-09 23:12:12,372 INFO storage.ShuffleBlockFetcherIterator: Getting 2 (39.7 KiB) non-empty blocks including 2 (39.7 KiB) local and 0 (0.0 B) host-local and 0 (0.0 B) push-merged-local and 0 (0.0 B) remote blocks
2026-08-09 23:12:12,372 INFO storage.ShuffleBlockFetcherIterator: Started 0 remote fetches in 0 ms
2026-08-09 23:12:12,374 INFO storage.ShuffleBlockFetcherIterator: Getting 2 (85.1 KiB) non-empty blocks including 2 (85.1 KiB) local and 0 (0.0 B) host-local and 0 (0.0 B) push-merged-local and 0 (0.0 B) remote blocks
2026-08-09 23:12:12,374 INFO storage.ShuffleBlockFetcherIterator: Started 0 remote fetches in 0 ms
2026-08-09 23:12:12,374 INFO executor.Executor: Finished task 14.0 in stage 13.0 (TID 105). 7811 bytes result sent to driver
2026-08-09 23:12:12,375 INFO scheduler.TaskSetManager: Starting task 15.0 in stage 13.0 (TID 109) (10.0.0.215, executor driver, partition 15, NODE_LOCAL, 4271 bytes) taskResourceAssignments Map()
2026-08-09 23:12:12,375 INFO executor.Executor: Running task 15.0 in stage 13.0 (TID 109)
2026-08-09 23:12:12,376 INFO scheduler.TaskSetManager: Finished task 14.0 in stage 13.0 (TID 105) in 11 ms on 10.0.0.215 (executor driver) (15/20)
2026-08-09 23:12:12,376 INFO executor.Executor: Finished task 22.0 in stage 19.0 (TID 106). 5954 bytes result sent to driver
2026-08-09 23:12:12,377 INFO storage.ShuffleBlockFetcherIterator: Getting 2 (75.3 KiB) non-empty blocks including 2 (75.3 KiB) local and 0 (0.0 B) host-local and 0 (0.0 B) push-merged-local and 0 (0.0 B) remote blocks
2026-08-09 23:12:12,377 INFO storage.ShuffleBlockFetcherIterator: Started 0 remote fetches in 0 ms
2026-08-09 23:12:12,377 INFO scheduler.TaskSetManager: Starting task 23.0 in stage 19.0 (TID 110) (10.0.0.215, executor driver, partition 23, NODE_LOCAL, 4271 bytes) taskResourceAssignments Map()
2026-08-09 23:12:12,377 INFO executor.Executor: Running task 23.0 in stage 19.0 (TID 110)
2026-08-09 23:12:12,377 INFO executor.Executor: Finished task 23.0 in stage 15.0 (TID 107). 6589 bytes result sent to driver
2026-08-09 23:12:12,378 INFO scheduler.TaskSetManager: Starting task 24.0 in stage 15.0 (TID 111) (10.0.0.215, executor driver, partition 24, NODE_LOCAL, 4271 bytes) taskResourceAssignments Map()
2026-08-09 23:12:12,378 INFO scheduler.TaskSetManager: Finished task 22.0 in stage 19.0 (TID 106) in 9 ms on 10.0.0.215 (executor driver) (23/40)
2026-08-09 23:12:12,379 INFO executor.Executor: Running task 24.0 in stage 15.0 (TID 111)
2026-08-09 23:12:12,379 INFO scheduler.TaskSetManager: Finished task 23.0 in stage 15.0 (TID 107) in 9 ms on 10.0.0.215 (executor driver) (24/40)
2026-08-09 23:12:12,380 INFO storage.ShuffleBlockFetcherIterator: Getting 2 (39.7 KiB) non-empty blocks including 2 (39.7 KiB) local and 0 (0.0 B) host-local and 0 (0.0 B) push-merged-local and 0 (0.0 B) remote blocks
2026-08-09 23:12:12,380 INFO storage.ShuffleBlockFetcherIterator: Started 0 remote fetches in 0 ms
2026-08-09 23:12:12,380 INFO storage.ShuffleBlockFetcherIterator: Getting 2 (40.0 KiB) non-empty blocks including 2 (40.0 KiB) local and 0 (0.0 B) host-local and 0 (0.0 B) push-merged-local and 0 (0.0 B) remote blocks
2026-08-09 23:12:12,380 INFO storage.ShuffleBlockFetcherIterator: Started 0 remote fetches in 0 ms
2026-08-09 23:12:12,382 INFO executor.Executor: Finished task 19.0 in stage 17.0 (TID 108). 6121 bytes result sent to driver
2026-08-09 23:12:12,383 INFO scheduler.TaskSetManager: Starting task 1.0 in stage 21.0 (TID 112) (10.0.0.215, executor driver, partition 1, NODE_LOCAL, 4271 bytes) taskResourceAssignments Map()
2026-08-09 23:12:12,383 INFO executor.Executor: Running task 1.0 in stage 21.0 (TID 112)
2026-08-09 23:12:12,383 INFO scheduler.TaskSetManager: Finished task 19.0 in stage 17.0 (TID 108) in 12 ms on 10.0.0.215 (executor driver) (20/20)
2026-08-09 23:12:12,383 INFO scheduler.TaskSchedulerImpl: Removed TaskSet 17.0, whose tasks have all completed, from pool default
2026-08-09 23:12:12,383 INFO scheduler.DAGScheduler: ResultStage 17 (collect at EnsembleTrainer.scala:80) finished in 0.395 s
2026-08-09 23:12:12,383 INFO scheduler.DAGScheduler: Job 14 is finished. Cancelling potential speculative or zombie tasks for this job
2026-08-09 23:12:12,383 INFO scheduler.TaskSchedulerImpl: Killing all running tasks in stage 17: Stage finished
2026-08-09 23:12:12,384 INFO scheduler.DAGScheduler: Job 14 finished: collect at EnsembleTrainer.scala:80, took 0.692956 s
2026-08-09 23:12:12,384 INFO executor.Executor: Finished task 23.0 in stage 19.0 (TID 110). 5954 bytes result sent to driver
2026-08-09 23:12:12,385 INFO storage.ShuffleBlockFetcherIterator: Getting 2 (133.4 KiB) non-empty blocks including 2 (133.4 KiB) local and 0 (0.0 B) host-local and 0 (0.0 B) push-merged-local and 0 (0.0 B) remote blocks
2026-08-09 23:12:12,385 INFO storage.ShuffleBlockFetcherIterator: Started 0 remote fetches in 0 ms
2026-08-09 23:12:12,385 INFO scheduler.TaskSetManager: Starting task 24.0 in stage 19.0 (TID 113) (10.0.0.215, executor driver, partition 24, NODE_LOCAL, 4271 bytes) taskResourceAssignments Map()
2026-08-09 23:12:12,385 INFO executor.Executor: Running task 24.0 in stage 19.0 (TID 113)
2026-08-09 23:12:12,385 INFO scheduler.TaskSetManager: Finished task 23.0 in stage 19.0 (TID 110) in 9 ms on 10.0.0.215 (executor driver) (24/40)
2026-08-09 23:12:12,386 INFO storage.ShuffleBlockFetcherIterator: Getting 2 (40.0 KiB) non-empty blocks including 2 (40.0 KiB) local and 0 (0.0 B) host-local and 0 (0.0 B) push-merged-local and 0 (0.0 B) remote blocks
2026-08-09 23:12:12,386 INFO storage.ShuffleBlockFetcherIterator: Started 0 remote fetches in 0 ms
2026-08-09 23:12:12,387 INFO executor.Executor: Finished task 24.0 in stage 15.0 (TID 111). 6616 bytes result sent to driver
2026-08-09 23:12:12,387 INFO scheduler.TaskSetManager: Starting task 25.0 in stage 15.0 (TID 114) (10.0.0.215, executor driver, partition 25, NODE_LOCAL, 4271 bytes) taskResourceAssignments Map()
2026-08-09 23:12:12,390 INFO executor.Executor: Running task 25.0 in stage 15.0 (TID 114)
2026-08-09 23:12:12,391 INFO scheduler.TaskSetManager: Finished task 24.0 in stage 15.0 (TID 111) in 13 ms on 10.0.0.215 (executor driver) (25/40)
2026-08-09 23:12:12,391 INFO executor.Executor: Finished task 15.0 in stage 13.0 (TID 109). 8290 bytes result sent to driver
2026-08-09 23:12:12,392 INFO storage.ShuffleBlockFetcherIterator: Getting 2 (35.1 KiB) non-empty blocks including 2 (35.1 KiB) local and 0 (0.0 B) host-local and 0 (0.0 B) push-merged-local and 0 (0.0 B) remote blocks
2026-08-09 23:12:12,392 INFO storage.ShuffleBlockFetcherIterator: Started 0 remote fetches in 0 ms
2026-08-09 23:12:12,392 INFO scheduler.TaskSetManager: Starting task 16.0 in stage 13.0 (TID 115) (10.0.0.215, executor driver, partition 16, NODE_LOCAL, 4271 bytes) taskResourceAssignments Map()
2026-08-09 23:12:12,393 INFO executor.Executor: Running task 16.0 in stage 13.0 (TID 115)
2026-08-09 23:12:12,394 INFO executor.Executor: Finished task 24.0 in stage 19.0 (TID 113). 6137 bytes result sent to driver
2026-08-09 23:12:12,394 INFO scheduler.TaskSetManager: Finished task 15.0 in stage 13.0 (TID 109) in 20 ms on 10.0.0.215 (executor driver) (16/20)
2026-08-09 23:12:12,395 INFO storage.BlockManagerInfo: Removed broadcast_28_piece0 on 10.0.0.215:64239 in memory (size: 3.0 KiB, free: 2.2 GiB)
2026-08-09 23:12:12,395 INFO scheduler.TaskSetManager: Starting task 25.0 in stage 19.0 (TID 116) (10.0.0.215, executor driver, partition 25, NODE_LOCAL, 4271 bytes) taskResourceAssignments Map()
2026-08-09 23:12:12,395 INFO storage.ShuffleBlockFetcherIterator: Getting 2 (72.7 KiB) non-empty blocks including 2 (72.7 KiB) local and 0 (0.0 B) host-local and 0 (0.0 B) push-merged-local and 0 (0.0 B) remote blocks
2026-08-09 23:12:12,395 INFO storage.ShuffleBlockFetcherIterator: Started 0 remote fetches in 0 ms
2026-08-09 23:12:12,396 INFO executor.Executor: Running task 25.0 in stage 19.0 (TID 116)
2026-08-09 23:12:12,397 INFO scheduler.TaskSetManager: Finished task 24.0 in stage 19.0 (TID 113) in 13 ms on 10.0.0.215 (executor driver) (25/40)
2026-08-09 23:12:12,397 INFO executor.Executor: Finished task 25.0 in stage 15.0 (TID 114). 6476 bytes result sent to driver
2026-08-09 23:12:12,397 INFO scheduler.TaskSetManager: Starting task 26.0 in stage 15.0 (TID 117) (10.0.0.215, executor driver, partition 26, NODE_LOCAL, 4271 bytes) taskResourceAssignments Map()
2026-08-09 23:12:12,398 INFO scheduler.TaskSetManager: Finished task 25.0 in stage 15.0 (TID 114) in 11 ms on 10.0.0.215 (executor driver) (26/40)
2026-08-09 23:12:12,398 INFO executor.Executor: Running task 26.0 in stage 15.0 (TID 117)
2026-08-09 23:12:12,398 INFO storage.ShuffleBlockFetcherIterator: Getting 2 (35.1 KiB) non-empty blocks including 2 (35.1 KiB) local and 0 (0.0 B) host-local and 0 (0.0 B) push-merged-local and 0 (0.0 B) remote blocks
2026-08-09 23:12:12,398 INFO storage.ShuffleBlockFetcherIterator: Started 0 remote fetches in 0 ms
2026-08-09 23:12:12,399 INFO memory.MemoryStore: Block broadcast_31 stored as values in memory (estimated size 164.6 KiB, free 2.2 GiB)
2026-08-09 23:12:12,399 INFO storage.ShuffleBlockFetcherIterator: Getting 2 (43.6 KiB) non-empty blocks including 2 (43.6 KiB) local and 0 (0.0 B) host-local and 0 (0.0 B) push-merged-local and 0 (0.0 B) remote blocks
2026-08-09 23:12:12,399 INFO storage.ShuffleBlockFetcherIterator: Started 0 remote fetches in 0 ms
2026-08-09 23:12:12,403 INFO memory.MemoryStore: Block broadcast_31_piece0 stored as bytes in memory (estimated size 31.1 KiB, free 2.2 GiB)
2026-08-09 23:12:12,403 INFO storage.BlockManagerInfo: Added broadcast_31_piece0 in memory on 10.0.0.215:64239 (size: 31.1 KiB, free: 2.2 GiB)
2026-08-09 23:12:12,403 INFO spark.SparkContext: Created broadcast 31 from broadcast at EnsemblePredictor.scala:28
2026-08-09 23:12:12,404 INFO executor.Executor: Finished task 25.0 in stage 19.0 (TID 116). 6094 bytes result sent to driver
2026-08-09 23:12:12,405 INFO scheduler.TaskSetManager: Starting task 26.0 in stage 19.0 (TID 118) (10.0.0.215, executor driver, partition 26, NODE_LOCAL, 4271 bytes) taskResourceAssignments Map()
2026-08-09 23:12:12,405 INFO executor.Executor: Running task 26.0 in stage 19.0 (TID 118)
2026-08-09 23:12:12,405 INFO scheduler.TaskSetManager: Finished task 25.0 in stage 19.0 (TID 116) in 10 ms on 10.0.0.215 (executor driver) (26/40)
2026-08-09 23:12:12,406 INFO storage.ShuffleBlockFetcherIterator: Getting 2 (43.6 KiB) non-empty blocks including 2 (43.6 KiB) local and 0 (0.0 B) host-local and 0 (0.0 B) push-merged-local and 0 (0.0 B) remote blocks
2026-08-09 23:12:12,406 INFO storage.ShuffleBlockFetcherIterator: Started 0 remote fetches in 0 ms
2026-08-09 23:12:12,408 INFO executor.Executor: Finished task 16.0 in stage 13.0 (TID 115). 7854 bytes result sent to driver
2026-08-09 23:12:12,409 INFO executor.Executor: Finished task 26.0 in stage 15.0 (TID 117). 6756 bytes result sent to driver
2026-08-09 23:12:12,409 INFO scheduler.TaskSetManager: Starting task 17.0 in stage 13.0 (TID 119) (10.0.0.215, executor driver, partition 17, NODE_LOCAL, 4271 bytes) taskResourceAssignments Map()
2026-08-09 23:12:12,409 INFO scheduler.TaskSetManager: Starting task 27.0 in stage 15.0 (TID 120) (10.0.0.215, executor driver, partition 27, NODE_LOCAL, 4271 bytes) taskResourceAssignments Map()
2026-08-09 23:12:12,409 INFO executor.Executor: Running task 17.0 in stage 13.0 (TID 119)
2026-08-09 23:12:12,409 INFO scheduler.TaskSetManager: Finished task 16.0 in stage 13.0 (TID 115) in 17 ms on 10.0.0.215 (executor driver) (17/20)
2026-08-09 23:12:12,409 INFO executor.Executor: Running task 27.0 in stage 15.0 (TID 120)
2026-08-09 23:12:12,410 INFO scheduler.TaskSetManager: Finished task 26.0 in stage 15.0 (TID 117) in 13 ms on 10.0.0.215 (executor driver) (27/40)
2026-08-09 23:12:12,411 INFO storage.ShuffleBlockFetcherIterator: Getting 2 (75.3 KiB) non-empty blocks including 2 (75.3 KiB) local and 0 (0.0 B) host-local and 0 (0.0 B) push-merged-local and 0 (0.0 B) remote blocks
2026-08-09 23:12:12,411 INFO storage.ShuffleBlockFetcherIterator: Started 0 remote fetches in 0 ms
2026-08-09 23:12:12,411 INFO executor.Executor: Finished task 1.0 in stage 21.0 (TID 112). 9232 bytes result sent to driver
2026-08-09 23:12:12,412 INFO scheduler.TaskSetManager: Starting task 2.0 in stage 21.0 (TID 121) (10.0.0.215, executor driver, partition 2, NODE_LOCAL, 4271 bytes) taskResourceAssignments Map()
2026-08-09 23:12:12,412 INFO executor.Executor: Running task 2.0 in stage 21.0 (TID 121)
2026-08-09 23:12:12,413 INFO storage.ShuffleBlockFetcherIterator: Getting 2 (38.6 KiB) non-empty blocks including 2 (38.6 KiB) local and 0 (0.0 B) host-local and 0 (0.0 B) push-merged-local and 0 (0.0 B) remote blocks
2026-08-09 23:12:12,413 INFO storage.ShuffleBlockFetcherIterator: Started 0 remote fetches in 0 ms
2026-08-09 23:12:12,413 INFO spark.SparkContext: Starting job: count at Metrics.scala:12
2026-08-09 23:12:12,413 INFO scheduler.DAGScheduler: Got job 24 (count at Metrics.scala:12) with 2 output partitions
2026-08-09 23:12:12,413 INFO scheduler.DAGScheduler: Final stage: ResultStage 36 (count at Metrics.scala:12)
2026-08-09 23:12:12,413 INFO scheduler.DAGScheduler: Parents of final stage: List()
2026-08-09 23:12:12,414 INFO scheduler.TaskSetManager: Finished task 1.0 in stage 21.0 (TID 112) in 32 ms on 10.0.0.215 (executor driver) (2/10)
2026-08-09 23:12:12,414 INFO executor.Executor: Finished task 26.0 in stage 19.0 (TID 118). 6051 bytes result sent to driver
2026-08-09 23:12:12,414 INFO scheduler.DAGScheduler: Missing parents: List()
2026-08-09 23:12:12,415 INFO scheduler.DAGScheduler: Submitting ResultStage 36 (MapPartitionsRDD[61] at map at EnsembleExperiment.scala:28), which has no missing parents
2026-08-09 23:12:12,415 INFO scheduler.TaskSetManager: Starting task 27.0 in stage 19.0 (TID 122) (10.0.0.215, executor driver, partition 27, NODE_LOCAL, 4271 bytes) taskResourceAssignments Map()
2026-08-09 23:12:12,415 INFO storage.ShuffleBlockFetcherIterator: Getting 2 (141.6 KiB) non-empty blocks including 2 (141.6 KiB) local and 0 (0.0 B) host-local and 0 (0.0 B) push-merged-local and 0 (0.0 B) remote blocks
2026-08-09 23:12:12,415 INFO storage.ShuffleBlockFetcherIterator: Started 0 remote fetches in 0 ms
2026-08-09 23:12:12,416 INFO memory.MemoryStore: Block broadcast_32 stored as values in memory (estimated size 38.2 KiB, free 2.2 GiB)
2026-08-09 23:12:12,416 INFO memory.MemoryStore: Block broadcast_32_piece0 stored as bytes in memory (estimated size 12.0 KiB, free 2.2 GiB)
2026-08-09 23:12:12,416 INFO executor.Executor: Running task 27.0 in stage 19.0 (TID 122)
2026-08-09 23:12:12,417 INFO storage.BlockManagerInfo: Added broadcast_32_piece0 in memory on 10.0.0.215:64239 (size: 12.0 KiB, free: 2.2 GiB)
2026-08-09 23:12:12,417 INFO scheduler.TaskSetManager: Finished task 26.0 in stage 19.0 (TID 118) in 12 ms on 10.0.0.215 (executor driver) (27/40)
2026-08-09 23:12:12,417 INFO spark.SparkContext: Created broadcast 32 from broadcast at DAGScheduler.scala:1513
2026-08-09 23:12:12,418 INFO scheduler.DAGScheduler: Submitting 2 missing tasks from ResultStage 36 (MapPartitionsRDD[61] at map at EnsembleExperiment.scala:28) (first 15 tasks are for partitions Vector(0, 1))
2026-08-09 23:12:12,418 INFO scheduler.TaskSchedulerImpl: Adding task set 36.0 with 2 tasks resource profile 0
2026-08-09 23:12:12,418 INFO scheduler.FairSchedulableBuilder: Added task set TaskSet_36.0 tasks to pool default
2026-08-09 23:12:12,419 INFO executor.Executor: Finished task 17.0 in stage 13.0 (TID 119). 7784 bytes result sent to driver
2026-08-09 23:12:12,419 INFO scheduler.TaskSetManager: Starting task 18.0 in stage 13.0 (TID 123) (10.0.0.215, executor driver, partition 18, NODE_LOCAL, 4271 bytes) taskResourceAssignments Map()
2026-08-09 23:12:12,419 INFO storage.ShuffleBlockFetcherIterator: Getting 2 (38.6 KiB) non-empty blocks including 2 (38.6 KiB) local and 0 (0.0 B) host-local and 0 (0.0 B) push-merged-local and 0 (0.0 B) remote blocks
2026-08-09 23:12:12,419 INFO storage.ShuffleBlockFetcherIterator: Started 0 remote fetches in 0 ms
2026-08-09 23:12:12,419 INFO executor.Executor: Running task 18.0 in stage 13.0 (TID 123)
2026-08-09 23:12:12,419 INFO scheduler.TaskSetManager: Finished task 17.0 in stage 13.0 (TID 119) in 10 ms on 10.0.0.215 (executor driver) (18/20)
2026-08-09 23:12:12,421 INFO executor.Executor: Finished task 27.0 in stage 15.0 (TID 120). 6939 bytes result sent to driver
2026-08-09 23:12:12,421 INFO scheduler.TaskSetManager: Starting task 28.0 in stage 15.0 (TID 124) (10.0.0.215, executor driver, partition 28, NODE_LOCAL, 4271 bytes) taskResourceAssignments Map()
2026-08-09 23:12:12,422 INFO scheduler.TaskSetManager: Finished task 27.0 in stage 15.0 (TID 120) in 13 ms on 10.0.0.215 (executor driver) (28/40)
2026-08-09 23:12:12,422 INFO storage.ShuffleBlockFetcherIterator: Getting 2 (71.1 KiB) non-empty blocks including 2 (71.1 KiB) local and 0 (0.0 B) host-local and 0 (0.0 B) push-merged-local and 0 (0.0 B) remote blocks
2026-08-09 23:12:12,422 INFO executor.Executor: Running task 28.0 in stage 15.0 (TID 124)
2026-08-09 23:12:12,422 INFO storage.ShuffleBlockFetcherIterator: Started 0 remote fetches in 0 ms
2026-08-09 23:12:12,423 INFO storage.ShuffleBlockFetcherIterator: Getting 2 (37.3 KiB) non-empty blocks including 2 (37.3 KiB) local and 0 (0.0 B) host-local and 0 (0.0 B) push-merged-local and 0 (0.0 B) remote blocks
2026-08-09 23:12:12,423 INFO storage.ShuffleBlockFetcherIterator: Started 0 remote fetches in 0 ms
2026-08-09 23:12:12,425 INFO executor.Executor: Finished task 27.0 in stage 19.0 (TID 122). 5954 bytes result sent to driver
2026-08-09 23:12:12,426 INFO scheduler.TaskSetManager: Starting task 28.0 in stage 19.0 (TID 125) (10.0.0.215, executor driver, partition 28, NODE_LOCAL, 4271 bytes) taskResourceAssignments Map()
2026-08-09 23:12:12,426 INFO executor.Executor: Running task 28.0 in stage 19.0 (TID 125)
2026-08-09 23:12:12,426 INFO scheduler.TaskSetManager: Finished task 27.0 in stage 19.0 (TID 122) in 11 ms on 10.0.0.215 (executor driver) (28/40)
2026-08-09 23:12:12,427 INFO storage.ShuffleBlockFetcherIterator: Getting 2 (37.3 KiB) non-empty blocks including 2 (37.3 KiB) local and 0 (0.0 B) host-local and 0 (0.0 B) push-merged-local and 0 (0.0 B) remote blocks
2026-08-09 23:12:12,427 INFO storage.ShuffleBlockFetcherIterator: Started 0 remote fetches in 0 ms
2026-08-09 23:12:12,429 INFO executor.Executor: Finished task 28.0 in stage 15.0 (TID 124). 6403 bytes result sent to driver
2026-08-09 23:12:12,429 INFO scheduler.TaskSetManager: Starting task 29.0 in stage 15.0 (TID 126) (10.0.0.215, executor driver, partition 29, NODE_LOCAL, 4271 bytes) taskResourceAssignments Map()
2026-08-09 23:12:12,429 INFO executor.Executor: Running task 29.0 in stage 15.0 (TID 126)
2026-08-09 23:12:12,429 INFO scheduler.TaskSetManager: Finished task 28.0 in stage 15.0 (TID 124) in 8 ms on 10.0.0.215 (executor driver) (29/40)
2026-08-09 23:12:12,430 INFO storage.ShuffleBlockFetcherIterator: Getting 2 (38.6 KiB) non-empty blocks including 2 (38.6 KiB) local and 0 (0.0 B) host-local and 0 (0.0 B) push-merged-local and 0 (0.0 B) remote blocks
2026-08-09 23:12:12,431 INFO storage.ShuffleBlockFetcherIterator: Started 0 remote fetches in 0 ms
2026-08-09 23:12:12,431 INFO executor.Executor: Finished task 28.0 in stage 19.0 (TID 125). 5911 bytes result sent to driver
2026-08-09 23:12:12,432 INFO scheduler.TaskSetManager: Starting task 29.0 in stage 19.0 (TID 127) (10.0.0.215, executor driver, partition 29, NODE_LOCAL, 4271 bytes) taskResourceAssignments Map()
2026-08-09 23:12:12,432 INFO executor.Executor: Running task 29.0 in stage 19.0 (TID 127)
2026-08-09 23:12:12,432 INFO executor.Executor: Finished task 18.0 in stage 13.0 (TID 123). 7854 bytes result sent to driver
2026-08-09 23:12:12,432 INFO scheduler.TaskSetManager: Finished task 28.0 in stage 19.0 (TID 125) in 6 ms on 10.0.0.215 (executor driver) (29/40)
2026-08-09 23:12:12,432 INFO scheduler.TaskSetManager: Starting task 19.0 in stage 13.0 (TID 128) (10.0.0.215, executor driver, partition 19, NODE_LOCAL, 4271 bytes) taskResourceAssignments Map()
2026-08-09 23:12:12,432 INFO executor.Executor: Running task 19.0 in stage 13.0 (TID 128)
2026-08-09 23:12:12,433 INFO scheduler.TaskSetManager: Finished task 18.0 in stage 13.0 (TID 123) in 14 ms on 10.0.0.215 (executor driver) (19/20)
2026-08-09 23:12:12,434 INFO storage.ShuffleBlockFetcherIterator: Getting 2 (38.6 KiB) non-empty blocks including 2 (38.6 KiB) local and 0 (0.0 B) host-local and 0 (0.0 B) push-merged-local and 0 (0.0 B) remote blocks
2026-08-09 23:12:12,434 INFO storage.ShuffleBlockFetcherIterator: Started 0 remote fetches in 0 ms
2026-08-09 23:12:12,434 INFO executor.Executor: Finished task 2.0 in stage 21.0 (TID 121). 10386 bytes result sent to driver
2026-08-09 23:12:12,435 INFO storage.ShuffleBlockFetcherIterator: Getting 2 (85.1 KiB) non-empty blocks including 2 (85.1 KiB) local and 0 (0.0 B) host-local and 0 (0.0 B) push-merged-local and 0 (0.0 B) remote blocks
2026-08-09 23:12:12,435 INFO storage.ShuffleBlockFetcherIterator: Started 0 remote fetches in 0 ms
2026-08-09 23:12:12,435 INFO scheduler.TaskSetManager: Starting task 3.0 in stage 21.0 (TID 129) (10.0.0.215, executor driver, partition 3, NODE_LOCAL, 4271 bytes) taskResourceAssignments Map()
2026-08-09 23:12:12,435 INFO executor.Executor: Running task 3.0 in stage 21.0 (TID 129)
2026-08-09 23:12:12,436 INFO scheduler.TaskSetManager: Finished task 2.0 in stage 21.0 (TID 121) in 24 ms on 10.0.0.215 (executor driver) (3/10)
2026-08-09 23:12:12,436 INFO storage.ShuffleBlockFetcherIterator: Getting 2 (141.6 KiB) non-empty blocks including 2 (141.6 KiB) local and 0 (0.0 B) host-local and 0 (0.0 B) push-merged-local and 0 (0.0 B) remote blocks
2026-08-09 23:12:12,437 INFO storage.ShuffleBlockFetcherIterator: Started 0 remote fetches in 0 ms
2026-08-09 23:12:12,438 INFO executor.Executor: Finished task 29.0 in stage 15.0 (TID 126). 6686 bytes result sent to driver
2026-08-09 23:12:12,439 INFO scheduler.TaskSetManager: Starting task 30.0 in stage 15.0 (TID 130) (10.0.0.215, executor driver, partition 30, NODE_LOCAL, 4271 bytes) taskResourceAssignments Map()
2026-08-09 23:12:12,439 INFO executor.Executor: Finished task 29.0 in stage 19.0 (TID 127). 5954 bytes result sent to driver
2026-08-09 23:12:12,439 INFO scheduler.TaskSetManager: Starting task 30.0 in stage 19.0 (TID 131) (10.0.0.215, executor driver, partition 30, NODE_LOCAL, 4271 bytes) taskResourceAssignments Map()
2026-08-09 23:12:12,439 INFO executor.Executor: Running task 30.0 in stage 15.0 (TID 130)
2026-08-09 23:12:12,439 INFO executor.Executor: Running task 30.0 in stage 19.0 (TID 131)
2026-08-09 23:12:12,440 INFO scheduler.TaskSetManager: Finished task 29.0 in stage 15.0 (TID 126) in 11 ms on 10.0.0.215 (executor driver) (30/40)
2026-08-09 23:12:12,441 INFO scheduler.TaskSetManager: Finished task 29.0 in stage 19.0 (TID 127) in 10 ms on 10.0.0.215 (executor driver) (30/40)
2026-08-09 23:12:12,442 INFO storage.ShuffleBlockFetcherIterator: Getting 2 (32.8 KiB) non-empty blocks including 2 (32.8 KiB) local and 0 (0.0 B) host-local and 0 (0.0 B) push-merged-local and 0 (0.0 B) remote blocks
2026-08-09 23:12:12,442 INFO storage.ShuffleBlockFetcherIterator: Started 0 remote fetches in 0 ms
2026-08-09 23:12:12,442 INFO storage.ShuffleBlockFetcherIterator: Getting 2 (32.8 KiB) non-empty blocks including 2 (32.8 KiB) local and 0 (0.0 B) host-local and 0 (0.0 B) push-merged-local and 0 (0.0 B) remote blocks
2026-08-09 23:12:12,442 INFO storage.ShuffleBlockFetcherIterator: Started 0 remote fetches in 0 ms
2026-08-09 23:12:12,445 INFO executor.Executor: Finished task 19.0 in stage 13.0 (TID 128). 7924 bytes result sent to driver
2026-08-09 23:12:12,446 INFO scheduler.TaskSetManager: Starting task 0.0 in stage 22.0 (TID 132) (10.0.0.215, executor driver, partition 0, PROCESS_LOCAL, 5018 bytes) taskResourceAssignments Map()
2026-08-09 23:12:12,446 INFO executor.Executor: Running task 0.0 in stage 22.0 (TID 132)
2026-08-09 23:12:12,446 INFO scheduler.TaskSetManager: Finished task 19.0 in stage 13.0 (TID 128) in 14 ms on 10.0.0.215 (executor driver) (20/20)
2026-08-09 23:12:12,446 INFO scheduler.TaskSchedulerImpl: Removed TaskSet 13.0, whose tasks have all completed, from pool default
2026-08-09 23:12:12,446 INFO executor.Executor: Finished task 30.0 in stage 19.0 (TID 131). 6024 bytes result sent to driver
2026-08-09 23:12:12,447 INFO executor.Executor: Finished task 30.0 in stage 15.0 (TID 130). 6659 bytes result sent to driver
2026-08-09 23:12:12,447 INFO scheduler.TaskSetManager: Starting task 31.0 in stage 19.0 (TID 133) (10.0.0.215, executor driver, partition 31, NODE_LOCAL, 4271 bytes) taskResourceAssignments Map()
2026-08-09 23:12:12,447 INFO scheduler.DAGScheduler: ResultStage 13 (collect at EnsembleTrainer.scala:80) finished in 0.579 s
2026-08-09 23:12:12,447 INFO scheduler.TaskSetManager: Starting task 31.0 in stage 15.0 (TID 134) (10.0.0.215, executor driver, partition 31, NODE_LOCAL, 4271 bytes) taskResourceAssignments Map()
2026-08-09 23:12:12,447 INFO scheduler.TaskSetManager: Finished task 30.0 in stage 19.0 (TID 131) in 8 ms on 10.0.0.215 (executor driver) (31/40)
2026-08-09 23:12:12,447 INFO executor.Executor: Running task 31.0 in stage 19.0 (TID 133)
2026-08-09 23:12:12,447 INFO scheduler.DAGScheduler: Job 13 is finished. Cancelling potential speculative or zombie tasks for this job
2026-08-09 23:12:12,447 INFO scheduler.TaskSchedulerImpl: Killing all running tasks in stage 13: Stage finished
2026-08-09 23:12:12,447 INFO executor.Executor: Running task 31.0 in stage 15.0 (TID 134)
2026-08-09 23:12:12,448 INFO scheduler.DAGScheduler: Job 13 finished: collect at EnsembleTrainer.scala:80, took 0.754937 s
2026-08-09 23:12:12,449 INFO storage.BlockManager: Found block rdd_8_0 locally
2026-08-09 23:12:12,449 INFO storage.ShuffleBlockFetcherIterator: Getting 2 (41.0 KiB) non-empty blocks including 2 (41.0 KiB) local and 0 (0.0 B) host-local and 0 (0.0 B) push-merged-local and 0 (0.0 B) remote blocks
2026-08-09 23:12:12,449 INFO storage.ShuffleBlockFetcherIterator: Started 0 remote fetches in 0 ms
2026-08-09 23:12:12,449 INFO scheduler.TaskSetManager: Finished task 30.0 in stage 15.0 (TID 130) in 11 ms on 10.0.0.215 (executor driver) (31/40)
2026-08-09 23:12:12,450 INFO storage.ShuffleBlockFetcherIterator: Getting 2 (41.0 KiB) non-empty blocks including 2 (41.0 KiB) local and 0 (0.0 B) host-local and 0 (0.0 B) push-merged-local and 0 (0.0 B) remote blocks
2026-08-09 23:12:12,450 INFO storage.ShuffleBlockFetcherIterator: Started 0 remote fetches in 0 ms
2026-08-09 23:12:12,452 INFO executor.Executor: Finished task 3.0 in stage 21.0 (TID 129). 9781 bytes result sent to driver
2026-08-09 23:12:12,452 INFO executor.Executor: Finished task 31.0 in stage 19.0 (TID 133). 5981 bytes result sent to driver
2026-08-09 23:12:12,453 INFO scheduler.TaskSetManager: Starting task 4.0 in stage 21.0 (TID 135) (10.0.0.215, executor driver, partition 4, NODE_LOCAL, 4271 bytes) taskResourceAssignments Map()
2026-08-09 23:12:12,453 INFO scheduler.TaskSetManager: Starting task 32.0 in stage 19.0 (TID 136) (10.0.0.215, executor driver, partition 32, NODE_LOCAL, 4271 bytes) taskResourceAssignments Map()
2026-08-09 23:12:12,453 INFO executor.Executor: Running task 4.0 in stage 21.0 (TID 135)
2026-08-09 23:12:12,453 INFO scheduler.TaskSetManager: Finished task 3.0 in stage 21.0 (TID 129) in 18 ms on 10.0.0.215 (executor driver) (4/10)
2026-08-09 23:12:12,453 INFO executor.Executor: Running task 32.0 in stage 19.0 (TID 136)
2026-08-09 23:12:12,454 INFO scheduler.TaskSetManager: Finished task 31.0 in stage 19.0 (TID 133) in 7 ms on 10.0.0.215 (executor driver) (32/40)
2026-08-09 23:12:12,455 INFO storage.ShuffleBlockFetcherIterator: Getting 2 (34.5 KiB) non-empty blocks including 2 (34.5 KiB) local and 0 (0.0 B) host-local and 0 (0.0 B) push-merged-local and 0 (0.0 B) remote blocks
2026-08-09 23:12:12,455 INFO storage.ShuffleBlockFetcherIterator: Started 0 remote fetches in 0 ms
2026-08-09 23:12:12,455 INFO executor.Executor: Finished task 31.0 in stage 15.0 (TID 134). 6799 bytes result sent to driver
2026-08-09 23:12:12,456 INFO storage.ShuffleBlockFetcherIterator: Getting 2 (146.8 KiB) non-empty blocks including 2 (146.8 KiB) local and 0 (0.0 B) host-local and 0 (0.0 B) push-merged-local and 0 (0.0 B) remote blocks
2026-08-09 23:12:12,456 INFO storage.ShuffleBlockFetcherIterator: Started 0 remote fetches in 0 ms
2026-08-09 23:12:12,456 INFO scheduler.TaskSetManager: Starting task 32.0 in stage 15.0 (TID 137) (10.0.0.215, executor driver, partition 32, NODE_LOCAL, 4271 bytes) taskResourceAssignments Map()
2026-08-09 23:12:12,457 INFO executor.Executor: Running task 32.0 in stage 15.0 (TID 137)
2026-08-09 23:12:12,458 INFO scheduler.TaskSetManager: Finished task 31.0 in stage 15.0 (TID 134) in 11 ms on 10.0.0.215 (executor driver) (32/40)
2026-08-09 23:12:12,459 INFO memory.MemoryStore: Block broadcast_33 stored as values in memory (estimated size 214.3 KiB, free 2.2 GiB)
2026-08-09 23:12:12,460 INFO storage.ShuffleBlockFetcherIterator: Getting 2 (34.5 KiB) non-empty blocks including 2 (34.5 KiB) local and 0 (0.0 B) host-local and 0 (0.0 B) push-merged-local and 0 (0.0 B) remote blocks
2026-08-09 23:12:12,460 INFO storage.ShuffleBlockFetcherIterator: Started 0 remote fetches in 0 ms
2026-08-09 23:12:12,461 INFO executor.Executor: Finished task 32.0 in stage 19.0 (TID 136). 5981 bytes result sent to driver
2026-08-09 23:12:12,462 INFO scheduler.TaskSetManager: Starting task 33.0 in stage 19.0 (TID 138) (10.0.0.215, executor driver, partition 33, NODE_LOCAL, 4271 bytes) taskResourceAssignments Map()
2026-08-09 23:12:12,462 INFO executor.Executor: Running task 33.0 in stage 19.0 (TID 138)
2026-08-09 23:12:12,462 INFO scheduler.TaskSetManager: Finished task 32.0 in stage 19.0 (TID 136) in 9 ms on 10.0.0.215 (executor driver) (33/40)
2026-08-09 23:12:12,464 INFO memory.MemoryStore: Block broadcast_33_piece0 stored as bytes in memory (estimated size 52.1 KiB, free 2.2 GiB)
2026-08-09 23:12:12,464 INFO storage.BlockManagerInfo: Added broadcast_33_piece0 in memory on 10.0.0.215:64239 (size: 52.1 KiB, free: 2.2 GiB)
2026-08-09 23:12:12,464 INFO spark.SparkContext: Created broadcast 33 from broadcast at EnsemblePredictor.scala:28
2026-08-09 23:12:12,464 INFO storage.ShuffleBlockFetcherIterator: Getting 2 (39.7 KiB) non-empty blocks including 2 (39.7 KiB) local and 0 (0.0 B) host-local and 0 (0.0 B) push-merged-local and 0 (0.0 B) remote blocks
2026-08-09 23:12:12,464 INFO storage.ShuffleBlockFetcherIterator: Started 0 remote fetches in 0 ms
2026-08-09 23:12:12,468 INFO executor.Executor: Finished task 32.0 in stage 15.0 (TID 137). 6376 bytes result sent to driver
2026-08-09 23:12:12,468 INFO scheduler.TaskSetManager: Starting task 33.0 in stage 15.0 (TID 139) (10.0.0.215, executor driver, partition 33, NODE_LOCAL, 4271 bytes) taskResourceAssignments Map()
2026-08-09 23:12:12,469 INFO scheduler.TaskSetManager: Finished task 32.0 in stage 15.0 (TID 137) in 13 ms on 10.0.0.215 (executor driver) (33/40)
2026-08-09 23:12:12,469 INFO executor.Executor: Running task 33.0 in stage 15.0 (TID 139)
2026-08-09 23:12:12,470 INFO executor.Executor: Finished task 33.0 in stage 19.0 (TID 138). 6024 bytes result sent to driver
2026-08-09 23:12:12,470 INFO storage.ShuffleBlockFetcherIterator: Getting 2 (39.7 KiB) non-empty blocks including 2 (39.7 KiB) local and 0 (0.0 B) host-local and 0 (0.0 B) push-merged-local and 0 (0.0 B) remote blocks
2026-08-09 23:12:12,470 INFO storage.ShuffleBlockFetcherIterator: Started 0 remote fetches in 0 ms
2026-08-09 23:12:12,471 INFO scheduler.TaskSetManager: Starting task 34.0 in stage 19.0 (TID 140) (10.0.0.215, executor driver, partition 34, NODE_LOCAL, 4271 bytes) taskResourceAssignments Map()
2026-08-09 23:12:12,471 INFO scheduler.TaskSetManager: Finished task 33.0 in stage 19.0 (TID 138) in 10 ms on 10.0.0.215 (executor driver) (34/40)
2026-08-09 23:12:12,471 INFO executor.Executor: Running task 34.0 in stage 19.0 (TID 140)
2026-08-09 23:12:12,472 INFO spark.SparkContext: Starting job: count at Metrics.scala:12
2026-08-09 23:12:12,472 INFO scheduler.DAGScheduler: Got job 25 (count at Metrics.scala:12) with 2 output partitions
2026-08-09 23:12:12,472 INFO scheduler.DAGScheduler: Final stage: ResultStage 37 (count at Metrics.scala:12)
2026-08-09 23:12:12,472 INFO scheduler.DAGScheduler: Parents of final stage: List()
2026-08-09 23:12:12,473 INFO scheduler.DAGScheduler: Missing parents: List()
2026-08-09 23:12:12,473 INFO storage.ShuffleBlockFetcherIterator: Getting 2 (38.6 KiB) non-empty blocks including 2 (38.6 KiB) local and 0 (0.0 B) host-local and 0 (0.0 B) push-merged-local and 0 (0.0 B) remote blocks
2026-08-09 23:12:12,473 INFO storage.ShuffleBlockFetcherIterator: Started 0 remote fetches in 0 ms
2026-08-09 23:12:12,473 INFO scheduler.DAGScheduler: Submitting ResultStage 37 (MapPartitionsRDD[63] at map at EnsembleExperiment.scala:28), which has no missing parents
2026-08-09 23:12:12,475 INFO memory.MemoryStore: Block broadcast_34 stored as values in memory (estimated size 38.2 KiB, free 2.2 GiB)
2026-08-09 23:12:12,475 INFO memory.MemoryStore: Block broadcast_34_piece0 stored as bytes in memory (estimated size 12.0 KiB, free 2.2 GiB)
2026-08-09 23:12:12,476 INFO storage.BlockManagerInfo: Added broadcast_34_piece0 in memory on 10.0.0.215:64239 (size: 12.0 KiB, free: 2.2 GiB)
2026-08-09 23:12:12,476 INFO spark.SparkContext: Created broadcast 34 from broadcast at DAGScheduler.scala:1513
2026-08-09 23:12:12,476 INFO scheduler.DAGScheduler: Submitting 2 missing tasks from ResultStage 37 (MapPartitionsRDD[63] at map at EnsembleExperiment.scala:28) (first 15 tasks are for partitions Vector(0, 1))
2026-08-09 23:12:12,476 INFO scheduler.TaskSchedulerImpl: Adding task set 37.0 with 2 tasks resource profile 0
2026-08-09 23:12:12,476 INFO executor.Executor: Finished task 0.0 in stage 22.0 (TID 132). 1912 bytes result sent to driver
2026-08-09 23:12:12,476 INFO scheduler.FairSchedulableBuilder: Added task set TaskSet_37.0 tasks to pool default
2026-08-09 23:12:12,477 INFO scheduler.TaskSetManager: Starting task 1.0 in stage 22.0 (TID 141) (10.0.0.215, executor driver, partition 1, PROCESS_LOCAL, 5018 bytes) taskResourceAssignments Map()
2026-08-09 23:12:12,477 INFO scheduler.TaskSetManager: Finished task 0.0 in stage 22.0 (TID 132) in 31 ms on 10.0.0.215 (executor driver) (1/2)
2026-08-09 23:12:12,477 INFO executor.Executor: Running task 1.0 in stage 22.0 (TID 141)
2026-08-09 23:12:12,478 INFO executor.Executor: Finished task 33.0 in stage 15.0 (TID 139). 6729 bytes result sent to driver
2026-08-09 23:12:12,478 INFO scheduler.TaskSetManager: Starting task 34.0 in stage 15.0 (TID 142) (10.0.0.215, executor driver, partition 34, NODE_LOCAL, 4271 bytes) taskResourceAssignments Map()
2026-08-09 23:12:12,479 INFO executor.Executor: Running task 34.0 in stage 15.0 (TID 142)
2026-08-09 23:12:12,479 INFO executor.Executor: Finished task 34.0 in stage 19.0 (TID 140). 5911 bytes result sent to driver
2026-08-09 23:12:12,479 INFO storage.BlockManager: Found block rdd_8_1 locally
2026-08-09 23:12:12,479 INFO executor.Executor: Finished task 4.0 in stage 21.0 (TID 135). 9894 bytes result sent to driver
2026-08-09 23:12:12,479 INFO scheduler.TaskSetManager: Starting task 35.0 in stage 19.0 (TID 143) (10.0.0.215, executor driver, partition 35, NODE_LOCAL, 4271 bytes) taskResourceAssignments Map()
2026-08-09 23:12:12,480 INFO scheduler.TaskSetManager: Finished task 33.0 in stage 15.0 (TID 139) in 11 ms on 10.0.0.215 (executor driver) (34/40)
2026-08-09 23:12:12,480 INFO scheduler.TaskSetManager: Starting task 5.0 in stage 21.0 (TID 144) (10.0.0.215, executor driver, partition 5, NODE_LOCAL, 4271 bytes) taskResourceAssignments Map()
2026-08-09 23:12:12,480 INFO storage.ShuffleBlockFetcherIterator: Getting 2 (38.6 KiB) non-empty blocks including 2 (38.6 KiB) local and 0 (0.0 B) host-local and 0 (0.0 B) push-merged-local and 0 (0.0 B) remote blocks
2026-08-09 23:12:12,480 INFO storage.ShuffleBlockFetcherIterator: Started 0 remote fetches in 0 ms
2026-08-09 23:12:12,480 INFO scheduler.TaskSetManager: Finished task 34.0 in stage 19.0 (TID 140) in 9 ms on 10.0.0.215 (executor driver) (35/40)
2026-08-09 23:12:12,480 INFO executor.Executor: Running task 35.0 in stage 19.0 (TID 143)
2026-08-09 23:12:12,481 INFO executor.Executor: Running task 5.0 in stage 21.0 (TID 144)
2026-08-09 23:12:12,482 INFO scheduler.TaskSetManager: Finished task 4.0 in stage 21.0 (TID 135) in 30 ms on 10.0.0.215 (executor driver) (5/10)
2026-08-09 23:12:12,483 INFO storage.ShuffleBlockFetcherIterator: Getting 2 (42.5 KiB) non-empty blocks including 2 (42.5 KiB) local and 0 (0.0 B) host-local and 0 (0.0 B) push-merged-local and 0 (0.0 B) remote blocks
2026-08-09 23:12:12,483 INFO storage.ShuffleBlockFetcherIterator: Started 0 remote fetches in 0 ms
2026-08-09 23:12:12,483 INFO storage.ShuffleBlockFetcherIterator: Getting 2 (155.8 KiB) non-empty blocks including 2 (155.8 KiB) local and 0 (0.0 B) host-local and 0 (0.0 B) push-merged-local and 0 (0.0 B) remote blocks
2026-08-09 23:12:12,483 INFO storage.ShuffleBlockFetcherIterator: Started 0 remote fetches in 0 ms
2026-08-09 23:12:12,487 INFO executor.Executor: Finished task 34.0 in stage 15.0 (TID 142). 6799 bytes result sent to driver
2026-08-09 23:12:12,487 INFO scheduler.TaskSetManager: Starting task 35.0 in stage 15.0 (TID 145) (10.0.0.215, executor driver, partition 35, NODE_LOCAL, 4271 bytes) taskResourceAssignments Map()
2026-08-09 23:12:12,488 INFO executor.Executor: Running task 35.0 in stage 15.0 (TID 145)
2026-08-09 23:12:12,488 INFO executor.Executor: Finished task 35.0 in stage 19.0 (TID 143). 6024 bytes result sent to driver
2026-08-09 23:12:12,488 INFO scheduler.TaskSetManager: Starting task 36.0 in stage 19.0 (TID 146) (10.0.0.215, executor driver, partition 36, NODE_LOCAL, 4271 bytes) taskResourceAssignments Map()
2026-08-09 23:12:12,488 INFO scheduler.TaskSetManager: Finished task 34.0 in stage 15.0 (TID 142) in 10 ms on 10.0.0.215 (executor driver) (35/40)
2026-08-09 23:12:12,489 INFO executor.Executor: Running task 36.0 in stage 19.0 (TID 146)
2026-08-09 23:12:12,489 INFO storage.ShuffleBlockFetcherIterator: Getting 2 (42.5 KiB) non-empty blocks including 2 (42.5 KiB) local and 0 (0.0 B) host-local and 0 (0.0 B) push-merged-local and 0 (0.0 B) remote blocks
2026-08-09 23:12:12,489 INFO storage.ShuffleBlockFetcherIterator: Started 0 remote fetches in 0 ms
2026-08-09 23:12:12,489 INFO scheduler.TaskSetManager: Finished task 35.0 in stage 19.0 (TID 143) in 10 ms on 10.0.0.215 (executor driver) (36/40)
2026-08-09 23:12:12,490 INFO storage.ShuffleBlockFetcherIterator: Getting 2 (36.1 KiB) non-empty blocks including 2 (36.1 KiB) local and 0 (0.0 B) host-local and 0 (0.0 B) push-merged-local and 0 (0.0 B) remote blocks
2026-08-09 23:12:12,490 INFO storage.ShuffleBlockFetcherIterator: Started 0 remote fetches in 0 ms
2026-08-09 23:12:12,494 INFO executor.Executor: Finished task 36.0 in stage 19.0 (TID 146). 6094 bytes result sent to driver
2026-08-09 23:12:12,494 INFO executor.Executor: Finished task 35.0 in stage 15.0 (TID 145). 6546 bytes result sent to driver
2026-08-09 23:12:12,494 INFO scheduler.TaskSetManager: Starting task 37.0 in stage 19.0 (TID 147) (10.0.0.215, executor driver, partition 37, NODE_LOCAL, 4271 bytes) taskResourceAssignments Map()
2026-08-09 23:12:12,494 INFO scheduler.TaskSetManager: Starting task 36.0 in stage 15.0 (TID 148) (10.0.0.215, executor driver, partition 36, NODE_LOCAL, 4271 bytes) taskResourceAssignments Map()
2026-08-09 23:12:12,495 INFO executor.Executor: Running task 37.0 in stage 19.0 (TID 147)
2026-08-09 23:12:12,495 INFO scheduler.TaskSetManager: Finished task 36.0 in stage 19.0 (TID 146) in 7 ms on 10.0.0.215 (executor driver) (37/40)
2026-08-09 23:12:12,495 INFO executor.Executor: Running task 36.0 in stage 15.0 (TID 148)
2026-08-09 23:12:12,495 INFO scheduler.TaskSetManager: Finished task 35.0 in stage 15.0 (TID 145) in 8 ms on 10.0.0.215 (executor driver) (36/40)
2026-08-09 23:12:12,496 INFO executor.Executor: Finished task 1.0 in stage 22.0 (TID 141). 1912 bytes result sent to driver
2026-08-09 23:12:12,496 INFO storage.ShuffleBlockFetcherIterator: Getting 2 (36.1 KiB) non-empty blocks including 2 (36.1 KiB) local and 0 (0.0 B) host-local and 0 (0.0 B) push-merged-local and 0 (0.0 B) remote blocks
2026-08-09 23:12:12,496 INFO storage.ShuffleBlockFetcherIterator: Started 0 remote fetches in 0 ms
2026-08-09 23:12:12,497 INFO storage.ShuffleBlockFetcherIterator: Getting 2 (40.1 KiB) non-empty blocks including 2 (40.1 KiB) local and 0 (0.0 B) host-local and 0 (0.0 B) push-merged-local and 0 (0.0 B) remote blocks
2026-08-09 23:12:12,497 INFO storage.ShuffleBlockFetcherIterator: Started 0 remote fetches in 0 ms
2026-08-09 23:12:12,498 INFO scheduler.TaskSetManager: Starting task 0.0 in stage 24.0 (TID 149) (10.0.0.215, executor driver, partition 0, PROCESS_LOCAL, 5128 bytes) taskResourceAssignments Map()
2026-08-09 23:12:12,498 INFO scheduler.TaskSetManager: Finished task 1.0 in stage 22.0 (TID 141) in 21 ms on 10.0.0.215 (executor driver) (2/2)
2026-08-09 23:12:12,498 INFO scheduler.TaskSchedulerImpl: Removed TaskSet 22.0, whose tasks have all completed, from pool default
2026-08-09 23:12:12,498 INFO executor.Executor: Running task 0.0 in stage 24.0 (TID 149)
2026-08-09 23:12:12,498 INFO scheduler.DAGScheduler: ShuffleMapStage 22 (mapPartitionsWithIndex at EnsembleTrainer.scala:60) finished in 0.717 s
2026-08-09 23:12:12,498 INFO scheduler.DAGScheduler: looking for newly runnable stages
2026-08-09 23:12:12,498 INFO scheduler.DAGScheduler: running: Set(ResultStage 15, ShuffleMapStage 30, ResultStage 19, ShuffleMapStage 34, ResultStage 37, ShuffleMapStage 32, ShuffleMapStage 24, ResultStage 21, ResultStage 36, ShuffleMapStage 28, ShuffleMapStage 26)
2026-08-09 23:12:12,498 INFO scheduler.DAGScheduler: waiting: Set(ResultStage 33, ResultStage 27, ResultStage 31, ResultStage 35, ResultStage 25, ResultStage 29, ResultStage 23)
2026-08-09 23:12:12,498 INFO scheduler.DAGScheduler: failed: Set()
2026-08-09 23:12:12,498 INFO scheduler.DAGScheduler: Submitting ResultStage 23 (MapPartitionsRDD[40] at mapPartitions at EnsembleTrainer.scala:72), which has no missing parents
2026-08-09 23:12:12,499 INFO memory.MemoryStore: Block broadcast_35 stored as values in memory (estimated size 5.4 KiB, free 2.2 GiB)
2026-08-09 23:12:12,501 INFO executor.Executor: Finished task 37.0 in stage 19.0 (TID 147). 6164 bytes result sent to driver
2026-08-09 23:12:12,502 INFO executor.Executor: Finished task 5.0 in stage 21.0 (TID 144). 10343 bytes result sent to driver
2026-08-09 23:12:12,502 INFO executor.Executor: Finished task 36.0 in stage 15.0 (TID 148). 6659 bytes result sent to driver
2026-08-09 23:12:12,502 INFO memory.MemoryStore: Block broadcast_35_piece0 stored as bytes in memory (estimated size 3.0 KiB, free 2.2 GiB)
2026-08-09 23:12:12,502 INFO scheduler.TaskSetManager: Starting task 38.0 in stage 19.0 (TID 150) (10.0.0.215, executor driver, partition 38, NODE_LOCAL, 4271 bytes) taskResourceAssignments Map()
2026-08-09 23:12:12,502 INFO storage.BlockManagerInfo: Added broadcast_35_piece0 in memory on 10.0.0.215:64239 (size: 3.0 KiB, free: 2.2 GiB)
2026-08-09 23:12:12,502 INFO spark.SparkContext: Created broadcast 35 from broadcast at DAGScheduler.scala:1513
2026-08-09 23:12:12,502 INFO scheduler.DAGScheduler: Submitting 10 missing tasks from ResultStage 23 (MapPartitionsRDD[40] at mapPartitions at EnsembleTrainer.scala:72) (first 15 tasks are for partitions Vector(0, 1, 2, 3, 4, 5, 6, 7, 8, 9))
2026-08-09 23:12:12,502 INFO executor.Executor: Running task 38.0 in stage 19.0 (TID 150)
2026-08-09 23:12:12,502 INFO storage.BlockManager: Found block rdd_8_0 locally
2026-08-09 23:12:12,502 INFO scheduler.TaskSetManager: Starting task 6.0 in stage 21.0 (TID 151) (10.0.0.215, executor driver, partition 6, NODE_LOCAL, 4271 bytes) taskResourceAssignments Map()
2026-08-09 23:12:12,502 INFO scheduler.TaskSchedulerImpl: Adding task set 23.0 with 10 tasks resource profile 0
2026-08-09 23:12:12,503 INFO executor.Executor: Running task 6.0 in stage 21.0 (TID 151)
2026-08-09 23:12:12,503 INFO scheduler.FairSchedulableBuilder: Added task set TaskSet_23.0 tasks to pool default
2026-08-09 23:12:12,503 INFO scheduler.TaskSetManager: Finished task 37.0 in stage 19.0 (TID 147) in 9 ms on 10.0.0.215 (executor driver) (38/40)
2026-08-09 23:12:12,503 INFO scheduler.TaskSetManager: Starting task 37.0 in stage 15.0 (TID 152) (10.0.0.215, executor driver, partition 37, NODE_LOCAL, 4271 bytes) taskResourceAssignments Map()
2026-08-09 23:12:12,504 INFO storage.ShuffleBlockFetcherIterator: Getting 2 (42.3 KiB) non-empty blocks including 2 (42.3 KiB) local and 0 (0.0 B) host-local and 0 (0.0 B) push-merged-local and 0 (0.0 B) remote blocks
2026-08-09 23:12:12,504 INFO storage.ShuffleBlockFetcherIterator: Started 0 remote fetches in 0 ms
2026-08-09 23:12:12,504 INFO executor.Executor: Running task 37.0 in stage 15.0 (TID 152)
2026-08-09 23:12:12,504 INFO storage.ShuffleBlockFetcherIterator: Getting 2 (146.8 KiB) non-empty blocks including 2 (146.8 KiB) local and 0 (0.0 B) host-local and 0 (0.0 B) push-merged-local and 0 (0.0 B) remote blocks
2026-08-09 23:12:12,504 INFO storage.ShuffleBlockFetcherIterator: Started 0 remote fetches in 0 ms
2026-08-09 23:12:12,506 INFO scheduler.TaskSetManager: Finished task 5.0 in stage 21.0 (TID 144) in 26 ms on 10.0.0.215 (executor driver) (6/10)
2026-08-09 23:12:12,506 INFO scheduler.TaskSetManager: Finished task 36.0 in stage 15.0 (TID 148) in 12 ms on 10.0.0.215 (executor driver) (37/40)
2026-08-09 23:12:12,507 INFO storage.ShuffleBlockFetcherIterator: Getting 2 (40.1 KiB) non-empty blocks including 2 (40.1 KiB) local and 0 (0.0 B) host-local and 0 (0.0 B) push-merged-local and 0 (0.0 B) remote blocks
2026-08-09 23:12:12,507 INFO storage.ShuffleBlockFetcherIterator: Started 0 remote fetches in 0 ms
2026-08-09 23:12:12,509 INFO executor.Executor: Finished task 38.0 in stage 19.0 (TID 150). 5911 bytes result sent to driver
2026-08-09 23:12:12,509 INFO scheduler.TaskSetManager: Starting task 39.0 in stage 19.0 (TID 153) (10.0.0.215, executor driver, partition 39, NODE_LOCAL, 4271 bytes) taskResourceAssignments Map()
2026-08-09 23:12:12,510 INFO executor.Executor: Running task 39.0 in stage 19.0 (TID 153)
2026-08-09 23:12:12,510 INFO scheduler.TaskSetManager: Finished task 38.0 in stage 19.0 (TID 150) in 8 ms on 10.0.0.215 (executor driver) (39/40)
2026-08-09 23:12:12,512 INFO storage.ShuffleBlockFetcherIterator: Getting 2 (41.0 KiB) non-empty blocks including 2 (41.0 KiB) local and 0 (0.0 B) host-local and 0 (0.0 B) push-merged-local and 0 (0.0 B) remote blocks
2026-08-09 23:12:12,512 INFO storage.ShuffleBlockFetcherIterator: Started 0 remote fetches in 0 ms
2026-08-09 23:12:12,514 INFO executor.Executor: Finished task 37.0 in stage 15.0 (TID 152). 6519 bytes result sent to driver
2026-08-09 23:12:12,514 INFO scheduler.TaskSetManager: Starting task 38.0 in stage 15.0 (TID 154) (10.0.0.215, executor driver, partition 38, NODE_LOCAL, 4271 bytes) taskResourceAssignments Map()
2026-08-09 23:12:12,515 INFO executor.Executor: Running task 38.0 in stage 15.0 (TID 154)
2026-08-09 23:12:12,515 INFO scheduler.TaskSetManager: Finished task 37.0 in stage 15.0 (TID 152) in 12 ms on 10.0.0.215 (executor driver) (38/40)
2026-08-09 23:12:12,516 INFO storage.ShuffleBlockFetcherIterator: Getting 2 (42.3 KiB) non-empty blocks including 2 (42.3 KiB) local and 0 (0.0 B) host-local and 0 (0.0 B) push-merged-local and 0 (0.0 B) remote blocks
2026-08-09 23:12:12,516 INFO storage.ShuffleBlockFetcherIterator: Started 0 remote fetches in 0 ms
2026-08-09 23:12:12,516 INFO executor.Executor: Finished task 39.0 in stage 19.0 (TID 153). 5814 bytes result sent to driver
2026-08-09 23:12:12,517 INFO scheduler.TaskSetManager: Starting task 0.0 in stage 23.0 (TID 155) (10.0.0.215, executor driver, partition 0, NODE_LOCAL, 4271 bytes) taskResourceAssignments Map()
2026-08-09 23:12:12,517 INFO executor.Executor: Running task 0.0 in stage 23.0 (TID 155)
2026-08-09 23:12:12,518 INFO scheduler.TaskSetManager: Finished task 39.0 in stage 19.0 (TID 153) in 9 ms on 10.0.0.215 (executor driver) (40/40)
2026-08-09 23:12:12,518 INFO storage.ShuffleBlockFetcherIterator: Getting 2 (150.7 KiB) non-empty blocks including 2 (150.7 KiB) local and 0 (0.0 B) host-local and 0 (0.0 B) push-merged-local and 0 (0.0 B) remote blocks
2026-08-09 23:12:12,518 INFO scheduler.TaskSchedulerImpl: Removed TaskSet 19.0, whose tasks have all completed, from pool default
2026-08-09 23:12:12,518 INFO storage.ShuffleBlockFetcherIterator: Started 0 remote fetches in 0 ms
2026-08-09 23:12:12,519 INFO scheduler.DAGScheduler: ResultStage 19 (collect at EnsembleTrainer.scala:80) finished in 0.488 s
2026-08-09 23:12:12,519 INFO scheduler.DAGScheduler: Job 16 is finished. Cancelling potential speculative or zombie tasks for this job
2026-08-09 23:12:12,519 INFO scheduler.TaskSchedulerImpl: Killing all running tasks in stage 19: Stage finished
2026-08-09 23:12:12,519 INFO scheduler.DAGScheduler: Job 16 finished: collect at EnsembleTrainer.scala:80, took 0.828080 s
2026-08-09 23:12:12,524 INFO executor.Executor: Finished task 0.0 in stage 24.0 (TID 149). 1922 bytes result sent to driver
2026-08-09 23:12:12,525 INFO scheduler.TaskSetManager: Starting task 1.0 in stage 24.0 (TID 156) (10.0.0.215, executor driver, partition 1, PROCESS_LOCAL, 5128 bytes) taskResourceAssignments Map()
2026-08-09 23:12:12,525 INFO executor.Executor: Finished task 38.0 in stage 15.0 (TID 154). 6729 bytes result sent to driver
2026-08-09 23:12:12,525 INFO executor.Executor: Running task 1.0 in stage 24.0 (TID 156)
2026-08-09 23:12:12,525 INFO scheduler.TaskSetManager: Starting task 39.0 in stage 15.0 (TID 157) (10.0.0.215, executor driver, partition 39, NODE_LOCAL, 4271 bytes) taskResourceAssignments Map()
2026-08-09 23:12:12,525 INFO scheduler.TaskSetManager: Finished task 0.0 in stage 24.0 (TID 149) in 28 ms on 10.0.0.215 (executor driver) (1/2)
2026-08-09 23:12:12,526 INFO executor.Executor: Running task 39.0 in stage 15.0 (TID 157)
2026-08-09 23:12:12,526 INFO scheduler.TaskSetManager: Finished task 38.0 in stage 15.0 (TID 154) in 12 ms on 10.0.0.215 (executor driver) (39/40)
2026-08-09 23:12:12,527 INFO storage.ShuffleBlockFetcherIterator: Getting 2 (41.0 KiB) non-empty blocks including 2 (41.0 KiB) local and 0 (0.0 B) host-local and 0 (0.0 B) push-merged-local and 0 (0.0 B) remote blocks
2026-08-09 23:12:12,527 INFO storage.ShuffleBlockFetcherIterator: Started 0 remote fetches in 0 ms
2026-08-09 23:12:12,528 INFO executor.Executor: Finished task 6.0 in stage 21.0 (TID 151). 10456 bytes result sent to driver
2026-08-09 23:12:12,528 INFO scheduler.TaskSetManager: Starting task 7.0 in stage 21.0 (TID 158) (10.0.0.215, executor driver, partition 7, NODE_LOCAL, 4271 bytes) taskResourceAssignments Map()
2026-08-09 23:12:12,529 INFO executor.Executor: Running task 7.0 in stage 21.0 (TID 158)
2026-08-09 23:12:12,529 INFO storage.BlockManager: Found block rdd_8_1 locally
2026-08-09 23:12:12,530 INFO scheduler.TaskSetManager: Finished task 6.0 in stage 21.0 (TID 151) in 28 ms on 10.0.0.215 (executor driver) (7/10)
2026-08-09 23:12:12,532 INFO memory.MemoryStore: Block broadcast_36 stored as values in memory (estimated size 321.4 KiB, free 2.2 GiB)
2026-08-09 23:12:12,533 INFO storage.ShuffleBlockFetcherIterator: Getting 2 (141.6 KiB) non-empty blocks including 2 (141.6 KiB) local and 0 (0.0 B) host-local and 0 (0.0 B) push-merged-local and 0 (0.0 B) remote blocks
2026-08-09 23:12:12,533 INFO storage.ShuffleBlockFetcherIterator: Started 0 remote fetches in 0 ms
2026-08-09 23:12:12,535 INFO executor.Executor: Finished task 0.0 in stage 23.0 (TID 155). 6234 bytes result sent to driver
2026-08-09 23:12:12,536 INFO executor.Executor: Finished task 39.0 in stage 15.0 (TID 157). 6799 bytes result sent to driver
2026-08-09 23:12:12,536 INFO scheduler.TaskSetManager: Starting task 1.0 in stage 23.0 (TID 159) (10.0.0.215, executor driver, partition 1, NODE_LOCAL, 4271 bytes) taskResourceAssignments Map()
2026-08-09 23:12:12,536 INFO executor.Executor: Running task 1.0 in stage 23.0 (TID 159)
2026-08-09 23:12:12,537 INFO scheduler.TaskSetManager: Starting task 0.0 in stage 26.0 (TID 160) (10.0.0.215, executor driver, partition 0, PROCESS_LOCAL, 5128 bytes) taskResourceAssignments Map()
2026-08-09 23:12:12,537 INFO scheduler.TaskSetManager: Finished task 0.0 in stage 23.0 (TID 155) in 20 ms on 10.0.0.215 (executor driver) (1/10)
2026-08-09 23:12:12,538 INFO memory.MemoryStore: Block broadcast_36_piece0 stored as bytes in memory (estimated size 57.3 KiB, free 2.2 GiB)
2026-08-09 23:12:12,538 INFO scheduler.TaskSetManager: Finished task 39.0 in stage 15.0 (TID 157) in 13 ms on 10.0.0.215 (executor driver) (40/40)
2026-08-09 23:12:12,538 INFO scheduler.TaskSchedulerImpl: Removed TaskSet 15.0, whose tasks have all completed, from pool default
2026-08-09 23:12:12,538 INFO storage.BlockManagerInfo: Added broadcast_36_piece0 in memory on 10.0.0.215:64239 (size: 57.3 KiB, free: 2.2 GiB)
2026-08-09 23:12:12,538 INFO scheduler.DAGScheduler: ResultStage 15 (collect at EnsembleTrainer.scala:80) finished in 0.607 s
2026-08-09 23:12:12,539 INFO spark.SparkContext: Created broadcast 36 from broadcast at EnsemblePredictor.scala:28
2026-08-09 23:12:12,539 INFO scheduler.DAGScheduler: Job 12 is finished. Cancelling potential speculative or zombie tasks for this job
2026-08-09 23:12:12,539 INFO scheduler.TaskSchedulerImpl: Killing all running tasks in stage 15: Stage finished
2026-08-09 23:12:12,539 INFO executor.Executor: Running task 0.0 in stage 26.0 (TID 160)
2026-08-09 23:12:12,539 INFO scheduler.DAGScheduler: Job 12 finished: collect at EnsembleTrainer.scala:80, took 0.849846 s
2026-08-09 23:12:12,540 INFO storage.ShuffleBlockFetcherIterator: Getting 2 (133.4 KiB) non-empty blocks including 2 (133.4 KiB) local and 0 (0.0 B) host-local and 0 (0.0 B) push-merged-local and 0 (0.0 B) remote blocks
2026-08-09 23:12:12,540 INFO storage.ShuffleBlockFetcherIterator: Started 0 remote fetches in 0 ms
2026-08-09 23:12:12,543 INFO spark.SparkContext: Starting job: count at Metrics.scala:12
2026-08-09 23:12:12,544 INFO storage.BlockManager: Found block rdd_8_0 locally
2026-08-09 23:12:12,544 INFO scheduler.DAGScheduler: Got job 26 (count at Metrics.scala:12) with 2 output partitions
2026-08-09 23:12:12,544 INFO scheduler.DAGScheduler: Final stage: ResultStage 38 (count at Metrics.scala:12)
2026-08-09 23:12:12,544 INFO scheduler.DAGScheduler: Parents of final stage: List()
2026-08-09 23:12:12,547 INFO scheduler.DAGScheduler: Missing parents: List()
2026-08-09 23:12:12,548 INFO scheduler.DAGScheduler: Submitting ResultStage 38 (MapPartitionsRDD[65] at map at EnsembleExperiment.scala:28), which has no missing parents
2026-08-09 23:12:12,549 INFO storage.BlockManagerInfo: Removed broadcast_27_piece0 on 10.0.0.215:64239 in memory (size: 3.0 KiB, free: 2.2 GiB)
2026-08-09 23:12:12,550 INFO memory.MemoryStore: Block broadcast_38 stored as values in memory (estimated size 38.2 KiB, free 2.2 GiB)
2026-08-09 23:12:12,550 INFO memory.MemoryStore: Block broadcast_38_piece0 stored as bytes in memory (estimated size 12.0 KiB, free 2.2 GiB)
2026-08-09 23:12:12,550 INFO storage.BlockManagerInfo: Added broadcast_38_piece0 in memory on 10.0.0.215:64239 (size: 12.0 KiB, free: 2.2 GiB)
2026-08-09 23:12:12,550 INFO storage.BlockManagerInfo: Removed broadcast_30_piece0 on 10.0.0.215:64239 in memory (size: 3.0 KiB, free: 2.2 GiB)
2026-08-09 23:12:12,551 INFO spark.SparkContext: Created broadcast 38 from broadcast at DAGScheduler.scala:1513
2026-08-09 23:12:12,551 INFO scheduler.DAGScheduler: Submitting 2 missing tasks from ResultStage 38 (MapPartitionsRDD[65] at map at EnsembleExperiment.scala:28) (first 15 tasks are for partitions Vector(0, 1))
2026-08-09 23:12:12,551 INFO scheduler.TaskSchedulerImpl: Adding task set 38.0 with 2 tasks resource profile 0
2026-08-09 23:12:12,551 INFO scheduler.FairSchedulableBuilder: Added task set TaskSet_38.0 tasks to pool default
2026-08-09 23:12:12,553 INFO executor.Executor: Finished task 7.0 in stage 21.0 (TID 158). 9937 bytes result sent to driver
2026-08-09 23:12:12,554 INFO scheduler.TaskSetManager: Starting task 8.0 in stage 21.0 (TID 161) (10.0.0.215, executor driver, partition 8, NODE_LOCAL, 4271 bytes) taskResourceAssignments Map()
2026-08-09 23:12:12,554 INFO executor.Executor: Running task 8.0 in stage 21.0 (TID 161)
2026-08-09 23:12:12,554 INFO scheduler.TaskSetManager: Finished task 7.0 in stage 21.0 (TID 158) in 26 ms on 10.0.0.215 (executor driver) (8/10)
2026-08-09 23:12:12,555 INFO storage.ShuffleBlockFetcherIterator: Getting 2 (150.7 KiB) non-empty blocks including 2 (150.7 KiB) local and 0 (0.0 B) host-local and 0 (0.0 B) push-merged-local and 0 (0.0 B) remote blocks
2026-08-09 23:12:12,555 INFO storage.ShuffleBlockFetcherIterator: Started 0 remote fetches in 0 ms
2026-08-09 23:12:12,556 INFO executor.Executor: Finished task 1.0 in stage 24.0 (TID 156). 1965 bytes result sent to driver
2026-08-09 23:12:12,557 INFO executor.Executor: Finished task 1.0 in stage 23.0 (TID 159). 6207 bytes result sent to driver
2026-08-09 23:12:12,557 INFO memory.MemoryStore: Block broadcast_37 stored as values in memory (estimated size 359.2 KiB, free 2.2 GiB)
2026-08-09 23:12:12,557 INFO scheduler.TaskSetManager: Starting task 0.0 in stage 28.0 (TID 162) (10.0.0.215, executor driver, partition 0, PROCESS_LOCAL, 5128 bytes) taskResourceAssignments Map()
2026-08-09 23:12:12,558 INFO executor.Executor: Running task 0.0 in stage 28.0 (TID 162)
2026-08-09 23:12:12,558 INFO scheduler.TaskSetManager: Starting task 2.0 in stage 23.0 (TID 163) (10.0.0.215, executor driver, partition 2, NODE_LOCAL, 4271 bytes) taskResourceAssignments Map()
2026-08-09 23:12:12,558 INFO scheduler.TaskSetManager: Finished task 1.0 in stage 24.0 (TID 156) in 33 ms on 10.0.0.215 (executor driver) (2/2)
2026-08-09 23:12:12,558 INFO scheduler.TaskSchedulerImpl: Removed TaskSet 24.0, whose tasks have all completed, from pool default
2026-08-09 23:12:12,558 INFO scheduler.DAGScheduler: ShuffleMapStage 24 (map at EnsembleTrainer.scala:31) finished in 0.763 s
2026-08-09 23:12:12,558 INFO scheduler.DAGScheduler: looking for newly runnable stages
2026-08-09 23:12:12,558 INFO scheduler.DAGScheduler: running: Set(ShuffleMapStage 30, ResultStage 37, ShuffleMapStage 34, ResultStage 38, ShuffleMapStage 32, ResultStage 21, ResultStage 36, ShuffleMapStage 28, ShuffleMapStage 26, ResultStage 23)
2026-08-09 23:12:12,559 INFO scheduler.DAGScheduler: waiting: Set(ResultStage 33, ResultStage 27, ResultStage 31, ResultStage 35, ResultStage 25, ResultStage 29)
2026-08-09 23:12:12,559 INFO scheduler.DAGScheduler: failed: Set()
2026-08-09 23:12:12,559 INFO scheduler.TaskSetManager: Finished task 1.0 in stage 23.0 (TID 159) in 23 ms on 10.0.0.215 (executor driver) (2/10)
2026-08-09 23:12:12,559 INFO executor.Executor: Running task 2.0 in stage 23.0 (TID 163)
2026-08-09 23:12:12,559 INFO scheduler.DAGScheduler: Submitting ResultStage 25 (MapPartitionsRDD[46] at mapPartitions at EnsembleTrainer.scala:37), which has no missing parents
2026-08-09 23:12:12,560 INFO storage.ShuffleBlockFetcherIterator: Getting 2 (141.6 KiB) non-empty blocks including 2 (141.6 KiB) local and 0 (0.0 B) host-local and 0 (0.0 B) push-merged-local and 0 (0.0 B) remote blocks
2026-08-09 23:12:12,560 INFO storage.ShuffleBlockFetcherIterator: Started 0 remote fetches in 0 ms
2026-08-09 23:12:12,562 INFO memory.MemoryStore: Block broadcast_39 stored as values in memory (estimated size 5.4 KiB, free 2.2 GiB)
2026-08-09 23:12:12,562 INFO storage.BlockManager: Found block rdd_8_0 locally
2026-08-09 23:12:12,563 INFO memory.MemoryStore: Block broadcast_39_piece0 stored as bytes in memory (estimated size 3.0 KiB, free 2.2 GiB)
2026-08-09 23:12:12,563 INFO storage.BlockManagerInfo: Added broadcast_39_piece0 in memory on 10.0.0.215:64239 (size: 3.0 KiB, free: 2.2 GiB)
2026-08-09 23:12:12,564 INFO spark.SparkContext: Created broadcast 39 from broadcast at DAGScheduler.scala:1513
2026-08-09 23:12:12,564 INFO scheduler.DAGScheduler: Submitting 20 missing tasks from ResultStage 25 (MapPartitionsRDD[46] at mapPartitions at EnsembleTrainer.scala:37) (first 15 tasks are for partitions Vector(0, 1, 2, 3, 4, 5, 6, 7, 8, 9, 10, 11, 12, 13, 14))
2026-08-09 23:12:12,564 INFO scheduler.TaskSchedulerImpl: Adding task set 25.0 with 20 tasks resource profile 0
2026-08-09 23:12:12,564 INFO memory.MemoryStore: Block broadcast_37_piece0 stored as bytes in memory (estimated size 72.6 KiB, free 2.2 GiB)
2026-08-09 23:12:12,565 INFO storage.BlockManagerInfo: Added broadcast_37_piece0 in memory on 10.0.0.215:64239 (size: 72.6 KiB, free: 2.2 GiB)
2026-08-09 23:12:12,565 INFO scheduler.FairSchedulableBuilder: Added task set TaskSet_25.0 tasks to pool default
2026-08-09 23:12:12,565 INFO spark.SparkContext: Created broadcast 37 from broadcast at EnsemblePredictor.scala:28
2026-08-09 23:12:12,570 INFO spark.SparkContext: Starting job: count at Metrics.scala:12
2026-08-09 23:12:12,571 INFO scheduler.DAGScheduler: Got job 27 (count at Metrics.scala:12) with 2 output partitions
2026-08-09 23:12:12,571 INFO scheduler.DAGScheduler: Final stage: ResultStage 39 (count at Metrics.scala:12)
2026-08-09 23:12:12,571 INFO scheduler.DAGScheduler: Parents of final stage: List()
2026-08-09 23:12:12,571 INFO scheduler.DAGScheduler: Missing parents: List()
2026-08-09 23:12:12,571 INFO scheduler.DAGScheduler: Submitting ResultStage 39 (MapPartitionsRDD[67] at map at EnsembleExperiment.scala:28), which has no missing parents
2026-08-09 23:12:12,573 INFO memory.MemoryStore: Block broadcast_40 stored as values in memory (estimated size 38.2 KiB, free 2.2 GiB)
2026-08-09 23:12:12,573 INFO executor.Executor: Finished task 2.0 in stage 23.0 (TID 163). 6121 bytes result sent to driver
2026-08-09 23:12:12,573 INFO memory.MemoryStore: Block broadcast_40_piece0 stored as bytes in memory (estimated size 12.0 KiB, free 2.2 GiB)
2026-08-09 23:12:12,573 INFO scheduler.TaskSetManager: Starting task 3.0 in stage 23.0 (TID 164) (10.0.0.215, executor driver, partition 3, NODE_LOCAL, 4271 bytes) taskResourceAssignments Map()
2026-08-09 23:12:12,573 INFO storage.BlockManagerInfo: Added broadcast_40_piece0 in memory on 10.0.0.215:64239 (size: 12.0 KiB, free: 2.2 GiB)
2026-08-09 23:12:12,574 INFO scheduler.TaskSetManager: Finished task 2.0 in stage 23.0 (TID 163) in 16 ms on 10.0.0.215 (executor driver) (3/10)
2026-08-09 23:12:12,574 INFO spark.SparkContext: Created broadcast 40 from broadcast at DAGScheduler.scala:1513
2026-08-09 23:12:12,574 INFO executor.Executor: Running task 3.0 in stage 23.0 (TID 164)
2026-08-09 23:12:12,574 INFO scheduler.DAGScheduler: Submitting 2 missing tasks from ResultStage 39 (MapPartitionsRDD[67] at map at EnsembleExperiment.scala:28) (first 15 tasks are for partitions Vector(0, 1))
2026-08-09 23:12:12,574 INFO scheduler.TaskSchedulerImpl: Adding task set 39.0 with 2 tasks resource profile 0
2026-08-09 23:12:12,574 INFO scheduler.FairSchedulableBuilder: Added task set TaskSet_39.0 tasks to pool default
2026-08-09 23:12:12,575 INFO executor.Executor: Finished task 8.0 in stage 21.0 (TID 161). 9711 bytes result sent to driver
2026-08-09 23:12:12,575 INFO scheduler.TaskSetManager: Starting task 9.0 in stage 21.0 (TID 165) (10.0.0.215, executor driver, partition 9, NODE_LOCAL, 4271 bytes) taskResourceAssignments Map()
2026-08-09 23:12:12,575 INFO executor.Executor: Running task 9.0 in stage 21.0 (TID 165)
2026-08-09 23:12:12,576 INFO scheduler.TaskSetManager: Finished task 8.0 in stage 21.0 (TID 161) in 23 ms on 10.0.0.215 (executor driver) (9/10)
2026-08-09 23:12:12,577 INFO storage.ShuffleBlockFetcherIterator: Getting 2 (155.8 KiB) non-empty blocks including 2 (155.8 KiB) local and 0 (0.0 B) host-local and 0 (0.0 B) push-merged-local and 0 (0.0 B) remote blocks
2026-08-09 23:12:12,577 INFO storage.ShuffleBlockFetcherIterator: Started 0 remote fetches in 0 ms
2026-08-09 23:12:12,577 INFO storage.ShuffleBlockFetcherIterator: Getting 2 (141.6 KiB) non-empty blocks including 2 (141.6 KiB) local and 0 (0.0 B) host-local and 0 (0.0 B) push-merged-local and 0 (0.0 B) remote blocks
2026-08-09 23:12:12,577 INFO storage.ShuffleBlockFetcherIterator: Started 0 remote fetches in 0 ms
2026-08-09 23:12:12,582 INFO executor.Executor: Finished task 0.0 in stage 28.0 (TID 162). 1912 bytes result sent to driver
2026-08-09 23:12:12,582 INFO executor.Executor: Finished task 0.0 in stage 26.0 (TID 160). 1985 bytes result sent to driver
2026-08-09 23:12:12,582 INFO scheduler.TaskSetManager: Starting task 0.0 in stage 25.0 (TID 166) (10.0.0.215, executor driver, partition 0, NODE_LOCAL, 4271 bytes) taskResourceAssignments Map()
2026-08-09 23:12:12,582 INFO scheduler.TaskSetManager: Finished task 0.0 in stage 28.0 (TID 162) in 25 ms on 10.0.0.215 (executor driver) (1/2)
2026-08-09 23:12:12,582 INFO executor.Executor: Running task 0.0 in stage 25.0 (TID 166)
2026-08-09 23:12:12,582 INFO scheduler.TaskSetManager: Starting task 1.0 in stage 26.0 (TID 167) (10.0.0.215, executor driver, partition 1, PROCESS_LOCAL, 5128 bytes) taskResourceAssignments Map()
2026-08-09 23:12:12,583 INFO scheduler.TaskSetManager: Finished task 0.0 in stage 26.0 (TID 160) in 46 ms on 10.0.0.215 (executor driver) (1/2)
2026-08-09 23:12:12,583 INFO executor.Executor: Running task 1.0 in stage 26.0 (TID 167)
2026-08-09 23:12:12,584 INFO storage.ShuffleBlockFetcherIterator: Getting 2 (80.0 KiB) non-empty blocks including 2 (80.0 KiB) local and 0 (0.0 B) host-local and 0 (0.0 B) push-merged-local and 0 (0.0 B) remote blocks
2026-08-09 23:12:12,584 INFO storage.ShuffleBlockFetcherIterator: Started 0 remote fetches in 0 ms
2026-08-09 23:12:12,585 INFO storage.BlockManager: Found block rdd_8_1 locally
2026-08-09 23:12:12,591 INFO executor.Executor: Finished task 3.0 in stage 23.0 (TID 164). 6234 bytes result sent to driver
2026-08-09 23:12:12,592 INFO scheduler.TaskSetManager: Starting task 4.0 in stage 23.0 (TID 168) (10.0.0.215, executor driver, partition 4, NODE_LOCAL, 4271 bytes) taskResourceAssignments Map()
2026-08-09 23:12:12,592 INFO executor.Executor: Running task 4.0 in stage 23.0 (TID 168)
2026-08-09 23:12:12,593 INFO scheduler.TaskSetManager: Finished task 3.0 in stage 23.0 (TID 164) in 20 ms on 10.0.0.215 (executor driver) (4/10)
2026-08-09 23:12:12,593 INFO executor.Executor: Finished task 9.0 in stage 21.0 (TID 165). 10201 bytes result sent to driver
2026-08-09 23:12:12,593 INFO storage.ShuffleBlockFetcherIterator: Getting 2 (146.8 KiB) non-empty blocks including 2 (146.8 KiB) local and 0 (0.0 B) host-local and 0 (0.0 B) push-merged-local and 0 (0.0 B) remote blocks
2026-08-09 23:12:12,593 INFO storage.ShuffleBlockFetcherIterator: Started 0 remote fetches in 0 ms
2026-08-09 23:12:12,594 INFO scheduler.TaskSetManager: Starting task 1.0 in stage 28.0 (TID 169) (10.0.0.215, executor driver, partition 1, PROCESS_LOCAL, 5128 bytes) taskResourceAssignments Map()
2026-08-09 23:12:12,594 INFO executor.Executor: Running task 1.0 in stage 28.0 (TID 169)
2026-08-09 23:12:12,594 INFO executor.Executor: Finished task 0.0 in stage 25.0 (TID 166). 7994 bytes result sent to driver
2026-08-09 23:12:12,594 INFO scheduler.TaskSetManager: Finished task 9.0 in stage 21.0 (TID 165) in 19 ms on 10.0.0.215 (executor driver) (10/10)
2026-08-09 23:12:12,594 INFO scheduler.TaskSchedulerImpl: Removed TaskSet 21.0, whose tasks have all completed, from pool default
2026-08-09 23:12:12,595 INFO scheduler.TaskSetManager: Starting task 1.0 in stage 25.0 (TID 170) (10.0.0.215, executor driver, partition 1, NODE_LOCAL, 4271 bytes) taskResourceAssignments Map()
2026-08-09 23:12:12,595 INFO scheduler.DAGScheduler: ResultStage 21 (collect at EnsembleTrainer.scala:80) finished in 0.585 s
2026-08-09 23:12:12,595 INFO scheduler.DAGScheduler: Job 15 is finished. Cancelling potential speculative or zombie tasks for this job
2026-08-09 23:12:12,595 INFO executor.Executor: Running task 1.0 in stage 25.0 (TID 170)
2026-08-09 23:12:12,595 INFO scheduler.TaskSchedulerImpl: Killing all running tasks in stage 21: Stage finished
2026-08-09 23:12:12,595 INFO scheduler.DAGScheduler: Job 15 finished: collect at EnsembleTrainer.scala:80, took 0.903821 s
2026-08-09 23:12:12,596 INFO storage.BlockManager: Found block rdd_8_1 locally
2026-08-09 23:12:12,596 INFO scheduler.TaskSetManager: Finished task 0.0 in stage 25.0 (TID 166) in 14 ms on 10.0.0.215 (executor driver) (1/20)
2026-08-09 23:12:12,596 INFO storage.ShuffleBlockFetcherIterator: Getting 2 (80.0 KiB) non-empty blocks including 2 (80.0 KiB) local and 0 (0.0 B) host-local and 0 (0.0 B) push-merged-local and 0 (0.0 B) remote blocks
2026-08-09 23:12:12,597 INFO storage.ShuffleBlockFetcherIterator: Started 0 remote fetches in 0 ms
2026-08-09 23:12:12,602 INFO executor.Executor: Finished task 1.0 in stage 26.0 (TID 167). 1942 bytes result sent to driver
2026-08-09 23:12:12,603 INFO memory.MemoryStore: Block broadcast_41 stored as values in memory (estimated size 139.2 KiB, free 2.2 GiB)
2026-08-09 23:12:12,603 INFO scheduler.TaskSetManager: Starting task 0.0 in stage 30.0 (TID 171) (10.0.0.215, executor driver, partition 0, PROCESS_LOCAL, 5128 bytes) taskResourceAssignments Map()
2026-08-09 23:12:12,603 INFO executor.Executor: Running task 0.0 in stage 30.0 (TID 171)
2026-08-09 23:12:12,603 INFO scheduler.TaskSetManager: Finished task 1.0 in stage 26.0 (TID 167) in 21 ms on 10.0.0.215 (executor driver) (2/2)
2026-08-09 23:12:12,603 INFO scheduler.TaskSchedulerImpl: Removed TaskSet 26.0, whose tasks have all completed, from pool default
2026-08-09 23:12:12,604 INFO scheduler.DAGScheduler: ShuffleMapStage 26 (map at EnsembleTrainer.scala:31) finished in 0.792 s
2026-08-09 23:12:12,604 INFO scheduler.DAGScheduler: looking for newly runnable stages
2026-08-09 23:12:12,604 INFO scheduler.DAGScheduler: running: Set(ShuffleMapStage 30, ResultStage 37, ShuffleMapStage 34, ResultStage 38, ShuffleMapStage 32, ResultStage 39, ResultStage 36, ShuffleMapStage 28, ResultStage 25, ResultStage 23)
2026-08-09 23:12:12,604 INFO scheduler.DAGScheduler: waiting: Set(ResultStage 33, ResultStage 27, ResultStage 31, ResultStage 35, ResultStage 29)
2026-08-09 23:12:12,604 INFO scheduler.DAGScheduler: failed: Set()
2026-08-09 23:12:12,604 INFO scheduler.DAGScheduler: Submitting ResultStage 27 (MapPartitionsRDD[47] at mapPartitions at EnsembleTrainer.scala:37), which has no missing parents
2026-08-09 23:12:12,605 INFO storage.BlockManager: Found block rdd_8_0 locally
2026-08-09 23:12:12,606 INFO memory.MemoryStore: Block broadcast_41_piece0 stored as bytes in memory (estimated size 39.9 KiB, free 2.2 GiB)
2026-08-09 23:12:12,606 INFO storage.BlockManagerInfo: Added broadcast_41_piece0 in memory on 10.0.0.215:64239 (size: 39.9 KiB, free: 2.2 GiB)
2026-08-09 23:12:12,607 INFO spark.SparkContext: Created broadcast 41 from broadcast at EnsemblePredictor.scala:28
2026-08-09 23:12:12,608 INFO memory.MemoryStore: Block broadcast_42 stored as values in memory (estimated size 5.4 KiB, free 2.2 GiB)
2026-08-09 23:12:12,608 INFO executor.Executor: Finished task 1.0 in stage 25.0 (TID 170). 7951 bytes result sent to driver
2026-08-09 23:12:12,608 INFO memory.MemoryStore: Block broadcast_42_piece0 stored as bytes in memory (estimated size 3.0 KiB, free 2.2 GiB)
2026-08-09 23:12:12,609 INFO storage.BlockManagerInfo: Added broadcast_42_piece0 in memory on 10.0.0.215:64239 (size: 3.0 KiB, free: 2.2 GiB)
2026-08-09 23:12:12,609 INFO scheduler.TaskSetManager: Starting task 2.0 in stage 25.0 (TID 172) (10.0.0.215, executor driver, partition 2, NODE_LOCAL, 4271 bytes) taskResourceAssignments Map()
2026-08-09 23:12:12,609 INFO executor.Executor: Finished task 1.0 in stage 28.0 (TID 169). 1912 bytes result sent to driver
2026-08-09 23:12:12,609 INFO spark.SparkContext: Created broadcast 42 from broadcast at DAGScheduler.scala:1513
2026-08-09 23:12:12,609 INFO scheduler.TaskSetManager: Starting task 0.0 in stage 32.0 (TID 173) (10.0.0.215, executor driver, partition 0, PROCESS_LOCAL, 5128 bytes) taskResourceAssignments Map()
2026-08-09 23:12:12,610 INFO scheduler.TaskSetManager: Finished task 1.0 in stage 28.0 (TID 169) in 17 ms on 10.0.0.215 (executor driver) (2/2)
2026-08-09 23:12:12,610 INFO scheduler.DAGScheduler: Submitting 40 missing tasks from ResultStage 27 (MapPartitionsRDD[47] at mapPartitions at EnsembleTrainer.scala:37) (first 15 tasks are for partitions Vector(0, 1, 2, 3, 4, 5, 6, 7, 8, 9, 10, 11, 12, 13, 14))
2026-08-09 23:12:12,610 INFO scheduler.TaskSchedulerImpl: Removed TaskSet 28.0, whose tasks have all completed, from pool default
2026-08-09 23:12:12,610 INFO executor.Executor: Running task 0.0 in stage 32.0 (TID 173)
2026-08-09 23:12:12,610 INFO scheduler.TaskSchedulerImpl: Adding task set 27.0 with 40 tasks resource profile 0
2026-08-09 23:12:12,610 INFO executor.Executor: Finished task 4.0 in stage 23.0 (TID 168). 5981 bytes result sent to driver
2026-08-09 23:12:12,610 INFO executor.Executor: Running task 2.0 in stage 25.0 (TID 172)
2026-08-09 23:12:12,611 INFO scheduler.FairSchedulableBuilder: Added task set TaskSet_27.0 tasks to pool default
2026-08-09 23:12:12,611 INFO scheduler.TaskSetManager: Finished task 1.0 in stage 25.0 (TID 170) in 16 ms on 10.0.0.215 (executor driver) (2/20)
2026-08-09 23:12:12,611 INFO scheduler.TaskSetManager: Starting task 5.0 in stage 23.0 (TID 174) (10.0.0.215, executor driver, partition 5, NODE_LOCAL, 4271 bytes) taskResourceAssignments Map()
2026-08-09 23:12:12,611 INFO scheduler.DAGScheduler: ShuffleMapStage 28 (map at EnsembleTrainer.scala:31) finished in 0.792 s
2026-08-09 23:12:12,611 INFO scheduler.DAGScheduler: looking for newly runnable stages
2026-08-09 23:12:12,611 INFO scheduler.DAGScheduler: running: Set(ShuffleMapStage 30, ResultStage 27, ResultStage 37, ShuffleMapStage 34, ResultStage 38, ShuffleMapStage 32, ResultStage 39, ResultStage 36, ResultStage 25, ResultStage 23)
2026-08-09 23:12:12,611 INFO scheduler.DAGScheduler: waiting: Set(ResultStage 33, ResultStage 31, ResultStage 35, ResultStage 29)
2026-08-09 23:12:12,611 INFO scheduler.DAGScheduler: failed: Set()
2026-08-09 23:12:12,611 INFO spark.SparkContext: Starting job: count at Metrics.scala:12
2026-08-09 23:12:12,611 INFO executor.Executor: Running task 5.0 in stage 23.0 (TID 174)
2026-08-09 23:12:12,612 INFO scheduler.DAGScheduler: Submitting ResultStage 29 (MapPartitionsRDD[54] at mapPartitions at EnsembleTrainer.scala:37), which has no missing parents
2026-08-09 23:12:12,612 INFO storage.BlockManager: Found block rdd_8_0 locally
2026-08-09 23:12:12,613 INFO scheduler.TaskSetManager: Finished task 4.0 in stage 23.0 (TID 168) in 21 ms on 10.0.0.215 (executor driver) (5/10)
2026-08-09 23:12:12,613 INFO storage.ShuffleBlockFetcherIterator: Getting 2 (155.8 KiB) non-empty blocks including 2 (155.8 KiB) local and 0 (0.0 B) host-local and 0 (0.0 B) push-merged-local and 0 (0.0 B) remote blocks
2026-08-09 23:12:12,613 INFO storage.ShuffleBlockFetcherIterator: Started 0 remote fetches in 0 ms
2026-08-09 23:12:12,614 INFO memory.MemoryStore: Block broadcast_43 stored as values in memory (estimated size 5.4 KiB, free 2.2 GiB)
2026-08-09 23:12:12,614 INFO storage.ShuffleBlockFetcherIterator: Getting 2 (80.0 KiB) non-empty blocks including 2 (80.0 KiB) local and 0 (0.0 B) host-local and 0 (0.0 B) push-merged-local and 0 (0.0 B) remote blocks
2026-08-09 23:12:12,615 INFO memory.MemoryStore: Block broadcast_43_piece0 stored as bytes in memory (estimated size 3.0 KiB, free 2.2 GiB)
2026-08-09 23:12:12,615 INFO storage.ShuffleBlockFetcherIterator: Started 0 remote fetches in 0 ms
2026-08-09 23:12:12,615 INFO storage.BlockManagerInfo: Added broadcast_43_piece0 in memory on 10.0.0.215:64239 (size: 3.0 KiB, free: 2.2 GiB)
2026-08-09 23:12:12,615 INFO spark.SparkContext: Created broadcast 43 from broadcast at DAGScheduler.scala:1513
2026-08-09 23:12:12,616 INFO scheduler.DAGScheduler: Submitting 10 missing tasks from ResultStage 29 (MapPartitionsRDD[54] at mapPartitions at EnsembleTrainer.scala:37) (first 15 tasks are for partitions Vector(0, 1, 2, 3, 4, 5, 6, 7, 8, 9))
2026-08-09 23:12:12,616 INFO scheduler.TaskSchedulerImpl: Adding task set 29.0 with 10 tasks resource profile 0
2026-08-09 23:12:12,616 INFO scheduler.FairSchedulableBuilder: Added task set TaskSet_29.0 tasks to pool default
2026-08-09 23:12:12,617 INFO scheduler.DAGScheduler: Got job 28 (count at Metrics.scala:12) with 2 output partitions
2026-08-09 23:12:12,618 INFO scheduler.DAGScheduler: Final stage: ResultStage 40 (count at Metrics.scala:12)
2026-08-09 23:12:12,618 INFO scheduler.DAGScheduler: Parents of final stage: List()
2026-08-09 23:12:12,619 INFO scheduler.DAGScheduler: Missing parents: List()
2026-08-09 23:12:12,619 INFO scheduler.DAGScheduler: Submitting ResultStage 40 (MapPartitionsRDD[69] at map at EnsembleExperiment.scala:28), which has no missing parents
2026-08-09 23:12:12,621 INFO memory.MemoryStore: Block broadcast_44 stored as values in memory (estimated size 38.2 KiB, free 2.2 GiB)
2026-08-09 23:12:12,621 INFO memory.MemoryStore: Block broadcast_44_piece0 stored as bytes in memory (estimated size 12.0 KiB, free 2.2 GiB)
2026-08-09 23:12:12,621 INFO storage.BlockManagerInfo: Added broadcast_44_piece0 in memory on 10.0.0.215:64239 (size: 12.0 KiB, free: 2.2 GiB)
2026-08-09 23:12:12,621 INFO spark.SparkContext: Created broadcast 44 from broadcast at DAGScheduler.scala:1513
2026-08-09 23:12:12,622 INFO scheduler.DAGScheduler: Submitting 2 missing tasks from ResultStage 40 (MapPartitionsRDD[69] at map at EnsembleExperiment.scala:28) (first 15 tasks are for partitions Vector(0, 1))
2026-08-09 23:12:12,622 INFO scheduler.TaskSchedulerImpl: Adding task set 40.0 with 2 tasks resource profile 0
2026-08-09 23:12:12,622 INFO scheduler.FairSchedulableBuilder: Added task set TaskSet_40.0 tasks to pool default
2026-08-09 23:12:12,623 INFO executor.Executor: Finished task 5.0 in stage 23.0 (TID 174). 6121 bytes result sent to driver
2026-08-09 23:12:12,623 INFO scheduler.TaskSetManager: Starting task 6.0 in stage 23.0 (TID 175) (10.0.0.215, executor driver, partition 6, NODE_LOCAL, 4271 bytes) taskResourceAssignments Map()
2026-08-09 23:12:12,623 INFO executor.Executor: Running task 6.0 in stage 23.0 (TID 175)
2026-08-09 23:12:12,625 INFO scheduler.TaskSetManager: Finished task 5.0 in stage 23.0 (TID 174) in 14 ms on 10.0.0.215 (executor driver) (6/10)
2026-08-09 23:12:12,625 INFO storage.ShuffleBlockFetcherIterator: Getting 2 (146.8 KiB) non-empty blocks including 2 (146.8 KiB) local and 0 (0.0 B) host-local and 0 (0.0 B) push-merged-local and 0 (0.0 B) remote blocks
2026-08-09 23:12:12,625 INFO storage.ShuffleBlockFetcherIterator: Started 0 remote fetches in 0 ms
2026-08-09 23:12:12,626 INFO executor.Executor: Finished task 0.0 in stage 30.0 (TID 171). 1922 bytes result sent to driver
2026-08-09 23:12:12,626 INFO scheduler.TaskSetManager: Starting task 0.0 in stage 27.0 (TID 176) (10.0.0.215, executor driver, partition 0, NODE_LOCAL, 4271 bytes) taskResourceAssignments Map()
2026-08-09 23:12:12,627 INFO scheduler.TaskSetManager: Finished task 0.0 in stage 30.0 (TID 171) in 24 ms on 10.0.0.215 (executor driver) (1/2)
2026-08-09 23:12:12,627 INFO executor.Executor: Running task 0.0 in stage 27.0 (TID 176)
2026-08-09 23:12:12,628 INFO storage.ShuffleBlockFetcherIterator: Getting 2 (38.6 KiB) non-empty blocks including 2 (38.6 KiB) local and 0 (0.0 B) host-local and 0 (0.0 B) push-merged-local and 0 (0.0 B) remote blocks
2026-08-09 23:12:12,628 INFO storage.ShuffleBlockFetcherIterator: Started 0 remote fetches in 0 ms
2026-08-09 23:12:12,630 INFO executor.Executor: Finished task 2.0 in stage 25.0 (TID 172). 7924 bytes result sent to driver
2026-08-09 23:12:12,630 INFO scheduler.TaskSetManager: Starting task 3.0 in stage 25.0 (TID 177) (10.0.0.215, executor driver, partition 3, NODE_LOCAL, 4271 bytes) taskResourceAssignments Map()
2026-08-09 23:12:12,631 INFO executor.Executor: Running task 3.0 in stage 25.0 (TID 177)
2026-08-09 23:12:12,631 INFO scheduler.TaskSetManager: Finished task 2.0 in stage 25.0 (TID 172) in 22 ms on 10.0.0.215 (executor driver) (3/20)
2026-08-09 23:12:12,632 INFO storage.ShuffleBlockFetcherIterator: Getting 2 (80.0 KiB) non-empty blocks including 2 (80.0 KiB) local and 0 (0.0 B) host-local and 0 (0.0 B) push-merged-local and 0 (0.0 B) remote blocks
2026-08-09 23:12:12,632 INFO storage.ShuffleBlockFetcherIterator: Started 0 remote fetches in 0 ms
2026-08-09 23:12:12,633 INFO executor.Executor: Finished task 0.0 in stage 27.0 (TID 176). 5841 bytes result sent to driver
2026-08-09 23:12:12,633 INFO scheduler.TaskSetManager: Starting task 1.0 in stage 27.0 (TID 178) (10.0.0.215, executor driver, partition 1, NODE_LOCAL, 4271 bytes) taskResourceAssignments Map()
2026-08-09 23:12:12,634 INFO executor.Executor: Running task 1.0 in stage 27.0 (TID 178)
2026-08-09 23:12:12,634 INFO scheduler.TaskSetManager: Finished task 0.0 in stage 27.0 (TID 176) in 8 ms on 10.0.0.215 (executor driver) (1/40)
2026-08-09 23:12:12,634 INFO executor.Executor: Finished task 6.0 in stage 23.0 (TID 175). 6121 bytes result sent to driver
2026-08-09 23:12:12,635 INFO scheduler.TaskSetManager: Starting task 7.0 in stage 23.0 (TID 179) (10.0.0.215, executor driver, partition 7, NODE_LOCAL, 4271 bytes) taskResourceAssignments Map()
2026-08-09 23:12:12,635 INFO executor.Executor: Finished task 0.0 in stage 32.0 (TID 173). 1942 bytes result sent to driver
2026-08-09 23:12:12,635 INFO executor.Executor: Running task 7.0 in stage 23.0 (TID 179)
2026-08-09 23:12:12,635 INFO storage.ShuffleBlockFetcherIterator: Getting 2 (38.6 KiB) non-empty blocks including 2 (38.6 KiB) local and 0 (0.0 B) host-local and 0 (0.0 B) push-merged-local and 0 (0.0 B) remote blocks
2026-08-09 23:12:12,635 INFO storage.ShuffleBlockFetcherIterator: Started 0 remote fetches in 0 ms
2026-08-09 23:12:12,635 INFO scheduler.TaskSetManager: Starting task 0.0 in stage 29.0 (TID 180) (10.0.0.215, executor driver, partition 0, NODE_LOCAL, 4271 bytes) taskResourceAssignments Map()
2026-08-09 23:12:12,636 INFO scheduler.TaskSetManager: Finished task 0.0 in stage 32.0 (TID 173) in 27 ms on 10.0.0.215 (executor driver) (1/2)
2026-08-09 23:12:12,636 INFO scheduler.TaskSetManager: Finished task 6.0 in stage 23.0 (TID 175) in 13 ms on 10.0.0.215 (executor driver) (7/10)
2026-08-09 23:12:12,636 INFO executor.Executor: Running task 0.0 in stage 29.0 (TID 180)
2026-08-09 23:12:12,637 INFO storage.ShuffleBlockFetcherIterator: Getting 2 (141.6 KiB) non-empty blocks including 2 (141.6 KiB) local and 0 (0.0 B) host-local and 0 (0.0 B) push-merged-local and 0 (0.0 B) remote blocks
2026-08-09 23:12:12,637 INFO storage.ShuffleBlockFetcherIterator: Started 0 remote fetches in 0 ms
2026-08-09 23:12:12,637 INFO storage.ShuffleBlockFetcherIterator: Getting 2 (155.8 KiB) non-empty blocks including 2 (155.8 KiB) local and 0 (0.0 B) host-local and 0 (0.0 B) push-merged-local and 0 (0.0 B) remote blocks
2026-08-09 23:12:12,637 INFO storage.ShuffleBlockFetcherIterator: Started 0 remote fetches in 0 ms
2026-08-09 23:12:12,640 INFO executor.Executor: Finished task 1.0 in stage 27.0 (TID 178). 5954 bytes result sent to driver
2026-08-09 23:12:12,640 INFO scheduler.TaskSetManager: Starting task 2.0 in stage 27.0 (TID 181) (10.0.0.215, executor driver, partition 2, NODE_LOCAL, 4271 bytes) taskResourceAssignments Map()
2026-08-09 23:12:12,641 INFO executor.Executor: Running task 2.0 in stage 27.0 (TID 181)
2026-08-09 23:12:12,641 INFO scheduler.TaskSetManager: Finished task 1.0 in stage 27.0 (TID 178) in 8 ms on 10.0.0.215 (executor driver) (2/40)
2026-08-09 23:12:12,642 INFO executor.Executor: Finished task 3.0 in stage 25.0 (TID 177). 7951 bytes result sent to driver
2026-08-09 23:12:12,642 INFO scheduler.TaskSetManager: Starting task 4.0 in stage 25.0 (TID 182) (10.0.0.215, executor driver, partition 4, NODE_LOCAL, 4271 bytes) taskResourceAssignments Map()
2026-08-09 23:12:12,642 INFO executor.Executor: Running task 4.0 in stage 25.0 (TID 182)
2026-08-09 23:12:12,644 INFO scheduler.TaskSetManager: Finished task 3.0 in stage 25.0 (TID 177) in 14 ms on 10.0.0.215 (executor driver) (4/20)
2026-08-09 23:12:12,644 INFO storage.ShuffleBlockFetcherIterator: Getting 2 (80.0 KiB) non-empty blocks including 2 (80.0 KiB) local and 0 (0.0 B) host-local and 0 (0.0 B) push-merged-local and 0 (0.0 B) remote blocks
2026-08-09 23:12:12,644 INFO storage.ShuffleBlockFetcherIterator: Started 0 remote fetches in 0 ms
2026-08-09 23:12:12,644 INFO storage.ShuffleBlockFetcherIterator: Getting 2 (37.3 KiB) non-empty blocks including 2 (37.3 KiB) local and 0 (0.0 B) host-local and 0 (0.0 B) push-merged-local and 0 (0.0 B) remote blocks
2026-08-09 23:12:12,644 INFO storage.ShuffleBlockFetcherIterator: Started 0 remote fetches in 0 ms
2026-08-09 23:12:12,650 INFO executor.Executor: Finished task 2.0 in stage 27.0 (TID 181). 5954 bytes result sent to driver
2026-08-09 23:12:12,650 INFO scheduler.TaskSetManager: Starting task 3.0 in stage 27.0 (TID 183) (10.0.0.215, executor driver, partition 3, NODE_LOCAL, 4271 bytes) taskResourceAssignments Map()
2026-08-09 23:12:12,650 INFO scheduler.TaskSetManager: Finished task 2.0 in stage 27.0 (TID 181) in 10 ms on 10.0.0.215 (executor driver) (3/40)
2026-08-09 23:12:12,651 INFO executor.Executor: Running task 3.0 in stage 27.0 (TID 183)
2026-08-09 23:12:12,652 INFO storage.ShuffleBlockFetcherIterator: Getting 2 (38.6 KiB) non-empty blocks including 2 (38.6 KiB) local and 0 (0.0 B) host-local and 0 (0.0 B) push-merged-local and 0 (0.0 B) remote blocks
2026-08-09 23:12:12,652 INFO executor.Executor: Finished task 7.0 in stage 23.0 (TID 179). 6234 bytes result sent to driver
2026-08-09 23:12:12,652 INFO storage.ShuffleBlockFetcherIterator: Started 0 remote fetches in 0 ms
2026-08-09 23:12:12,653 INFO scheduler.TaskSetManager: Starting task 8.0 in stage 23.0 (TID 184) (10.0.0.215, executor driver, partition 8, NODE_LOCAL, 4271 bytes) taskResourceAssignments Map()
2026-08-09 23:12:12,653 INFO executor.Executor: Running task 8.0 in stage 23.0 (TID 184)
2026-08-09 23:12:12,654 INFO scheduler.TaskSetManager: Finished task 7.0 in stage 23.0 (TID 179) in 19 ms on 10.0.0.215 (executor driver) (8/10)
2026-08-09 23:12:12,655 INFO storage.ShuffleBlockFetcherIterator: Getting 2 (150.7 KiB) non-empty blocks including 2 (150.7 KiB) local and 0 (0.0 B) host-local and 0 (0.0 B) push-merged-local and 0 (0.0 B) remote blocks
2026-08-09 23:12:12,655 INFO storage.ShuffleBlockFetcherIterator: Started 0 remote fetches in 0 ms
2026-08-09 23:12:12,656 INFO executor.Executor: Finished task 4.0 in stage 25.0 (TID 182). 7741 bytes result sent to driver
2026-08-09 23:12:12,656 INFO scheduler.TaskSetManager: Starting task 5.0 in stage 25.0 (TID 185) (10.0.0.215, executor driver, partition 5, NODE_LOCAL, 4271 bytes) taskResourceAssignments Map()
2026-08-09 23:12:12,657 INFO executor.Executor: Running task 5.0 in stage 25.0 (TID 185)
2026-08-09 23:12:12,657 INFO scheduler.TaskSetManager: Finished task 4.0 in stage 25.0 (TID 182) in 15 ms on 10.0.0.215 (executor driver) (5/20)
2026-08-09 23:12:12,658 INFO executor.Executor: Finished task 3.0 in stage 27.0 (TID 183). 6094 bytes result sent to driver
2026-08-09 23:12:12,658 INFO scheduler.TaskSetManager: Starting task 4.0 in stage 27.0 (TID 186) (10.0.0.215, executor driver, partition 4, NODE_LOCAL, 4271 bytes) taskResourceAssignments Map()
2026-08-09 23:12:12,658 INFO storage.ShuffleBlockFetcherIterator: Getting 2 (80.0 KiB) non-empty blocks including 2 (80.0 KiB) local and 0 (0.0 B) host-local and 0 (0.0 B) push-merged-local and 0 (0.0 B) remote blocks
2026-08-09 23:12:12,658 INFO executor.Executor: Running task 4.0 in stage 27.0 (TID 186)
2026-08-09 23:12:12,658 INFO storage.ShuffleBlockFetcherIterator: Started 0 remote fetches in 0 ms
2026-08-09 23:12:12,658 INFO scheduler.TaskSetManager: Finished task 3.0 in stage 27.0 (TID 183) in 8 ms on 10.0.0.215 (executor driver) (4/40)
2026-08-09 23:12:12,659 INFO storage.ShuffleBlockFetcherIterator: Getting 2 (38.6 KiB) non-empty blocks including 2 (38.6 KiB) local and 0 (0.0 B) host-local and 0 (0.0 B) push-merged-local and 0 (0.0 B) remote blocks
2026-08-09 23:12:12,659 INFO storage.ShuffleBlockFetcherIterator: Started 0 remote fetches in 0 ms
2026-08-09 23:12:12,662 INFO executor.Executor: Finished task 4.0 in stage 27.0 (TID 186). 5771 bytes result sent to driver
2026-08-09 23:12:12,663 INFO scheduler.TaskSetManager: Starting task 5.0 in stage 27.0 (TID 187) (10.0.0.215, executor driver, partition 5, NODE_LOCAL, 4271 bytes) taskResourceAssignments Map()
2026-08-09 23:12:12,663 INFO executor.Executor: Running task 5.0 in stage 27.0 (TID 187)
2026-08-09 23:12:12,663 INFO scheduler.TaskSetManager: Finished task 4.0 in stage 27.0 (TID 186) in 5 ms on 10.0.0.215 (executor driver) (5/40)
2026-08-09 23:12:12,664 INFO executor.Executor: Finished task 8.0 in stage 23.0 (TID 184). 5954 bytes result sent to driver
2026-08-09 23:12:12,664 INFO scheduler.TaskSetManager: Starting task 9.0 in stage 23.0 (TID 188) (10.0.0.215, executor driver, partition 9, NODE_LOCAL, 4271 bytes) taskResourceAssignments Map()
2026-08-09 23:12:12,664 INFO executor.Executor: Running task 9.0 in stage 23.0 (TID 188)
2026-08-09 23:12:12,664 INFO storage.ShuffleBlockFetcherIterator: Getting 2 (38.6 KiB) non-empty blocks including 2 (38.6 KiB) local and 0 (0.0 B) host-local and 0 (0.0 B) push-merged-local and 0 (0.0 B) remote blocks
2026-08-09 23:12:12,665 INFO scheduler.TaskSetManager: Finished task 8.0 in stage 23.0 (TID 184) in 11 ms on 10.0.0.215 (executor driver) (9/10)
2026-08-09 23:12:12,665 INFO storage.ShuffleBlockFetcherIterator: Started 0 remote fetches in 0 ms
2026-08-09 23:12:12,665 INFO storage.ShuffleBlockFetcherIterator: Getting 2 (155.8 KiB) non-empty blocks including 2 (155.8 KiB) local and 0 (0.0 B) host-local and 0 (0.0 B) push-merged-local and 0 (0.0 B) remote blocks
2026-08-09 23:12:12,665 INFO storage.ShuffleBlockFetcherIterator: Started 0 remote fetches in 0 ms
2026-08-09 23:12:12,666 INFO executor.Executor: Finished task 0.0 in stage 29.0 (TID 180). 11116 bytes result sent to driver
2026-08-09 23:12:12,667 INFO scheduler.TaskSetManager: Starting task 1.0 in stage 29.0 (TID 189) (10.0.0.215, executor driver, partition 1, NODE_LOCAL, 4271 bytes) taskResourceAssignments Map()
2026-08-09 23:12:12,667 INFO executor.Executor: Running task 1.0 in stage 29.0 (TID 189)
2026-08-09 23:12:12,668 INFO scheduler.TaskSetManager: Finished task 0.0 in stage 29.0 (TID 180) in 33 ms on 10.0.0.215 (executor driver) (1/10)
2026-08-09 23:12:12,669 INFO storage.ShuffleBlockFetcherIterator: Getting 2 (155.8 KiB) non-empty blocks including 2 (155.8 KiB) local and 0 (0.0 B) host-local and 0 (0.0 B) push-merged-local and 0 (0.0 B) remote blocks
2026-08-09 23:12:12,669 INFO storage.ShuffleBlockFetcherIterator: Started 0 remote fetches in 0 ms
2026-08-09 23:12:12,669 INFO executor.Executor: Finished task 5.0 in stage 25.0 (TID 185). 7881 bytes result sent to driver
2026-08-09 23:12:12,670 INFO scheduler.TaskSetManager: Starting task 6.0 in stage 25.0 (TID 190) (10.0.0.215, executor driver, partition 6, NODE_LOCAL, 4271 bytes) taskResourceAssignments Map()
2026-08-09 23:12:12,670 INFO scheduler.TaskSetManager: Finished task 5.0 in stage 25.0 (TID 185) in 14 ms on 10.0.0.215 (executor driver) (6/20)
2026-08-09 23:12:12,670 INFO executor.Executor: Running task 6.0 in stage 25.0 (TID 190)
2026-08-09 23:12:12,672 INFO storage.ShuffleBlockFetcherIterator: Getting 2 (80.0 KiB) non-empty blocks including 2 (80.0 KiB) local and 0 (0.0 B) host-local and 0 (0.0 B) push-merged-local and 0 (0.0 B) remote blocks
2026-08-09 23:12:12,672 INFO storage.ShuffleBlockFetcherIterator: Started 0 remote fetches in 0 ms
2026-08-09 23:12:12,672 INFO executor.Executor: Finished task 5.0 in stage 27.0 (TID 187). 6051 bytes result sent to driver
2026-08-09 23:12:12,672 INFO scheduler.TaskSetManager: Starting task 6.0 in stage 27.0 (TID 191) (10.0.0.215, executor driver, partition 6, NODE_LOCAL, 4271 bytes) taskResourceAssignments Map()
2026-08-09 23:12:12,673 INFO executor.Executor: Running task 6.0 in stage 27.0 (TID 191)
2026-08-09 23:12:12,673 INFO scheduler.TaskSetManager: Finished task 5.0 in stage 27.0 (TID 187) in 10 ms on 10.0.0.215 (executor driver) (6/40)
2026-08-09 23:12:12,675 INFO storage.ShuffleBlockFetcherIterator: Getting 2 (38.6 KiB) non-empty blocks including 2 (38.6 KiB) local and 0 (0.0 B) host-local and 0 (0.0 B) push-merged-local and 0 (0.0 B) remote blocks
2026-08-09 23:12:12,675 INFO storage.ShuffleBlockFetcherIterator: Started 0 remote fetches in 0 ms
2026-08-09 23:12:12,676 INFO executor.Executor: Finished task 9.0 in stage 23.0 (TID 188). 6191 bytes result sent to driver
2026-08-09 23:12:12,676 INFO scheduler.TaskSetManager: Starting task 1.0 in stage 30.0 (TID 192) (10.0.0.215, executor driver, partition 1, PROCESS_LOCAL, 5128 bytes) taskResourceAssignments Map()
2026-08-09 23:12:12,676 INFO executor.Executor: Running task 1.0 in stage 30.0 (TID 192)
2026-08-09 23:12:12,677 INFO scheduler.TaskSetManager: Finished task 9.0 in stage 23.0 (TID 188) in 13 ms on 10.0.0.215 (executor driver) (10/10)
2026-08-09 23:12:12,677 INFO scheduler.TaskSchedulerImpl: Removed TaskSet 23.0, whose tasks have all completed, from pool default
2026-08-09 23:12:12,677 INFO scheduler.DAGScheduler: ResultStage 23 (collect at EnsembleTrainer.scala:80) finished in 0.178 s
2026-08-09 23:12:12,677 INFO scheduler.DAGScheduler: Job 17 is finished. Cancelling potential speculative or zombie tasks for this job
2026-08-09 23:12:12,677 INFO scheduler.TaskSchedulerImpl: Killing all running tasks in stage 23: Stage finished
2026-08-09 23:12:12,677 INFO scheduler.DAGScheduler: Job 17 finished: collect at EnsembleTrainer.scala:80, took 0.987560 s
2026-08-09 23:12:12,679 INFO storage.BlockManager: Found block rdd_8_1 locally
2026-08-09 23:12:12,681 INFO executor.Executor: Finished task 6.0 in stage 27.0 (TID 191). 6024 bytes result sent to driver
2026-08-09 23:12:12,681 INFO memory.MemoryStore: Block broadcast_45 stored as values in memory (estimated size 82.7 KiB, free 2.2 GiB)
2026-08-09 23:12:12,681 INFO scheduler.TaskSetManager: Starting task 7.0 in stage 27.0 (TID 193) (10.0.0.215, executor driver, partition 7, NODE_LOCAL, 4271 bytes) taskResourceAssignments Map()
2026-08-09 23:12:12,681 INFO executor.Executor: Running task 7.0 in stage 27.0 (TID 193)
2026-08-09 23:12:12,683 INFO scheduler.TaskSetManager: Finished task 6.0 in stage 27.0 (TID 191) in 11 ms on 10.0.0.215 (executor driver) (7/40)
2026-08-09 23:12:12,683 INFO storage.ShuffleBlockFetcherIterator: Getting 2 (38.6 KiB) non-empty blocks including 2 (38.6 KiB) local and 0 (0.0 B) host-local and 0 (0.0 B) push-merged-local and 0 (0.0 B) remote blocks
2026-08-09 23:12:12,683 INFO storage.ShuffleBlockFetcherIterator: Started 0 remote fetches in 0 ms
2026-08-09 23:12:12,683 INFO memory.MemoryStore: Block broadcast_45_piece0 stored as bytes in memory (estimated size 16.4 KiB, free 2.2 GiB)
2026-08-09 23:12:12,684 INFO storage.BlockManagerInfo: Added broadcast_45_piece0 in memory on 10.0.0.215:64239 (size: 16.4 KiB, free: 2.2 GiB)
2026-08-09 23:12:12,684 INFO spark.SparkContext: Created broadcast 45 from broadcast at EnsemblePredictor.scala:28
2026-08-09 23:12:12,684 INFO executor.Executor: Finished task 6.0 in stage 25.0 (TID 190). 7714 bytes result sent to driver
2026-08-09 23:12:12,685 INFO scheduler.TaskSetManager: Starting task 7.0 in stage 25.0 (TID 194) (10.0.0.215, executor driver, partition 7, NODE_LOCAL, 4271 bytes) taskResourceAssignments Map()
2026-08-09 23:12:12,685 INFO executor.Executor: Running task 7.0 in stage 25.0 (TID 194)
2026-08-09 23:12:12,686 INFO scheduler.TaskSetManager: Finished task 6.0 in stage 25.0 (TID 190) in 16 ms on 10.0.0.215 (executor driver) (7/20)
2026-08-09 23:12:12,687 INFO storage.ShuffleBlockFetcherIterator: Getting 2 (80.0 KiB) non-empty blocks including 2 (80.0 KiB) local and 0 (0.0 B) host-local and 0 (0.0 B) push-merged-local and 0 (0.0 B) remote blocks
2026-08-09 23:12:12,687 INFO storage.ShuffleBlockFetcherIterator: Started 0 remote fetches in 0 ms
2026-08-09 23:12:12,689 INFO executor.Executor: Finished task 7.0 in stage 27.0 (TID 193). 5981 bytes result sent to driver
2026-08-09 23:12:12,689 INFO spark.SparkContext: Starting job: count at Metrics.scala:12
2026-08-09 23:12:12,689 INFO scheduler.TaskSetManager: Starting task 8.0 in stage 27.0 (TID 195) (10.0.0.215, executor driver, partition 8, NODE_LOCAL, 4271 bytes) taskResourceAssignments Map()
2026-08-09 23:12:12,689 INFO executor.Executor: Running task 8.0 in stage 27.0 (TID 195)
2026-08-09 23:12:12,690 INFO scheduler.DAGScheduler: Got job 29 (count at Metrics.scala:12) with 2 output partitions
2026-08-09 23:12:12,690 INFO scheduler.DAGScheduler: Final stage: ResultStage 41 (count at Metrics.scala:12)
2026-08-09 23:12:12,690 INFO scheduler.DAGScheduler: Parents of final stage: List()
2026-08-09 23:12:12,690 INFO scheduler.DAGScheduler: Missing parents: List()
2026-08-09 23:12:12,690 INFO scheduler.TaskSetManager: Finished task 7.0 in stage 27.0 (TID 193) in 9 ms on 10.0.0.215 (executor driver) (8/40)
2026-08-09 23:12:12,690 INFO scheduler.DAGScheduler: Submitting ResultStage 41 (MapPartitionsRDD[71] at map at EnsembleExperiment.scala:28), which has no missing parents
2026-08-09 23:12:12,691 INFO storage.ShuffleBlockFetcherIterator: Getting 2 (38.6 KiB) non-empty blocks including 2 (38.6 KiB) local and 0 (0.0 B) host-local and 0 (0.0 B) push-merged-local and 0 (0.0 B) remote blocks
2026-08-09 23:12:12,691 INFO storage.ShuffleBlockFetcherIterator: Started 0 remote fetches in 0 ms
2026-08-09 23:12:12,692 INFO memory.MemoryStore: Block broadcast_46 stored as values in memory (estimated size 38.2 KiB, free 2.2 GiB)
2026-08-09 23:12:12,696 INFO memory.MemoryStore: Block broadcast_46_piece0 stored as bytes in memory (estimated size 12.0 KiB, free 2.2 GiB)
2026-08-09 23:12:12,697 INFO storage.BlockManagerInfo: Added broadcast_46_piece0 in memory on 10.0.0.215:64239 (size: 12.0 KiB, free: 2.2 GiB)
2026-08-09 23:12:12,697 INFO spark.SparkContext: Created broadcast 46 from broadcast at DAGScheduler.scala:1513
2026-08-09 23:12:12,697 INFO storage.BlockManagerInfo: Removed broadcast_35_piece0 on 10.0.0.215:64239 in memory (size: 3.0 KiB, free: 2.2 GiB)
2026-08-09 23:12:12,698 INFO scheduler.DAGScheduler: Submitting 2 missing tasks from ResultStage 41 (MapPartitionsRDD[71] at map at EnsembleExperiment.scala:28) (first 15 tasks are for partitions Vector(0, 1))
2026-08-09 23:12:12,698 INFO scheduler.TaskSchedulerImpl: Adding task set 41.0 with 2 tasks resource profile 0
2026-08-09 23:12:12,698 INFO scheduler.FairSchedulableBuilder: Added task set TaskSet_41.0 tasks to pool default
2026-08-09 23:12:12,700 INFO storage.BlockManagerInfo: Removed broadcast_29_piece0 on 10.0.0.215:64239 in memory (size: 3.0 KiB, free: 2.2 GiB)
2026-08-09 23:12:12,702 INFO executor.Executor: Finished task 1.0 in stage 29.0 (TID 189). 10669 bytes result sent to driver
2026-08-09 23:12:12,702 INFO scheduler.TaskSetManager: Starting task 2.0 in stage 29.0 (TID 196) (10.0.0.215, executor driver, partition 2, NODE_LOCAL, 4271 bytes) taskResourceAssignments Map()
2026-08-09 23:12:12,702 INFO executor.Executor: Running task 2.0 in stage 29.0 (TID 196)
2026-08-09 23:12:12,703 INFO executor.Executor: Finished task 8.0 in stage 27.0 (TID 195). 5927 bytes result sent to driver
2026-08-09 23:12:12,703 INFO scheduler.TaskSetManager: Starting task 9.0 in stage 27.0 (TID 197) (10.0.0.215, executor driver, partition 9, NODE_LOCAL, 4271 bytes) taskResourceAssignments Map()
2026-08-09 23:12:12,703 INFO executor.Executor: Running task 9.0 in stage 27.0 (TID 197)
2026-08-09 23:12:12,704 INFO scheduler.TaskSetManager: Finished task 1.0 in stage 29.0 (TID 189) in 37 ms on 10.0.0.215 (executor driver) (2/10)
2026-08-09 23:12:12,704 INFO scheduler.TaskSetManager: Finished task 8.0 in stage 27.0 (TID 195) in 15 ms on 10.0.0.215 (executor driver) (9/40)
2026-08-09 23:12:12,704 INFO executor.Executor: Finished task 7.0 in stage 25.0 (TID 194). 7784 bytes result sent to driver
2026-08-09 23:12:12,705 INFO scheduler.TaskSetManager: Starting task 8.0 in stage 25.0 (TID 198) (10.0.0.215, executor driver, partition 8, NODE_LOCAL, 4271 bytes) taskResourceAssignments Map()
2026-08-09 23:12:12,705 INFO storage.ShuffleBlockFetcherIterator: Getting 2 (38.6 KiB) non-empty blocks including 2 (38.6 KiB) local and 0 (0.0 B) host-local and 0 (0.0 B) push-merged-local and 0 (0.0 B) remote blocks
2026-08-09 23:12:12,705 INFO storage.ShuffleBlockFetcherIterator: Started 0 remote fetches in 0 ms
2026-08-09 23:12:12,705 INFO executor.Executor: Running task 8.0 in stage 25.0 (TID 198)
2026-08-09 23:12:12,706 INFO storage.ShuffleBlockFetcherIterator: Getting 2 (80.0 KiB) non-empty blocks including 2 (80.0 KiB) local and 0 (0.0 B) host-local and 0 (0.0 B) push-merged-local and 0 (0.0 B) remote blocks
2026-08-09 23:12:12,706 INFO storage.ShuffleBlockFetcherIterator: Started 0 remote fetches in 0 ms
2026-08-09 23:12:12,706 INFO scheduler.TaskSetManager: Finished task 7.0 in stage 25.0 (TID 194) in 21 ms on 10.0.0.215 (executor driver) (8/20)
2026-08-09 23:12:12,706 INFO executor.Executor: Finished task 1.0 in stage 30.0 (TID 192). 1965 bytes result sent to driver
2026-08-09 23:12:12,707 INFO storage.ShuffleBlockFetcherIterator: Getting 2 (155.8 KiB) non-empty blocks including 2 (155.8 KiB) local and 0 (0.0 B) host-local and 0 (0.0 B) push-merged-local and 0 (0.0 B) remote blocks
2026-08-09 23:12:12,707 INFO storage.ShuffleBlockFetcherIterator: Started 0 remote fetches in 0 ms
2026-08-09 23:12:12,708 INFO scheduler.TaskSetManager: Starting task 1.0 in stage 32.0 (TID 199) (10.0.0.215, executor driver, partition 1, PROCESS_LOCAL, 5128 bytes) taskResourceAssignments Map()
2026-08-09 23:12:12,708 INFO scheduler.TaskSetManager: Finished task 1.0 in stage 30.0 (TID 192) in 32 ms on 10.0.0.215 (executor driver) (2/2)
2026-08-09 23:12:12,708 INFO scheduler.TaskSchedulerImpl: Removed TaskSet 30.0, whose tasks have all completed, from pool default
2026-08-09 23:12:12,708 INFO executor.Executor: Running task 1.0 in stage 32.0 (TID 199)
2026-08-09 23:12:12,709 INFO executor.Executor: Finished task 9.0 in stage 27.0 (TID 197). 5981 bytes result sent to driver
2026-08-09 23:12:12,709 INFO scheduler.TaskSetManager: Starting task 10.0 in stage 27.0 (TID 200) (10.0.0.215, executor driver, partition 10, NODE_LOCAL, 4271 bytes) taskResourceAssignments Map()
2026-08-09 23:12:12,710 INFO executor.Executor: Running task 10.0 in stage 27.0 (TID 200)
2026-08-09 23:12:12,710 INFO scheduler.DAGScheduler: ShuffleMapStage 30 (map at EnsembleTrainer.scala:31) finished in 0.883 s
2026-08-09 23:12:12,710 INFO scheduler.DAGScheduler: looking for newly runnable stages
2026-08-09 23:12:12,710 INFO scheduler.DAGScheduler: running: Set(ResultStage 27, ResultStage 37, ShuffleMapStage 34, ResultStage 38, ShuffleMapStage 32, ResultStage 39, ResultStage 36, ResultStage 25, ResultStage 40, ResultStage 29, ResultStage 41)
2026-08-09 23:12:12,710 INFO scheduler.DAGScheduler: waiting: Set(ResultStage 33, ResultStage 31, ResultStage 35)
2026-08-09 23:12:12,710 INFO scheduler.DAGScheduler: failed: Set()
2026-08-09 23:12:12,710 INFO scheduler.DAGScheduler: Submitting ResultStage 31 (MapPartitionsRDD[51] at mapPartitions at EnsembleTrainer.scala:37), which has no missing parents
2026-08-09 23:12:12,711 INFO storage.BlockManager: Found block rdd_8_1 locally
2026-08-09 23:12:12,713 INFO executor.Executor: Finished task 8.0 in stage 25.0 (TID 198). 8021 bytes result sent to driver
2026-08-09 23:12:12,713 INFO scheduler.TaskSetManager: Finished task 9.0 in stage 27.0 (TID 197) in 10 ms on 10.0.0.215 (executor driver) (10/40)
2026-08-09 23:12:12,713 INFO storage.ShuffleBlockFetcherIterator: Getting 2 (37.3 KiB) non-empty blocks including 2 (37.3 KiB) local and 0 (0.0 B) host-local and 0 (0.0 B) push-merged-local and 0 (0.0 B) remote blocks
2026-08-09 23:12:12,714 INFO storage.ShuffleBlockFetcherIterator: Started 0 remote fetches in 1 ms
2026-08-09 23:12:12,714 INFO scheduler.TaskSetManager: Starting task 9.0 in stage 25.0 (TID 201) (10.0.0.215, executor driver, partition 9, NODE_LOCAL, 4271 bytes) taskResourceAssignments Map()
2026-08-09 23:12:12,713 INFO memory.MemoryStore: Block broadcast_47 stored as values in memory (estimated size 5.4 KiB, free 2.2 GiB)
2026-08-09 23:12:12,715 INFO memory.MemoryStore: Block broadcast_47_piece0 stored as bytes in memory (estimated size 3.0 KiB, free 2.2 GiB)
2026-08-09 23:12:12,715 INFO executor.Executor: Running task 9.0 in stage 25.0 (TID 201)
2026-08-09 23:12:12,716 INFO storage.BlockManagerInfo: Added broadcast_47_piece0 in memory on 10.0.0.215:64239 (size: 3.0 KiB, free: 2.2 GiB)
2026-08-09 23:12:12,716 INFO scheduler.TaskSetManager: Finished task 8.0 in stage 25.0 (TID 198) in 12 ms on 10.0.0.215 (executor driver) (9/20)
2026-08-09 23:12:12,729 INFO spark.SparkContext: Created broadcast 47 from broadcast at DAGScheduler.scala:1513
2026-08-09 23:12:12,732 INFO storage.BlockManagerInfo: Removed broadcast_21_piece0 on 10.0.0.215:64239 in memory (size: 12.3 KiB, free: 2.2 GiB)
2026-08-09 23:12:12,732 INFO scheduler.DAGScheduler: Submitting 20 missing tasks from ResultStage 31 (MapPartitionsRDD[51] at mapPartitions at EnsembleTrainer.scala:37) (first 15 tasks are for partitions Vector(0, 1, 2, 3, 4, 5, 6, 7, 8, 9, 10, 11, 12, 13, 14))
2026-08-09 23:12:12,732 INFO scheduler.TaskSchedulerImpl: Adding task set 31.0 with 20 tasks resource profile 0
2026-08-09 23:12:12,732 INFO scheduler.FairSchedulableBuilder: Added task set TaskSet_31.0 tasks to pool default
2026-08-09 23:12:12,733 INFO storage.ShuffleBlockFetcherIterator: Getting 2 (80.0 KiB) non-empty blocks including 2 (80.0 KiB) local and 0 (0.0 B) host-local and 0 (0.0 B) push-merged-local and 0 (0.0 B) remote blocks
2026-08-09 23:12:12,733 INFO storage.ShuffleBlockFetcherIterator: Started 0 remote fetches in 0 ms
2026-08-09 23:12:12,735 INFO executor.Executor: Finished task 10.0 in stage 27.0 (TID 200). 6137 bytes result sent to driver
2026-08-09 23:12:12,736 INFO scheduler.TaskSetManager: Starting task 11.0 in stage 27.0 (TID 202) (10.0.0.215, executor driver, partition 11, NODE_LOCAL, 4271 bytes) taskResourceAssignments Map()
2026-08-09 23:12:12,736 INFO storage.BlockManagerInfo: Removed broadcast_22_piece0 on 10.0.0.215:64239 in memory (size: 12.3 KiB, free: 2.2 GiB)
2026-08-09 23:12:12,736 INFO scheduler.TaskSetManager: Finished task 10.0 in stage 27.0 (TID 200) in 27 ms on 10.0.0.215 (executor driver) (11/40)
2026-08-09 23:12:12,736 INFO executor.Executor: Running task 11.0 in stage 27.0 (TID 202)
2026-08-09 23:12:12,738 INFO storage.ShuffleBlockFetcherIterator: Getting 2 (38.6 KiB) non-empty blocks including 2 (38.6 KiB) local and 0 (0.0 B) host-local and 0 (0.0 B) push-merged-local and 0 (0.0 B) remote blocks
2026-08-09 23:12:12,738 INFO storage.ShuffleBlockFetcherIterator: Started 0 remote fetches in 0 ms
2026-08-09 23:12:12,743 INFO storage.BlockManagerInfo: Removed broadcast_16_piece0 on 10.0.0.215:64239 in memory (size: 12.3 KiB, free: 2.2 GiB)
2026-08-09 23:12:12,745 INFO executor.Executor: Finished task 2.0 in stage 29.0 (TID 196). 10669 bytes result sent to driver
2026-08-09 23:12:12,746 INFO scheduler.TaskSetManager: Starting task 3.0 in stage 29.0 (TID 203) (10.0.0.215, executor driver, partition 3, NODE_LOCAL, 4271 bytes) taskResourceAssignments Map()
2026-08-09 23:12:12,746 INFO executor.Executor: Finished task 11.0 in stage 27.0 (TID 202). 6121 bytes result sent to driver
2026-08-09 23:12:12,746 INFO executor.Executor: Running task 3.0 in stage 29.0 (TID 203)
2026-08-09 23:12:12,747 INFO scheduler.TaskSetManager: Starting task 12.0 in stage 27.0 (TID 204) (10.0.0.215, executor driver, partition 12, NODE_LOCAL, 4271 bytes) taskResourceAssignments Map()
2026-08-09 23:12:12,748 INFO scheduler.TaskSetManager: Finished task 11.0 in stage 27.0 (TID 202) in 13 ms on 10.0.0.215 (executor driver) (12/40)
2026-08-09 23:12:12,748 INFO executor.Executor: Running task 12.0 in stage 27.0 (TID 204)
2026-08-09 23:12:12,748 INFO executor.Executor: Finished task 9.0 in stage 25.0 (TID 201). 8204 bytes result sent to driver
2026-08-09 23:12:12,749 INFO scheduler.TaskSetManager: Finished task 2.0 in stage 29.0 (TID 196) in 47 ms on 10.0.0.215 (executor driver) (3/10)
2026-08-09 23:12:12,749 INFO scheduler.TaskSetManager: Starting task 10.0 in stage 25.0 (TID 205) (10.0.0.215, executor driver, partition 10, NODE_LOCAL, 4271 bytes) taskResourceAssignments Map()
2026-08-09 23:12:12,750 INFO storage.ShuffleBlockFetcherIterator: Getting 2 (155.8 KiB) non-empty blocks including 2 (155.8 KiB) local and 0 (0.0 B) host-local and 0 (0.0 B) push-merged-local and 0 (0.0 B) remote blocks
2026-08-09 23:12:12,750 INFO storage.ShuffleBlockFetcherIterator: Getting 2 (38.6 KiB) non-empty blocks including 2 (38.6 KiB) local and 0 (0.0 B) host-local and 0 (0.0 B) push-merged-local and 0 (0.0 B) remote blocks
2026-08-09 23:12:12,750 INFO storage.ShuffleBlockFetcherIterator: Started 0 remote fetches in 0 ms
2026-08-09 23:12:12,750 INFO storage.ShuffleBlockFetcherIterator: Started 0 remote fetches in 0 ms
2026-08-09 23:12:12,750 INFO executor.Executor: Running task 10.0 in stage 25.0 (TID 205)
2026-08-09 23:12:12,751 INFO scheduler.TaskSetManager: Finished task 9.0 in stage 25.0 (TID 201) in 37 ms on 10.0.0.215 (executor driver) (10/20)
2026-08-09 23:12:12,751 INFO executor.Executor: Finished task 1.0 in stage 32.0 (TID 199). 1942 bytes result sent to driver
2026-08-09 23:12:12,751 INFO scheduler.TaskSetManager: Starting task 0.0 in stage 31.0 (TID 206) (10.0.0.215, executor driver, partition 0, NODE_LOCAL, 4271 bytes) taskResourceAssignments Map()
2026-08-09 23:12:12,752 INFO executor.Executor: Running task 0.0 in stage 31.0 (TID 206)
2026-08-09 23:12:12,752 INFO scheduler.TaskSetManager: Finished task 1.0 in stage 32.0 (TID 199) in 44 ms on 10.0.0.215 (executor driver) (2/2)
2026-08-09 23:12:12,752 INFO scheduler.TaskSchedulerImpl: Removed TaskSet 32.0, whose tasks have all completed, from pool default
2026-08-09 23:12:12,752 INFO storage.ShuffleBlockFetcherIterator: Getting 2 (80.0 KiB) non-empty blocks including 2 (80.0 KiB) local and 0 (0.0 B) host-local and 0 (0.0 B) push-merged-local and 0 (0.0 B) remote blocks
2026-08-09 23:12:12,752 INFO storage.ShuffleBlockFetcherIterator: Started 0 remote fetches in 0 ms
2026-08-09 23:12:12,753 INFO scheduler.DAGScheduler: ShuffleMapStage 32 (map at EnsembleTrainer.scala:31) finished in 0.915 s
2026-08-09 23:12:12,753 INFO scheduler.DAGScheduler: looking for newly runnable stages
2026-08-09 23:12:12,753 INFO scheduler.DAGScheduler: running: Set(ResultStage 27, ResultStage 37, ShuffleMapStage 34, ResultStage 31, ResultStage 38, ResultStage 39, ResultStage 36, ResultStage 25, ResultStage 40, ResultStage 29, ResultStage 41)
2026-08-09 23:12:12,753 INFO scheduler.DAGScheduler: waiting: Set(ResultStage 33, ResultStage 35)
2026-08-09 23:12:12,753 INFO scheduler.DAGScheduler: failed: Set()
2026-08-09 23:12:12,753 INFO scheduler.DAGScheduler: Submitting ResultStage 33 (MapPartitionsRDD[57] at mapPartitions at EnsembleTrainer.scala:37), which has no missing parents
2026-08-09 23:12:12,755 INFO memory.MemoryStore: Block broadcast_48 stored as values in memory (estimated size 5.4 KiB, free 2.2 GiB)
2026-08-09 23:12:12,755 INFO executor.Executor: Finished task 12.0 in stage 27.0 (TID 204). 5911 bytes result sent to driver
2026-08-09 23:12:12,755 INFO memory.MemoryStore: Block broadcast_48_piece0 stored as bytes in memory (estimated size 3.0 KiB, free 2.2 GiB)
2026-08-09 23:12:12,756 INFO scheduler.TaskSetManager: Starting task 13.0 in stage 27.0 (TID 207) (10.0.0.215, executor driver, partition 13, NODE_LOCAL, 4271 bytes) taskResourceAssignments Map()
2026-08-09 23:12:12,756 INFO storage.BlockManagerInfo: Removed broadcast_14_piece0 on 10.0.0.215:64239 in memory (size: 12.3 KiB, free: 2.2 GiB)
2026-08-09 23:12:12,756 INFO storage.BlockManagerInfo: Added broadcast_48_piece0 in memory on 10.0.0.215:64239 (size: 3.0 KiB, free: 2.2 GiB)
2026-08-09 23:12:12,756 INFO executor.Executor: Running task 13.0 in stage 27.0 (TID 207)
2026-08-09 23:12:12,756 INFO spark.SparkContext: Created broadcast 48 from broadcast at DAGScheduler.scala:1513
2026-08-09 23:12:12,756 INFO storage.ShuffleBlockFetcherIterator: Getting 2 (80.0 KiB) non-empty blocks including 2 (80.0 KiB) local and 0 (0.0 B) host-local and 0 (0.0 B) push-merged-local and 0 (0.0 B) remote blocks
2026-08-09 23:12:12,756 INFO storage.ShuffleBlockFetcherIterator: Started 0 remote fetches in 0 ms
2026-08-09 23:12:12,756 INFO scheduler.DAGScheduler: Submitting 40 missing tasks from ResultStage 33 (MapPartitionsRDD[57] at mapPartitions at EnsembleTrainer.scala:37) (first 15 tasks are for partitions Vector(0, 1, 2, 3, 4, 5, 6, 7, 8, 9, 10, 11, 12, 13, 14))
2026-08-09 23:12:12,756 INFO scheduler.TaskSchedulerImpl: Adding task set 33.0 with 40 tasks resource profile 0
2026-08-09 23:12:12,757 INFO scheduler.FairSchedulableBuilder: Added task set TaskSet_33.0 tasks to pool default
2026-08-09 23:12:12,757 INFO scheduler.TaskSetManager: Finished task 12.0 in stage 27.0 (TID 204) in 10 ms on 10.0.0.215 (executor driver) (13/40)
2026-08-09 23:12:12,758 INFO storage.ShuffleBlockFetcherIterator: Getting 2 (38.6 KiB) non-empty blocks including 2 (38.6 KiB) local and 0 (0.0 B) host-local and 0 (0.0 B) push-merged-local and 0 (0.0 B) remote blocks
2026-08-09 23:12:12,758 INFO storage.ShuffleBlockFetcherIterator: Started 0 remote fetches in 0 ms
2026-08-09 23:12:12,761 INFO storage.BlockManagerInfo: Removed broadcast_15_piece0 on 10.0.0.215:64239 in memory (size: 12.3 KiB, free: 2.2 GiB)
2026-08-09 23:12:12,763 INFO executor.Executor: Finished task 10.0 in stage 25.0 (TID 205). 7671 bytes result sent to driver
2026-08-09 23:12:12,763 INFO scheduler.TaskSetManager: Starting task 11.0 in stage 25.0 (TID 208) (10.0.0.215, executor driver, partition 11, NODE_LOCAL, 4271 bytes) taskResourceAssignments Map()
2026-08-09 23:12:12,763 INFO executor.Executor: Finished task 13.0 in stage 27.0 (TID 207). 6234 bytes result sent to driver
2026-08-09 23:12:12,763 INFO scheduler.TaskSetManager: Starting task 14.0 in stage 27.0 (TID 209) (10.0.0.215, executor driver, partition 14, NODE_LOCAL, 4271 bytes) taskResourceAssignments Map()
2026-08-09 23:12:12,763 INFO executor.Executor: Running task 11.0 in stage 25.0 (TID 208)
2026-08-09 23:12:12,764 INFO executor.Executor: Running task 14.0 in stage 27.0 (TID 209)
2026-08-09 23:12:12,764 INFO storage.BlockManagerInfo: Removed broadcast_17_piece0 on 10.0.0.215:64239 in memory (size: 12.3 KiB, free: 2.2 GiB)
2026-08-09 23:12:12,764 INFO scheduler.TaskSetManager: Finished task 13.0 in stage 27.0 (TID 207) in 9 ms on 10.0.0.215 (executor driver) (14/40)
2026-08-09 23:12:12,764 INFO scheduler.TaskSetManager: Finished task 10.0 in stage 25.0 (TID 205) in 15 ms on 10.0.0.215 (executor driver) (11/20)
2026-08-09 23:12:12,765 INFO storage.ShuffleBlockFetcherIterator: Getting 2 (38.6 KiB) non-empty blocks including 2 (38.6 KiB) local and 0 (0.0 B) host-local and 0 (0.0 B) push-merged-local and 0 (0.0 B) remote blocks
2026-08-09 23:12:12,765 INFO executor.Executor: Finished task 0.0 in stage 31.0 (TID 206). 6164 bytes result sent to driver
2026-08-09 23:12:12,765 INFO storage.ShuffleBlockFetcherIterator: Started 0 remote fetches in 0 ms
2026-08-09 23:12:12,765 INFO storage.ShuffleBlockFetcherIterator: Getting 2 (80.0 KiB) non-empty blocks including 2 (80.0 KiB) local and 0 (0.0 B) host-local and 0 (0.0 B) push-merged-local and 0 (0.0 B) remote blocks
2026-08-09 23:12:12,765 INFO storage.ShuffleBlockFetcherIterator: Started 0 remote fetches in 0 ms
2026-08-09 23:12:12,765 INFO scheduler.TaskSetManager: Starting task 1.0 in stage 31.0 (TID 210) (10.0.0.215, executor driver, partition 1, NODE_LOCAL, 4271 bytes) taskResourceAssignments Map()
2026-08-09 23:12:12,765 INFO executor.Executor: Running task 1.0 in stage 31.0 (TID 210)
2026-08-09 23:12:12,766 INFO scheduler.TaskSetManager: Finished task 0.0 in stage 31.0 (TID 206) in 15 ms on 10.0.0.215 (executor driver) (1/20)
2026-08-09 23:12:12,767 INFO storage.ShuffleBlockFetcherIterator: Getting 2 (80.0 KiB) non-empty blocks including 2 (80.0 KiB) local and 0 (0.0 B) host-local and 0 (0.0 B) push-merged-local and 0 (0.0 B) remote blocks
2026-08-09 23:12:12,767 INFO storage.ShuffleBlockFetcherIterator: Started 0 remote fetches in 0 ms
2026-08-09 23:12:12,767 INFO storage.BlockManagerInfo: Removed broadcast_18_piece0 on 10.0.0.215:64239 in memory (size: 12.3 KiB, free: 2.2 GiB)
2026-08-09 23:12:12,769 INFO executor.Executor: Finished task 14.0 in stage 27.0 (TID 209). 5701 bytes result sent to driver
2026-08-09 23:12:12,769 INFO scheduler.TaskSetManager: Starting task 15.0 in stage 27.0 (TID 211) (10.0.0.215, executor driver, partition 15, NODE_LOCAL, 4271 bytes) taskResourceAssignments Map()
2026-08-09 23:12:12,769 INFO executor.Executor: Running task 15.0 in stage 27.0 (TID 211)
2026-08-09 23:12:12,770 INFO scheduler.TaskSetManager: Finished task 14.0 in stage 27.0 (TID 209) in 7 ms on 10.0.0.215 (executor driver) (15/40)
2026-08-09 23:12:12,770 INFO storage.BlockManagerInfo: Removed broadcast_20_piece0 on 10.0.0.215:64239 in memory (size: 12.3 KiB, free: 2.2 GiB)
2026-08-09 23:12:12,771 INFO executor.Executor: Finished task 3.0 in stage 29.0 (TID 203). 10174 bytes result sent to driver
2026-08-09 23:12:12,771 INFO storage.ShuffleBlockFetcherIterator: Getting 2 (38.6 KiB) non-empty blocks including 2 (38.6 KiB) local and 0 (0.0 B) host-local and 0 (0.0 B) push-merged-local and 0 (0.0 B) remote blocks
2026-08-09 23:12:12,771 INFO storage.ShuffleBlockFetcherIterator: Started 0 remote fetches in 0 ms
2026-08-09 23:12:12,771 INFO scheduler.TaskSetManager: Starting task 4.0 in stage 29.0 (TID 212) (10.0.0.215, executor driver, partition 4, NODE_LOCAL, 4271 bytes) taskResourceAssignments Map()
2026-08-09 23:12:12,771 INFO executor.Executor: Running task 4.0 in stage 29.0 (TID 212)
2026-08-09 23:12:12,772 INFO scheduler.TaskSetManager: Finished task 3.0 in stage 29.0 (TID 203) in 26 ms on 10.0.0.215 (executor driver) (4/10)
2026-08-09 23:12:12,773 INFO storage.ShuffleBlockFetcherIterator: Getting 2 (155.8 KiB) non-empty blocks including 2 (155.8 KiB) local and 0 (0.0 B) host-local and 0 (0.0 B) push-merged-local and 0 (0.0 B) remote blocks
2026-08-09 23:12:12,773 INFO storage.ShuffleBlockFetcherIterator: Started 0 remote fetches in 0 ms
2026-08-09 23:12:12,773 INFO storage.BlockManagerInfo: Removed broadcast_19_piece0 on 10.0.0.215:64239 in memory (size: 12.3 KiB, free: 2.2 GiB)
2026-08-09 23:12:12,774 INFO executor.Executor: Finished task 1.0 in stage 31.0 (TID 210). 6306 bytes result sent to driver
2026-08-09 23:12:12,774 INFO scheduler.TaskSetManager: Starting task 2.0 in stage 31.0 (TID 213) (10.0.0.215, executor driver, partition 2, NODE_LOCAL, 4271 bytes) taskResourceAssignments Map()
2026-08-09 23:12:12,774 INFO executor.Executor: Running task 2.0 in stage 31.0 (TID 213)
2026-08-09 23:12:12,775 INFO executor.Executor: Finished task 11.0 in stage 25.0 (TID 208). 7854 bytes result sent to driver
2026-08-09 23:12:12,775 INFO scheduler.TaskSetManager: Starting task 12.0 in stage 25.0 (TID 214) (10.0.0.215, executor driver, partition 12, NODE_LOCAL, 4271 bytes) taskResourceAssignments Map()
2026-08-09 23:12:12,775 INFO executor.Executor: Running task 12.0 in stage 25.0 (TID 214)
2026-08-09 23:12:12,776 INFO storage.ShuffleBlockFetcherIterator: Getting 2 (80.0 KiB) non-empty blocks including 2 (80.0 KiB) local and 0 (0.0 B) host-local and 0 (0.0 B) push-merged-local and 0 (0.0 B) remote blocks
2026-08-09 23:12:12,776 INFO scheduler.TaskSetManager: Finished task 1.0 in stage 31.0 (TID 210) in 11 ms on 10.0.0.215 (executor driver) (2/20)
2026-08-09 23:12:12,776 INFO storage.ShuffleBlockFetcherIterator: Started 0 remote fetches in 0 ms
2026-08-09 23:12:12,776 INFO executor.Executor: Finished task 15.0 in stage 27.0 (TID 211). 6164 bytes result sent to driver
2026-08-09 23:12:12,777 INFO scheduler.TaskSetManager: Starting task 16.0 in stage 27.0 (TID 215) (10.0.0.215, executor driver, partition 16, NODE_LOCAL, 4271 bytes) taskResourceAssignments Map()
2026-08-09 23:12:12,777 INFO executor.Executor: Running task 16.0 in stage 27.0 (TID 215)
2026-08-09 23:12:12,777 INFO storage.ShuffleBlockFetcherIterator: Getting 2 (80.0 KiB) non-empty blocks including 2 (80.0 KiB) local and 0 (0.0 B) host-local and 0 (0.0 B) push-merged-local and 0 (0.0 B) remote blocks
2026-08-09 23:12:12,777 INFO storage.ShuffleBlockFetcherIterator: Started 0 remote fetches in 0 ms
2026-08-09 23:12:12,778 INFO scheduler.TaskSetManager: Finished task 11.0 in stage 25.0 (TID 208) in 15 ms on 10.0.0.215 (executor driver) (12/20)
2026-08-09 23:12:12,778 INFO scheduler.TaskSetManager: Finished task 15.0 in stage 27.0 (TID 211) in 9 ms on 10.0.0.215 (executor driver) (16/40)
2026-08-09 23:12:12,779 INFO storage.ShuffleBlockFetcherIterator: Getting 2 (37.3 KiB) non-empty blocks including 2 (37.3 KiB) local and 0 (0.0 B) host-local and 0 (0.0 B) push-merged-local and 0 (0.0 B) remote blocks
2026-08-09 23:12:12,779 INFO storage.ShuffleBlockFetcherIterator: Started 0 remote fetches in 0 ms
2026-08-09 23:12:12,784 INFO executor.Executor: Finished task 16.0 in stage 27.0 (TID 215). 6024 bytes result sent to driver
2026-08-09 23:12:12,784 INFO executor.Executor: Finished task 2.0 in stage 31.0 (TID 213). 5981 bytes result sent to driver
2026-08-09 23:12:12,784 INFO scheduler.TaskSetManager: Starting task 17.0 in stage 27.0 (TID 216) (10.0.0.215, executor driver, partition 17, NODE_LOCAL, 4271 bytes) taskResourceAssignments Map()
2026-08-09 23:12:12,784 INFO scheduler.TaskSetManager: Starting task 3.0 in stage 31.0 (TID 217) (10.0.0.215, executor driver, partition 3, NODE_LOCAL, 4271 bytes) taskResourceAssignments Map()
2026-08-09 23:12:12,784 INFO executor.Executor: Running task 17.0 in stage 27.0 (TID 216)
2026-08-09 23:12:12,785 INFO executor.Executor: Running task 3.0 in stage 31.0 (TID 217)
2026-08-09 23:12:12,785 INFO scheduler.TaskSetManager: Finished task 16.0 in stage 27.0 (TID 215) in 8 ms on 10.0.0.215 (executor driver) (17/40)
2026-08-09 23:12:12,785 INFO scheduler.TaskSetManager: Finished task 2.0 in stage 31.0 (TID 213) in 11 ms on 10.0.0.215 (executor driver) (3/20)
2026-08-09 23:12:12,786 INFO storage.ShuffleBlockFetcherIterator: Getting 2 (37.3 KiB) non-empty blocks including 2 (37.3 KiB) local and 0 (0.0 B) host-local and 0 (0.0 B) push-merged-local and 0 (0.0 B) remote blocks
2026-08-09 23:12:12,786 INFO storage.ShuffleBlockFetcherIterator: Started 0 remote fetches in 0 ms
2026-08-09 23:12:12,786 INFO storage.ShuffleBlockFetcherIterator: Getting 2 (80.0 KiB) non-empty blocks including 2 (80.0 KiB) local and 0 (0.0 B) host-local and 0 (0.0 B) push-merged-local and 0 (0.0 B) remote blocks
2026-08-09 23:12:12,786 INFO storage.ShuffleBlockFetcherIterator: Started 0 remote fetches in 0 ms
2026-08-09 23:12:12,788 INFO executor.Executor: Finished task 12.0 in stage 25.0 (TID 214). 7924 bytes result sent to driver
2026-08-09 23:12:12,789 INFO scheduler.TaskSetManager: Starting task 13.0 in stage 25.0 (TID 218) (10.0.0.215, executor driver, partition 13, NODE_LOCAL, 4271 bytes) taskResourceAssignments Map()
2026-08-09 23:12:12,789 INFO executor.Executor: Running task 13.0 in stage 25.0 (TID 218)
2026-08-09 23:12:12,789 INFO scheduler.TaskSetManager: Finished task 12.0 in stage 25.0 (TID 214) in 14 ms on 10.0.0.215 (executor driver) (13/20)
2026-08-09 23:12:12,791 INFO storage.ShuffleBlockFetcherIterator: Getting 2 (80.0 KiB) non-empty blocks including 2 (80.0 KiB) local and 0 (0.0 B) host-local and 0 (0.0 B) push-merged-local and 0 (0.0 B) remote blocks
2026-08-09 23:12:12,791 INFO storage.ShuffleBlockFetcherIterator: Started 0 remote fetches in 0 ms
2026-08-09 23:12:12,791 INFO executor.Executor: Finished task 17.0 in stage 27.0 (TID 216). 6094 bytes result sent to driver
2026-08-09 23:12:12,791 INFO scheduler.TaskSetManager: Starting task 18.0 in stage 27.0 (TID 219) (10.0.0.215, executor driver, partition 18, NODE_LOCAL, 4271 bytes) taskResourceAssignments Map()
2026-08-09 23:12:12,791 INFO executor.Executor: Running task 18.0 in stage 27.0 (TID 219)
2026-08-09 23:12:12,792 INFO scheduler.TaskSetManager: Finished task 17.0 in stage 27.0 (TID 216) in 8 ms on 10.0.0.215 (executor driver) (18/40)
2026-08-09 23:12:12,792 INFO storage.ShuffleBlockFetcherIterator: Getting 2 (38.6 KiB) non-empty blocks including 2 (38.6 KiB) local and 0 (0.0 B) host-local and 0 (0.0 B) push-merged-local and 0 (0.0 B) remote blocks
2026-08-09 23:12:12,792 INFO storage.ShuffleBlockFetcherIterator: Started 0 remote fetches in 0 ms
2026-08-09 23:12:12,793 INFO executor.Executor: Finished task 3.0 in stage 31.0 (TID 217). 6094 bytes result sent to driver
2026-08-09 23:12:12,793 INFO scheduler.TaskSetManager: Starting task 4.0 in stage 31.0 (TID 220) (10.0.0.215, executor driver, partition 4, NODE_LOCAL, 4271 bytes) taskResourceAssignments Map()
2026-08-09 23:12:12,793 INFO executor.Executor: Running task 4.0 in stage 31.0 (TID 220)
2026-08-09 23:12:12,794 INFO scheduler.TaskSetManager: Finished task 3.0 in stage 31.0 (TID 217) in 10 ms on 10.0.0.215 (executor driver) (4/20)
2026-08-09 23:12:12,795 INFO storage.ShuffleBlockFetcherIterator: Getting 2 (80.0 KiB) non-empty blocks including 2 (80.0 KiB) local and 0 (0.0 B) host-local and 0 (0.0 B) push-merged-local and 0 (0.0 B) remote blocks
2026-08-09 23:12:12,795 INFO storage.ShuffleBlockFetcherIterator: Started 0 remote fetches in 0 ms
2026-08-09 23:12:12,795 INFO executor.Executor: Finished task 4.0 in stage 29.0 (TID 212). 10271 bytes result sent to driver
2026-08-09 23:12:12,795 INFO scheduler.TaskSetManager: Starting task 5.0 in stage 29.0 (TID 221) (10.0.0.215, executor driver, partition 5, NODE_LOCAL, 4271 bytes) taskResourceAssignments Map()
2026-08-09 23:12:12,796 INFO executor.Executor: Running task 5.0 in stage 29.0 (TID 221)
2026-08-09 23:12:12,796 INFO executor.Executor: Finished task 18.0 in stage 27.0 (TID 219). 5981 bytes result sent to driver
2026-08-09 23:12:12,796 INFO scheduler.TaskSetManager: Starting task 19.0 in stage 27.0 (TID 222) (10.0.0.215, executor driver, partition 19, NODE_LOCAL, 4271 bytes) taskResourceAssignments Map()
2026-08-09 23:12:12,797 INFO executor.Executor: Running task 19.0 in stage 27.0 (TID 222)
2026-08-09 23:12:12,797 INFO scheduler.TaskSetManager: Finished task 4.0 in stage 29.0 (TID 212) in 26 ms on 10.0.0.215 (executor driver) (5/10)
2026-08-09 23:12:12,797 INFO scheduler.TaskSetManager: Finished task 18.0 in stage 27.0 (TID 219) in 6 ms on 10.0.0.215 (executor driver) (19/40)
2026-08-09 23:12:12,797 INFO storage.ShuffleBlockFetcherIterator: Getting 2 (155.8 KiB) non-empty blocks including 2 (155.8 KiB) local and 0 (0.0 B) host-local and 0 (0.0 B) push-merged-local and 0 (0.0 B) remote blocks
2026-08-09 23:12:12,797 INFO storage.ShuffleBlockFetcherIterator: Started 0 remote fetches in 0 ms
2026-08-09 23:12:12,798 INFO storage.ShuffleBlockFetcherIterator: Getting 2 (38.6 KiB) non-empty blocks including 2 (38.6 KiB) local and 0 (0.0 B) host-local and 0 (0.0 B) push-merged-local and 0 (0.0 B) remote blocks
2026-08-09 23:12:12,798 INFO storage.ShuffleBlockFetcherIterator: Started 0 remote fetches in 0 ms
2026-08-09 23:12:12,800 INFO executor.Executor: Finished task 13.0 in stage 25.0 (TID 218). 7741 bytes result sent to driver
2026-08-09 23:12:12,800 INFO scheduler.TaskSetManager: Starting task 14.0 in stage 25.0 (TID 223) (10.0.0.215, executor driver, partition 14, NODE_LOCAL, 4271 bytes) taskResourceAssignments Map()
2026-08-09 23:12:12,800 INFO executor.Executor: Running task 14.0 in stage 25.0 (TID 223)
2026-08-09 23:12:12,801 INFO scheduler.TaskSetManager: Finished task 13.0 in stage 25.0 (TID 218) in 12 ms on 10.0.0.215 (executor driver) (14/20)
2026-08-09 23:12:12,801 INFO executor.Executor: Finished task 4.0 in stage 31.0 (TID 220). 6051 bytes result sent to driver
2026-08-09 23:12:12,801 INFO scheduler.TaskSetManager: Starting task 5.0 in stage 31.0 (TID 224) (10.0.0.215, executor driver, partition 5, NODE_LOCAL, 4271 bytes) taskResourceAssignments Map()
2026-08-09 23:12:12,801 INFO executor.Executor: Running task 5.0 in stage 31.0 (TID 224)
2026-08-09 23:12:12,801 INFO storage.ShuffleBlockFetcherIterator: Getting 2 (80.0 KiB) non-empty blocks including 2 (80.0 KiB) local and 0 (0.0 B) host-local and 0 (0.0 B) push-merged-local and 0 (0.0 B) remote blocks
2026-08-09 23:12:12,802 INFO storage.ShuffleBlockFetcherIterator: Started 0 remote fetches in 0 ms
2026-08-09 23:12:12,802 INFO executor.Executor: Finished task 19.0 in stage 27.0 (TID 222). 5981 bytes result sent to driver
2026-08-09 23:12:12,803 INFO storage.ShuffleBlockFetcherIterator: Getting 2 (80.0 KiB) non-empty blocks including 2 (80.0 KiB) local and 0 (0.0 B) host-local and 0 (0.0 B) push-merged-local and 0 (0.0 B) remote blocks
2026-08-09 23:12:12,803 INFO storage.ShuffleBlockFetcherIterator: Started 0 remote fetches in 0 ms
2026-08-09 23:12:12,803 INFO scheduler.TaskSetManager: Starting task 20.0 in stage 27.0 (TID 225) (10.0.0.215, executor driver, partition 20, NODE_LOCAL, 4271 bytes) taskResourceAssignments Map()
2026-08-09 23:12:12,803 INFO scheduler.TaskSetManager: Finished task 4.0 in stage 31.0 (TID 220) in 10 ms on 10.0.0.215 (executor driver) (5/20)
2026-08-09 23:12:12,803 INFO executor.Executor: Running task 20.0 in stage 27.0 (TID 225)
2026-08-09 23:12:12,804 INFO storage.ShuffleBlockFetcherIterator: Getting 2 (38.6 KiB) non-empty blocks including 2 (38.6 KiB) local and 0 (0.0 B) host-local and 0 (0.0 B) push-merged-local and 0 (0.0 B) remote blocks
2026-08-09 23:12:12,804 INFO storage.ShuffleBlockFetcherIterator: Started 0 remote fetches in 0 ms
2026-08-09 23:12:12,804 INFO scheduler.TaskSetManager: Finished task 19.0 in stage 27.0 (TID 222) in 8 ms on 10.0.0.215 (executor driver) (20/40)
2026-08-09 23:12:12,808 INFO executor.Executor: Finished task 20.0 in stage 27.0 (TID 225). 6051 bytes result sent to driver
2026-08-09 23:12:12,809 INFO scheduler.TaskSetManager: Starting task 21.0 in stage 27.0 (TID 226) (10.0.0.215, executor driver, partition 21, NODE_LOCAL, 4271 bytes) taskResourceAssignments Map()
2026-08-09 23:12:12,809 INFO executor.Executor: Running task 21.0 in stage 27.0 (TID 226)
2026-08-09 23:12:12,809 INFO executor.Executor: Finished task 5.0 in stage 31.0 (TID 224). 5981 bytes result sent to driver
2026-08-09 23:12:12,809 INFO scheduler.TaskSetManager: Finished task 20.0 in stage 27.0 (TID 225) in 6 ms on 10.0.0.215 (executor driver) (21/40)
2026-08-09 23:12:12,809 INFO scheduler.TaskSetManager: Starting task 6.0 in stage 31.0 (TID 227) (10.0.0.215, executor driver, partition 6, NODE_LOCAL, 4271 bytes) taskResourceAssignments Map()
2026-08-09 23:12:12,809 INFO executor.Executor: Running task 6.0 in stage 31.0 (TID 227)
2026-08-09 23:12:12,810 INFO scheduler.TaskSetManager: Finished task 5.0 in stage 31.0 (TID 224) in 9 ms on 10.0.0.215 (executor driver) (6/20)
2026-08-09 23:12:12,810 INFO storage.ShuffleBlockFetcherIterator: Getting 2 (38.6 KiB) non-empty blocks including 2 (38.6 KiB) local and 0 (0.0 B) host-local and 0 (0.0 B) push-merged-local and 0 (0.0 B) remote blocks
2026-08-09 23:12:12,810 INFO storage.ShuffleBlockFetcherIterator: Started 0 remote fetches in 0 ms
2026-08-09 23:12:12,810 INFO storage.ShuffleBlockFetcherIterator: Getting 2 (80.0 KiB) non-empty blocks including 2 (80.0 KiB) local and 0 (0.0 B) host-local and 0 (0.0 B) push-merged-local and 0 (0.0 B) remote blocks
2026-08-09 23:12:12,810 INFO storage.ShuffleBlockFetcherIterator: Started 0 remote fetches in 0 ms
2026-08-09 23:12:12,812 INFO executor.Executor: Finished task 14.0 in stage 25.0 (TID 223). 8373 bytes result sent to driver
2026-08-09 23:12:12,812 INFO scheduler.TaskSetManager: Starting task 15.0 in stage 25.0 (TID 228) (10.0.0.215, executor driver, partition 15, NODE_LOCAL, 4271 bytes) taskResourceAssignments Map()
2026-08-09 23:12:12,812 INFO executor.Executor: Running task 15.0 in stage 25.0 (TID 228)
2026-08-09 23:12:12,813 INFO scheduler.TaskSetManager: Finished task 14.0 in stage 25.0 (TID 223) in 13 ms on 10.0.0.215 (executor driver) (15/20)
2026-08-09 23:12:12,814 INFO storage.ShuffleBlockFetcherIterator: Getting 2 (80.0 KiB) non-empty blocks including 2 (80.0 KiB) local and 0 (0.0 B) host-local and 0 (0.0 B) push-merged-local and 0 (0.0 B) remote blocks
2026-08-09 23:12:12,814 INFO storage.ShuffleBlockFetcherIterator: Started 0 remote fetches in 0 ms
2026-08-09 23:12:12,814 INFO executor.Executor: Finished task 21.0 in stage 27.0 (TID 226). 6051 bytes result sent to driver
2026-08-09 23:12:12,815 INFO scheduler.TaskSetManager: Starting task 22.0 in stage 27.0 (TID 229) (10.0.0.215, executor driver, partition 22, NODE_LOCAL, 4271 bytes) taskResourceAssignments Map()
2026-08-09 23:12:12,815 INFO executor.Executor: Finished task 5.0 in stage 29.0 (TID 221). 9781 bytes result sent to driver
2026-08-09 23:12:12,815 INFO executor.Executor: Running task 22.0 in stage 27.0 (TID 229)
2026-08-09 23:12:12,815 INFO scheduler.TaskSetManager: Starting task 6.0 in stage 29.0 (TID 230) (10.0.0.215, executor driver, partition 6, NODE_LOCAL, 4271 bytes) taskResourceAssignments Map()
2026-08-09 23:12:12,815 INFO executor.Executor: Running task 6.0 in stage 29.0 (TID 230)
2026-08-09 23:12:12,815 INFO scheduler.TaskSetManager: Finished task 21.0 in stage 27.0 (TID 226) in 6 ms on 10.0.0.215 (executor driver) (22/40)
2026-08-09 23:12:12,816 INFO scheduler.TaskSetManager: Finished task 5.0 in stage 29.0 (TID 221) in 21 ms on 10.0.0.215 (executor driver) (6/10)
2026-08-09 23:12:12,817 INFO storage.ShuffleBlockFetcherIterator: Getting 2 (38.6 KiB) non-empty blocks including 2 (38.6 KiB) local and 0 (0.0 B) host-local and 0 (0.0 B) push-merged-local and 0 (0.0 B) remote blocks
2026-08-09 23:12:12,817 INFO storage.ShuffleBlockFetcherIterator: Started 0 remote fetches in 0 ms
2026-08-09 23:12:12,817 INFO storage.ShuffleBlockFetcherIterator: Getting 2 (155.8 KiB) non-empty blocks including 2 (155.8 KiB) local and 0 (0.0 B) host-local and 0 (0.0 B) push-merged-local and 0 (0.0 B) remote blocks
2026-08-09 23:12:12,817 INFO storage.ShuffleBlockFetcherIterator: Started 0 remote fetches in 0 ms
2026-08-09 23:12:12,817 INFO executor.Executor: Finished task 6.0 in stage 31.0 (TID 227). 6121 bytes result sent to driver
2026-08-09 23:12:12,817 INFO scheduler.TaskSetManager: Starting task 7.0 in stage 31.0 (TID 231) (10.0.0.215, executor driver, partition 7, NODE_LOCAL, 4271 bytes) taskResourceAssignments Map()
2026-08-09 23:12:12,818 INFO executor.Executor: Running task 7.0 in stage 31.0 (TID 231)
2026-08-09 23:12:12,819 INFO scheduler.TaskSetManager: Finished task 6.0 in stage 31.0 (TID 227) in 10 ms on 10.0.0.215 (executor driver) (7/20)
2026-08-09 23:12:12,820 INFO storage.ShuffleBlockFetcherIterator: Getting 2 (80.0 KiB) non-empty blocks including 2 (80.0 KiB) local and 0 (0.0 B) host-local and 0 (0.0 B) push-merged-local and 0 (0.0 B) remote blocks
2026-08-09 23:12:12,820 INFO storage.ShuffleBlockFetcherIterator: Started 0 remote fetches in 0 ms
2026-08-09 23:12:12,821 INFO executor.Executor: Finished task 22.0 in stage 27.0 (TID 229). 5701 bytes result sent to driver
2026-08-09 23:12:12,822 INFO scheduler.TaskSetManager: Starting task 23.0 in stage 27.0 (TID 232) (10.0.0.215, executor driver, partition 23, NODE_LOCAL, 4271 bytes) taskResourceAssignments Map()
2026-08-09 23:12:12,822 INFO executor.Executor: Running task 23.0 in stage 27.0 (TID 232)
2026-08-09 23:12:12,822 INFO scheduler.TaskSetManager: Finished task 22.0 in stage 27.0 (TID 229) in 7 ms on 10.0.0.215 (executor driver) (23/40)
2026-08-09 23:12:12,823 INFO storage.ShuffleBlockFetcherIterator: Getting 2 (38.6 KiB) non-empty blocks including 2 (38.6 KiB) local and 0 (0.0 B) host-local and 0 (0.0 B) push-merged-local and 0 (0.0 B) remote blocks
2026-08-09 23:12:12,824 INFO storage.ShuffleBlockFetcherIterator: Started 0 remote fetches in 0 ms
2026-08-09 23:12:12,824 INFO executor.Executor: Finished task 15.0 in stage 25.0 (TID 228). 8161 bytes result sent to driver
2026-08-09 23:12:12,824 INFO scheduler.TaskSetManager: Starting task 16.0 in stage 25.0 (TID 233) (10.0.0.215, executor driver, partition 16, NODE_LOCAL, 4271 bytes) taskResourceAssignments Map()
2026-08-09 23:12:12,824 INFO executor.Executor: Running task 16.0 in stage 25.0 (TID 233)
2026-08-09 23:12:12,825 INFO scheduler.TaskSetManager: Finished task 15.0 in stage 25.0 (TID 228) in 13 ms on 10.0.0.215 (executor driver) (16/20)
2026-08-09 23:12:12,826 INFO executor.Executor: Finished task 7.0 in stage 31.0 (TID 231). 6094 bytes result sent to driver
2026-08-09 23:12:12,826 INFO scheduler.TaskSetManager: Starting task 8.0 in stage 31.0 (TID 234) (10.0.0.215, executor driver, partition 8, NODE_LOCAL, 4271 bytes) taskResourceAssignments Map()
2026-08-09 23:12:12,826 INFO storage.ShuffleBlockFetcherIterator: Getting 2 (80.0 KiB) non-empty blocks including 2 (80.0 KiB) local and 0 (0.0 B) host-local and 0 (0.0 B) push-merged-local and 0 (0.0 B) remote blocks
2026-08-09 23:12:12,827 INFO storage.ShuffleBlockFetcherIterator: Started 0 remote fetches in 0 ms
2026-08-09 23:12:12,827 INFO executor.Executor: Running task 8.0 in stage 31.0 (TID 234)
2026-08-09 23:12:12,827 INFO scheduler.TaskSetManager: Finished task 7.0 in stage 31.0 (TID 231) in 10 ms on 10.0.0.215 (executor driver) (8/20)
2026-08-09 23:12:12,828 INFO executor.Executor: Finished task 23.0 in stage 27.0 (TID 232). 5884 bytes result sent to driver
2026-08-09 23:12:12,828 INFO scheduler.TaskSetManager: Starting task 24.0 in stage 27.0 (TID 235) (10.0.0.215, executor driver, partition 24, NODE_LOCAL, 4271 bytes) taskResourceAssignments Map()
2026-08-09 23:12:12,829 INFO executor.Executor: Running task 24.0 in stage 27.0 (TID 235)
2026-08-09 23:12:12,829 INFO storage.ShuffleBlockFetcherIterator: Getting 2 (80.0 KiB) non-empty blocks including 2 (80.0 KiB) local and 0 (0.0 B) host-local and 0 (0.0 B) push-merged-local and 0 (0.0 B) remote blocks
2026-08-09 23:12:12,829 INFO storage.ShuffleBlockFetcherIterator: Started 0 remote fetches in 0 ms
2026-08-09 23:12:12,829 INFO scheduler.TaskSetManager: Finished task 23.0 in stage 27.0 (TID 232) in 8 ms on 10.0.0.215 (executor driver) (24/40)
2026-08-09 23:12:12,830 INFO storage.ShuffleBlockFetcherIterator: Getting 2 (38.6 KiB) non-empty blocks including 2 (38.6 KiB) local and 0 (0.0 B) host-local and 0 (0.0 B) push-merged-local and 0 (0.0 B) remote blocks
2026-08-09 23:12:12,830 INFO storage.ShuffleBlockFetcherIterator: Started 0 remote fetches in 0 ms
2026-08-09 23:12:12,835 INFO executor.Executor: Finished task 24.0 in stage 27.0 (TID 235). 6094 bytes result sent to driver
2026-08-09 23:12:12,835 INFO executor.Executor: Finished task 8.0 in stage 31.0 (TID 234). 6024 bytes result sent to driver
2026-08-09 23:12:12,835 INFO scheduler.TaskSetManager: Starting task 25.0 in stage 27.0 (TID 236) (10.0.0.215, executor driver, partition 25, NODE_LOCAL, 4271 bytes) taskResourceAssignments Map()
2026-08-09 23:12:12,835 INFO scheduler.TaskSetManager: Starting task 9.0 in stage 31.0 (TID 237) (10.0.0.215, executor driver, partition 9, NODE_LOCAL, 4271 bytes) taskResourceAssignments Map()
2026-08-09 23:12:12,835 INFO executor.Executor: Running task 25.0 in stage 27.0 (TID 236)
2026-08-09 23:12:12,835 INFO scheduler.TaskSetManager: Finished task 24.0 in stage 27.0 (TID 235) in 7 ms on 10.0.0.215 (executor driver) (25/40)
2026-08-09 23:12:12,836 INFO scheduler.TaskSetManager: Finished task 8.0 in stage 31.0 (TID 234) in 10 ms on 10.0.0.215 (executor driver) (9/20)
2026-08-09 23:12:12,836 INFO executor.Executor: Running task 9.0 in stage 31.0 (TID 237)
2026-08-09 23:12:12,836 INFO executor.Executor: Finished task 6.0 in stage 29.0 (TID 230). 10061 bytes result sent to driver
2026-08-09 23:12:12,836 INFO storage.ShuffleBlockFetcherIterator: Getting 2 (38.6 KiB) non-empty blocks including 2 (38.6 KiB) local and 0 (0.0 B) host-local and 0 (0.0 B) push-merged-local and 0 (0.0 B) remote blocks
2026-08-09 23:12:12,837 INFO storage.ShuffleBlockFetcherIterator: Started 0 remote fetches in 0 ms
2026-08-09 23:12:12,837 INFO scheduler.TaskSetManager: Starting task 7.0 in stage 29.0 (TID 238) (10.0.0.215, executor driver, partition 7, NODE_LOCAL, 4271 bytes) taskResourceAssignments Map()
2026-08-09 23:12:12,837 INFO storage.ShuffleBlockFetcherIterator: Getting 2 (80.0 KiB) non-empty blocks including 2 (80.0 KiB) local and 0 (0.0 B) host-local and 0 (0.0 B) push-merged-local and 0 (0.0 B) remote blocks
2026-08-09 23:12:12,837 INFO storage.ShuffleBlockFetcherIterator: Started 0 remote fetches in 0 ms
2026-08-09 23:12:12,837 INFO scheduler.TaskSetManager: Finished task 6.0 in stage 29.0 (TID 230) in 22 ms on 10.0.0.215 (executor driver) (7/10)
2026-08-09 23:12:12,838 INFO executor.Executor: Running task 7.0 in stage 29.0 (TID 238)
2026-08-09 23:12:12,838 INFO executor.Executor: Finished task 16.0 in stage 25.0 (TID 233). 8204 bytes result sent to driver
2026-08-09 23:12:12,838 INFO scheduler.TaskSetManager: Starting task 17.0 in stage 25.0 (TID 239) (10.0.0.215, executor driver, partition 17, NODE_LOCAL, 4271 bytes) taskResourceAssignments Map()
2026-08-09 23:12:12,839 INFO executor.Executor: Running task 17.0 in stage 25.0 (TID 239)
2026-08-09 23:12:12,839 INFO scheduler.TaskSetManager: Finished task 16.0 in stage 25.0 (TID 233) in 15 ms on 10.0.0.215 (executor driver) (17/20)
2026-08-09 23:12:12,839 INFO storage.ShuffleBlockFetcherIterator: Getting 2 (155.8 KiB) non-empty blocks including 2 (155.8 KiB) local and 0 (0.0 B) host-local and 0 (0.0 B) push-merged-local and 0 (0.0 B) remote blocks
2026-08-09 23:12:12,840 INFO storage.ShuffleBlockFetcherIterator: Started 0 remote fetches in 0 ms
2026-08-09 23:12:12,840 INFO storage.ShuffleBlockFetcherIterator: Getting 2 (80.0 KiB) non-empty blocks including 2 (80.0 KiB) local and 0 (0.0 B) host-local and 0 (0.0 B) push-merged-local and 0 (0.0 B) remote blocks
2026-08-09 23:12:12,840 INFO storage.ShuffleBlockFetcherIterator: Started 0 remote fetches in 0 ms
2026-08-09 23:12:12,842 INFO executor.Executor: Finished task 25.0 in stage 27.0 (TID 236). 6121 bytes result sent to driver
2026-08-09 23:12:12,842 INFO scheduler.TaskSetManager: Starting task 26.0 in stage 27.0 (TID 240) (10.0.0.215, executor driver, partition 26, NODE_LOCAL, 4271 bytes) taskResourceAssignments Map()
2026-08-09 23:12:12,842 INFO executor.Executor: Running task 26.0 in stage 27.0 (TID 240)
2026-08-09 23:12:12,842 INFO scheduler.TaskSetManager: Finished task 25.0 in stage 27.0 (TID 236) in 7 ms on 10.0.0.215 (executor driver) (26/40)
2026-08-09 23:12:12,844 INFO storage.ShuffleBlockFetcherIterator: Getting 2 (38.6 KiB) non-empty blocks including 2 (38.6 KiB) local and 0 (0.0 B) host-local and 0 (0.0 B) push-merged-local and 0 (0.0 B) remote blocks
2026-08-09 23:12:12,845 INFO storage.ShuffleBlockFetcherIterator: Started 0 remote fetches in 0 ms
2026-08-09 23:12:12,847 INFO executor.Executor: Finished task 17.0 in stage 25.0 (TID 239). 7671 bytes result sent to driver
2026-08-09 23:12:12,847 INFO scheduler.TaskSetManager: Starting task 18.0 in stage 25.0 (TID 241) (10.0.0.215, executor driver, partition 18, NODE_LOCAL, 4271 bytes) taskResourceAssignments Map()
2026-08-09 23:12:12,847 INFO executor.Executor: Running task 18.0 in stage 25.0 (TID 241)
2026-08-09 23:12:12,848 INFO scheduler.TaskSetManager: Finished task 17.0 in stage 25.0 (TID 239) in 10 ms on 10.0.0.215 (executor driver) (18/20)
2026-08-09 23:12:12,849 INFO storage.ShuffleBlockFetcherIterator: Getting 2 (80.0 KiB) non-empty blocks including 2 (80.0 KiB) local and 0 (0.0 B) host-local and 0 (0.0 B) push-merged-local and 0 (0.0 B) remote blocks
2026-08-09 23:12:12,849 INFO storage.ShuffleBlockFetcherIterator: Started 0 remote fetches in 0 ms
2026-08-09 23:12:12,854 INFO executor.Executor: Finished task 26.0 in stage 27.0 (TID 240). 6094 bytes result sent to driver
2026-08-09 23:12:12,855 INFO executor.Executor: Finished task 9.0 in stage 31.0 (TID 237). 6191 bytes result sent to driver
2026-08-09 23:12:12,855 INFO scheduler.TaskSetManager: Starting task 27.0 in stage 27.0 (TID 242) (10.0.0.215, executor driver, partition 27, NODE_LOCAL, 4271 bytes) taskResourceAssignments Map()
2026-08-09 23:12:12,855 INFO executor.Executor: Finished task 7.0 in stage 29.0 (TID 238). 10314 bytes result sent to driver
2026-08-09 23:12:12,855 INFO executor.Executor: Running task 27.0 in stage 27.0 (TID 242)
2026-08-09 23:12:12,855 INFO scheduler.TaskSetManager: Starting task 10.0 in stage 31.0 (TID 243) (10.0.0.215, executor driver, partition 10, NODE_LOCAL, 4271 bytes) taskResourceAssignments Map()
2026-08-09 23:12:12,855 INFO scheduler.TaskSetManager: Finished task 26.0 in stage 27.0 (TID 240) in 13 ms on 10.0.0.215 (executor driver) (27/40)
2026-08-09 23:12:12,856 INFO executor.Executor: Running task 10.0 in stage 31.0 (TID 243)
2026-08-09 23:12:12,856 INFO scheduler.TaskSetManager: Starting task 8.0 in stage 29.0 (TID 244) (10.0.0.215, executor driver, partition 8, NODE_LOCAL, 4271 bytes) taskResourceAssignments Map()
2026-08-09 23:12:12,856 INFO scheduler.TaskSetManager: Finished task 9.0 in stage 31.0 (TID 237) in 21 ms on 10.0.0.215 (executor driver) (10/20)
2026-08-09 23:12:12,857 INFO executor.Executor: Running task 8.0 in stage 29.0 (TID 244)
2026-08-09 23:12:12,857 INFO scheduler.TaskSetManager: Finished task 7.0 in stage 29.0 (TID 238) in 20 ms on 10.0.0.215 (executor driver) (8/10)
2026-08-09 23:12:12,857 INFO storage.ShuffleBlockFetcherIterator: Getting 2 (80.0 KiB) non-empty blocks including 2 (80.0 KiB) local and 0 (0.0 B) host-local and 0 (0.0 B) push-merged-local and 0 (0.0 B) remote blocks
2026-08-09 23:12:12,857 INFO storage.ShuffleBlockFetcherIterator: Started 0 remote fetches in 0 ms
2026-08-09 23:12:12,858 INFO executor.Executor: Finished task 18.0 in stage 25.0 (TID 241). 7671 bytes result sent to driver
2026-08-09 23:12:12,858 INFO scheduler.TaskSetManager: Starting task 19.0 in stage 25.0 (TID 245) (10.0.0.215, executor driver, partition 19, NODE_LOCAL, 4271 bytes) taskResourceAssignments Map()
2026-08-09 23:12:12,858 INFO executor.Executor: Running task 19.0 in stage 25.0 (TID 245)
2026-08-09 23:12:12,858 INFO scheduler.TaskSetManager: Finished task 18.0 in stage 25.0 (TID 241) in 11 ms on 10.0.0.215 (executor driver) (19/20)
2026-08-09 23:12:12,859 INFO storage.ShuffleBlockFetcherIterator: Getting 2 (38.6 KiB) non-empty blocks including 2 (38.6 KiB) local and 0 (0.0 B) host-local and 0 (0.0 B) push-merged-local and 0 (0.0 B) remote blocks
2026-08-09 23:12:12,859 INFO storage.ShuffleBlockFetcherIterator: Started 0 remote fetches in 0 ms
2026-08-09 23:12:12,859 INFO storage.ShuffleBlockFetcherIterator: Getting 2 (80.0 KiB) non-empty blocks including 2 (80.0 KiB) local and 0 (0.0 B) host-local and 0 (0.0 B) push-merged-local and 0 (0.0 B) remote blocks
2026-08-09 23:12:12,859 INFO storage.ShuffleBlockFetcherIterator: Started 0 remote fetches in 0 ms
2026-08-09 23:12:12,860 INFO storage.ShuffleBlockFetcherIterator: Getting 2 (155.8 KiB) non-empty blocks including 2 (155.8 KiB) local and 0 (0.0 B) host-local and 0 (0.0 B) push-merged-local and 0 (0.0 B) remote blocks
2026-08-09 23:12:12,860 INFO storage.ShuffleBlockFetcherIterator: Started 0 remote fetches in 0 ms
2026-08-09 23:12:12,862 INFO executor.Executor: Finished task 10.0 in stage 31.0 (TID 243). 5981 bytes result sent to driver
2026-08-09 23:12:12,862 INFO scheduler.TaskSetManager: Starting task 11.0 in stage 31.0 (TID 246) (10.0.0.215, executor driver, partition 11, NODE_LOCAL, 4271 bytes) taskResourceAssignments Map()
2026-08-09 23:12:12,863 INFO executor.Executor: Running task 11.0 in stage 31.0 (TID 246)
2026-08-09 23:12:12,864 INFO executor.Executor: Finished task 27.0 in stage 27.0 (TID 242). 5954 bytes result sent to driver
2026-08-09 23:12:12,864 INFO scheduler.TaskSetManager: Starting task 28.0 in stage 27.0 (TID 247) (10.0.0.215, executor driver, partition 28, NODE_LOCAL, 4271 bytes) taskResourceAssignments Map()
2026-08-09 23:12:12,864 INFO executor.Executor: Running task 28.0 in stage 27.0 (TID 247)
2026-08-09 23:12:12,864 INFO scheduler.TaskSetManager: Finished task 10.0 in stage 31.0 (TID 243) in 9 ms on 10.0.0.215 (executor driver) (11/20)
2026-08-09 23:12:12,865 INFO storage.ShuffleBlockFetcherIterator: Getting 2 (80.0 KiB) non-empty blocks including 2 (80.0 KiB) local and 0 (0.0 B) host-local and 0 (0.0 B) push-merged-local and 0 (0.0 B) remote blocks
2026-08-09 23:12:12,865 INFO storage.ShuffleBlockFetcherIterator: Started 0 remote fetches in 0 ms
2026-08-09 23:12:12,866 INFO scheduler.TaskSetManager: Finished task 27.0 in stage 27.0 (TID 242) in 11 ms on 10.0.0.215 (executor driver) (28/40)
2026-08-09 23:12:12,866 INFO storage.ShuffleBlockFetcherIterator: Getting 2 (38.6 KiB) non-empty blocks including 2 (38.6 KiB) local and 0 (0.0 B) host-local and 0 (0.0 B) push-merged-local and 0 (0.0 B) remote blocks
2026-08-09 23:12:12,866 INFO storage.ShuffleBlockFetcherIterator: Started 0 remote fetches in 0 ms
2026-08-09 23:12:12,870 INFO executor.Executor: Finished task 28.0 in stage 27.0 (TID 247). 6094 bytes result sent to driver
2026-08-09 23:12:12,871 INFO scheduler.TaskSetManager: Starting task 29.0 in stage 27.0 (TID 248) (10.0.0.215, executor driver, partition 29, NODE_LOCAL, 4271 bytes) taskResourceAssignments Map()
2026-08-09 23:12:12,871 INFO executor.Executor: Running task 29.0 in stage 27.0 (TID 248)
2026-08-09 23:12:12,871 INFO executor.Executor: Finished task 11.0 in stage 31.0 (TID 246). 6234 bytes result sent to driver
2026-08-09 23:12:12,872 INFO scheduler.TaskSetManager: Starting task 12.0 in stage 31.0 (TID 249) (10.0.0.215, executor driver, partition 12, NODE_LOCAL, 4271 bytes) taskResourceAssignments Map()
2026-08-09 23:12:12,872 INFO executor.Executor: Running task 12.0 in stage 31.0 (TID 249)
2026-08-09 23:12:12,872 INFO scheduler.TaskSetManager: Finished task 28.0 in stage 27.0 (TID 247) in 8 ms on 10.0.0.215 (executor driver) (29/40)
2026-08-09 23:12:12,872 INFO scheduler.TaskSetManager: Finished task 11.0 in stage 31.0 (TID 246) in 10 ms on 10.0.0.215 (executor driver) (12/20)
2026-08-09 23:12:12,873 INFO storage.ShuffleBlockFetcherIterator: Getting 2 (38.6 KiB) non-empty blocks including 2 (38.6 KiB) local and 0 (0.0 B) host-local and 0 (0.0 B) push-merged-local and 0 (0.0 B) remote blocks
2026-08-09 23:12:12,873 INFO storage.ShuffleBlockFetcherIterator: Started 0 remote fetches in 0 ms
2026-08-09 23:12:12,874 INFO storage.ShuffleBlockFetcherIterator: Getting 2 (80.0 KiB) non-empty blocks including 2 (80.0 KiB) local and 0 (0.0 B) host-local and 0 (0.0 B) push-merged-local and 0 (0.0 B) remote blocks
2026-08-09 23:12:12,875 INFO storage.ShuffleBlockFetcherIterator: Started 0 remote fetches in 0 ms
2026-08-09 23:12:12,875 INFO executor.Executor: Finished task 19.0 in stage 25.0 (TID 245). 7811 bytes result sent to driver
2026-08-09 23:12:12,875 INFO scheduler.TaskSetManager: Starting task 0.0 in stage 33.0 (TID 250) (10.0.0.215, executor driver, partition 0, NODE_LOCAL, 4271 bytes) taskResourceAssignments Map()
2026-08-09 23:12:12,876 INFO executor.Executor: Running task 0.0 in stage 33.0 (TID 250)
2026-08-09 23:12:12,877 INFO scheduler.TaskSetManager: Finished task 19.0 in stage 25.0 (TID 245) in 19 ms on 10.0.0.215 (executor driver) (20/20)
2026-08-09 23:12:12,877 INFO scheduler.TaskSchedulerImpl: Removed TaskSet 25.0, whose tasks have all completed, from pool default
2026-08-09 23:12:12,877 INFO executor.Executor: Finished task 29.0 in stage 27.0 (TID 248). 5814 bytes result sent to driver
2026-08-09 23:12:12,877 INFO scheduler.DAGScheduler: ResultStage 25 (collect at EnsembleTrainer.scala:45) finished in 0.316 s
2026-08-09 23:12:12,877 INFO scheduler.TaskSetManager: Starting task 30.0 in stage 27.0 (TID 251) (10.0.0.215, executor driver, partition 30, NODE_LOCAL, 4271 bytes) taskResourceAssignments Map()
2026-08-09 23:12:12,878 INFO scheduler.DAGScheduler: Job 18 is finished. Cancelling potential speculative or zombie tasks for this job
2026-08-09 23:12:12,878 INFO executor.Executor: Running task 30.0 in stage 27.0 (TID 251)
2026-08-09 23:12:12,878 INFO scheduler.TaskSchedulerImpl: Killing all running tasks in stage 25: Stage finished
2026-08-09 23:12:12,878 INFO scheduler.DAGScheduler: Job 18 finished: collect at EnsembleTrainer.scala:45, took 1.158678 s
2026-08-09 23:12:12,878 INFO scheduler.TaskSetManager: Finished task 29.0 in stage 27.0 (TID 248) in 7 ms on 10.0.0.215 (executor driver) (30/40)
2026-08-09 23:12:12,880 INFO storage.ShuffleBlockFetcherIterator: Getting 2 (38.6 KiB) non-empty blocks including 2 (38.6 KiB) local and 0 (0.0 B) host-local and 0 (0.0 B) push-merged-local and 0 (0.0 B) remote blocks
2026-08-09 23:12:12,880 INFO storage.ShuffleBlockFetcherIterator: Started 0 remote fetches in 0 ms
2026-08-09 23:12:12,880 INFO storage.ShuffleBlockFetcherIterator: Getting 2 (38.6 KiB) non-empty blocks including 2 (38.6 KiB) local and 0 (0.0 B) host-local and 0 (0.0 B) push-merged-local and 0 (0.0 B) remote blocks
2026-08-09 23:12:12,880 INFO storage.ShuffleBlockFetcherIterator: Started 0 remote fetches in 0 ms
2026-08-09 23:12:12,887 INFO executor.Executor: Finished task 12.0 in stage 31.0 (TID 249). 6207 bytes result sent to driver
2026-08-09 23:12:12,887 INFO scheduler.TaskSetManager: Starting task 13.0 in stage 31.0 (TID 252) (10.0.0.215, executor driver, partition 13, NODE_LOCAL, 4271 bytes) taskResourceAssignments Map()
2026-08-09 23:12:12,887 INFO storage.BlockManagerInfo: Removed broadcast_39_piece0 on 10.0.0.215:64239 in memory (size: 3.0 KiB, free: 2.2 GiB)
2026-08-09 23:12:12,887 INFO executor.Executor: Running task 13.0 in stage 31.0 (TID 252)
2026-08-09 23:12:12,888 INFO scheduler.TaskSetManager: Finished task 12.0 in stage 31.0 (TID 249) in 16 ms on 10.0.0.215 (executor driver) (13/20)
2026-08-09 23:12:12,889 INFO storage.ShuffleBlockFetcherIterator: Getting 2 (80.0 KiB) non-empty blocks including 2 (80.0 KiB) local and 0 (0.0 B) host-local and 0 (0.0 B) push-merged-local and 0 (0.0 B) remote blocks
2026-08-09 23:12:12,889 INFO storage.ShuffleBlockFetcherIterator: Started 0 remote fetches in 0 ms
2026-08-09 23:12:12,890 INFO executor.Executor: Finished task 0.0 in stage 33.0 (TID 250). 6772 bytes result sent to driver
2026-08-09 23:12:12,890 INFO scheduler.TaskSetManager: Starting task 1.0 in stage 33.0 (TID 253) (10.0.0.215, executor driver, partition 1, NODE_LOCAL, 4271 bytes) taskResourceAssignments Map()
2026-08-09 23:12:12,890 INFO executor.Executor: Running task 1.0 in stage 33.0 (TID 253)
2026-08-09 23:12:12,890 INFO executor.Executor: Finished task 30.0 in stage 27.0 (TID 251). 6137 bytes result sent to driver
2026-08-09 23:12:12,890 INFO scheduler.TaskSetManager: Starting task 31.0 in stage 27.0 (TID 254) (10.0.0.215, executor driver, partition 31, NODE_LOCAL, 4271 bytes) taskResourceAssignments Map()
2026-08-09 23:12:12,890 INFO executor.Executor: Running task 31.0 in stage 27.0 (TID 254)
2026-08-09 23:12:12,891 INFO storage.ShuffleBlockFetcherIterator: Getting 2 (38.6 KiB) non-empty blocks including 2 (38.6 KiB) local and 0 (0.0 B) host-local and 0 (0.0 B) push-merged-local and 0 (0.0 B) remote blocks
2026-08-09 23:12:12,891 INFO storage.ShuffleBlockFetcherIterator: Started 0 remote fetches in 0 ms
2026-08-09 23:12:12,891 INFO storage.ShuffleBlockFetcherIterator: Getting 2 (38.6 KiB) non-empty blocks including 2 (38.6 KiB) local and 0 (0.0 B) host-local and 0 (0.0 B) push-merged-local and 0 (0.0 B) remote blocks
2026-08-09 23:12:12,891 INFO storage.ShuffleBlockFetcherIterator: Started 0 remote fetches in 0 ms
2026-08-09 23:12:12,891 INFO scheduler.TaskSetManager: Finished task 0.0 in stage 33.0 (TID 250) in 16 ms on 10.0.0.215 (executor driver) (1/40)
2026-08-09 23:12:12,892 INFO scheduler.TaskSetManager: Finished task 30.0 in stage 27.0 (TID 251) in 15 ms on 10.0.0.215 (executor driver) (31/40)
2026-08-09 23:12:12,893 INFO memory.MemoryStore: Block broadcast_49 stored as values in memory (estimated size 216.7 KiB, free 2.2 GiB)
2026-08-09 23:12:12,894 INFO executor.Executor: Finished task 13.0 in stage 31.0 (TID 252). 5981 bytes result sent to driver
2026-08-09 23:12:12,895 INFO scheduler.TaskSetManager: Starting task 14.0 in stage 31.0 (TID 255) (10.0.0.215, executor driver, partition 14, NODE_LOCAL, 4271 bytes) taskResourceAssignments Map()
2026-08-09 23:12:12,895 INFO executor.Executor: Running task 14.0 in stage 31.0 (TID 255)
2026-08-09 23:12:12,895 INFO executor.Executor: Finished task 31.0 in stage 27.0 (TID 254). 5911 bytes result sent to driver
2026-08-09 23:12:12,895 INFO scheduler.TaskSetManager: Finished task 13.0 in stage 31.0 (TID 252) in 8 ms on 10.0.0.215 (executor driver) (14/20)
2026-08-09 23:12:12,896 INFO scheduler.TaskSetManager: Starting task 32.0 in stage 27.0 (TID 256) (10.0.0.215, executor driver, partition 32, NODE_LOCAL, 4271 bytes) taskResourceAssignments Map()
2026-08-09 23:12:12,896 INFO executor.Executor: Running task 32.0 in stage 27.0 (TID 256)
2026-08-09 23:12:12,896 INFO scheduler.TaskSetManager: Finished task 31.0 in stage 27.0 (TID 254) in 6 ms on 10.0.0.215 (executor driver) (32/40)
2026-08-09 23:12:12,897 INFO executor.Executor: Finished task 1.0 in stage 33.0 (TID 253). 6616 bytes result sent to driver
2026-08-09 23:12:12,897 INFO storage.ShuffleBlockFetcherIterator: Getting 2 (80.0 KiB) non-empty blocks including 2 (80.0 KiB) local and 0 (0.0 B) host-local and 0 (0.0 B) push-merged-local and 0 (0.0 B) remote blocks
2026-08-09 23:12:12,897 INFO storage.ShuffleBlockFetcherIterator: Started 0 remote fetches in 0 ms
2026-08-09 23:12:12,897 INFO scheduler.TaskSetManager: Starting task 2.0 in stage 33.0 (TID 257) (10.0.0.215, executor driver, partition 2, NODE_LOCAL, 4271 bytes) taskResourceAssignments Map()
2026-08-09 23:12:12,897 INFO executor.Executor: Running task 2.0 in stage 33.0 (TID 257)
2026-08-09 23:12:12,897 INFO storage.ShuffleBlockFetcherIterator: Getting 2 (38.6 KiB) non-empty blocks including 2 (38.6 KiB) local and 0 (0.0 B) host-local and 0 (0.0 B) push-merged-local and 0 (0.0 B) remote blocks
2026-08-09 23:12:12,897 INFO storage.ShuffleBlockFetcherIterator: Started 0 remote fetches in 0 ms
2026-08-09 23:12:12,897 INFO scheduler.TaskSetManager: Finished task 1.0 in stage 33.0 (TID 253) in 7 ms on 10.0.0.215 (executor driver) (2/40)
2026-08-09 23:12:12,897 INFO memory.MemoryStore: Block broadcast_49_piece0 stored as bytes in memory (estimated size 53.0 KiB, free 2.2 GiB)
2026-08-09 23:12:12,897 INFO storage.BlockManagerInfo: Added broadcast_49_piece0 in memory on 10.0.0.215:64239 (size: 53.0 KiB, free: 2.2 GiB)
2026-08-09 23:12:12,898 INFO spark.SparkContext: Created broadcast 49 from broadcast at EnsemblePredictor.scala:28
2026-08-09 23:12:12,898 INFO storage.ShuffleBlockFetcherIterator: Getting 2 (37.3 KiB) non-empty blocks including 2 (37.3 KiB) local and 0 (0.0 B) host-local and 0 (0.0 B) push-merged-local and 0 (0.0 B) remote blocks
2026-08-09 23:12:12,898 INFO storage.ShuffleBlockFetcherIterator: Started 0 remote fetches in 0 ms
2026-08-09 23:12:12,899 INFO executor.Executor: Finished task 8.0 in stage 29.0 (TID 244). 10429 bytes result sent to driver
2026-08-09 23:12:12,899 INFO scheduler.TaskSetManager: Starting task 9.0 in stage 29.0 (TID 258) (10.0.0.215, executor driver, partition 9, NODE_LOCAL, 4271 bytes) taskResourceAssignments Map()
2026-08-09 23:12:12,900 INFO executor.Executor: Running task 9.0 in stage 29.0 (TID 258)
2026-08-09 23:12:12,901 INFO scheduler.TaskSetManager: Finished task 8.0 in stage 29.0 (TID 244) in 45 ms on 10.0.0.215 (executor driver) (9/10)
2026-08-09 23:12:12,903 INFO executor.Executor: Finished task 32.0 in stage 27.0 (TID 256). 5981 bytes result sent to driver
2026-08-09 23:12:12,903 INFO scheduler.TaskSetManager: Starting task 33.0 in stage 27.0 (TID 259) (10.0.0.215, executor driver, partition 33, NODE_LOCAL, 4271 bytes) taskResourceAssignments Map()
2026-08-09 23:12:12,903 INFO storage.ShuffleBlockFetcherIterator: Getting 2 (155.8 KiB) non-empty blocks including 2 (155.8 KiB) local and 0 (0.0 B) host-local and 0 (0.0 B) push-merged-local and 0 (0.0 B) remote blocks
2026-08-09 23:12:12,903 INFO executor.Executor: Running task 33.0 in stage 27.0 (TID 259)
2026-08-09 23:12:12,903 INFO executor.Executor: Finished task 2.0 in stage 33.0 (TID 257). 6546 bytes result sent to driver
2026-08-09 23:12:12,903 INFO storage.ShuffleBlockFetcherIterator: Started 0 remote fetches in 0 ms
2026-08-09 23:12:12,904 INFO scheduler.TaskSetManager: Starting task 3.0 in stage 33.0 (TID 260) (10.0.0.215, executor driver, partition 3, NODE_LOCAL, 4271 bytes) taskResourceAssignments Map()
2026-08-09 23:12:12,904 INFO executor.Executor: Running task 3.0 in stage 33.0 (TID 260)
2026-08-09 23:12:12,904 INFO executor.Executor: Finished task 14.0 in stage 31.0 (TID 255). 6234 bytes result sent to driver
2026-08-09 23:12:12,904 INFO scheduler.TaskSetManager: Starting task 15.0 in stage 31.0 (TID 261) (10.0.0.215, executor driver, partition 15, NODE_LOCAL, 4271 bytes) taskResourceAssignments Map()
2026-08-09 23:12:12,904 INFO scheduler.TaskSetManager: Finished task 2.0 in stage 33.0 (TID 257) in 7 ms on 10.0.0.215 (executor driver) (3/40)
2026-08-09 23:12:12,904 INFO executor.Executor: Running task 15.0 in stage 31.0 (TID 261)
2026-08-09 23:12:12,905 INFO storage.ShuffleBlockFetcherIterator: Getting 2 (38.6 KiB) non-empty blocks including 2 (38.6 KiB) local and 0 (0.0 B) host-local and 0 (0.0 B) push-merged-local and 0 (0.0 B) remote blocks
2026-08-09 23:12:12,905 INFO storage.ShuffleBlockFetcherIterator: Getting 2 (38.6 KiB) non-empty blocks including 2 (38.6 KiB) local and 0 (0.0 B) host-local and 0 (0.0 B) push-merged-local and 0 (0.0 B) remote blocks
2026-08-09 23:12:12,905 INFO storage.ShuffleBlockFetcherIterator: Started 0 remote fetches in 0 ms
2026-08-09 23:12:12,905 INFO storage.ShuffleBlockFetcherIterator: Started 0 remote fetches in 0 ms
2026-08-09 23:12:12,905 INFO scheduler.TaskSetManager: Finished task 14.0 in stage 31.0 (TID 255) in 10 ms on 10.0.0.215 (executor driver) (15/20)
2026-08-09 23:12:12,905 INFO scheduler.TaskSetManager: Finished task 32.0 in stage 27.0 (TID 256) in 10 ms on 10.0.0.215 (executor driver) (33/40)
2026-08-09 23:12:12,907 INFO storage.ShuffleBlockFetcherIterator: Getting 2 (80.0 KiB) non-empty blocks including 2 (80.0 KiB) local and 0 (0.0 B) host-local and 0 (0.0 B) push-merged-local and 0 (0.0 B) remote blocks
2026-08-09 23:12:12,907 INFO storage.ShuffleBlockFetcherIterator: Started 0 remote fetches in 0 ms
2026-08-09 23:12:12,910 INFO executor.Executor: Finished task 3.0 in stage 33.0 (TID 260). 6546 bytes result sent to driver
2026-08-09 23:12:12,910 INFO executor.Executor: Finished task 33.0 in stage 27.0 (TID 259). 5771 bytes result sent to driver
2026-08-09 23:12:12,910 INFO scheduler.TaskSetManager: Starting task 4.0 in stage 33.0 (TID 262) (10.0.0.215, executor driver, partition 4, NODE_LOCAL, 4271 bytes) taskResourceAssignments Map()
2026-08-09 23:12:12,910 INFO scheduler.TaskSetManager: Starting task 34.0 in stage 27.0 (TID 263) (10.0.0.215, executor driver, partition 34, NODE_LOCAL, 4271 bytes) taskResourceAssignments Map()
2026-08-09 23:12:12,910 INFO executor.Executor: Running task 4.0 in stage 33.0 (TID 262)
2026-08-09 23:12:12,910 INFO executor.Executor: Running task 34.0 in stage 27.0 (TID 263)
2026-08-09 23:12:12,911 INFO scheduler.TaskSetManager: Finished task 3.0 in stage 33.0 (TID 260) in 8 ms on 10.0.0.215 (executor driver) (4/40)
2026-08-09 23:12:12,911 INFO scheduler.TaskSetManager: Finished task 33.0 in stage 27.0 (TID 259) in 8 ms on 10.0.0.215 (executor driver) (34/40)
2026-08-09 23:12:12,912 INFO storage.ShuffleBlockFetcherIterator: Getting 2 (38.6 KiB) non-empty blocks including 2 (38.6 KiB) local and 0 (0.0 B) host-local and 0 (0.0 B) push-merged-local and 0 (0.0 B) remote blocks
2026-08-09 23:12:12,912 INFO storage.ShuffleBlockFetcherIterator: Started 0 remote fetches in 0 ms
2026-08-09 23:12:12,912 INFO executor.Executor: Finished task 15.0 in stage 31.0 (TID 261). 6094 bytes result sent to driver
2026-08-09 23:12:12,912 INFO scheduler.TaskSetManager: Starting task 16.0 in stage 31.0 (TID 264) (10.0.0.215, executor driver, partition 16, NODE_LOCAL, 4271 bytes) taskResourceAssignments Map()
2026-08-09 23:12:12,913 INFO executor.Executor: Running task 16.0 in stage 31.0 (TID 264)
2026-08-09 23:12:12,913 INFO storage.ShuffleBlockFetcherIterator: Getting 2 (38.6 KiB) non-empty blocks including 2 (38.6 KiB) local and 0 (0.0 B) host-local and 0 (0.0 B) push-merged-local and 0 (0.0 B) remote blocks
2026-08-09 23:12:12,913 INFO storage.ShuffleBlockFetcherIterator: Started 0 remote fetches in 0 ms
2026-08-09 23:12:12,914 INFO scheduler.TaskSetManager: Finished task 15.0 in stage 31.0 (TID 261) in 10 ms on 10.0.0.215 (executor driver) (16/20)
2026-08-09 23:12:12,914 INFO storage.ShuffleBlockFetcherIterator: Getting 2 (80.0 KiB) non-empty blocks including 2 (80.0 KiB) local and 0 (0.0 B) host-local and 0 (0.0 B) push-merged-local and 0 (0.0 B) remote blocks
2026-08-09 23:12:12,914 INFO storage.ShuffleBlockFetcherIterator: Started 0 remote fetches in 0 ms
2026-08-09 23:12:12,916 INFO executor.Executor: Finished task 34.0 in stage 27.0 (TID 263). 5981 bytes result sent to driver
2026-08-09 23:12:12,916 INFO scheduler.TaskSetManager: Starting task 35.0 in stage 27.0 (TID 265) (10.0.0.215, executor driver, partition 35, NODE_LOCAL, 4271 bytes) taskResourceAssignments Map()
2026-08-09 23:12:12,916 INFO executor.Executor: Running task 35.0 in stage 27.0 (TID 265)
2026-08-09 23:12:12,917 INFO executor.Executor: Finished task 4.0 in stage 33.0 (TID 262). 6519 bytes result sent to driver
2026-08-09 23:12:12,917 INFO scheduler.TaskSetManager: Starting task 5.0 in stage 33.0 (TID 266) (10.0.0.215, executor driver, partition 5, NODE_LOCAL, 4271 bytes) taskResourceAssignments Map()
2026-08-09 23:12:12,917 INFO spark.SparkContext: Starting job: count at Metrics.scala:12
2026-08-09 23:12:12,917 INFO executor.Executor: Running task 5.0 in stage 33.0 (TID 266)
2026-08-09 23:12:12,917 INFO scheduler.TaskSetManager: Finished task 4.0 in stage 33.0 (TID 262) in 7 ms on 10.0.0.215 (executor driver) (5/40)
2026-08-09 23:12:12,918 INFO scheduler.TaskSetManager: Finished task 34.0 in stage 27.0 (TID 263) in 8 ms on 10.0.0.215 (executor driver) (35/40)
2026-08-09 23:12:12,918 INFO storage.ShuffleBlockFetcherIterator: Getting 2 (38.6 KiB) non-empty blocks including 2 (38.6 KiB) local and 0 (0.0 B) host-local and 0 (0.0 B) push-merged-local and 0 (0.0 B) remote blocks
2026-08-09 23:12:12,918 INFO storage.ShuffleBlockFetcherIterator: Started 0 remote fetches in 0 ms
2026-08-09 23:12:12,919 INFO scheduler.DAGScheduler: Got job 30 (count at Metrics.scala:12) with 2 output partitions
2026-08-09 23:12:12,919 INFO scheduler.DAGScheduler: Final stage: ResultStage 42 (count at Metrics.scala:12)
2026-08-09 23:12:12,919 INFO executor.Executor: Finished task 16.0 in stage 31.0 (TID 264). 6191 bytes result sent to driver
2026-08-09 23:12:12,919 INFO scheduler.DAGScheduler: Parents of final stage: List()
2026-08-09 23:12:12,919 INFO scheduler.TaskSetManager: Starting task 17.0 in stage 31.0 (TID 267) (10.0.0.215, executor driver, partition 17, NODE_LOCAL, 4271 bytes) taskResourceAssignments Map()
2026-08-09 23:12:12,919 INFO executor.Executor: Running task 17.0 in stage 31.0 (TID 267)
2026-08-09 23:12:12,919 INFO scheduler.DAGScheduler: Missing parents: List()
2026-08-09 23:12:12,919 INFO scheduler.TaskSetManager: Finished task 16.0 in stage 31.0 (TID 264) in 7 ms on 10.0.0.215 (executor driver) (17/20)
2026-08-09 23:12:12,919 INFO scheduler.DAGScheduler: Submitting ResultStage 42 (MapPartitionsRDD[73] at map at EnsembleExperiment.scala:28), which has no missing parents
2026-08-09 23:12:12,920 INFO storage.ShuffleBlockFetcherIterator: Getting 2 (38.6 KiB) non-empty blocks including 2 (38.6 KiB) local and 0 (0.0 B) host-local and 0 (0.0 B) push-merged-local and 0 (0.0 B) remote blocks
2026-08-09 23:12:12,920 INFO storage.ShuffleBlockFetcherIterator: Started 0 remote fetches in 0 ms
2026-08-09 23:12:12,920 INFO storage.ShuffleBlockFetcherIterator: Getting 2 (80.0 KiB) non-empty blocks including 2 (80.0 KiB) local and 0 (0.0 B) host-local and 0 (0.0 B) push-merged-local and 0 (0.0 B) remote blocks
2026-08-09 23:12:12,920 INFO storage.ShuffleBlockFetcherIterator: Started 0 remote fetches in 0 ms
2026-08-09 23:12:12,921 INFO memory.MemoryStore: Block broadcast_50 stored as values in memory (estimated size 38.2 KiB, free 2.2 GiB)
2026-08-09 23:12:12,921 INFO executor.Executor: Finished task 35.0 in stage 27.0 (TID 265). 6051 bytes result sent to driver
2026-08-09 23:12:12,922 INFO scheduler.TaskSetManager: Starting task 36.0 in stage 27.0 (TID 268) (10.0.0.215, executor driver, partition 36, NODE_LOCAL, 4271 bytes) taskResourceAssignments Map()
2026-08-09 23:12:12,922 INFO executor.Executor: Running task 36.0 in stage 27.0 (TID 268)
2026-08-09 23:12:12,922 INFO memory.MemoryStore: Block broadcast_50_piece0 stored as bytes in memory (estimated size 12.0 KiB, free 2.2 GiB)
2026-08-09 23:12:12,923 INFO storage.BlockManagerInfo: Added broadcast_50_piece0 in memory on 10.0.0.215:64239 (size: 12.0 KiB, free: 2.2 GiB)
2026-08-09 23:12:12,923 INFO spark.SparkContext: Created broadcast 50 from broadcast at DAGScheduler.scala:1513
2026-08-09 23:12:12,923 INFO scheduler.TaskSetManager: Finished task 35.0 in stage 27.0 (TID 265) in 7 ms on 10.0.0.215 (executor driver) (36/40)
2026-08-09 23:12:12,923 INFO storage.ShuffleBlockFetcherIterator: Getting 2 (38.6 KiB) non-empty blocks including 2 (38.6 KiB) local and 0 (0.0 B) host-local and 0 (0.0 B) push-merged-local and 0 (0.0 B) remote blocks
2026-08-09 23:12:12,923 INFO storage.ShuffleBlockFetcherIterator: Started 0 remote fetches in 0 ms
2026-08-09 23:12:12,923 INFO scheduler.DAGScheduler: Submitting 2 missing tasks from ResultStage 42 (MapPartitionsRDD[73] at map at EnsembleExperiment.scala:28) (first 15 tasks are for partitions Vector(0, 1))
2026-08-09 23:12:12,923 INFO scheduler.TaskSchedulerImpl: Adding task set 42.0 with 2 tasks resource profile 0
2026-08-09 23:12:12,924 INFO scheduler.FairSchedulableBuilder: Added task set TaskSet_42.0 tasks to pool default
2026-08-09 23:12:12,924 INFO executor.Executor: Finished task 5.0 in stage 33.0 (TID 266). 6659 bytes result sent to driver
2026-08-09 23:12:12,924 INFO scheduler.TaskSetManager: Starting task 6.0 in stage 33.0 (TID 269) (10.0.0.215, executor driver, partition 6, NODE_LOCAL, 4271 bytes) taskResourceAssignments Map()
2026-08-09 23:12:12,924 INFO executor.Executor: Running task 6.0 in stage 33.0 (TID 269)
2026-08-09 23:12:12,925 INFO scheduler.TaskSetManager: Finished task 5.0 in stage 33.0 (TID 266) in 8 ms on 10.0.0.215 (executor driver) (6/40)
2026-08-09 23:12:12,925 INFO executor.Executor: Finished task 17.0 in stage 31.0 (TID 267). 6051 bytes result sent to driver
2026-08-09 23:12:12,925 INFO scheduler.TaskSetManager: Starting task 18.0 in stage 31.0 (TID 270) (10.0.0.215, executor driver, partition 18, NODE_LOCAL, 4271 bytes) taskResourceAssignments Map()
2026-08-09 23:12:12,925 INFO executor.Executor: Running task 18.0 in stage 31.0 (TID 270)
2026-08-09 23:12:12,926 INFO scheduler.TaskSetManager: Finished task 17.0 in stage 31.0 (TID 267) in 7 ms on 10.0.0.215 (executor driver) (18/20)
2026-08-09 23:12:12,926 INFO storage.ShuffleBlockFetcherIterator: Getting 2 (38.6 KiB) non-empty blocks including 2 (38.6 KiB) local and 0 (0.0 B) host-local and 0 (0.0 B) push-merged-local and 0 (0.0 B) remote blocks
2026-08-09 23:12:12,926 INFO storage.ShuffleBlockFetcherIterator: Started 0 remote fetches in 0 ms
2026-08-09 23:12:12,926 INFO storage.ShuffleBlockFetcherIterator: Getting 2 (80.0 KiB) non-empty blocks including 2 (80.0 KiB) local and 0 (0.0 B) host-local and 0 (0.0 B) push-merged-local and 0 (0.0 B) remote blocks
2026-08-09 23:12:12,926 INFO storage.ShuffleBlockFetcherIterator: Started 0 remote fetches in 0 ms
2026-08-09 23:12:12,927 INFO executor.Executor: Finished task 36.0 in stage 27.0 (TID 268). 5771 bytes result sent to driver
2026-08-09 23:12:12,928 INFO scheduler.TaskSetManager: Starting task 37.0 in stage 27.0 (TID 271) (10.0.0.215, executor driver, partition 37, NODE_LOCAL, 4271 bytes) taskResourceAssignments Map()
2026-08-09 23:12:12,928 INFO executor.Executor: Running task 37.0 in stage 27.0 (TID 271)
2026-08-09 23:12:12,929 INFO scheduler.TaskSetManager: Finished task 36.0 in stage 27.0 (TID 268) in 7 ms on 10.0.0.215 (executor driver) (37/40)
2026-08-09 23:12:12,929 INFO storage.ShuffleBlockFetcherIterator: Getting 2 (38.6 KiB) non-empty blocks including 2 (38.6 KiB) local and 0 (0.0 B) host-local and 0 (0.0 B) push-merged-local and 0 (0.0 B) remote blocks
2026-08-09 23:12:12,929 INFO storage.ShuffleBlockFetcherIterator: Started 0 remote fetches in 0 ms
2026-08-09 23:12:12,929 INFO executor.Executor: Finished task 6.0 in stage 33.0 (TID 269). 6546 bytes result sent to driver
2026-08-09 23:12:12,929 INFO scheduler.TaskSetManager: Starting task 7.0 in stage 33.0 (TID 272) (10.0.0.215, executor driver, partition 7, NODE_LOCAL, 4271 bytes) taskResourceAssignments Map()
2026-08-09 23:12:12,929 INFO executor.Executor: Running task 7.0 in stage 33.0 (TID 272)
2026-08-09 23:12:12,930 INFO scheduler.TaskSetManager: Finished task 6.0 in stage 33.0 (TID 269) in 6 ms on 10.0.0.215 (executor driver) (7/40)
2026-08-09 23:12:12,930 INFO storage.ShuffleBlockFetcherIterator: Getting 2 (38.6 KiB) non-empty blocks including 2 (38.6 KiB) local and 0 (0.0 B) host-local and 0 (0.0 B) push-merged-local and 0 (0.0 B) remote blocks
2026-08-09 23:12:12,931 INFO storage.ShuffleBlockFetcherIterator: Started 0 remote fetches in 0 ms
2026-08-09 23:12:12,934 INFO executor.Executor: Finished task 37.0 in stage 27.0 (TID 271). 6051 bytes result sent to driver
2026-08-09 23:12:12,934 INFO executor.Executor: Finished task 18.0 in stage 31.0 (TID 270). 6051 bytes result sent to driver
2026-08-09 23:12:12,934 INFO scheduler.TaskSetManager: Starting task 38.0 in stage 27.0 (TID 273) (10.0.0.215, executor driver, partition 38, NODE_LOCAL, 4271 bytes) taskResourceAssignments Map()
2026-08-09 23:12:12,935 INFO executor.Executor: Running task 38.0 in stage 27.0 (TID 273)
2026-08-09 23:12:12,935 INFO scheduler.TaskSetManager: Starting task 19.0 in stage 31.0 (TID 274) (10.0.0.215, executor driver, partition 19, NODE_LOCAL, 4271 bytes) taskResourceAssignments Map()
2026-08-09 23:12:12,935 INFO executor.Executor: Running task 19.0 in stage 31.0 (TID 274)
2026-08-09 23:12:12,935 INFO scheduler.TaskSetManager: Finished task 37.0 in stage 27.0 (TID 271) in 8 ms on 10.0.0.215 (executor driver) (38/40)
2026-08-09 23:12:12,935 INFO scheduler.TaskSetManager: Finished task 18.0 in stage 31.0 (TID 270) in 10 ms on 10.0.0.215 (executor driver) (19/20)
2026-08-09 23:12:12,935 INFO executor.Executor: Finished task 7.0 in stage 33.0 (TID 272). 6686 bytes result sent to driver
2026-08-09 23:12:12,936 INFO scheduler.TaskSetManager: Starting task 8.0 in stage 33.0 (TID 275) (10.0.0.215, executor driver, partition 8, NODE_LOCAL, 4271 bytes) taskResourceAssignments Map()
2026-08-09 23:12:12,936 INFO executor.Executor: Running task 8.0 in stage 33.0 (TID 275)
2026-08-09 23:12:12,936 INFO storage.ShuffleBlockFetcherIterator: Getting 2 (80.0 KiB) non-empty blocks including 2 (80.0 KiB) local and 0 (0.0 B) host-local and 0 (0.0 B) push-merged-local and 0 (0.0 B) remote blocks
2026-08-09 23:12:12,936 INFO storage.ShuffleBlockFetcherIterator: Getting 2 (38.6 KiB) non-empty blocks including 2 (38.6 KiB) local and 0 (0.0 B) host-local and 0 (0.0 B) push-merged-local and 0 (0.0 B) remote blocks
2026-08-09 23:12:12,936 INFO storage.ShuffleBlockFetcherIterator: Started 0 remote fetches in 0 ms
2026-08-09 23:12:12,936 INFO storage.ShuffleBlockFetcherIterator: Started 0 remote fetches in 0 ms
2026-08-09 23:12:12,937 INFO scheduler.TaskSetManager: Finished task 7.0 in stage 33.0 (TID 272) in 8 ms on 10.0.0.215 (executor driver) (8/40)
2026-08-09 23:12:12,937 INFO storage.ShuffleBlockFetcherIterator: Getting 2 (38.6 KiB) non-empty blocks including 2 (38.6 KiB) local and 0 (0.0 B) host-local and 0 (0.0 B) push-merged-local and 0 (0.0 B) remote blocks
2026-08-09 23:12:12,937 INFO storage.ShuffleBlockFetcherIterator: Started 0 remote fetches in 0 ms
2026-08-09 23:12:12,940 INFO executor.Executor: Finished task 38.0 in stage 27.0 (TID 273). 5954 bytes result sent to driver
2026-08-09 23:12:12,940 INFO scheduler.TaskSetManager: Starting task 39.0 in stage 27.0 (TID 276) (10.0.0.215, executor driver, partition 39, NODE_LOCAL, 4271 bytes) taskResourceAssignments Map()
2026-08-09 23:12:12,940 INFO executor.Executor: Running task 39.0 in stage 27.0 (TID 276)
2026-08-09 23:12:12,941 INFO scheduler.TaskSetManager: Finished task 38.0 in stage 27.0 (TID 273) in 7 ms on 10.0.0.215 (executor driver) (39/40)
2026-08-09 23:12:12,941 INFO storage.ShuffleBlockFetcherIterator: Getting 2 (38.6 KiB) non-empty blocks including 2 (38.6 KiB) local and 0 (0.0 B) host-local and 0 (0.0 B) push-merged-local and 0 (0.0 B) remote blocks
2026-08-09 23:12:12,941 INFO storage.ShuffleBlockFetcherIterator: Started 0 remote fetches in 0 ms
2026-08-09 23:12:12,942 INFO executor.Executor: Finished task 8.0 in stage 33.0 (TID 275). 6799 bytes result sent to driver
2026-08-09 23:12:12,942 INFO scheduler.TaskSetManager: Starting task 9.0 in stage 33.0 (TID 277) (10.0.0.215, executor driver, partition 9, NODE_LOCAL, 4271 bytes) taskResourceAssignments Map()
2026-08-09 23:12:12,942 INFO executor.Executor: Running task 9.0 in stage 33.0 (TID 277)
2026-08-09 23:12:12,942 INFO executor.Executor: Finished task 19.0 in stage 31.0 (TID 274). 6051 bytes result sent to driver
2026-08-09 23:12:12,942 INFO scheduler.TaskSetManager: Starting task 0.0 in stage 34.0 (TID 278) (10.0.0.215, executor driver, partition 0, PROCESS_LOCAL, 5128 bytes) taskResourceAssignments Map()
2026-08-09 23:12:12,943 INFO executor.Executor: Running task 0.0 in stage 34.0 (TID 278)
2026-08-09 23:12:12,943 INFO scheduler.TaskSetManager: Finished task 8.0 in stage 33.0 (TID 275) in 7 ms on 10.0.0.215 (executor driver) (9/40)
2026-08-09 23:12:12,944 INFO storage.ShuffleBlockFetcherIterator: Getting 2 (38.6 KiB) non-empty blocks including 2 (38.6 KiB) local and 0 (0.0 B) host-local and 0 (0.0 B) push-merged-local and 0 (0.0 B) remote blocks
2026-08-09 23:12:12,944 INFO storage.ShuffleBlockFetcherIterator: Started 0 remote fetches in 0 ms
2026-08-09 23:12:12,944 INFO scheduler.TaskSetManager: Finished task 19.0 in stage 31.0 (TID 274) in 9 ms on 10.0.0.215 (executor driver) (20/20)
2026-08-09 23:12:12,944 INFO scheduler.TaskSchedulerImpl: Removed TaskSet 31.0, whose tasks have all completed, from pool default
2026-08-09 23:12:12,944 INFO scheduler.DAGScheduler: ResultStage 31 (collect at EnsembleTrainer.scala:45) finished in 0.232 s
2026-08-09 23:12:12,944 INFO scheduler.DAGScheduler: Job 21 is finished. Cancelling potential speculative or zombie tasks for this job
2026-08-09 23:12:12,944 INFO scheduler.TaskSchedulerImpl: Killing all running tasks in stage 31: Stage finished
2026-08-09 23:12:12,945 INFO storage.BlockManager: Found block rdd_8_0 locally
2026-08-09 23:12:12,945 INFO scheduler.DAGScheduler: Job 21 finished: collect at EnsembleTrainer.scala:45, took 1.138359 s
2026-08-09 23:12:12,945 INFO executor.Executor: Finished task 39.0 in stage 27.0 (TID 276). 5841 bytes result sent to driver
2026-08-09 23:12:12,946 INFO scheduler.TaskSetManager: Starting task 0.0 in stage 36.0 (TID 279) (10.0.0.215, executor driver, partition 0, PROCESS_LOCAL, 5028 bytes) taskResourceAssignments Map()
2026-08-09 23:12:12,946 INFO executor.Executor: Running task 0.0 in stage 36.0 (TID 279)
2026-08-09 23:12:12,946 INFO scheduler.TaskSetManager: Finished task 39.0 in stage 27.0 (TID 276) in 6 ms on 10.0.0.215 (executor driver) (40/40)
2026-08-09 23:12:12,946 INFO scheduler.TaskSchedulerImpl: Removed TaskSet 27.0, whose tasks have all completed, from pool default
2026-08-09 23:12:12,947 INFO scheduler.DAGScheduler: ResultStage 27 (collect at EnsembleTrainer.scala:45) finished in 0.340 s
2026-08-09 23:12:12,947 INFO scheduler.DAGScheduler: Job 19 is finished. Cancelling potential speculative or zombie tasks for this job
2026-08-09 23:12:12,947 INFO scheduler.TaskSchedulerImpl: Killing all running tasks in stage 27: Stage finished
2026-08-09 23:12:12,947 INFO scheduler.DAGScheduler: Job 19 finished: collect at EnsembleTrainer.scala:45, took 1.227861 s
2026-08-09 23:12:12,948 INFO executor.Executor: Finished task 9.0 in stage 33.0 (TID 277). 6616 bytes result sent to driver
2026-08-09 23:12:12,948 INFO scheduler.TaskSetManager: Starting task 10.0 in stage 33.0 (TID 280) (10.0.0.215, executor driver, partition 10, NODE_LOCAL, 4271 bytes) taskResourceAssignments Map()
2026-08-09 23:12:12,949 INFO executor.Executor: Running task 10.0 in stage 33.0 (TID 280)
2026-08-09 23:12:12,950 INFO scheduler.TaskSetManager: Finished task 9.0 in stage 33.0 (TID 277) in 8 ms on 10.0.0.215 (executor driver) (10/40)
2026-08-09 23:12:12,950 INFO storage.ShuffleBlockFetcherIterator: Getting 2 (37.3 KiB) non-empty blocks including 2 (37.3 KiB) local and 0 (0.0 B) host-local and 0 (0.0 B) push-merged-local and 0 (0.0 B) remote blocks
2026-08-09 23:12:12,950 INFO storage.ShuffleBlockFetcherIterator: Started 0 remote fetches in 0 ms
2026-08-09 23:12:12,950 INFO storage.BlockManager: Found block rdd_17_0 locally
2026-08-09 23:12:12,953 INFO executor.Executor: Finished task 9.0 in stage 29.0 (TID 258). 9964 bytes result sent to driver
2026-08-09 23:12:12,953 INFO scheduler.TaskSetManager: Starting task 0.0 in stage 37.0 (TID 281) (10.0.0.215, executor driver, partition 0, PROCESS_LOCAL, 5028 bytes) taskResourceAssignments Map()
2026-08-09 23:12:12,954 INFO scheduler.TaskSetManager: Finished task 9.0 in stage 29.0 (TID 258) in 55 ms on 10.0.0.215 (executor driver) (10/10)
2026-08-09 23:12:12,954 INFO scheduler.TaskSchedulerImpl: Removed TaskSet 29.0, whose tasks have all completed, from pool default
2026-08-09 23:12:12,954 INFO executor.Executor: Running task 0.0 in stage 37.0 (TID 281)
2026-08-09 23:12:12,954 INFO scheduler.DAGScheduler: ResultStage 29 (collect at EnsembleTrainer.scala:45) finished in 0.341 s
2026-08-09 23:12:12,955 INFO scheduler.DAGScheduler: Job 20 is finished. Cancelling potential speculative or zombie tasks for this job
2026-08-09 23:12:12,955 INFO scheduler.TaskSchedulerImpl: Killing all running tasks in stage 29: Stage finished
2026-08-09 23:12:12,955 INFO scheduler.DAGScheduler: Job 20 finished: collect at EnsembleTrainer.scala:45, took 1.152364 s
2026-08-09 23:12:12,955 INFO executor.Executor: Finished task 10.0 in stage 33.0 (TID 280). 6403 bytes result sent to driver
2026-08-09 23:12:12,955 INFO scheduler.TaskSetManager: Starting task 11.0 in stage 33.0 (TID 282) (10.0.0.215, executor driver, partition 11, NODE_LOCAL, 4271 bytes) taskResourceAssignments Map()
2026-08-09 23:12:12,955 INFO executor.Executor: Running task 11.0 in stage 33.0 (TID 282)
2026-08-09 23:12:12,956 INFO scheduler.TaskSetManager: Finished task 10.0 in stage 33.0 (TID 280) in 8 ms on 10.0.0.215 (executor driver) (11/40)
2026-08-09 23:12:12,959 INFO storage.BlockManager: Found block rdd_17_0 locally
2026-08-09 23:12:12,960 INFO storage.ShuffleBlockFetcherIterator: Getting 2 (38.6 KiB) non-empty blocks including 2 (38.6 KiB) local and 0 (0.0 B) host-local and 0 (0.0 B) push-merged-local and 0 (0.0 B) remote blocks
2026-08-09 23:12:12,960 INFO storage.ShuffleBlockFetcherIterator: Started 0 remote fetches in 0 ms
2026-08-09 23:12:12,962 INFO memory.MemoryStore: Block broadcast_51 stored as values in memory (estimated size 164.4 KiB, free 2.2 GiB)
2026-08-09 23:12:12,964 INFO memory.MemoryStore: Block broadcast_53 stored as values in memory (estimated size 143.3 KiB, free 2.2 GiB)
2026-08-09 23:12:12,965 INFO executor.Executor: Finished task 0.0 in stage 34.0 (TID 278). 1912 bytes result sent to driver
2026-08-09 23:12:12,965 INFO scheduler.TaskSetManager: Starting task 1.0 in stage 34.0 (TID 283) (10.0.0.215, executor driver, partition 1, PROCESS_LOCAL, 5128 bytes) taskResourceAssignments Map()
2026-08-09 23:12:12,966 INFO scheduler.TaskSetManager: Finished task 0.0 in stage 34.0 (TID 278) in 24 ms on 10.0.0.215 (executor driver) (1/2)
2026-08-09 23:12:12,966 INFO executor.Executor: Running task 1.0 in stage 34.0 (TID 283)
2026-08-09 23:12:12,967 INFO storage.BlockManager: Found block rdd_8_1 locally
2026-08-09 23:12:12,969 INFO memory.MemoryStore: Block broadcast_51_piece0 stored as bytes in memory (estimated size 31.0 KiB, free 2.2 GiB)
2026-08-09 23:12:12,970 INFO storage.BlockManagerInfo: Added broadcast_51_piece0 in memory on 10.0.0.215:64239 (size: 31.0 KiB, free: 2.2 GiB)
2026-08-09 23:12:12,970 INFO executor.Executor: Finished task 11.0 in stage 33.0 (TID 282). 6799 bytes result sent to driver
2026-08-09 23:12:12,970 INFO spark.SparkContext: Created broadcast 51 from broadcast at EnsemblePredictor.scala:28
2026-08-09 23:12:12,970 INFO scheduler.TaskSetManager: Starting task 12.0 in stage 33.0 (TID 284) (10.0.0.215, executor driver, partition 12, NODE_LOCAL, 4271 bytes) taskResourceAssignments Map()
2026-08-09 23:12:12,971 INFO memory.MemoryStore: Block broadcast_53_piece0 stored as bytes in memory (estimated size 41.2 KiB, free 2.2 GiB)
2026-08-09 23:12:12,971 INFO storage.BlockManagerInfo: Added broadcast_53_piece0 in memory on 10.0.0.215:64239 (size: 41.2 KiB, free: 2.2 GiB)
2026-08-09 23:12:12,971 INFO spark.SparkContext: Created broadcast 53 from broadcast at EnsemblePredictor.scala:28
2026-08-09 23:12:12,971 INFO scheduler.TaskSetManager: Finished task 11.0 in stage 33.0 (TID 282) in 16 ms on 10.0.0.215 (executor driver) (12/40)
2026-08-09 23:12:12,973 INFO executor.Executor: Running task 12.0 in stage 33.0 (TID 284)
2026-08-09 23:12:12,975 INFO memory.MemoryStore: Block broadcast_52 stored as values in memory (estimated size 321.4 KiB, free 2.2 GiB)
2026-08-09 23:12:12,976 INFO storage.ShuffleBlockFetcherIterator: Getting 2 (38.6 KiB) non-empty blocks including 2 (38.6 KiB) local and 0 (0.0 B) host-local and 0 (0.0 B) push-merged-local and 0 (0.0 B) remote blocks
2026-08-09 23:12:12,977 INFO storage.ShuffleBlockFetcherIterator: Started 0 remote fetches in 0 ms
2026-08-09 23:12:12,980 INFO memory.MemoryStore: Block broadcast_52_piece0 stored as bytes in memory (estimated size 56.7 KiB, free 2.2 GiB)
2026-08-09 23:12:12,980 INFO storage.BlockManagerInfo: Added broadcast_52_piece0 in memory on 10.0.0.215:64239 (size: 56.7 KiB, free: 2.2 GiB)
2026-08-09 23:12:12,980 INFO executor.Executor: Finished task 12.0 in stage 33.0 (TID 284). 6659 bytes result sent to driver
2026-08-09 23:12:12,980 INFO spark.SparkContext: Created broadcast 52 from broadcast at EnsemblePredictor.scala:28
2026-08-09 23:12:12,980 INFO scheduler.TaskSetManager: Starting task 13.0 in stage 33.0 (TID 285) (10.0.0.215, executor driver, partition 13, NODE_LOCAL, 4271 bytes) taskResourceAssignments Map()
2026-08-09 23:12:12,981 INFO scheduler.TaskSetManager: Finished task 12.0 in stage 33.0 (TID 284) in 11 ms on 10.0.0.215 (executor driver) (13/40)
2026-08-09 23:12:12,982 INFO executor.Executor: Running task 13.0 in stage 33.0 (TID 285)
2026-08-09 23:12:12,984 INFO storage.ShuffleBlockFetcherIterator: Getting 2 (38.6 KiB) non-empty blocks including 2 (38.6 KiB) local and 0 (0.0 B) host-local and 0 (0.0 B) push-merged-local and 0 (0.0 B) remote blocks
2026-08-09 23:12:12,985 INFO storage.ShuffleBlockFetcherIterator: Started 0 remote fetches in 0 ms
2026-08-09 23:12:12,985 INFO spark.SparkContext: Starting job: count at Metrics.scala:12
2026-08-09 23:12:12,986 INFO scheduler.DAGScheduler: Got job 31 (count at Metrics.scala:12) with 2 output partitions
2026-08-09 23:12:12,986 INFO scheduler.DAGScheduler: Final stage: ResultStage 43 (count at Metrics.scala:12)
2026-08-09 23:12:12,986 INFO scheduler.DAGScheduler: Parents of final stage: List()
2026-08-09 23:12:12,986 INFO scheduler.DAGScheduler: Missing parents: List()
2026-08-09 23:12:12,986 INFO scheduler.DAGScheduler: Submitting ResultStage 43 (MapPartitionsRDD[77] at map at EnsembleExperiment.scala:28), which has no missing parents
2026-08-09 23:12:12,987 INFO executor.Executor: Finished task 1.0 in stage 34.0 (TID 283). 1912 bytes result sent to driver
2026-08-09 23:12:12,987 INFO scheduler.TaskSetManager: Starting task 0.0 in stage 38.0 (TID 286) (10.0.0.215, executor driver, partition 0, PROCESS_LOCAL, 5028 bytes) taskResourceAssignments Map()
2026-08-09 23:12:12,987 INFO executor.Executor: Running task 0.0 in stage 38.0 (TID 286)
2026-08-09 23:12:12,987 INFO scheduler.TaskSetManager: Finished task 1.0 in stage 34.0 (TID 283) in 22 ms on 10.0.0.215 (executor driver) (2/2)
2026-08-09 23:12:12,988 INFO scheduler.TaskSchedulerImpl: Removed TaskSet 34.0, whose tasks have all completed, from pool default
2026-08-09 23:12:12,989 INFO spark.SparkContext: Starting job: count at Metrics.scala:12
2026-08-09 23:12:12,989 INFO memory.MemoryStore: Block broadcast_54 stored as values in memory (estimated size 38.2 KiB, free 2.2 GiB)
2026-08-09 23:12:12,989 INFO memory.MemoryStore: Block broadcast_54_piece0 stored as bytes in memory (estimated size 12.0 KiB, free 2.2 GiB)
2026-08-09 23:12:12,990 INFO storage.BlockManagerInfo: Added broadcast_54_piece0 in memory on 10.0.0.215:64239 (size: 12.0 KiB, free: 2.2 GiB)
2026-08-09 23:12:12,990 INFO spark.SparkContext: Created broadcast 54 from broadcast at DAGScheduler.scala:1513
2026-08-09 23:12:12,990 INFO scheduler.DAGScheduler: Submitting 2 missing tasks from ResultStage 43 (MapPartitionsRDD[77] at map at EnsembleExperiment.scala:28) (first 15 tasks are for partitions Vector(0, 1))
2026-08-09 23:12:12,990 INFO scheduler.TaskSchedulerImpl: Adding task set 43.0 with 2 tasks resource profile 0
2026-08-09 23:12:12,991 INFO scheduler.FairSchedulableBuilder: Added task set TaskSet_43.0 tasks to pool default
2026-08-09 23:12:12,991 INFO spark.SparkContext: Starting job: count at Metrics.scala:12
2026-08-09 23:12:12,991 INFO storage.BlockManager: Found block rdd_17_0 locally
2026-08-09 23:12:12,991 INFO scheduler.DAGScheduler: ShuffleMapStage 34 (map at EnsembleTrainer.scala:31) finished in 1.147 s
2026-08-09 23:12:12,991 INFO scheduler.DAGScheduler: looking for newly runnable stages
2026-08-09 23:12:12,991 INFO scheduler.DAGScheduler: running: Set(ResultStage 33, ResultStage 37, ResultStage 38, ResultStage 42, ResultStage 39, ResultStage 36, ResultStage 43, ResultStage 40, ResultStage 41)
2026-08-09 23:12:12,991 INFO scheduler.DAGScheduler: waiting: Set(ResultStage 35)
2026-08-09 23:12:12,991 INFO scheduler.DAGScheduler: failed: Set()
2026-08-09 23:12:12,992 INFO scheduler.DAGScheduler: Submitting ResultStage 35 (MapPartitionsRDD[59] at mapPartitions at EnsembleTrainer.scala:37), which has no missing parents
2026-08-09 23:12:12,992 INFO memory.MemoryStore: Block broadcast_55 stored as values in memory (estimated size 5.4 KiB, free 2.2 GiB)
2026-08-09 23:12:12,993 INFO memory.MemoryStore: Block broadcast_55_piece0 stored as bytes in memory (estimated size 3.0 KiB, free 2.2 GiB)
2026-08-09 23:12:12,993 INFO storage.BlockManagerInfo: Added broadcast_55_piece0 in memory on 10.0.0.215:64239 (size: 3.0 KiB, free: 2.2 GiB)
2026-08-09 23:12:12,994 INFO spark.SparkContext: Created broadcast 55 from broadcast at DAGScheduler.scala:1513
2026-08-09 23:12:12,994 INFO scheduler.DAGScheduler: Submitting 10 missing tasks from ResultStage 35 (MapPartitionsRDD[59] at mapPartitions at EnsembleTrainer.scala:37) (first 15 tasks are for partitions Vector(0, 1, 2, 3, 4, 5, 6, 7, 8, 9))
2026-08-09 23:12:12,994 INFO scheduler.TaskSchedulerImpl: Adding task set 35.0 with 10 tasks resource profile 0
2026-08-09 23:12:12,994 INFO scheduler.FairSchedulableBuilder: Added task set TaskSet_35.0 tasks to pool default
2026-08-09 23:12:12,994 INFO scheduler.DAGScheduler: Got job 32 (count at Metrics.scala:12) with 2 output partitions
2026-08-09 23:12:12,994 INFO scheduler.DAGScheduler: Final stage: ResultStage 44 (count at Metrics.scala:12)
2026-08-09 23:12:12,994 INFO scheduler.DAGScheduler: Parents of final stage: List()
2026-08-09 23:12:12,994 INFO scheduler.DAGScheduler: Missing parents: List()
2026-08-09 23:12:12,995 INFO scheduler.DAGScheduler: Submitting ResultStage 44 (MapPartitionsRDD[76] at map at EnsembleExperiment.scala:28), which has no missing parents
2026-08-09 23:12:12,996 INFO executor.Executor: Finished task 13.0 in stage 33.0 (TID 285). 6589 bytes result sent to driver
2026-08-09 23:12:12,997 INFO scheduler.TaskSetManager: Starting task 14.0 in stage 33.0 (TID 287) (10.0.0.215, executor driver, partition 14, NODE_LOCAL, 4271 bytes) taskResourceAssignments Map()
2026-08-09 23:12:12,997 INFO executor.Executor: Running task 14.0 in stage 33.0 (TID 287)
2026-08-09 23:12:12,997 INFO scheduler.TaskSetManager: Finished task 13.0 in stage 33.0 (TID 285) in 17 ms on 10.0.0.215 (executor driver) (14/40)
2026-08-09 23:12:12,998 INFO memory.MemoryStore: Block broadcast_56 stored as values in memory (estimated size 38.2 KiB, free 2.2 GiB)
2026-08-09 23:12:12,999 INFO memory.MemoryStore: Block broadcast_56_piece0 stored as bytes in memory (estimated size 12.0 KiB, free 2.2 GiB)
2026-08-09 23:12:12,999 INFO storage.BlockManagerInfo: Added broadcast_56_piece0 in memory on 10.0.0.215:64239 (size: 12.0 KiB, free: 2.2 GiB)
2026-08-09 23:12:12,999 INFO spark.SparkContext: Created broadcast 56 from broadcast at DAGScheduler.scala:1513
2026-08-09 23:12:12,999 INFO storage.ShuffleBlockFetcherIterator: Getting 2 (38.6 KiB) non-empty blocks including 2 (38.6 KiB) local and 0 (0.0 B) host-local and 0 (0.0 B) push-merged-local and 0 (0.0 B) remote blocks
2026-08-09 23:12:12,999 INFO storage.ShuffleBlockFetcherIterator: Started 0 remote fetches in 0 ms
2026-08-09 23:12:13,000 INFO scheduler.DAGScheduler: Submitting 2 missing tasks from ResultStage 44 (MapPartitionsRDD[76] at map at EnsembleExperiment.scala:28) (first 15 tasks are for partitions Vector(0, 1))
2026-08-09 23:12:13,000 INFO scheduler.TaskSchedulerImpl: Adding task set 44.0 with 2 tasks resource profile 0
2026-08-09 23:12:13,000 INFO scheduler.FairSchedulableBuilder: Added task set TaskSet_44.0 tasks to pool default
2026-08-09 23:12:13,000 INFO scheduler.DAGScheduler: Got job 33 (count at Metrics.scala:12) with 2 output partitions
2026-08-09 23:12:13,000 INFO scheduler.DAGScheduler: Final stage: ResultStage 45 (count at Metrics.scala:12)
2026-08-09 23:12:13,000 INFO scheduler.DAGScheduler: Parents of final stage: List()
2026-08-09 23:12:13,000 INFO scheduler.DAGScheduler: Missing parents: List()
2026-08-09 23:12:13,001 INFO scheduler.DAGScheduler: Submitting ResultStage 45 (MapPartitionsRDD[79] at map at EnsembleExperiment.scala:28), which has no missing parents
2026-08-09 23:12:13,003 INFO memory.MemoryStore: Block broadcast_57 stored as values in memory (estimated size 38.2 KiB, free 2.2 GiB)
2026-08-09 23:12:13,003 INFO memory.MemoryStore: Block broadcast_57_piece0 stored as bytes in memory (estimated size 12.0 KiB, free 2.2 GiB)
2026-08-09 23:12:13,003 INFO storage.BlockManagerInfo: Added broadcast_57_piece0 in memory on 10.0.0.215:64239 (size: 12.0 KiB, free: 2.2 GiB)
2026-08-09 23:12:13,004 INFO spark.SparkContext: Created broadcast 57 from broadcast at DAGScheduler.scala:1513
2026-08-09 23:12:13,004 INFO scheduler.DAGScheduler: Submitting 2 missing tasks from ResultStage 45 (MapPartitionsRDD[79] at map at EnsembleExperiment.scala:28) (first 15 tasks are for partitions Vector(0, 1))
2026-08-09 23:12:13,004 INFO scheduler.TaskSchedulerImpl: Adding task set 45.0 with 2 tasks resource profile 0
2026-08-09 23:12:13,004 INFO scheduler.FairSchedulableBuilder: Added task set TaskSet_45.0 tasks to pool default
2026-08-09 23:12:13,005 INFO executor.Executor: Finished task 14.0 in stage 33.0 (TID 287). 6589 bytes result sent to driver
2026-08-09 23:12:13,006 INFO scheduler.TaskSetManager: Starting task 15.0 in stage 33.0 (TID 288) (10.0.0.215, executor driver, partition 15, NODE_LOCAL, 4271 bytes) taskResourceAssignments Map()
2026-08-09 23:12:13,006 INFO executor.Executor: Running task 15.0 in stage 33.0 (TID 288)
2026-08-09 23:12:13,006 INFO scheduler.TaskSetManager: Finished task 14.0 in stage 33.0 (TID 287) in 9 ms on 10.0.0.215 (executor driver) (15/40)
2026-08-09 23:12:13,008 INFO storage.ShuffleBlockFetcherIterator: Getting 2 (38.6 KiB) non-empty blocks including 2 (38.6 KiB) local and 0 (0.0 B) host-local and 0 (0.0 B) push-merged-local and 0 (0.0 B) remote blocks
2026-08-09 23:12:13,008 INFO storage.ShuffleBlockFetcherIterator: Started 0 remote fetches in 0 ms
2026-08-09 23:12:13,016 INFO executor.Executor: Finished task 15.0 in stage 33.0 (TID 288). 6799 bytes result sent to driver
2026-08-09 23:12:13,017 INFO scheduler.TaskSetManager: Starting task 16.0 in stage 33.0 (TID 289) (10.0.0.215, executor driver, partition 16, NODE_LOCAL, 4271 bytes) taskResourceAssignments Map()
2026-08-09 23:12:13,017 INFO executor.Executor: Running task 16.0 in stage 33.0 (TID 289)
2026-08-09 23:12:13,017 INFO scheduler.TaskSetManager: Finished task 15.0 in stage 33.0 (TID 288) in 11 ms on 10.0.0.215 (executor driver) (16/40)
2026-08-09 23:12:13,019 INFO storage.ShuffleBlockFetcherIterator: Getting 2 (37.3 KiB) non-empty blocks including 2 (37.3 KiB) local and 0 (0.0 B) host-local and 0 (0.0 B) push-merged-local and 0 (0.0 B) remote blocks
2026-08-09 23:12:13,019 INFO storage.ShuffleBlockFetcherIterator: Started 0 remote fetches in 0 ms
2026-08-09 23:12:13,028 INFO executor.Executor: Finished task 16.0 in stage 33.0 (TID 289). 6659 bytes result sent to driver
2026-08-09 23:12:13,029 INFO scheduler.TaskSetManager: Starting task 17.0 in stage 33.0 (TID 290) (10.0.0.215, executor driver, partition 17, NODE_LOCAL, 4271 bytes) taskResourceAssignments Map()
2026-08-09 23:12:13,029 INFO executor.Executor: Running task 17.0 in stage 33.0 (TID 290)
2026-08-09 23:12:13,030 INFO scheduler.TaskSetManager: Finished task 16.0 in stage 33.0 (TID 289) in 13 ms on 10.0.0.215 (executor driver) (17/40)
2026-08-09 23:12:13,031 INFO storage.ShuffleBlockFetcherIterator: Getting 2 (37.3 KiB) non-empty blocks including 2 (37.3 KiB) local and 0 (0.0 B) host-local and 0 (0.0 B) push-merged-local and 0 (0.0 B) remote blocks
2026-08-09 23:12:13,031 INFO storage.ShuffleBlockFetcherIterator: Started 0 remote fetches in 0 ms
2026-08-09 23:12:13,042 INFO storage.BlockManagerInfo: Removed broadcast_47_piece0 on 10.0.0.215:64239 in memory (size: 3.0 KiB, free: 2.2 GiB)
2026-08-09 23:12:13,043 INFO storage.BlockManagerInfo: Removed broadcast_43_piece0 on 10.0.0.215:64239 in memory (size: 3.0 KiB, free: 2.2 GiB)
2026-08-09 23:12:13,044 INFO storage.BlockManagerInfo: Removed broadcast_42_piece0 on 10.0.0.215:64239 in memory (size: 3.0 KiB, free: 2.2 GiB)
2026-08-09 23:12:13,045 INFO executor.Executor: Finished task 17.0 in stage 33.0 (TID 290). 6702 bytes result sent to driver
2026-08-09 23:12:13,045 INFO scheduler.TaskSetManager: Starting task 18.0 in stage 33.0 (TID 291) (10.0.0.215, executor driver, partition 18, NODE_LOCAL, 4271 bytes) taskResourceAssignments Map()
2026-08-09 23:12:13,045 INFO executor.Executor: Running task 18.0 in stage 33.0 (TID 291)
2026-08-09 23:12:13,046 INFO scheduler.TaskSetManager: Finished task 17.0 in stage 33.0 (TID 290) in 17 ms on 10.0.0.215 (executor driver) (18/40)
2026-08-09 23:12:13,047 INFO storage.ShuffleBlockFetcherIterator: Getting 2 (38.6 KiB) non-empty blocks including 2 (38.6 KiB) local and 0 (0.0 B) host-local and 0 (0.0 B) push-merged-local and 0 (0.0 B) remote blocks
2026-08-09 23:12:13,047 INFO storage.ShuffleBlockFetcherIterator: Started 0 remote fetches in 0 ms
2026-08-09 23:12:13,056 INFO executor.Executor: Finished task 18.0 in stage 33.0 (TID 291). 6589 bytes result sent to driver
2026-08-09 23:12:13,057 INFO scheduler.TaskSetManager: Starting task 19.0 in stage 33.0 (TID 292) (10.0.0.215, executor driver, partition 19, NODE_LOCAL, 4271 bytes) taskResourceAssignments Map()
2026-08-09 23:12:13,057 INFO executor.Executor: Running task 19.0 in stage 33.0 (TID 292)
2026-08-09 23:12:13,058 INFO scheduler.TaskSetManager: Finished task 18.0 in stage 33.0 (TID 291) in 13 ms on 10.0.0.215 (executor driver) (19/40)
2026-08-09 23:12:13,059 INFO storage.ShuffleBlockFetcherIterator: Getting 2 (38.6 KiB) non-empty blocks including 2 (38.6 KiB) local and 0 (0.0 B) host-local and 0 (0.0 B) push-merged-local and 0 (0.0 B) remote blocks
2026-08-09 23:12:13,059 INFO storage.ShuffleBlockFetcherIterator: Started 0 remote fetches in 0 ms
2026-08-09 23:12:13,065 INFO executor.Executor: Finished task 19.0 in stage 33.0 (TID 292). 6799 bytes result sent to driver
2026-08-09 23:12:13,066 INFO scheduler.TaskSetManager: Starting task 20.0 in stage 33.0 (TID 293) (10.0.0.215, executor driver, partition 20, NODE_LOCAL, 4271 bytes) taskResourceAssignments Map()
2026-08-09 23:12:13,066 INFO executor.Executor: Running task 20.0 in stage 33.0 (TID 293)
2026-08-09 23:12:13,066 INFO scheduler.TaskSetManager: Finished task 19.0 in stage 33.0 (TID 292) in 9 ms on 10.0.0.215 (executor driver) (20/40)
2026-08-09 23:12:13,068 INFO storage.ShuffleBlockFetcherIterator: Getting 2 (38.6 KiB) non-empty blocks including 2 (38.6 KiB) local and 0 (0.0 B) host-local and 0 (0.0 B) push-merged-local and 0 (0.0 B) remote blocks
2026-08-09 23:12:13,068 INFO storage.ShuffleBlockFetcherIterator: Started 0 remote fetches in 0 ms
2026-08-09 23:12:13,074 INFO executor.Executor: Finished task 20.0 in stage 33.0 (TID 293). 6519 bytes result sent to driver
2026-08-09 23:12:13,075 INFO scheduler.TaskSetManager: Starting task 21.0 in stage 33.0 (TID 294) (10.0.0.215, executor driver, partition 21, NODE_LOCAL, 4271 bytes) taskResourceAssignments Map()
2026-08-09 23:12:13,075 INFO executor.Executor: Running task 21.0 in stage 33.0 (TID 294)
2026-08-09 23:12:13,075 INFO scheduler.TaskSetManager: Finished task 20.0 in stage 33.0 (TID 293) in 9 ms on 10.0.0.215 (executor driver) (21/40)
2026-08-09 23:12:13,077 INFO storage.ShuffleBlockFetcherIterator: Getting 2 (38.6 KiB) non-empty blocks including 2 (38.6 KiB) local and 0 (0.0 B) host-local and 0 (0.0 B) push-merged-local and 0 (0.0 B) remote blocks
2026-08-09 23:12:13,077 INFO memory.MemoryStore: Block rdd_63_0 stored as values in memory (estimated size 35.2 KiB, free 2.2 GiB)
2026-08-09 23:12:13,077 INFO storage.ShuffleBlockFetcherIterator: Started 0 remote fetches in 0 ms
2026-08-09 23:12:13,077 INFO storage.BlockManagerInfo: Added rdd_63_0 in memory on 10.0.0.215:64239 (size: 35.2 KiB, free: 2.2 GiB)
2026-08-09 23:12:13,079 INFO executor.Executor: Finished task 0.0 in stage 37.0 (TID 281). 1791 bytes result sent to driver
2026-08-09 23:12:13,079 INFO scheduler.TaskSetManager: Starting task 0.0 in stage 35.0 (TID 295) (10.0.0.215, executor driver, partition 0, NODE_LOCAL, 4271 bytes) taskResourceAssignments Map()
2026-08-09 23:12:13,079 INFO scheduler.TaskSetManager: Finished task 0.0 in stage 37.0 (TID 281) in 126 ms on 10.0.0.215 (executor driver) (1/2)
2026-08-09 23:12:13,079 INFO executor.Executor: Running task 0.0 in stage 35.0 (TID 295)
2026-08-09 23:12:13,081 INFO storage.ShuffleBlockFetcherIterator: Getting 2 (155.8 KiB) non-empty blocks including 2 (155.8 KiB) local and 0 (0.0 B) host-local and 0 (0.0 B) push-merged-local and 0 (0.0 B) remote blocks
2026-08-09 23:12:13,081 INFO storage.ShuffleBlockFetcherIterator: Started 0 remote fetches in 0 ms
2026-08-09 23:12:13,082 INFO memory.MemoryStore: Block rdd_61_0 stored as values in memory (estimated size 35.2 KiB, free 2.2 GiB)
2026-08-09 23:12:13,082 INFO storage.BlockManagerInfo: Added rdd_61_0 in memory on 10.0.0.215:64239 (size: 35.2 KiB, free: 2.2 GiB)
2026-08-09 23:12:13,083 INFO executor.Executor: Finished task 21.0 in stage 33.0 (TID 294). 6659 bytes result sent to driver
2026-08-09 23:12:13,083 INFO scheduler.TaskSetManager: Starting task 22.0 in stage 33.0 (TID 296) (10.0.0.215, executor driver, partition 22, NODE_LOCAL, 4271 bytes) taskResourceAssignments Map()
2026-08-09 23:12:13,083 INFO executor.Executor: Finished task 0.0 in stage 36.0 (TID 279). 1791 bytes result sent to driver
2026-08-09 23:12:13,083 INFO executor.Executor: Running task 22.0 in stage 33.0 (TID 296)
2026-08-09 23:12:13,084 INFO scheduler.TaskSetManager: Starting task 1.0 in stage 36.0 (TID 297) (10.0.0.215, executor driver, partition 1, PROCESS_LOCAL, 5028 bytes) taskResourceAssignments Map()
2026-08-09 23:12:13,084 INFO executor.Executor: Running task 1.0 in stage 36.0 (TID 297)
2026-08-09 23:12:13,084 INFO scheduler.TaskSetManager: Finished task 0.0 in stage 36.0 (TID 279) in 138 ms on 10.0.0.215 (executor driver) (1/2)
2026-08-09 23:12:13,084 INFO scheduler.TaskSetManager: Finished task 21.0 in stage 33.0 (TID 294) in 9 ms on 10.0.0.215 (executor driver) (22/40)
2026-08-09 23:12:13,085 INFO storage.ShuffleBlockFetcherIterator: Getting 2 (38.6 KiB) non-empty blocks including 2 (38.6 KiB) local and 0 (0.0 B) host-local and 0 (0.0 B) push-merged-local and 0 (0.0 B) remote blocks
2026-08-09 23:12:13,085 INFO storage.ShuffleBlockFetcherIterator: Started 0 remote fetches in 0 ms
2026-08-09 23:12:13,086 INFO storage.BlockManager: Found block rdd_17_1 locally
2026-08-09 23:12:13,087 INFO memory.MemoryStore: Block rdd_61_1 stored as values in memory (estimated size 16.0 B, free 2.2 GiB)
2026-08-09 23:12:13,087 INFO storage.BlockManagerInfo: Added rdd_61_1 in memory on 10.0.0.215:64239 (size: 16.0 B, free: 2.2 GiB)
2026-08-09 23:12:13,088 INFO executor.Executor: Finished task 1.0 in stage 36.0 (TID 297). 1705 bytes result sent to driver
2026-08-09 23:12:13,088 INFO scheduler.TaskSetManager: Starting task 1.0 in stage 37.0 (TID 298) (10.0.0.215, executor driver, partition 1, PROCESS_LOCAL, 5028 bytes) taskResourceAssignments Map()
2026-08-09 23:12:13,089 INFO scheduler.TaskSetManager: Finished task 1.0 in stage 36.0 (TID 297) in 5 ms on 10.0.0.215 (executor driver) (2/2)
2026-08-09 23:12:13,089 INFO scheduler.TaskSchedulerImpl: Removed TaskSet 36.0, whose tasks have all completed, from pool default
2026-08-09 23:12:13,089 INFO executor.Executor: Running task 1.0 in stage 37.0 (TID 298)
2026-08-09 23:12:13,089 INFO scheduler.DAGScheduler: ResultStage 36 (count at Metrics.scala:12) finished in 0.674 s
2026-08-09 23:12:13,089 INFO scheduler.DAGScheduler: Job 24 is finished. Cancelling potential speculative or zombie tasks for this job
2026-08-09 23:12:13,089 INFO scheduler.TaskSchedulerImpl: Killing all running tasks in stage 36: Stage finished
2026-08-09 23:12:13,089 INFO scheduler.DAGScheduler: Job 24 finished: count at Metrics.scala:12, took 0.676303 s
2026-08-09 23:12:13,090 INFO storage.BlockManager: Found block rdd_17_1 locally
2026-08-09 23:12:13,091 INFO memory.MemoryStore: Block rdd_63_1 stored as values in memory (estimated size 16.0 B, free 2.2 GiB)
2026-08-09 23:12:13,091 INFO storage.BlockManagerInfo: Added rdd_63_1 in memory on 10.0.0.215:64239 (size: 16.0 B, free: 2.2 GiB)
2026-08-09 23:12:13,092 INFO executor.Executor: Finished task 22.0 in stage 33.0 (TID 296). 6729 bytes result sent to driver
2026-08-09 23:12:13,092 INFO executor.Executor: Finished task 1.0 in stage 37.0 (TID 298). 1705 bytes result sent to driver
2026-08-09 23:12:13,092 INFO executor.Executor: Finished task 0.0 in stage 35.0 (TID 295). 6024 bytes result sent to driver
2026-08-09 23:12:13,092 INFO scheduler.TaskSetManager: Starting task 23.0 in stage 33.0 (TID 299) (10.0.0.215, executor driver, partition 23, NODE_LOCAL, 4271 bytes) taskResourceAssignments Map()
2026-08-09 23:12:13,093 INFO executor.Executor: Running task 23.0 in stage 33.0 (TID 299)
2026-08-09 23:12:13,093 INFO scheduler.TaskSetManager: Starting task 0.0 in stage 39.0 (TID 300) (10.0.0.215, executor driver, partition 0, PROCESS_LOCAL, 5028 bytes) taskResourceAssignments Map()
2026-08-09 23:12:13,093 INFO scheduler.TaskSetManager: Starting task 1.0 in stage 35.0 (TID 301) (10.0.0.215, executor driver, partition 1, NODE_LOCAL, 4271 bytes) taskResourceAssignments Map()
2026-08-09 23:12:13,093 INFO scheduler.TaskSetManager: Finished task 1.0 in stage 37.0 (TID 298) in 5 ms on 10.0.0.215 (executor driver) (2/2)
2026-08-09 23:12:13,093 INFO executor.Executor: Running task 0.0 in stage 39.0 (TID 300)
2026-08-09 23:12:13,093 INFO scheduler.TaskSchedulerImpl: Removed TaskSet 37.0, whose tasks have all completed, from pool default
2026-08-09 23:12:13,093 INFO executor.Executor: Running task 1.0 in stage 35.0 (TID 301)
2026-08-09 23:12:13,093 INFO scheduler.TaskSetManager: Finished task 22.0 in stage 33.0 (TID 296) in 10 ms on 10.0.0.215 (executor driver) (23/40)
2026-08-09 23:12:13,093 INFO scheduler.DAGScheduler: ResultStage 37 (count at Metrics.scala:12) finished in 0.620 s
2026-08-09 23:12:13,093 INFO scheduler.DAGScheduler: Job 25 is finished. Cancelling potential speculative or zombie tasks for this job
2026-08-09 23:12:13,093 INFO scheduler.TaskSchedulerImpl: Killing all running tasks in stage 37: Stage finished
2026-08-09 23:12:13,094 INFO scheduler.TaskSetManager: Finished task 0.0 in stage 35.0 (TID 295) in 15 ms on 10.0.0.215 (executor driver) (1/10)
2026-08-09 23:12:13,095 INFO scheduler.DAGScheduler: Job 25 finished: count at Metrics.scala:12, took 0.622833 s
2026-08-09 23:12:13,095 INFO storage.ShuffleBlockFetcherIterator: Getting 2 (155.8 KiB) non-empty blocks including 2 (155.8 KiB) local and 0 (0.0 B) host-local and 0 (0.0 B) push-merged-local and 0 (0.0 B) remote blocks
2026-08-09 23:12:13,095 INFO storage.ShuffleBlockFetcherIterator: Getting 2 (38.6 KiB) non-empty blocks including 2 (38.6 KiB) local and 0 (0.0 B) host-local and 0 (0.0 B) push-merged-local and 0 (0.0 B) remote blocks
2026-08-09 23:12:13,095 INFO storage.ShuffleBlockFetcherIterator: Started 0 remote fetches in 0 ms
2026-08-09 23:12:13,095 INFO storage.ShuffleBlockFetcherIterator: Started 0 remote fetches in 0 ms
2026-08-09 23:12:13,096 INFO spark.SparkContext: Starting job: count at Metrics.scala:14
2026-08-09 23:12:13,096 INFO scheduler.DAGScheduler: Got job 34 (count at Metrics.scala:14) with 2 output partitions
2026-08-09 23:12:13,096 INFO scheduler.DAGScheduler: Final stage: ResultStage 46 (count at Metrics.scala:14)
2026-08-09 23:12:13,096 INFO scheduler.DAGScheduler: Parents of final stage: List()
2026-08-09 23:12:13,096 INFO scheduler.DAGScheduler: Missing parents: List()
2026-08-09 23:12:13,097 INFO storage.BlockManager: Found block rdd_17_0 locally
2026-08-09 23:12:13,097 INFO scheduler.DAGScheduler: Submitting ResultStage 46 (MapPartitionsRDD[80] at filter at Metrics.scala:14), which has no missing parents
2026-08-09 23:12:13,098 INFO memory.MemoryStore: Block broadcast_58 stored as values in memory (estimated size 38.5 KiB, free 2.2 GiB)
2026-08-09 23:12:13,099 INFO memory.MemoryStore: Block broadcast_58_piece0 stored as bytes in memory (estimated size 12.1 KiB, free 2.2 GiB)
2026-08-09 23:12:13,099 INFO storage.BlockManagerInfo: Added broadcast_58_piece0 in memory on 10.0.0.215:64239 (size: 12.1 KiB, free: 2.2 GiB)
2026-08-09 23:12:13,099 INFO spark.SparkContext: Starting job: count at Metrics.scala:14
2026-08-09 23:12:13,100 INFO spark.SparkContext: Created broadcast 58 from broadcast at DAGScheduler.scala:1513
2026-08-09 23:12:13,100 INFO scheduler.DAGScheduler: Submitting 2 missing tasks from ResultStage 46 (MapPartitionsRDD[80] at filter at Metrics.scala:14) (first 15 tasks are for partitions Vector(0, 1))
2026-08-09 23:12:13,100 INFO scheduler.TaskSchedulerImpl: Adding task set 46.0 with 2 tasks resource profile 0
2026-08-09 23:12:13,101 INFO scheduler.FairSchedulableBuilder: Added task set TaskSet_46.0 tasks to pool default
2026-08-09 23:12:13,101 INFO scheduler.DAGScheduler: Got job 35 (count at Metrics.scala:14) with 2 output partitions
2026-08-09 23:12:13,101 INFO scheduler.DAGScheduler: Final stage: ResultStage 47 (count at Metrics.scala:14)
2026-08-09 23:12:13,101 INFO scheduler.DAGScheduler: Parents of final stage: List()
2026-08-09 23:12:13,101 INFO scheduler.DAGScheduler: Missing parents: List()
2026-08-09 23:12:13,102 INFO scheduler.DAGScheduler: Submitting ResultStage 47 (MapPartitionsRDD[81] at filter at Metrics.scala:14), which has no missing parents
2026-08-09 23:12:13,103 INFO executor.Executor: Finished task 23.0 in stage 33.0 (TID 299). 6799 bytes result sent to driver
2026-08-09 23:12:13,103 INFO scheduler.TaskSetManager: Starting task 24.0 in stage 33.0 (TID 302) (10.0.0.215, executor driver, partition 24, NODE_LOCAL, 4271 bytes) taskResourceAssignments Map()
2026-08-09 23:12:13,103 INFO executor.Executor: Running task 24.0 in stage 33.0 (TID 302)
2026-08-09 23:12:13,104 INFO memory.MemoryStore: Block broadcast_59 stored as values in memory (estimated size 38.5 KiB, free 2.2 GiB)
2026-08-09 23:12:13,104 INFO scheduler.TaskSetManager: Finished task 23.0 in stage 33.0 (TID 299) in 12 ms on 10.0.0.215 (executor driver) (24/40)
2026-08-09 23:12:13,104 INFO memory.MemoryStore: Block broadcast_59_piece0 stored as bytes in memory (estimated size 12.1 KiB, free 2.2 GiB)
2026-08-09 23:12:13,104 INFO storage.BlockManagerInfo: Added broadcast_59_piece0 in memory on 10.0.0.215:64239 (size: 12.1 KiB, free: 2.2 GiB)
2026-08-09 23:12:13,105 INFO spark.SparkContext: Created broadcast 59 from broadcast at DAGScheduler.scala:1513
2026-08-09 23:12:13,105 INFO scheduler.DAGScheduler: Submitting 2 missing tasks from ResultStage 47 (MapPartitionsRDD[81] at filter at Metrics.scala:14) (first 15 tasks are for partitions Vector(0, 1))
2026-08-09 23:12:13,105 INFO scheduler.TaskSchedulerImpl: Adding task set 47.0 with 2 tasks resource profile 0
2026-08-09 23:12:13,105 INFO scheduler.FairSchedulableBuilder: Added task set TaskSet_47.0 tasks to pool default
2026-08-09 23:12:13,106 INFO storage.ShuffleBlockFetcherIterator: Getting 2 (38.6 KiB) non-empty blocks including 2 (38.6 KiB) local and 0 (0.0 B) host-local and 0 (0.0 B) push-merged-local and 0 (0.0 B) remote blocks
2026-08-09 23:12:13,106 INFO storage.ShuffleBlockFetcherIterator: Started 0 remote fetches in 0 ms
2026-08-09 23:12:13,112 INFO executor.Executor: Finished task 1.0 in stage 35.0 (TID 301). 6094 bytes result sent to driver
2026-08-09 23:12:13,112 INFO scheduler.TaskSetManager: Starting task 2.0 in stage 35.0 (TID 303) (10.0.0.215, executor driver, partition 2, NODE_LOCAL, 4271 bytes) taskResourceAssignments Map()
2026-08-09 23:12:13,112 INFO executor.Executor: Running task 2.0 in stage 35.0 (TID 303)
2026-08-09 23:12:13,113 INFO scheduler.TaskSetManager: Finished task 1.0 in stage 35.0 (TID 301) in 20 ms on 10.0.0.215 (executor driver) (2/10)
2026-08-09 23:12:13,113 INFO storage.ShuffleBlockFetcherIterator: Getting 2 (155.8 KiB) non-empty blocks including 2 (155.8 KiB) local and 0 (0.0 B) host-local and 0 (0.0 B) push-merged-local and 0 (0.0 B) remote blocks
2026-08-09 23:12:13,113 INFO storage.ShuffleBlockFetcherIterator: Started 0 remote fetches in 0 ms
2026-08-09 23:12:13,114 INFO executor.Executor: Finished task 24.0 in stage 33.0 (TID 302). 6799 bytes result sent to driver
2026-08-09 23:12:13,114 INFO scheduler.TaskSetManager: Starting task 25.0 in stage 33.0 (TID 304) (10.0.0.215, executor driver, partition 25, NODE_LOCAL, 4271 bytes) taskResourceAssignments Map()
2026-08-09 23:12:13,115 INFO executor.Executor: Running task 25.0 in stage 33.0 (TID 304)
2026-08-09 23:12:13,115 INFO scheduler.TaskSetManager: Finished task 24.0 in stage 33.0 (TID 302) in 12 ms on 10.0.0.215 (executor driver) (25/40)
2026-08-09 23:12:13,117 INFO storage.ShuffleBlockFetcherIterator: Getting 2 (38.6 KiB) non-empty blocks including 2 (38.6 KiB) local and 0 (0.0 B) host-local and 0 (0.0 B) push-merged-local and 0 (0.0 B) remote blocks
2026-08-09 23:12:13,117 INFO storage.ShuffleBlockFetcherIterator: Started 0 remote fetches in 0 ms
2026-08-09 23:12:13,127 INFO executor.Executor: Finished task 25.0 in stage 33.0 (TID 304). 6519 bytes result sent to driver
2026-08-09 23:12:13,127 INFO scheduler.TaskSetManager: Starting task 26.0 in stage 33.0 (TID 305) (10.0.0.215, executor driver, partition 26, NODE_LOCAL, 4271 bytes) taskResourceAssignments Map()
2026-08-09 23:12:13,127 INFO executor.Executor: Finished task 2.0 in stage 35.0 (TID 303). 6333 bytes result sent to driver
2026-08-09 23:12:13,127 INFO executor.Executor: Running task 26.0 in stage 33.0 (TID 305)
2026-08-09 23:12:13,128 INFO scheduler.TaskSetManager: Starting task 3.0 in stage 35.0 (TID 306) (10.0.0.215, executor driver, partition 3, NODE_LOCAL, 4271 bytes) taskResourceAssignments Map()
2026-08-09 23:12:13,128 INFO executor.Executor: Running task 3.0 in stage 35.0 (TID 306)
2026-08-09 23:12:13,128 INFO scheduler.TaskSetManager: Finished task 2.0 in stage 35.0 (TID 303) in 16 ms on 10.0.0.215 (executor driver) (3/10)
2026-08-09 23:12:13,128 INFO scheduler.TaskSetManager: Finished task 25.0 in stage 33.0 (TID 304) in 14 ms on 10.0.0.215 (executor driver) (26/40)
2026-08-09 23:12:13,129 INFO storage.ShuffleBlockFetcherIterator: Getting 2 (155.8 KiB) non-empty blocks including 2 (155.8 KiB) local and 0 (0.0 B) host-local and 0 (0.0 B) push-merged-local and 0 (0.0 B) remote blocks
2026-08-09 23:12:13,129 INFO storage.ShuffleBlockFetcherIterator: Started 0 remote fetches in 0 ms
2026-08-09 23:12:13,130 INFO storage.ShuffleBlockFetcherIterator: Getting 2 (38.6 KiB) non-empty blocks including 2 (38.6 KiB) local and 0 (0.0 B) host-local and 0 (0.0 B) push-merged-local and 0 (0.0 B) remote blocks
2026-08-09 23:12:13,130 INFO storage.ShuffleBlockFetcherIterator: Started 0 remote fetches in 0 ms
2026-08-09 23:12:13,133 INFO memory.MemoryStore: Block rdd_65_0 stored as values in memory (estimated size 35.2 KiB, free 2.2 GiB)
2026-08-09 23:12:13,134 INFO storage.BlockManagerInfo: Added rdd_65_0 in memory on 10.0.0.215:64239 (size: 35.2 KiB, free: 2.2 GiB)
2026-08-09 23:12:13,134 INFO executor.Executor: Finished task 0.0 in stage 38.0 (TID 286). 1791 bytes result sent to driver
2026-08-09 23:12:13,134 INFO scheduler.TaskSetManager: Starting task 1.0 in stage 38.0 (TID 307) (10.0.0.215, executor driver, partition 1, PROCESS_LOCAL, 5028 bytes) taskResourceAssignments Map()
2026-08-09 23:12:13,134 INFO scheduler.TaskSetManager: Finished task 0.0 in stage 38.0 (TID 286) in 147 ms on 10.0.0.215 (executor driver) (1/2)
2026-08-09 23:12:13,135 INFO executor.Executor: Running task 1.0 in stage 38.0 (TID 307)
2026-08-09 23:12:13,137 INFO storage.BlockManager: Found block rdd_17_1 locally
2026-08-09 23:12:13,138 INFO memory.MemoryStore: Block rdd_65_1 stored as values in memory (estimated size 16.0 B, free 2.2 GiB)
2026-08-09 23:12:13,138 INFO storage.BlockManagerInfo: Added rdd_65_1 in memory on 10.0.0.215:64239 (size: 16.0 B, free: 2.2 GiB)
2026-08-09 23:12:13,138 INFO executor.Executor: Finished task 1.0 in stage 38.0 (TID 307). 1705 bytes result sent to driver
2026-08-09 23:12:13,139 INFO scheduler.TaskSetManager: Starting task 0.0 in stage 40.0 (TID 308) (10.0.0.215, executor driver, partition 0, PROCESS_LOCAL, 5028 bytes) taskResourceAssignments Map()
2026-08-09 23:12:13,139 INFO executor.Executor: Running task 0.0 in stage 40.0 (TID 308)
2026-08-09 23:12:13,139 INFO scheduler.TaskSetManager: Finished task 1.0 in stage 38.0 (TID 307) in 5 ms on 10.0.0.215 (executor driver) (2/2)
2026-08-09 23:12:13,139 INFO scheduler.TaskSchedulerImpl: Removed TaskSet 38.0, whose tasks have all completed, from pool default
2026-08-09 23:12:13,139 INFO scheduler.DAGScheduler: ResultStage 38 (count at Metrics.scala:12) finished in 0.590 s
2026-08-09 23:12:13,139 INFO scheduler.DAGScheduler: Job 26 is finished. Cancelling potential speculative or zombie tasks for this job
2026-08-09 23:12:13,139 INFO scheduler.TaskSchedulerImpl: Killing all running tasks in stage 38: Stage finished
2026-08-09 23:12:13,140 INFO scheduler.DAGScheduler: Job 26 finished: count at Metrics.scala:12, took 0.596480 s
2026-08-09 23:12:13,140 INFO executor.Executor: Finished task 26.0 in stage 33.0 (TID 305). 6729 bytes result sent to driver
2026-08-09 23:12:13,140 INFO storage.BlockManager: Found block rdd_17_0 locally
2026-08-09 23:12:13,140 INFO scheduler.TaskSetManager: Starting task 27.0 in stage 33.0 (TID 309) (10.0.0.215, executor driver, partition 27, NODE_LOCAL, 4271 bytes) taskResourceAssignments Map()
2026-08-09 23:12:13,140 INFO executor.Executor: Running task 27.0 in stage 33.0 (TID 309)
2026-08-09 23:12:13,141 INFO scheduler.TaskSetManager: Finished task 26.0 in stage 33.0 (TID 305) in 14 ms on 10.0.0.215 (executor driver) (27/40)
2026-08-09 23:12:13,141 INFO storage.ShuffleBlockFetcherIterator: Getting 2 (38.6 KiB) non-empty blocks including 2 (38.6 KiB) local and 0 (0.0 B) host-local and 0 (0.0 B) push-merged-local and 0 (0.0 B) remote blocks
2026-08-09 23:12:13,141 INFO storage.ShuffleBlockFetcherIterator: Started 0 remote fetches in 0 ms
2026-08-09 23:12:13,144 INFO executor.Executor: Finished task 3.0 in stage 35.0 (TID 306). 6121 bytes result sent to driver
2026-08-09 23:12:13,145 INFO spark.SparkContext: Starting job: count at Metrics.scala:14
2026-08-09 23:12:13,145 INFO scheduler.TaskSetManager: Starting task 4.0 in stage 35.0 (TID 310) (10.0.0.215, executor driver, partition 4, NODE_LOCAL, 4271 bytes) taskResourceAssignments Map()
2026-08-09 23:12:13,145 INFO scheduler.DAGScheduler: Got job 36 (count at Metrics.scala:14) with 2 output partitions
2026-08-09 23:12:13,145 INFO scheduler.DAGScheduler: Final stage: ResultStage 48 (count at Metrics.scala:14)
2026-08-09 23:12:13,145 INFO scheduler.DAGScheduler: Parents of final stage: List()
2026-08-09 23:12:13,146 INFO executor.Executor: Running task 4.0 in stage 35.0 (TID 310)
2026-08-09 23:12:13,146 INFO scheduler.TaskSetManager: Finished task 3.0 in stage 35.0 (TID 306) in 19 ms on 10.0.0.215 (executor driver) (4/10)
2026-08-09 23:12:13,146 INFO scheduler.DAGScheduler: Missing parents: List()
2026-08-09 23:12:13,146 INFO scheduler.DAGScheduler: Submitting ResultStage 48 (MapPartitionsRDD[82] at filter at Metrics.scala:14), which has no missing parents
2026-08-09 23:12:13,147 INFO storage.ShuffleBlockFetcherIterator: Getting 2 (155.8 KiB) non-empty blocks including 2 (155.8 KiB) local and 0 (0.0 B) host-local and 0 (0.0 B) push-merged-local and 0 (0.0 B) remote blocks
2026-08-09 23:12:13,147 INFO storage.ShuffleBlockFetcherIterator: Started 0 remote fetches in 0 ms
2026-08-09 23:12:13,148 INFO executor.Executor: Finished task 27.0 in stage 33.0 (TID 309). 6333 bytes result sent to driver
2026-08-09 23:12:13,148 INFO scheduler.TaskSetManager: Starting task 28.0 in stage 33.0 (TID 311) (10.0.0.215, executor driver, partition 28, NODE_LOCAL, 4271 bytes) taskResourceAssignments Map()
2026-08-09 23:12:13,148 INFO memory.MemoryStore: Block broadcast_60 stored as values in memory (estimated size 38.5 KiB, free 2.2 GiB)
2026-08-09 23:12:13,148 INFO executor.Executor: Running task 28.0 in stage 33.0 (TID 311)
2026-08-09 23:12:13,149 INFO memory.MemoryStore: Block broadcast_60_piece0 stored as bytes in memory (estimated size 12.1 KiB, free 2.2 GiB)
2026-08-09 23:12:13,149 INFO scheduler.TaskSetManager: Finished task 27.0 in stage 33.0 (TID 309) in 9 ms on 10.0.0.215 (executor driver) (28/40)
2026-08-09 23:12:13,150 INFO storage.BlockManagerInfo: Added broadcast_60_piece0 in memory on 10.0.0.215:64239 (size: 12.1 KiB, free: 2.2 GiB)
2026-08-09 23:12:13,150 INFO spark.SparkContext: Created broadcast 60 from broadcast at DAGScheduler.scala:1513
2026-08-09 23:12:13,151 INFO storage.ShuffleBlockFetcherIterator: Getting 2 (38.6 KiB) non-empty blocks including 2 (38.6 KiB) local and 0 (0.0 B) host-local and 0 (0.0 B) push-merged-local and 0 (0.0 B) remote blocks
2026-08-09 23:12:13,151 INFO storage.ShuffleBlockFetcherIterator: Started 0 remote fetches in 0 ms
2026-08-09 23:12:13,151 INFO scheduler.DAGScheduler: Submitting 2 missing tasks from ResultStage 48 (MapPartitionsRDD[82] at filter at Metrics.scala:14) (first 15 tasks are for partitions Vector(0, 1))
2026-08-09 23:12:13,151 INFO scheduler.TaskSchedulerImpl: Adding task set 48.0 with 2 tasks resource profile 0
2026-08-09 23:12:13,151 INFO scheduler.FairSchedulableBuilder: Added task set TaskSet_48.0 tasks to pool default
2026-08-09 23:12:13,159 INFO executor.Executor: Finished task 28.0 in stage 33.0 (TID 311). 6729 bytes result sent to driver
2026-08-09 23:12:13,159 INFO executor.Executor: Finished task 4.0 in stage 35.0 (TID 310). 5981 bytes result sent to driver
2026-08-09 23:12:13,159 INFO scheduler.TaskSetManager: Starting task 29.0 in stage 33.0 (TID 312) (10.0.0.215, executor driver, partition 29, NODE_LOCAL, 4271 bytes) taskResourceAssignments Map()
2026-08-09 23:12:13,160 INFO executor.Executor: Running task 29.0 in stage 33.0 (TID 312)
2026-08-09 23:12:13,160 INFO scheduler.TaskSetManager: Starting task 5.0 in stage 35.0 (TID 313) (10.0.0.215, executor driver, partition 5, NODE_LOCAL, 4271 bytes) taskResourceAssignments Map()
2026-08-09 23:12:13,160 INFO scheduler.TaskSetManager: Finished task 28.0 in stage 33.0 (TID 311) in 12 ms on 10.0.0.215 (executor driver) (29/40)
2026-08-09 23:12:13,160 INFO executor.Executor: Running task 5.0 in stage 35.0 (TID 313)
2026-08-09 23:12:13,160 INFO scheduler.TaskSetManager: Finished task 4.0 in stage 35.0 (TID 310) in 15 ms on 10.0.0.215 (executor driver) (5/10)
2026-08-09 23:12:13,161 INFO storage.ShuffleBlockFetcherIterator: Getting 2 (38.6 KiB) non-empty blocks including 2 (38.6 KiB) local and 0 (0.0 B) host-local and 0 (0.0 B) push-merged-local and 0 (0.0 B) remote blocks
2026-08-09 23:12:13,161 INFO storage.ShuffleBlockFetcherIterator: Started 0 remote fetches in 0 ms
2026-08-09 23:12:13,162 INFO storage.ShuffleBlockFetcherIterator: Getting 2 (155.8 KiB) non-empty blocks including 2 (155.8 KiB) local and 0 (0.0 B) host-local and 0 (0.0 B) push-merged-local and 0 (0.0 B) remote blocks
2026-08-09 23:12:13,162 INFO storage.ShuffleBlockFetcherIterator: Started 0 remote fetches in 0 ms
2026-08-09 23:12:13,168 INFO executor.Executor: Finished task 29.0 in stage 33.0 (TID 312). 6939 bytes result sent to driver
2026-08-09 23:12:13,168 INFO scheduler.TaskSetManager: Starting task 30.0 in stage 33.0 (TID 314) (10.0.0.215, executor driver, partition 30, NODE_LOCAL, 4271 bytes) taskResourceAssignments Map()
2026-08-09 23:12:13,168 INFO executor.Executor: Running task 30.0 in stage 33.0 (TID 314)
2026-08-09 23:12:13,169 INFO scheduler.TaskSetManager: Finished task 29.0 in stage 33.0 (TID 312) in 10 ms on 10.0.0.215 (executor driver) (30/40)
2026-08-09 23:12:13,174 INFO storage.ShuffleBlockFetcherIterator: Getting 2 (38.6 KiB) non-empty blocks including 2 (38.6 KiB) local and 0 (0.0 B) host-local and 0 (0.0 B) push-merged-local and 0 (0.0 B) remote blocks
2026-08-09 23:12:13,174 INFO storage.ShuffleBlockFetcherIterator: Started 0 remote fetches in 3 ms
2026-08-09 23:12:13,174 INFO storage.BlockManagerInfo: Removed broadcast_38_piece0 on 10.0.0.215:64239 in memory (size: 12.0 KiB, free: 2.2 GiB)
2026-08-09 23:12:13,176 INFO storage.BlockManagerInfo: Removed broadcast_32_piece0 on 10.0.0.215:64239 in memory (size: 12.0 KiB, free: 2.2 GiB)
2026-08-09 23:12:13,178 INFO executor.Executor: Finished task 5.0 in stage 35.0 (TID 313). 6207 bytes result sent to driver
2026-08-09 23:12:13,178 INFO storage.BlockManagerInfo: Removed broadcast_34_piece0 on 10.0.0.215:64239 in memory (size: 12.0 KiB, free: 2.2 GiB)
2026-08-09 23:12:13,178 INFO scheduler.TaskSetManager: Starting task 6.0 in stage 35.0 (TID 315) (10.0.0.215, executor driver, partition 6, NODE_LOCAL, 4271 bytes) taskResourceAssignments Map()
2026-08-09 23:12:13,178 INFO executor.Executor: Running task 6.0 in stage 35.0 (TID 315)
2026-08-09 23:12:13,178 INFO scheduler.TaskSetManager: Finished task 5.0 in stage 35.0 (TID 313) in 18 ms on 10.0.0.215 (executor driver) (6/10)
2026-08-09 23:12:13,179 INFO storage.ShuffleBlockFetcherIterator: Getting 2 (155.8 KiB) non-empty blocks including 2 (155.8 KiB) local and 0 (0.0 B) host-local and 0 (0.0 B) push-merged-local and 0 (0.0 B) remote blocks
2026-08-09 23:12:13,179 INFO executor.Executor: Finished task 30.0 in stage 33.0 (TID 314). 6842 bytes result sent to driver
2026-08-09 23:12:13,179 INFO storage.ShuffleBlockFetcherIterator: Started 0 remote fetches in 0 ms
2026-08-09 23:12:13,180 INFO scheduler.TaskSetManager: Starting task 31.0 in stage 33.0 (TID 316) (10.0.0.215, executor driver, partition 31, NODE_LOCAL, 4271 bytes) taskResourceAssignments Map()
2026-08-09 23:12:13,180 INFO executor.Executor: Running task 31.0 in stage 33.0 (TID 316)
2026-08-09 23:12:13,180 INFO scheduler.TaskSetManager: Finished task 30.0 in stage 33.0 (TID 314) in 12 ms on 10.0.0.215 (executor driver) (31/40)
2026-08-09 23:12:13,183 INFO storage.ShuffleBlockFetcherIterator: Getting 2 (38.6 KiB) non-empty blocks including 2 (38.6 KiB) local and 0 (0.0 B) host-local and 0 (0.0 B) push-merged-local and 0 (0.0 B) remote blocks
2026-08-09 23:12:13,183 INFO storage.ShuffleBlockFetcherIterator: Started 0 remote fetches in 0 ms
2026-08-09 23:12:13,189 INFO memory.MemoryStore: Block rdd_69_0 stored as values in memory (estimated size 35.2 KiB, free 2.2 GiB)
2026-08-09 23:12:13,189 INFO storage.BlockManagerInfo: Added rdd_69_0 in memory on 10.0.0.215:64239 (size: 35.2 KiB, free: 2.2 GiB)
2026-08-09 23:12:13,189 INFO executor.Executor: Finished task 31.0 in stage 33.0 (TID 316). 6589 bytes result sent to driver
2026-08-09 23:12:13,189 INFO executor.Executor: Finished task 0.0 in stage 40.0 (TID 308). 1791 bytes result sent to driver
2026-08-09 23:12:13,190 INFO scheduler.TaskSetManager: Starting task 32.0 in stage 33.0 (TID 317) (10.0.0.215, executor driver, partition 32, NODE_LOCAL, 4271 bytes) taskResourceAssignments Map()
2026-08-09 23:12:13,190 INFO executor.Executor: Running task 32.0 in stage 33.0 (TID 317)
2026-08-09 23:12:13,190 INFO scheduler.TaskSetManager: Starting task 1.0 in stage 40.0 (TID 318) (10.0.0.215, executor driver, partition 1, PROCESS_LOCAL, 5028 bytes) taskResourceAssignments Map()
2026-08-09 23:12:13,190 INFO scheduler.TaskSetManager: Finished task 0.0 in stage 40.0 (TID 308) in 51 ms on 10.0.0.215 (executor driver) (1/2)
2026-08-09 23:12:13,190 INFO executor.Executor: Running task 1.0 in stage 40.0 (TID 318)
2026-08-09 23:12:13,190 INFO scheduler.TaskSetManager: Finished task 31.0 in stage 33.0 (TID 316) in 10 ms on 10.0.0.215 (executor driver) (32/40)
2026-08-09 23:12:13,191 INFO storage.ShuffleBlockFetcherIterator: Getting 2 (38.6 KiB) non-empty blocks including 2 (38.6 KiB) local and 0 (0.0 B) host-local and 0 (0.0 B) push-merged-local and 0 (0.0 B) remote blocks
2026-08-09 23:12:13,191 INFO storage.ShuffleBlockFetcherIterator: Started 0 remote fetches in 0 ms
2026-08-09 23:12:13,192 INFO storage.BlockManager: Found block rdd_17_1 locally
2026-08-09 23:12:13,192 INFO memory.MemoryStore: Block rdd_69_1 stored as values in memory (estimated size 16.0 B, free 2.2 GiB)
2026-08-09 23:12:13,192 INFO storage.BlockManagerInfo: Added rdd_69_1 in memory on 10.0.0.215:64239 (size: 16.0 B, free: 2.2 GiB)
2026-08-09 23:12:13,193 INFO executor.Executor: Finished task 1.0 in stage 40.0 (TID 318). 1662 bytes result sent to driver
2026-08-09 23:12:13,193 INFO scheduler.TaskSetManager: Starting task 0.0 in stage 41.0 (TID 319) (10.0.0.215, executor driver, partition 0, PROCESS_LOCAL, 5028 bytes) taskResourceAssignments Map()
2026-08-09 23:12:13,193 INFO scheduler.TaskSetManager: Finished task 1.0 in stage 40.0 (TID 318) in 3 ms on 10.0.0.215 (executor driver) (2/2)
2026-08-09 23:12:13,193 INFO scheduler.TaskSchedulerImpl: Removed TaskSet 40.0, whose tasks have all completed, from pool default
2026-08-09 23:12:13,193 INFO executor.Executor: Running task 0.0 in stage 41.0 (TID 319)
2026-08-09 23:12:13,194 INFO scheduler.DAGScheduler: ResultStage 40 (count at Metrics.scala:12) finished in 0.574 s
2026-08-09 23:12:13,194 INFO executor.Executor: Finished task 6.0 in stage 35.0 (TID 315). 6051 bytes result sent to driver
2026-08-09 23:12:13,194 INFO scheduler.DAGScheduler: Job 28 is finished. Cancelling potential speculative or zombie tasks for this job
2026-08-09 23:12:13,194 INFO scheduler.TaskSetManager: Starting task 7.0 in stage 35.0 (TID 320) (10.0.0.215, executor driver, partition 7, NODE_LOCAL, 4271 bytes) taskResourceAssignments Map()
2026-08-09 23:12:13,195 INFO scheduler.TaskSchedulerImpl: Killing all running tasks in stage 40: Stage finished
2026-08-09 23:12:13,195 INFO executor.Executor: Running task 7.0 in stage 35.0 (TID 320)
2026-08-09 23:12:13,195 INFO scheduler.DAGScheduler: Job 28 finished: count at Metrics.scala:12, took 0.583422 s
2026-08-09 23:12:13,195 INFO storage.BlockManager: Found block rdd_17_0 locally
2026-08-09 23:12:13,196 INFO scheduler.TaskSetManager: Finished task 6.0 in stage 35.0 (TID 315) in 17 ms on 10.0.0.215 (executor driver) (7/10)
2026-08-09 23:12:13,196 INFO storage.ShuffleBlockFetcherIterator: Getting 2 (155.8 KiB) non-empty blocks including 2 (155.8 KiB) local and 0 (0.0 B) host-local and 0 (0.0 B) push-merged-local and 0 (0.0 B) remote blocks
2026-08-09 23:12:13,196 INFO storage.ShuffleBlockFetcherIterator: Started 0 remote fetches in 0 ms
2026-08-09 23:12:13,197 INFO executor.Executor: Finished task 32.0 in stage 33.0 (TID 317). 6686 bytes result sent to driver
2026-08-09 23:12:13,198 INFO scheduler.TaskSetManager: Starting task 33.0 in stage 33.0 (TID 321) (10.0.0.215, executor driver, partition 33, NODE_LOCAL, 4271 bytes) taskResourceAssignments Map()
2026-08-09 23:12:13,198 INFO executor.Executor: Running task 33.0 in stage 33.0 (TID 321)
2026-08-09 23:12:13,199 INFO scheduler.TaskSetManager: Finished task 32.0 in stage 33.0 (TID 317) in 9 ms on 10.0.0.215 (executor driver) (33/40)
2026-08-09 23:12:13,201 INFO storage.ShuffleBlockFetcherIterator: Getting 2 (38.6 KiB) non-empty blocks including 2 (38.6 KiB) local and 0 (0.0 B) host-local and 0 (0.0 B) push-merged-local and 0 (0.0 B) remote blocks
2026-08-09 23:12:13,201 INFO storage.ShuffleBlockFetcherIterator: Started 0 remote fetches in 0 ms
2026-08-09 23:12:13,202 INFO spark.SparkContext: Starting job: count at Metrics.scala:14
2026-08-09 23:12:13,202 INFO scheduler.DAGScheduler: Got job 37 (count at Metrics.scala:14) with 2 output partitions
2026-08-09 23:12:13,202 INFO scheduler.DAGScheduler: Final stage: ResultStage 49 (count at Metrics.scala:14)
2026-08-09 23:12:13,202 INFO scheduler.DAGScheduler: Parents of final stage: List()
2026-08-09 23:12:13,203 INFO scheduler.DAGScheduler: Missing parents: List()
2026-08-09 23:12:13,203 INFO scheduler.DAGScheduler: Submitting ResultStage 49 (MapPartitionsRDD[83] at filter at Metrics.scala:14), which has no missing parents
2026-08-09 23:12:13,205 INFO memory.MemoryStore: Block broadcast_61 stored as values in memory (estimated size 38.5 KiB, free 2.2 GiB)
2026-08-09 23:12:13,206 INFO memory.MemoryStore: Block broadcast_61_piece0 stored as bytes in memory (estimated size 12.1 KiB, free 2.2 GiB)
2026-08-09 23:12:13,207 INFO storage.BlockManagerInfo: Added broadcast_61_piece0 in memory on 10.0.0.215:64239 (size: 12.1 KiB, free: 2.2 GiB)
2026-08-09 23:12:13,207 INFO spark.SparkContext: Created broadcast 61 from broadcast at DAGScheduler.scala:1513
2026-08-09 23:12:13,208 INFO scheduler.DAGScheduler: Submitting 2 missing tasks from ResultStage 49 (MapPartitionsRDD[83] at filter at Metrics.scala:14) (first 15 tasks are for partitions Vector(0, 1))
2026-08-09 23:12:13,208 INFO scheduler.TaskSchedulerImpl: Adding task set 49.0 with 2 tasks resource profile 0
2026-08-09 23:12:13,208 INFO scheduler.FairSchedulableBuilder: Added task set TaskSet_49.0 tasks to pool default
2026-08-09 23:12:13,208 INFO memory.MemoryStore: Block rdd_67_0 stored as values in memory (estimated size 35.2 KiB, free 2.2 GiB)
2026-08-09 23:12:13,208 INFO storage.BlockManagerInfo: Added rdd_67_0 in memory on 10.0.0.215:64239 (size: 35.2 KiB, free: 2.2 GiB)
2026-08-09 23:12:13,209 INFO executor.Executor: Finished task 0.0 in stage 39.0 (TID 300). 1791 bytes result sent to driver
2026-08-09 23:12:13,209 INFO scheduler.TaskSetManager: Starting task 1.0 in stage 39.0 (TID 322) (10.0.0.215, executor driver, partition 1, PROCESS_LOCAL, 5028 bytes) taskResourceAssignments Map()
2026-08-09 23:12:13,209 INFO scheduler.TaskSetManager: Finished task 0.0 in stage 39.0 (TID 300) in 116 ms on 10.0.0.215 (executor driver) (1/2)
2026-08-09 23:12:13,210 INFO executor.Executor: Running task 1.0 in stage 39.0 (TID 322)
2026-08-09 23:12:13,211 INFO executor.Executor: Finished task 33.0 in stage 33.0 (TID 321). 6729 bytes result sent to driver
2026-08-09 23:12:13,211 INFO storage.BlockManager: Found block rdd_17_1 locally
2026-08-09 23:12:13,211 INFO memory.MemoryStore: Block rdd_67_1 stored as values in memory (estimated size 16.0 B, free 2.2 GiB)
2026-08-09 23:12:13,211 INFO storage.BlockManagerInfo: Added rdd_67_1 in memory on 10.0.0.215:64239 (size: 16.0 B, free: 2.2 GiB)
2026-08-09 23:12:13,212 INFO scheduler.TaskSetManager: Starting task 34.0 in stage 33.0 (TID 323) (10.0.0.215, executor driver, partition 34, NODE_LOCAL, 4271 bytes) taskResourceAssignments Map()
2026-08-09 23:12:13,212 INFO scheduler.TaskSetManager: Finished task 33.0 in stage 33.0 (TID 321) in 14 ms on 10.0.0.215 (executor driver) (34/40)
2026-08-09 23:12:13,212 INFO executor.Executor: Finished task 1.0 in stage 39.0 (TID 322). 1705 bytes result sent to driver
2026-08-09 23:12:13,212 INFO scheduler.TaskSetManager: Starting task 0.0 in stage 42.0 (TID 324) (10.0.0.215, executor driver, partition 0, PROCESS_LOCAL, 5028 bytes) taskResourceAssignments Map()
2026-08-09 23:12:13,212 INFO scheduler.TaskSetManager: Finished task 1.0 in stage 39.0 (TID 322) in 3 ms on 10.0.0.215 (executor driver) (2/2)
2026-08-09 23:12:13,213 INFO scheduler.TaskSchedulerImpl: Removed TaskSet 39.0, whose tasks have all completed, from pool default
2026-08-09 23:12:13,213 INFO executor.Executor: Running task 34.0 in stage 33.0 (TID 323)
2026-08-09 23:12:13,213 INFO executor.Executor: Running task 0.0 in stage 42.0 (TID 324)
2026-08-09 23:12:13,214 INFO storage.ShuffleBlockFetcherIterator: Getting 2 (38.6 KiB) non-empty blocks including 2 (38.6 KiB) local and 0 (0.0 B) host-local and 0 (0.0 B) push-merged-local and 0 (0.0 B) remote blocks
2026-08-09 23:12:13,214 INFO storage.ShuffleBlockFetcherIterator: Started 0 remote fetches in 0 ms
2026-08-09 23:12:13,214 INFO scheduler.DAGScheduler: ResultStage 39 (count at Metrics.scala:12) finished in 0.642 s
2026-08-09 23:12:13,214 INFO scheduler.DAGScheduler: Job 27 is finished. Cancelling potential speculative or zombie tasks for this job
2026-08-09 23:12:13,214 INFO scheduler.TaskSchedulerImpl: Killing all running tasks in stage 39: Stage finished
2026-08-09 23:12:13,214 INFO executor.Executor: Finished task 7.0 in stage 35.0 (TID 320). 6164 bytes result sent to driver
2026-08-09 23:12:13,214 INFO scheduler.DAGScheduler: Job 27 finished: count at Metrics.scala:12, took 0.643941 s
2026-08-09 23:12:13,215 INFO scheduler.TaskSetManager: Starting task 8.0 in stage 35.0 (TID 325) (10.0.0.215, executor driver, partition 8, NODE_LOCAL, 4271 bytes) taskResourceAssignments Map()
2026-08-09 23:12:13,215 INFO executor.Executor: Running task 8.0 in stage 35.0 (TID 325)
2026-08-09 23:12:13,215 INFO scheduler.TaskSetManager: Finished task 7.0 in stage 35.0 (TID 320) in 21 ms on 10.0.0.215 (executor driver) (8/10)
2026-08-09 23:12:13,217 INFO storage.ShuffleBlockFetcherIterator: Getting 2 (155.8 KiB) non-empty blocks including 2 (155.8 KiB) local and 0 (0.0 B) host-local and 0 (0.0 B) push-merged-local and 0 (0.0 B) remote blocks
2026-08-09 23:12:13,217 INFO storage.ShuffleBlockFetcherIterator: Started 0 remote fetches in 0 ms
2026-08-09 23:12:13,219 INFO executor.Executor: Finished task 34.0 in stage 33.0 (TID 323). 6546 bytes result sent to driver
2026-08-09 23:12:13,220 INFO scheduler.TaskSetManager: Starting task 35.0 in stage 33.0 (TID 326) (10.0.0.215, executor driver, partition 35, NODE_LOCAL, 4271 bytes) taskResourceAssignments Map()
2026-08-09 23:12:13,220 INFO spark.SparkContext: Starting job: count at Metrics.scala:14
2026-08-09 23:12:13,220 INFO executor.Executor: Running task 35.0 in stage 33.0 (TID 326)
2026-08-09 23:12:13,221 INFO scheduler.TaskSetManager: Finished task 34.0 in stage 33.0 (TID 323) in 10 ms on 10.0.0.215 (executor driver) (35/40)
2026-08-09 23:12:13,221 INFO storage.ShuffleBlockFetcherIterator: Getting 2 (38.6 KiB) non-empty blocks including 2 (38.6 KiB) local and 0 (0.0 B) host-local and 0 (0.0 B) push-merged-local and 0 (0.0 B) remote blocks
2026-08-09 23:12:13,221 INFO storage.ShuffleBlockFetcherIterator: Started 0 remote fetches in 0 ms
2026-08-09 23:12:13,221 INFO scheduler.DAGScheduler: Got job 38 (count at Metrics.scala:14) with 2 output partitions
2026-08-09 23:12:13,221 INFO scheduler.DAGScheduler: Final stage: ResultStage 50 (count at Metrics.scala:14)
2026-08-09 23:12:13,221 INFO scheduler.DAGScheduler: Parents of final stage: List()
2026-08-09 23:12:13,222 INFO scheduler.DAGScheduler: Missing parents: List()
2026-08-09 23:12:13,222 INFO storage.BlockManager: Found block rdd_17_0 locally
2026-08-09 23:12:13,222 INFO scheduler.DAGScheduler: Submitting ResultStage 50 (MapPartitionsRDD[84] at filter at Metrics.scala:14), which has no missing parents
2026-08-09 23:12:13,224 INFO memory.MemoryStore: Block broadcast_62 stored as values in memory (estimated size 38.5 KiB, free 2.2 GiB)
2026-08-09 23:12:13,224 INFO memory.MemoryStore: Block broadcast_62_piece0 stored as bytes in memory (estimated size 12.1 KiB, free 2.2 GiB)
2026-08-09 23:12:13,224 INFO storage.BlockManagerInfo: Added broadcast_62_piece0 in memory on 10.0.0.215:64239 (size: 12.1 KiB, free: 2.2 GiB)
2026-08-09 23:12:13,225 INFO spark.SparkContext: Created broadcast 62 from broadcast at DAGScheduler.scala:1513
2026-08-09 23:12:13,225 INFO scheduler.DAGScheduler: Submitting 2 missing tasks from ResultStage 50 (MapPartitionsRDD[84] at filter at Metrics.scala:14) (first 15 tasks are for partitions Vector(0, 1))
2026-08-09 23:12:13,225 INFO scheduler.TaskSchedulerImpl: Adding task set 50.0 with 2 tasks resource profile 0
2026-08-09 23:12:13,226 INFO scheduler.FairSchedulableBuilder: Added task set TaskSet_50.0 tasks to pool default
2026-08-09 23:12:13,227 INFO executor.Executor: Finished task 8.0 in stage 35.0 (TID 325). 6121 bytes result sent to driver
2026-08-09 23:12:13,227 INFO scheduler.TaskSetManager: Starting task 9.0 in stage 35.0 (TID 327) (10.0.0.215, executor driver, partition 9, NODE_LOCAL, 4271 bytes) taskResourceAssignments Map()
2026-08-09 23:12:13,227 INFO executor.Executor: Finished task 35.0 in stage 33.0 (TID 326). 6686 bytes result sent to driver
2026-08-09 23:12:13,227 INFO executor.Executor: Running task 9.0 in stage 35.0 (TID 327)
2026-08-09 23:12:13,228 INFO scheduler.TaskSetManager: Starting task 36.0 in stage 33.0 (TID 328) (10.0.0.215, executor driver, partition 36, NODE_LOCAL, 4271 bytes) taskResourceAssignments Map()
2026-08-09 23:12:13,228 INFO scheduler.TaskSetManager: Finished task 8.0 in stage 35.0 (TID 325) in 13 ms on 10.0.0.215 (executor driver) (9/10)
2026-08-09 23:12:13,228 INFO executor.Executor: Running task 36.0 in stage 33.0 (TID 328)
2026-08-09 23:12:13,229 INFO scheduler.TaskSetManager: Finished task 35.0 in stage 33.0 (TID 326) in 10 ms on 10.0.0.215 (executor driver) (36/40)
2026-08-09 23:12:13,229 INFO storage.ShuffleBlockFetcherIterator: Getting 2 (155.8 KiB) non-empty blocks including 2 (155.8 KiB) local and 0 (0.0 B) host-local and 0 (0.0 B) push-merged-local and 0 (0.0 B) remote blocks
2026-08-09 23:12:13,229 INFO storage.ShuffleBlockFetcherIterator: Started 0 remote fetches in 0 ms
2026-08-09 23:12:13,230 INFO storage.ShuffleBlockFetcherIterator: Getting 2 (38.6 KiB) non-empty blocks including 2 (38.6 KiB) local and 0 (0.0 B) host-local and 0 (0.0 B) push-merged-local and 0 (0.0 B) remote blocks
2026-08-09 23:12:13,230 INFO storage.ShuffleBlockFetcherIterator: Started 0 remote fetches in 0 ms
2026-08-09 23:12:13,232 INFO memory.MemoryStore: Block rdd_71_0 stored as values in memory (estimated size 35.2 KiB, free 2.2 GiB)
2026-08-09 23:12:13,232 INFO storage.BlockManagerInfo: Added rdd_71_0 in memory on 10.0.0.215:64239 (size: 35.2 KiB, free: 2.2 GiB)
2026-08-09 23:12:13,233 INFO executor.Executor: Finished task 0.0 in stage 41.0 (TID 319). 1748 bytes result sent to driver
2026-08-09 23:12:13,233 INFO scheduler.TaskSetManager: Starting task 1.0 in stage 41.0 (TID 329) (10.0.0.215, executor driver, partition 1, PROCESS_LOCAL, 5028 bytes) taskResourceAssignments Map()
2026-08-09 23:12:13,233 INFO scheduler.TaskSetManager: Finished task 0.0 in stage 41.0 (TID 319) in 40 ms on 10.0.0.215 (executor driver) (1/2)
2026-08-09 23:12:13,233 INFO executor.Executor: Running task 1.0 in stage 41.0 (TID 329)
2026-08-09 23:12:13,235 INFO storage.BlockManager: Found block rdd_17_1 locally
2026-08-09 23:12:13,235 INFO memory.MemoryStore: Block rdd_71_1 stored as values in memory (estimated size 16.0 B, free 2.2 GiB)
2026-08-09 23:12:13,235 INFO storage.BlockManagerInfo: Added rdd_71_1 in memory on 10.0.0.215:64239 (size: 16.0 B, free: 2.2 GiB)
2026-08-09 23:12:13,237 INFO executor.Executor: Finished task 1.0 in stage 41.0 (TID 329). 1705 bytes result sent to driver
2026-08-09 23:12:13,237 INFO scheduler.TaskSetManager: Starting task 0.0 in stage 43.0 (TID 330) (10.0.0.215, executor driver, partition 0, PROCESS_LOCAL, 5028 bytes) taskResourceAssignments Map()
2026-08-09 23:12:13,237 INFO scheduler.TaskSetManager: Finished task 1.0 in stage 41.0 (TID 329) in 4 ms on 10.0.0.215 (executor driver) (2/2)
2026-08-09 23:12:13,237 INFO scheduler.TaskSchedulerImpl: Removed TaskSet 41.0, whose tasks have all completed, from pool default
2026-08-09 23:12:13,237 INFO executor.Executor: Running task 0.0 in stage 43.0 (TID 330)
2026-08-09 23:12:13,237 INFO scheduler.DAGScheduler: ResultStage 41 (count at Metrics.scala:12) finished in 0.546 s
2026-08-09 23:12:13,238 INFO scheduler.DAGScheduler: Job 29 is finished. Cancelling potential speculative or zombie tasks for this job
2026-08-09 23:12:13,238 INFO scheduler.TaskSchedulerImpl: Killing all running tasks in stage 41: Stage finished
2026-08-09 23:12:13,238 INFO scheduler.DAGScheduler: Job 29 finished: count at Metrics.scala:12, took 0.548753 s
2026-08-09 23:12:13,239 INFO executor.Executor: Finished task 36.0 in stage 33.0 (TID 328). 6589 bytes result sent to driver
2026-08-09 23:12:13,239 INFO storage.BlockManager: Found block rdd_17_0 locally
2026-08-09 23:12:13,239 INFO scheduler.TaskSetManager: Starting task 37.0 in stage 33.0 (TID 331) (10.0.0.215, executor driver, partition 37, NODE_LOCAL, 4271 bytes) taskResourceAssignments Map()
2026-08-09 23:12:13,240 INFO executor.Executor: Running task 37.0 in stage 33.0 (TID 331)
2026-08-09 23:12:13,240 INFO scheduler.TaskSetManager: Finished task 36.0 in stage 33.0 (TID 328) in 12 ms on 10.0.0.215 (executor driver) (37/40)
2026-08-09 23:12:13,241 INFO executor.Executor: Finished task 9.0 in stage 35.0 (TID 327). 6051 bytes result sent to driver
2026-08-09 23:12:13,241 INFO scheduler.TaskSetManager: Starting task 0.0 in stage 44.0 (TID 332) (10.0.0.215, executor driver, partition 0, PROCESS_LOCAL, 5028 bytes) taskResourceAssignments Map()
2026-08-09 23:12:13,241 INFO executor.Executor: Running task 0.0 in stage 44.0 (TID 332)
2026-08-09 23:12:13,242 INFO spark.SparkContext: Starting job: count at Metrics.scala:14
2026-08-09 23:12:13,242 INFO storage.ShuffleBlockFetcherIterator: Getting 2 (38.6 KiB) non-empty blocks including 2 (38.6 KiB) local and 0 (0.0 B) host-local and 0 (0.0 B) push-merged-local and 0 (0.0 B) remote blocks
2026-08-09 23:12:13,242 INFO storage.ShuffleBlockFetcherIterator: Started 0 remote fetches in 0 ms
2026-08-09 23:12:13,242 INFO scheduler.TaskSetManager: Finished task 9.0 in stage 35.0 (TID 327) in 15 ms on 10.0.0.215 (executor driver) (10/10)
2026-08-09 23:12:13,242 INFO scheduler.TaskSchedulerImpl: Removed TaskSet 35.0, whose tasks have all completed, from pool default
2026-08-09 23:12:13,242 INFO scheduler.DAGScheduler: Got job 39 (count at Metrics.scala:14) with 2 output partitions
2026-08-09 23:12:13,242 INFO scheduler.DAGScheduler: Final stage: ResultStage 51 (count at Metrics.scala:14)
2026-08-09 23:12:13,242 INFO scheduler.DAGScheduler: Parents of final stage: List()
2026-08-09 23:12:13,243 INFO scheduler.DAGScheduler: Missing parents: List()
2026-08-09 23:12:13,244 INFO scheduler.DAGScheduler: Submitting ResultStage 51 (MapPartitionsRDD[85] at filter at Metrics.scala:14), which has no missing parents
2026-08-09 23:12:13,244 INFO storage.BlockManager: Found block rdd_17_0 locally
2026-08-09 23:12:13,245 INFO memory.MemoryStore: Block broadcast_63 stored as values in memory (estimated size 38.5 KiB, free 2.2 GiB)
2026-08-09 23:12:13,246 INFO memory.MemoryStore: Block broadcast_63_piece0 stored as bytes in memory (estimated size 12.1 KiB, free 2.2 GiB)
2026-08-09 23:12:13,246 INFO storage.BlockManagerInfo: Added broadcast_63_piece0 in memory on 10.0.0.215:64239 (size: 12.1 KiB, free: 2.2 GiB)
2026-08-09 23:12:13,247 INFO spark.SparkContext: Created broadcast 63 from broadcast at DAGScheduler.scala:1513
2026-08-09 23:12:13,247 INFO scheduler.DAGScheduler: Submitting 2 missing tasks from ResultStage 51 (MapPartitionsRDD[85] at filter at Metrics.scala:14) (first 15 tasks are for partitions Vector(0, 1))
2026-08-09 23:12:13,247 INFO scheduler.TaskSchedulerImpl: Adding task set 51.0 with 2 tasks resource profile 0
2026-08-09 23:12:13,248 INFO scheduler.FairSchedulableBuilder: Added task set TaskSet_51.0 tasks to pool default
2026-08-09 23:12:13,248 INFO executor.Executor: Finished task 37.0 in stage 33.0 (TID 331). 6799 bytes result sent to driver
2026-08-09 23:12:13,248 INFO scheduler.DAGScheduler: ResultStage 35 (collect at EnsembleTrainer.scala:45) finished in 0.256 s
2026-08-09 23:12:13,248 INFO scheduler.TaskSetManager: Starting task 38.0 in stage 33.0 (TID 333) (10.0.0.215, executor driver, partition 38, NODE_LOCAL, 4271 bytes) taskResourceAssignments Map()
2026-08-09 23:12:13,248 INFO scheduler.DAGScheduler: Job 23 is finished. Cancelling potential speculative or zombie tasks for this job
2026-08-09 23:12:13,248 INFO scheduler.TaskSchedulerImpl: Killing all running tasks in stage 35: Stage finished
2026-08-09 23:12:13,248 INFO executor.Executor: Running task 38.0 in stage 33.0 (TID 333)
2026-08-09 23:12:13,249 INFO scheduler.DAGScheduler: Job 23 finished: collect at EnsembleTrainer.scala:45, took 1.440874 s
2026-08-09 23:12:13,249 INFO scheduler.TaskSetManager: Finished task 37.0 in stage 33.0 (TID 331) in 10 ms on 10.0.0.215 (executor driver) (38/40)
2026-08-09 23:12:13,250 INFO storage.ShuffleBlockFetcherIterator: Getting 2 (38.6 KiB) non-empty blocks including 2 (38.6 KiB) local and 0 (0.0 B) host-local and 0 (0.0 B) push-merged-local and 0 (0.0 B) remote blocks
2026-08-09 23:12:13,250 INFO storage.ShuffleBlockFetcherIterator: Started 0 remote fetches in 0 ms
2026-08-09 23:12:13,254 INFO memory.MemoryStore: Block broadcast_64 stored as values in memory (estimated size 82.4 KiB, free 2.2 GiB)
2026-08-09 23:12:13,255 INFO memory.MemoryStore: Block broadcast_64_piece0 stored as bytes in memory (estimated size 16.2 KiB, free 2.2 GiB)
2026-08-09 23:12:13,256 INFO storage.BlockManagerInfo: Added broadcast_64_piece0 in memory on 10.0.0.215:64239 (size: 16.2 KiB, free: 2.2 GiB)
2026-08-09 23:12:13,256 INFO spark.SparkContext: Created broadcast 64 from broadcast at EnsemblePredictor.scala:28
2026-08-09 23:12:13,265 INFO spark.SparkContext: Starting job: count at Metrics.scala:12
2026-08-09 23:12:13,266 INFO scheduler.DAGScheduler: Got job 40 (count at Metrics.scala:12) with 2 output partitions
2026-08-09 23:12:13,266 INFO scheduler.DAGScheduler: Final stage: ResultStage 52 (count at Metrics.scala:12)
2026-08-09 23:12:13,266 INFO scheduler.DAGScheduler: Parents of final stage: List()
2026-08-09 23:12:13,267 INFO scheduler.DAGScheduler: Missing parents: List()
2026-08-09 23:12:13,267 INFO scheduler.DAGScheduler: Submitting ResultStage 52 (MapPartitionsRDD[87] at map at EnsembleExperiment.scala:28), which has no missing parents
2026-08-09 23:12:13,268 INFO executor.Executor: Finished task 38.0 in stage 33.0 (TID 333). 6519 bytes result sent to driver
2026-08-09 23:12:13,268 INFO scheduler.TaskSetManager: Starting task 39.0 in stage 33.0 (TID 334) (10.0.0.215, executor driver, partition 39, NODE_LOCAL, 4271 bytes) taskResourceAssignments Map()
2026-08-09 23:12:13,268 INFO executor.Executor: Running task 39.0 in stage 33.0 (TID 334)
2026-08-09 23:12:13,269 INFO scheduler.TaskSetManager: Finished task 38.0 in stage 33.0 (TID 333) in 21 ms on 10.0.0.215 (executor driver) (39/40)
2026-08-09 23:12:13,270 INFO memory.MemoryStore: Block broadcast_65 stored as values in memory (estimated size 38.2 KiB, free 2.2 GiB)
2026-08-09 23:12:13,270 INFO storage.ShuffleBlockFetcherIterator: Getting 2 (38.6 KiB) non-empty blocks including 2 (38.6 KiB) local and 0 (0.0 B) host-local and 0 (0.0 B) push-merged-local and 0 (0.0 B) remote blocks
2026-08-09 23:12:13,270 INFO memory.MemoryStore: Block broadcast_65_piece0 stored as bytes in memory (estimated size 12.0 KiB, free 2.2 GiB)
2026-08-09 23:12:13,270 INFO storage.ShuffleBlockFetcherIterator: Started 0 remote fetches in 0 ms
2026-08-09 23:12:13,271 INFO storage.BlockManagerInfo: Added broadcast_65_piece0 in memory on 10.0.0.215:64239 (size: 12.0 KiB, free: 2.2 GiB)
2026-08-09 23:12:13,271 INFO spark.SparkContext: Created broadcast 65 from broadcast at DAGScheduler.scala:1513
2026-08-09 23:12:13,271 INFO scheduler.DAGScheduler: Submitting 2 missing tasks from ResultStage 52 (MapPartitionsRDD[87] at map at EnsembleExperiment.scala:28) (first 15 tasks are for partitions Vector(0, 1))
2026-08-09 23:12:13,271 INFO scheduler.TaskSchedulerImpl: Adding task set 52.0 with 2 tasks resource profile 0
2026-08-09 23:12:13,272 INFO scheduler.FairSchedulableBuilder: Added task set TaskSet_52.0 tasks to pool default
2026-08-09 23:12:13,282 INFO executor.Executor: Finished task 39.0 in stage 33.0 (TID 334). 6869 bytes result sent to driver
2026-08-09 23:12:13,282 INFO scheduler.TaskSetManager: Starting task 0.0 in stage 45.0 (TID 335) (10.0.0.215, executor driver, partition 0, PROCESS_LOCAL, 5028 bytes) taskResourceAssignments Map()
2026-08-09 23:12:13,282 INFO executor.Executor: Running task 0.0 in stage 45.0 (TID 335)
2026-08-09 23:12:13,283 INFO scheduler.TaskSetManager: Finished task 39.0 in stage 33.0 (TID 334) in 15 ms on 10.0.0.215 (executor driver) (40/40)
2026-08-09 23:12:13,283 INFO scheduler.TaskSchedulerImpl: Removed TaskSet 33.0, whose tasks have all completed, from pool default
2026-08-09 23:12:13,283 INFO scheduler.DAGScheduler: ResultStage 33 (collect at EnsembleTrainer.scala:45) finished in 0.529 s
2026-08-09 23:12:13,283 INFO scheduler.DAGScheduler: Job 22 is finished. Cancelling potential speculative or zombie tasks for this job
2026-08-09 23:12:13,283 INFO scheduler.TaskSchedulerImpl: Killing all running tasks in stage 33: Stage finished
2026-08-09 23:12:13,284 INFO scheduler.DAGScheduler: Job 22 finished: collect at EnsembleTrainer.scala:45, took 1.476940 s
2026-08-09 23:12:13,286 INFO storage.BlockManager: Found block rdd_17_0 locally
2026-08-09 23:12:13,301 INFO memory.MemoryStore: Block broadcast_66 stored as values in memory (estimated size 360.0 KiB, free 2.2 GiB)
2026-08-09 23:12:13,307 INFO memory.MemoryStore: Block broadcast_66_piece0 stored as bytes in memory (estimated size 72.5 KiB, free 2.2 GiB)
2026-08-09 23:12:13,307 INFO storage.BlockManagerInfo: Added broadcast_66_piece0 in memory on 10.0.0.215:64239 (size: 72.5 KiB, free: 2.2 GiB)
2026-08-09 23:12:13,308 INFO spark.SparkContext: Created broadcast 66 from broadcast at EnsemblePredictor.scala:28
2026-08-09 23:12:13,312 INFO spark.SparkContext: Starting job: count at Metrics.scala:12
2026-08-09 23:12:13,312 INFO scheduler.DAGScheduler: Got job 41 (count at Metrics.scala:12) with 2 output partitions
2026-08-09 23:12:13,312 INFO scheduler.DAGScheduler: Final stage: ResultStage 53 (count at Metrics.scala:12)
2026-08-09 23:12:13,312 INFO scheduler.DAGScheduler: Parents of final stage: List()
2026-08-09 23:12:13,313 INFO scheduler.DAGScheduler: Missing parents: List()
2026-08-09 23:12:13,313 INFO scheduler.DAGScheduler: Submitting ResultStage 53 (MapPartitionsRDD[89] at map at EnsembleExperiment.scala:28), which has no missing parents
2026-08-09 23:12:13,315 INFO memory.MemoryStore: Block broadcast_67 stored as values in memory (estimated size 38.2 KiB, free 2.2 GiB)
2026-08-09 23:12:13,315 INFO memory.MemoryStore: Block broadcast_67_piece0 stored as bytes in memory (estimated size 12.0 KiB, free 2.2 GiB)
2026-08-09 23:12:13,315 INFO storage.BlockManagerInfo: Added broadcast_67_piece0 in memory on 10.0.0.215:64239 (size: 12.0 KiB, free: 2.2 GiB)
2026-08-09 23:12:13,315 INFO spark.SparkContext: Created broadcast 67 from broadcast at DAGScheduler.scala:1513
2026-08-09 23:12:13,316 INFO scheduler.DAGScheduler: Submitting 2 missing tasks from ResultStage 53 (MapPartitionsRDD[89] at map at EnsembleExperiment.scala:28) (first 15 tasks are for partitions Vector(0, 1))
2026-08-09 23:12:13,316 INFO scheduler.TaskSchedulerImpl: Adding task set 53.0 with 2 tasks resource profile 0
2026-08-09 23:12:13,316 INFO scheduler.FairSchedulableBuilder: Added task set TaskSet_53.0 tasks to pool default
2026-08-09 23:12:13,319 INFO memory.MemoryStore: Block rdd_73_0 stored as values in memory (estimated size 35.2 KiB, free 2.2 GiB)
2026-08-09 23:12:13,319 INFO storage.BlockManagerInfo: Added rdd_73_0 in memory on 10.0.0.215:64239 (size: 35.2 KiB, free: 2.2 GiB)
2026-08-09 23:12:13,320 INFO executor.Executor: Finished task 0.0 in stage 42.0 (TID 324). 1748 bytes result sent to driver
2026-08-09 23:12:13,320 INFO scheduler.TaskSetManager: Starting task 1.0 in stage 42.0 (TID 336) (10.0.0.215, executor driver, partition 1, PROCESS_LOCAL, 5028 bytes) taskResourceAssignments Map()
2026-08-09 23:12:13,321 INFO scheduler.TaskSetManager: Finished task 0.0 in stage 42.0 (TID 324) in 109 ms on 10.0.0.215 (executor driver) (1/2)
2026-08-09 23:12:13,321 INFO executor.Executor: Running task 1.0 in stage 42.0 (TID 336)
2026-08-09 23:12:13,323 INFO storage.BlockManager: Found block rdd_17_1 locally
2026-08-09 23:12:13,324 INFO memory.MemoryStore: Block rdd_73_1 stored as values in memory (estimated size 16.0 B, free 2.2 GiB)
2026-08-09 23:12:13,324 INFO storage.BlockManagerInfo: Added rdd_73_1 in memory on 10.0.0.215:64239 (size: 16.0 B, free: 2.2 GiB)
2026-08-09 23:12:13,325 INFO executor.Executor: Finished task 1.0 in stage 42.0 (TID 336). 1705 bytes result sent to driver
2026-08-09 23:12:13,325 INFO scheduler.TaskSetManager: Starting task 0.0 in stage 46.0 (TID 337) (10.0.0.215, executor driver, partition 0, PROCESS_LOCAL, 5028 bytes) taskResourceAssignments Map()
2026-08-09 23:12:13,325 INFO scheduler.TaskSetManager: Finished task 1.0 in stage 42.0 (TID 336) in 5 ms on 10.0.0.215 (executor driver) (2/2)
2026-08-09 23:12:13,325 INFO executor.Executor: Running task 0.0 in stage 46.0 (TID 337)
2026-08-09 23:12:13,325 INFO scheduler.TaskSchedulerImpl: Removed TaskSet 42.0, whose tasks have all completed, from pool default
2026-08-09 23:12:13,326 INFO scheduler.DAGScheduler: ResultStage 42 (count at Metrics.scala:12) finished in 0.406 s
2026-08-09 23:12:13,326 INFO scheduler.DAGScheduler: Job 30 is finished. Cancelling potential speculative or zombie tasks for this job
2026-08-09 23:12:13,326 INFO scheduler.TaskSchedulerImpl: Killing all running tasks in stage 42: Stage finished
2026-08-09 23:12:13,326 INFO scheduler.DAGScheduler: Job 30 finished: count at Metrics.scala:12, took 0.408962 s
2026-08-09 23:12:13,328 INFO memory.MemoryStore: Block rdd_76_0 stored as values in memory (estimated size 35.2 KiB, free 2.2 GiB)
2026-08-09 23:12:13,329 INFO storage.BlockManagerInfo: Added rdd_76_0 in memory on 10.0.0.215:64239 (size: 35.2 KiB, free: 2.2 GiB)
2026-08-09 23:12:13,331 INFO spark.SparkContext: Starting job: count at Metrics.scala:14
2026-08-09 23:12:13,332 INFO scheduler.DAGScheduler: Got job 42 (count at Metrics.scala:14) with 2 output partitions
2026-08-09 23:12:13,332 INFO scheduler.DAGScheduler: Final stage: ResultStage 54 (count at Metrics.scala:14)
2026-08-09 23:12:13,332 INFO scheduler.DAGScheduler: Parents of final stage: List()
2026-08-09 23:12:13,333 INFO scheduler.DAGScheduler: Missing parents: List()
2026-08-09 23:12:13,333 INFO executor.Executor: Finished task 0.0 in stage 44.0 (TID 332). 1748 bytes result sent to driver
2026-08-09 23:12:13,333 INFO scheduler.DAGScheduler: Submitting ResultStage 54 (MapPartitionsRDD[90] at filter at Metrics.scala:14), which has no missing parents
2026-08-09 23:12:13,333 INFO scheduler.TaskSetManager: Starting task 1.0 in stage 44.0 (TID 338) (10.0.0.215, executor driver, partition 1, PROCESS_LOCAL, 5028 bytes) taskResourceAssignments Map()
2026-08-09 23:12:13,333 INFO scheduler.TaskSetManager: Finished task 0.0 in stage 44.0 (TID 332) in 92 ms on 10.0.0.215 (executor driver) (1/2)
2026-08-09 23:12:13,333 INFO executor.Executor: Running task 1.0 in stage 44.0 (TID 338)
2026-08-09 23:12:13,333 INFO storage.BlockManager: Found block rdd_61_0 locally
2026-08-09 23:12:13,334 INFO executor.Executor: Finished task 0.0 in stage 46.0 (TID 337). 1748 bytes result sent to driver
2026-08-09 23:12:13,334 INFO memory.MemoryStore: Block broadcast_68 stored as values in memory (estimated size 38.5 KiB, free 2.2 GiB)
2026-08-09 23:12:13,335 INFO scheduler.TaskSetManager: Starting task 1.0 in stage 46.0 (TID 339) (10.0.0.215, executor driver, partition 1, PROCESS_LOCAL, 5028 bytes) taskResourceAssignments Map()
2026-08-09 23:12:13,335 INFO scheduler.TaskSetManager: Finished task 0.0 in stage 46.0 (TID 337) in 10 ms on 10.0.0.215 (executor driver) (1/2)
2026-08-09 23:12:13,335 INFO executor.Executor: Running task 1.0 in stage 46.0 (TID 339)
2026-08-09 23:12:13,335 INFO memory.MemoryStore: Block broadcast_68_piece0 stored as bytes in memory (estimated size 12.1 KiB, free 2.2 GiB)
2026-08-09 23:12:13,335 INFO storage.BlockManager: Found block rdd_17_1 locally
2026-08-09 23:12:13,335 INFO storage.BlockManagerInfo: Added broadcast_68_piece0 in memory on 10.0.0.215:64239 (size: 12.1 KiB, free: 2.2 GiB)
2026-08-09 23:12:13,335 INFO memory.MemoryStore: Block rdd_76_1 stored as values in memory (estimated size 16.0 B, free 2.2 GiB)
2026-08-09 23:12:13,336 INFO spark.SparkContext: Created broadcast 68 from broadcast at DAGScheduler.scala:1513
2026-08-09 23:12:13,336 INFO storage.BlockManagerInfo: Added rdd_76_1 in memory on 10.0.0.215:64239 (size: 16.0 B, free: 2.2 GiB)
2026-08-09 23:12:13,336 INFO scheduler.DAGScheduler: Submitting 2 missing tasks from ResultStage 54 (MapPartitionsRDD[90] at filter at Metrics.scala:14) (first 15 tasks are for partitions Vector(0, 1))
2026-08-09 23:12:13,336 INFO scheduler.TaskSchedulerImpl: Adding task set 54.0 with 2 tasks resource profile 0
2026-08-09 23:12:13,336 INFO executor.Executor: Finished task 1.0 in stage 44.0 (TID 338). 1705 bytes result sent to driver
2026-08-09 23:12:13,336 INFO storage.BlockManager: Found block rdd_61_1 locally
2026-08-09 23:12:13,336 INFO scheduler.FairSchedulableBuilder: Added task set TaskSet_54.0 tasks to pool default
2026-08-09 23:12:13,337 INFO executor.Executor: Finished task 1.0 in stage 46.0 (TID 339). 1662 bytes result sent to driver
2026-08-09 23:12:13,337 INFO scheduler.TaskSetManager: Starting task 0.0 in stage 47.0 (TID 340) (10.0.0.215, executor driver, partition 0, PROCESS_LOCAL, 5028 bytes) taskResourceAssignments Map()
2026-08-09 23:12:13,337 INFO executor.Executor: Running task 0.0 in stage 47.0 (TID 340)
2026-08-09 23:12:13,337 INFO scheduler.TaskSetManager: Finished task 1.0 in stage 44.0 (TID 338) in 4 ms on 10.0.0.215 (executor driver) (2/2)
2026-08-09 23:12:13,337 INFO scheduler.TaskSchedulerImpl: Removed TaskSet 44.0, whose tasks have all completed, from pool default
2026-08-09 23:12:13,338 INFO scheduler.DAGScheduler: ResultStage 44 (count at Metrics.scala:12) finished in 0.340 s
2026-08-09 23:12:13,338 INFO scheduler.TaskSetManager: Starting task 0.0 in stage 48.0 (TID 341) (10.0.0.215, executor driver, partition 0, PROCESS_LOCAL, 5028 bytes) taskResourceAssignments Map()
2026-08-09 23:12:13,338 INFO scheduler.DAGScheduler: Job 32 is finished. Cancelling potential speculative or zombie tasks for this job
2026-08-09 23:12:13,338 INFO scheduler.TaskSchedulerImpl: Killing all running tasks in stage 44: Stage finished
2026-08-09 23:12:13,338 INFO scheduler.TaskSetManager: Finished task 1.0 in stage 46.0 (TID 339) in 4 ms on 10.0.0.215 (executor driver) (2/2)
2026-08-09 23:12:13,338 INFO scheduler.TaskSchedulerImpl: Removed TaskSet 46.0, whose tasks have all completed, from pool default
2026-08-09 23:12:13,338 INFO scheduler.DAGScheduler: Job 32 finished: count at Metrics.scala:12, took 0.349124 s
2026-08-09 23:12:13,338 INFO executor.Executor: Running task 0.0 in stage 48.0 (TID 341)
2026-08-09 23:12:13,338 INFO scheduler.DAGScheduler: ResultStage 46 (count at Metrics.scala:14) finished in 0.241 s
2026-08-09 23:12:13,338 INFO scheduler.DAGScheduler: Job 34 is finished. Cancelling potential speculative or zombie tasks for this job
2026-08-09 23:12:13,338 INFO scheduler.TaskSchedulerImpl: Killing all running tasks in stage 46: Stage finished
2026-08-09 23:12:13,338 INFO scheduler.DAGScheduler: Job 34 finished: count at Metrics.scala:14, took 0.242852 s
2026-08-09 23:12:13,340 INFO storage.BlockManager: Found block rdd_63_0 locally
2026-08-09 23:12:13,341 INFO storage.BlockManager: Found block rdd_65_0 locally
2026-08-09 23:12:13,341 INFO executor.Executor: Finished task 0.0 in stage 48.0 (TID 341). 1705 bytes result sent to driver
2026-08-09 23:12:13,341 INFO executor.Executor: Finished task 0.0 in stage 47.0 (TID 340). 1748 bytes result sent to driver
2026-08-09 23:12:13,342 INFO scheduler.TaskSetManager: Starting task 1.0 in stage 48.0 (TID 342) (10.0.0.215, executor driver, partition 1, PROCESS_LOCAL, 5028 bytes) taskResourceAssignments Map()
2026-08-09 23:12:13,342 INFO scheduler.TaskSetManager: Starting task 1.0 in stage 47.0 (TID 343) (10.0.0.215, executor driver, partition 1, PROCESS_LOCAL, 5028 bytes) taskResourceAssignments Map()
2026-08-09 23:12:13,342 INFO executor.Executor: Running task 1.0 in stage 48.0 (TID 342)
2026-08-09 23:12:13,346 INFO scheduler.TaskSetManager: Finished task 0.0 in stage 48.0 (TID 341) in 9 ms on 10.0.0.215 (executor driver) (1/2)
2026-08-09 23:12:13,346 INFO scheduler.TaskSetManager: Finished task 0.0 in stage 47.0 (TID 340) in 9 ms on 10.0.0.215 (executor driver) (1/2)
2026-08-09 23:12:13,346 INFO executor.Executor: Running task 1.0 in stage 47.0 (TID 343)
2026-08-09 23:12:13,348 INFO storage.BlockManagerInfo: Removed broadcast_58_piece0 on 10.0.0.215:64239 in memory (size: 12.1 KiB, free: 2.2 GiB)
2026-08-09 23:12:13,349 INFO storage.BlockManager: Found block rdd_63_1 locally
2026-08-09 23:12:13,349 INFO spark.SparkContext: Starting job: count at Metrics.scala:14
2026-08-09 23:12:13,350 INFO storage.BlockManagerInfo: Removed broadcast_55_piece0 on 10.0.0.215:64239 in memory (size: 3.0 KiB, free: 2.2 GiB)
2026-08-09 23:12:13,350 INFO storage.BlockManager: Found block rdd_65_1 locally
2026-08-09 23:12:13,350 INFO scheduler.DAGScheduler: Got job 43 (count at Metrics.scala:14) with 2 output partitions
2026-08-09 23:12:13,350 INFO scheduler.DAGScheduler: Final stage: ResultStage 55 (count at Metrics.scala:14)
2026-08-09 23:12:13,350 INFO scheduler.DAGScheduler: Parents of final stage: List()
2026-08-09 23:12:13,350 INFO executor.Executor: Finished task 1.0 in stage 47.0 (TID 343). 1705 bytes result sent to driver
2026-08-09 23:12:13,350 INFO executor.Executor: Finished task 1.0 in stage 48.0 (TID 342). 1662 bytes result sent to driver
2026-08-09 23:12:13,350 INFO scheduler.DAGScheduler: Missing parents: List()
2026-08-09 23:12:13,350 INFO scheduler.DAGScheduler: Submitting ResultStage 55 (MapPartitionsRDD[91] at filter at Metrics.scala:14), which has no missing parents
2026-08-09 23:12:13,351 INFO scheduler.TaskSetManager: Starting task 0.0 in stage 49.0 (TID 344) (10.0.0.215, executor driver, partition 0, PROCESS_LOCAL, 5028 bytes) taskResourceAssignments Map()
2026-08-09 23:12:13,351 INFO scheduler.TaskSetManager: Finished task 1.0 in stage 47.0 (TID 343) in 9 ms on 10.0.0.215 (executor driver) (2/2)
2026-08-09 23:12:13,351 INFO scheduler.TaskSchedulerImpl: Removed TaskSet 47.0, whose tasks have all completed, from pool default
2026-08-09 23:12:13,351 INFO executor.Executor: Running task 0.0 in stage 49.0 (TID 344)
2026-08-09 23:12:13,351 INFO scheduler.TaskSetManager: Starting task 0.0 in stage 50.0 (TID 345) (10.0.0.215, executor driver, partition 0, PROCESS_LOCAL, 5028 bytes) taskResourceAssignments Map()
2026-08-09 23:12:13,351 INFO memory.MemoryStore: Block broadcast_69 stored as values in memory (estimated size 38.5 KiB, free 2.2 GiB)
2026-08-09 23:12:13,351 INFO executor.Executor: Running task 0.0 in stage 50.0 (TID 345)
2026-08-09 23:12:13,352 INFO scheduler.TaskSetManager: Finished task 1.0 in stage 48.0 (TID 342) in 9 ms on 10.0.0.215 (executor driver) (2/2)
2026-08-09 23:12:13,352 INFO memory.MemoryStore: Block broadcast_69_piece0 stored as bytes in memory (estimated size 12.1 KiB, free 2.2 GiB)
2026-08-09 23:12:13,352 INFO scheduler.TaskSchedulerImpl: Removed TaskSet 48.0, whose tasks have all completed, from pool default
2026-08-09 23:12:13,352 INFO storage.BlockManagerInfo: Added broadcast_69_piece0 in memory on 10.0.0.215:64239 (size: 12.1 KiB, free: 2.2 GiB)
2026-08-09 23:12:13,352 INFO spark.SparkContext: Created broadcast 69 from broadcast at DAGScheduler.scala:1513
2026-08-09 23:12:13,353 INFO scheduler.DAGScheduler: Submitting 2 missing tasks from ResultStage 55 (MapPartitionsRDD[91] at filter at Metrics.scala:14) (first 15 tasks are for partitions Vector(0, 1))
2026-08-09 23:12:13,353 INFO storage.BlockManagerInfo: Removed broadcast_50_piece0 on 10.0.0.215:64239 in memory (size: 12.0 KiB, free: 2.2 GiB)
2026-08-09 23:12:13,353 INFO scheduler.TaskSchedulerImpl: Adding task set 55.0 with 2 tasks resource profile 0
2026-08-09 23:12:13,353 INFO storage.BlockManager: Found block rdd_67_0 locally
2026-08-09 23:12:13,353 INFO scheduler.FairSchedulableBuilder: Added task set TaskSet_55.0 tasks to pool default
2026-08-09 23:12:13,354 INFO memory.MemoryStore: Block rdd_77_0 stored as values in memory (estimated size 35.2 KiB, free 2.2 GiB)
2026-08-09 23:12:13,354 INFO scheduler.DAGScheduler: ResultStage 47 (count at Metrics.scala:14) finished in 0.252 s
2026-08-09 23:12:13,354 INFO scheduler.DAGScheduler: Job 35 is finished. Cancelling potential speculative or zombie tasks for this job
2026-08-09 23:12:13,354 INFO scheduler.TaskSchedulerImpl: Killing all running tasks in stage 47: Stage finished
2026-08-09 23:12:13,354 INFO storage.BlockManagerInfo: Added rdd_77_0 in memory on 10.0.0.215:64239 (size: 35.2 KiB, free: 2.2 GiB)
2026-08-09 23:12:13,354 INFO executor.Executor: Finished task 0.0 in stage 50.0 (TID 345). 1705 bytes result sent to driver
2026-08-09 23:12:13,354 INFO scheduler.DAGScheduler: Job 35 finished: count at Metrics.scala:14, took 0.254662 s
2026-08-09 23:12:13,354 INFO scheduler.DAGScheduler: ResultStage 48 (count at Metrics.scala:14) finished in 0.207 s
2026-08-09 23:12:13,354 INFO scheduler.TaskSetManager: Starting task 1.0 in stage 50.0 (TID 346) (10.0.0.215, executor driver, partition 1, PROCESS_LOCAL, 5028 bytes) taskResourceAssignments Map()
2026-08-09 23:12:13,354 INFO executor.Executor: Finished task 0.0 in stage 43.0 (TID 330). 1791 bytes result sent to driver
2026-08-09 23:12:13,354 INFO scheduler.DAGScheduler: Job 36 is finished. Cancelling potential speculative or zombie tasks for this job
2026-08-09 23:12:13,355 INFO scheduler.TaskSchedulerImpl: Killing all running tasks in stage 48: Stage finished
2026-08-09 23:12:13,355 INFO scheduler.TaskSetManager: Starting task 1.0 in stage 43.0 (TID 347) (10.0.0.215, executor driver, partition 1, PROCESS_LOCAL, 5028 bytes) taskResourceAssignments Map()
2026-08-09 23:12:13,355 INFO scheduler.TaskSetManager: Finished task 0.0 in stage 50.0 (TID 345) in 4 ms on 10.0.0.215 (executor driver) (1/2)
2026-08-09 23:12:13,355 INFO storage.BlockManager: Found block rdd_69_0 locally
2026-08-09 23:12:13,355 INFO scheduler.DAGScheduler: Job 36 finished: count at Metrics.scala:14, took 0.209919 s
2026-08-09 23:12:13,355 INFO executor.Executor: Running task 1.0 in stage 43.0 (TID 347)
2026-08-09 23:12:13,355 INFO executor.Executor: Running task 1.0 in stage 50.0 (TID 346)
2026-08-09 23:12:13,355 INFO scheduler.TaskSetManager: Finished task 0.0 in stage 43.0 (TID 330) in 118 ms on 10.0.0.215 (executor driver) (1/2)
2026-08-09 23:12:13,355 INFO storage.BlockManagerInfo: Removed broadcast_48_piece0 on 10.0.0.215:64239 in memory (size: 3.0 KiB, free: 2.2 GiB)
2026-08-09 23:12:13,356 INFO executor.Executor: Finished task 0.0 in stage 49.0 (TID 344). 1705 bytes result sent to driver
2026-08-09 23:12:13,356 INFO scheduler.TaskSetManager: Starting task 1.0 in stage 49.0 (TID 348) (10.0.0.215, executor driver, partition 1, PROCESS_LOCAL, 5028 bytes) taskResourceAssignments Map()
2026-08-09 23:12:13,357 INFO scheduler.TaskSetManager: Finished task 0.0 in stage 49.0 (TID 344) in 7 ms on 10.0.0.215 (executor driver) (1/2)
2026-08-09 23:12:13,357 INFO executor.Executor: Running task 1.0 in stage 49.0 (TID 348)
2026-08-09 23:12:13,358 INFO storage.BlockManager: Found block rdd_17_1 locally
2026-08-09 23:12:13,358 INFO storage.BlockManagerInfo: Removed broadcast_40_piece0 on 10.0.0.215:64239 in memory (size: 12.0 KiB, free: 2.2 GiB)
2026-08-09 23:12:13,358 INFO memory.MemoryStore: Block rdd_77_1 stored as values in memory (estimated size 16.0 B, free 2.2 GiB)
2026-08-09 23:12:13,358 INFO storage.BlockManager: Found block rdd_69_1 locally
2026-08-09 23:12:13,358 INFO storage.BlockManagerInfo: Added rdd_77_1 in memory on 10.0.0.215:64239 (size: 16.0 B, free: 2.2 GiB)
2026-08-09 23:12:13,358 INFO storage.BlockManager: Found block rdd_67_1 locally
2026-08-09 23:12:13,359 INFO executor.Executor: Finished task 1.0 in stage 49.0 (TID 348). 1662 bytes result sent to driver
2026-08-09 23:12:13,359 INFO executor.Executor: Finished task 1.0 in stage 50.0 (TID 346). 1662 bytes result sent to driver
2026-08-09 23:12:13,359 INFO executor.Executor: Finished task 1.0 in stage 43.0 (TID 347). 1705 bytes result sent to driver
2026-08-09 23:12:13,359 INFO scheduler.TaskSetManager: Starting task 0.0 in stage 51.0 (TID 349) (10.0.0.215, executor driver, partition 0, PROCESS_LOCAL, 5028 bytes) taskResourceAssignments Map()
2026-08-09 23:12:13,360 INFO storage.BlockManagerInfo: Removed broadcast_46_piece0 on 10.0.0.215:64239 in memory (size: 12.0 KiB, free: 2.2 GiB)
2026-08-09 23:12:13,360 INFO scheduler.TaskSetManager: Finished task 1.0 in stage 49.0 (TID 348) in 4 ms on 10.0.0.215 (executor driver) (2/2)
2026-08-09 23:12:13,360 INFO scheduler.TaskSchedulerImpl: Removed TaskSet 49.0, whose tasks have all completed, from pool default
2026-08-09 23:12:13,360 INFO executor.Executor: Running task 0.0 in stage 51.0 (TID 349)
2026-08-09 23:12:13,360 INFO scheduler.DAGScheduler: ResultStage 49 (count at Metrics.scala:14) finished in 0.157 s
2026-08-09 23:12:13,360 INFO scheduler.DAGScheduler: Job 37 is finished. Cancelling potential speculative or zombie tasks for this job
2026-08-09 23:12:13,360 INFO scheduler.TaskSchedulerImpl: Killing all running tasks in stage 49: Stage finished
2026-08-09 23:12:13,361 INFO scheduler.TaskSetManager: Starting task 0.0 in stage 52.0 (TID 350) (10.0.0.215, executor driver, partition 0, PROCESS_LOCAL, 5028 bytes) taskResourceAssignments Map()
2026-08-09 23:12:13,361 INFO scheduler.TaskSetManager: Starting task 0.0 in stage 53.0 (TID 351) (10.0.0.215, executor driver, partition 0, PROCESS_LOCAL, 5028 bytes) taskResourceAssignments Map()
2026-08-09 23:12:13,361 INFO scheduler.DAGScheduler: Job 37 finished: count at Metrics.scala:14, took 0.159168 s
2026-08-09 23:12:13,361 INFO executor.Executor: Running task 0.0 in stage 52.0 (TID 350)
2026-08-09 23:12:13,361 INFO executor.Executor: Running task 0.0 in stage 53.0 (TID 351)
2026-08-09 23:12:13,361 INFO scheduler.TaskSetManager: Finished task 1.0 in stage 50.0 (TID 346) in 7 ms on 10.0.0.215 (executor driver) (2/2)
2026-08-09 23:12:13,361 INFO scheduler.TaskSchedulerImpl: Removed TaskSet 50.0, whose tasks have all completed, from pool default
2026-08-09 23:12:13,361 INFO scheduler.TaskSetManager: Finished task 1.0 in stage 43.0 (TID 347) in 6 ms on 10.0.0.215 (executor driver) (2/2)
2026-08-09 23:12:13,361 INFO scheduler.TaskSchedulerImpl: Removed TaskSet 43.0, whose tasks have all completed, from pool default
2026-08-09 23:12:13,362 INFO scheduler.DAGScheduler: ResultStage 50 (count at Metrics.scala:14) finished in 0.139 s
2026-08-09 23:12:13,362 INFO scheduler.DAGScheduler: Job 38 is finished. Cancelling potential speculative or zombie tasks for this job
2026-08-09 23:12:13,362 INFO scheduler.TaskSchedulerImpl: Killing all running tasks in stage 50: Stage finished
2026-08-09 23:12:13,362 INFO scheduler.DAGScheduler: ResultStage 43 (count at Metrics.scala:12) finished in 0.375 s
2026-08-09 23:12:13,362 INFO scheduler.DAGScheduler: Job 31 is finished. Cancelling potential speculative or zombie tasks for this job
2026-08-09 23:12:13,362 INFO scheduler.TaskSchedulerImpl: Killing all running tasks in stage 43: Stage finished
2026-08-09 23:12:13,363 INFO storage.BlockManager: Found block rdd_71_0 locally
2026-08-09 23:12:13,363 INFO scheduler.DAGScheduler: Job 38 finished: count at Metrics.scala:14, took 0.143126 s
2026-08-09 23:12:13,363 INFO executor.Executor: Finished task 0.0 in stage 51.0 (TID 349). 1705 bytes result sent to driver
2026-08-09 23:12:13,363 INFO scheduler.DAGScheduler: Job 31 finished: count at Metrics.scala:12, took 0.378087 s
2026-08-09 23:12:13,364 INFO scheduler.TaskSetManager: Starting task 1.0 in stage 51.0 (TID 352) (10.0.0.215, executor driver, partition 1, PROCESS_LOCAL, 5028 bytes) taskResourceAssignments Map()
2026-08-09 23:12:13,365 INFO scheduler.TaskSetManager: Finished task 0.0 in stage 51.0 (TID 349) in 5 ms on 10.0.0.215 (executor driver) (1/2)
2026-08-09 23:12:13,365 INFO executor.Executor: Running task 1.0 in stage 51.0 (TID 352)
2026-08-09 23:12:13,367 INFO storage.BlockManagerInfo: Removed broadcast_56_piece0 on 10.0.0.215:64239 in memory (size: 12.0 KiB, free: 2.2 GiB)
2026-08-09 23:12:13,368 INFO storage.BlockManager: Found block rdd_17_0 locally
2026-08-09 23:12:13,368 INFO storage.BlockManager: Found block rdd_71_1 locally
2026-08-09 23:12:13,369 INFO executor.Executor: Finished task 1.0 in stage 51.0 (TID 352). 1662 bytes result sent to driver
2026-08-09 23:12:13,369 INFO storage.BlockManager: Found block rdd_17_0 locally
2026-08-09 23:12:13,370 INFO scheduler.TaskSetManager: Starting task 0.0 in stage 54.0 (TID 353) (10.0.0.215, executor driver, partition 0, PROCESS_LOCAL, 5028 bytes) taskResourceAssignments Map()
2026-08-09 23:12:13,371 INFO scheduler.TaskSetManager: Finished task 1.0 in stage 51.0 (TID 352) in 7 ms on 10.0.0.215 (executor driver) (2/2)
2026-08-09 23:12:13,371 INFO scheduler.TaskSchedulerImpl: Removed TaskSet 51.0, whose tasks have all completed, from pool default
2026-08-09 23:12:13,371 INFO scheduler.DAGScheduler: ResultStage 51 (count at Metrics.scala:14) finished in 0.127 s
2026-08-09 23:12:13,371 INFO scheduler.DAGScheduler: Job 39 is finished. Cancelling potential speculative or zombie tasks for this job
2026-08-09 23:12:13,371 INFO scheduler.TaskSchedulerImpl: Killing all running tasks in stage 51: Stage finished
2026-08-09 23:12:13,371 INFO executor.Executor: Running task 0.0 in stage 54.0 (TID 353)
2026-08-09 23:12:13,372 INFO scheduler.DAGScheduler: Job 39 finished: count at Metrics.scala:14, took 0.130588 s
2026-08-09 23:12:13,373 INFO storage.BlockManager: Found block rdd_73_0 locally
2026-08-09 23:12:13,373 INFO spark.SparkContext: Starting job: count at Metrics.scala:14
2026-08-09 23:12:13,373 INFO executor.Executor: Finished task 0.0 in stage 54.0 (TID 353). 1705 bytes result sent to driver
2026-08-09 23:12:13,374 INFO scheduler.TaskSetManager: Starting task 1.0 in stage 54.0 (TID 354) (10.0.0.215, executor driver, partition 1, PROCESS_LOCAL, 5028 bytes) taskResourceAssignments Map()
2026-08-09 23:12:13,375 INFO scheduler.DAGScheduler: Got job 44 (count at Metrics.scala:14) with 2 output partitions
2026-08-09 23:12:13,375 INFO scheduler.DAGScheduler: Final stage: ResultStage 56 (count at Metrics.scala:14)
2026-08-09 23:12:13,375 INFO scheduler.DAGScheduler: Parents of final stage: List()
2026-08-09 23:12:13,376 INFO spark.SparkContext: Starting job: sortByKey at BinaryClassificationMetrics.scala:189
2026-08-09 23:12:13,376 INFO scheduler.TaskSetManager: Finished task 0.0 in stage 54.0 (TID 353) in 6 ms on 10.0.0.215 (executor driver) (1/2)
2026-08-09 23:12:13,376 INFO spark.SparkContext: Starting job: sortByKey at BinaryClassificationMetrics.scala:189
2026-08-09 23:12:13,377 INFO executor.Executor: Running task 1.0 in stage 54.0 (TID 354)
2026-08-09 23:12:13,377 INFO spark.SparkContext: Starting job: sortByKey at BinaryClassificationMetrics.scala:189
2026-08-09 23:12:13,378 INFO scheduler.DAGScheduler: Missing parents: List()
2026-08-09 23:12:13,378 INFO scheduler.DAGScheduler: Submitting ResultStage 56 (MapPartitionsRDD[103] at filter at Metrics.scala:14), which has no missing parents
2026-08-09 23:12:13,379 INFO memory.MemoryStore: Block broadcast_70 stored as values in memory (estimated size 38.5 KiB, free 2.2 GiB)
2026-08-09 23:12:13,379 INFO memory.MemoryStore: Block broadcast_70_piece0 stored as bytes in memory (estimated size 12.1 KiB, free 2.2 GiB)
2026-08-09 23:12:13,380 INFO storage.BlockManager: Found block rdd_73_1 locally
2026-08-09 23:12:13,380 INFO storage.BlockManagerInfo: Added broadcast_70_piece0 in memory on 10.0.0.215:64239 (size: 12.1 KiB, free: 2.2 GiB)
2026-08-09 23:12:13,380 INFO executor.Executor: Finished task 1.0 in stage 54.0 (TID 354). 1662 bytes result sent to driver
2026-08-09 23:12:13,381 INFO spark.SparkContext: Created broadcast 70 from broadcast at DAGScheduler.scala:1513
2026-08-09 23:12:13,381 INFO scheduler.DAGScheduler: Submitting 2 missing tasks from ResultStage 56 (MapPartitionsRDD[103] at filter at Metrics.scala:14) (first 15 tasks are for partitions Vector(0, 1))
2026-08-09 23:12:13,381 INFO scheduler.TaskSchedulerImpl: Adding task set 56.0 with 2 tasks resource profile 0
2026-08-09 23:12:13,382 INFO scheduler.FairSchedulableBuilder: Added task set TaskSet_56.0 tasks to pool default
2026-08-09 23:12:13,382 INFO spark.SparkContext: Starting job: sortByKey at BinaryClassificationMetrics.scala:189
2026-08-09 23:12:13,382 INFO scheduler.DAGScheduler: Registering RDD 95 (map at BinaryClassificationMetrics.scala:48) as input to shuffle 12
2026-08-09 23:12:13,383 INFO scheduler.DAGScheduler: Got job 45 (sortByKey at BinaryClassificationMetrics.scala:189) with 2 output partitions
2026-08-09 23:12:13,383 INFO scheduler.DAGScheduler: Final stage: ResultStage 58 (sortByKey at BinaryClassificationMetrics.scala:189)
2026-08-09 23:12:13,383 INFO scheduler.DAGScheduler: Parents of final stage: List(ShuffleMapStage 57)
2026-08-09 23:12:13,383 INFO scheduler.DAGScheduler: Missing parents: List(ShuffleMapStage 57)
2026-08-09 23:12:13,383 INFO scheduler.TaskSetManager: Starting task 0.0 in stage 55.0 (TID 355) (10.0.0.215, executor driver, partition 0, PROCESS_LOCAL, 5028 bytes) taskResourceAssignments Map()
2026-08-09 23:12:13,384 INFO executor.Executor: Running task 0.0 in stage 55.0 (TID 355)
2026-08-09 23:12:13,384 INFO spark.SparkContext: Starting job: sortByKey at BinaryClassificationMetrics.scala:189
2026-08-09 23:12:13,384 INFO scheduler.TaskSetManager: Finished task 1.0 in stage 54.0 (TID 354) in 10 ms on 10.0.0.215 (executor driver) (2/2)
2026-08-09 23:12:13,384 INFO scheduler.TaskSchedulerImpl: Removed TaskSet 54.0, whose tasks have all completed, from pool default
2026-08-09 23:12:13,385 INFO scheduler.DAGScheduler: Submitting ShuffleMapStage 57 (MapPartitionsRDD[95] at map at BinaryClassificationMetrics.scala:48), which has no missing parents
2026-08-09 23:12:13,385 INFO storage.BlockManager: Found block rdd_76_0 locally
2026-08-09 23:12:13,385 INFO executor.Executor: Finished task 0.0 in stage 55.0 (TID 355). 1705 bytes result sent to driver
2026-08-09 23:12:13,386 INFO spark.SparkContext: Starting job: sortByKey at BinaryClassificationMetrics.scala:189
2026-08-09 23:12:13,386 INFO scheduler.TaskSetManager: Starting task 1.0 in stage 55.0 (TID 356) (10.0.0.215, executor driver, partition 1, PROCESS_LOCAL, 5028 bytes) taskResourceAssignments Map()
2026-08-09 23:12:13,386 INFO scheduler.TaskSetManager: Finished task 0.0 in stage 55.0 (TID 355) in 3 ms on 10.0.0.215 (executor driver) (1/2)
2026-08-09 23:12:13,386 INFO executor.Executor: Running task 1.0 in stage 55.0 (TID 356)
2026-08-09 23:12:13,386 INFO memory.MemoryStore: Block broadcast_71 stored as values in memory (estimated size 40.1 KiB, free 2.2 GiB)
2026-08-09 23:12:13,387 INFO memory.MemoryStore: Block broadcast_71_piece0 stored as bytes in memory (estimated size 12.7 KiB, free 2.2 GiB)
2026-08-09 23:12:13,387 INFO storage.BlockManagerInfo: Added broadcast_71_piece0 in memory on 10.0.0.215:64239 (size: 12.7 KiB, free: 2.2 GiB)
2026-08-09 23:12:13,387 INFO spark.SparkContext: Created broadcast 71 from broadcast at DAGScheduler.scala:1513
2026-08-09 23:12:13,387 INFO scheduler.DAGScheduler: Submitting 2 missing tasks from ShuffleMapStage 57 (MapPartitionsRDD[95] at map at BinaryClassificationMetrics.scala:48) (first 15 tasks are for partitions Vector(0, 1))
2026-08-09 23:12:13,387 INFO scheduler.TaskSchedulerImpl: Adding task set 57.0 with 2 tasks resource profile 0
2026-08-09 23:12:13,388 INFO scheduler.FairSchedulableBuilder: Added task set TaskSet_57.0 tasks to pool default
2026-08-09 23:12:13,388 INFO scheduler.DAGScheduler: Registering RDD 93 (map at BinaryClassificationMetrics.scala:48) as input to shuffle 13
2026-08-09 23:12:13,388 INFO scheduler.DAGScheduler: Got job 46 (sortByKey at BinaryClassificationMetrics.scala:189) with 2 output partitions
2026-08-09 23:12:13,389 INFO scheduler.DAGScheduler: Final stage: ResultStage 60 (sortByKey at BinaryClassificationMetrics.scala:189)
2026-08-09 23:12:13,389 INFO scheduler.DAGScheduler: Parents of final stage: List(ShuffleMapStage 59)
2026-08-09 23:12:13,389 INFO scheduler.DAGScheduler: Missing parents: List(ShuffleMapStage 59)
2026-08-09 23:12:13,389 INFO scheduler.DAGScheduler: Submitting ShuffleMapStage 59 (MapPartitionsRDD[93] at map at BinaryClassificationMetrics.scala:48), which has no missing parents
2026-08-09 23:12:13,390 INFO storage.BlockManager: Found block rdd_76_1 locally
2026-08-09 23:12:13,391 INFO executor.Executor: Finished task 1.0 in stage 55.0 (TID 356). 1662 bytes result sent to driver
2026-08-09 23:12:13,391 INFO scheduler.TaskSetManager: Starting task 0.0 in stage 56.0 (TID 357) (10.0.0.215, executor driver, partition 0, PROCESS_LOCAL, 5028 bytes) taskResourceAssignments Map()
2026-08-09 23:12:13,391 INFO scheduler.TaskSetManager: Finished task 1.0 in stage 55.0 (TID 356) in 5 ms on 10.0.0.215 (executor driver) (2/2)
2026-08-09 23:12:13,392 INFO scheduler.TaskSchedulerImpl: Removed TaskSet 55.0, whose tasks have all completed, from pool default
2026-08-09 23:12:13,392 INFO executor.Executor: Running task 0.0 in stage 56.0 (TID 357)
2026-08-09 23:12:13,392 INFO memory.MemoryStore: Block broadcast_72 stored as values in memory (estimated size 40.1 KiB, free 2.2 GiB)
2026-08-09 23:12:13,392 INFO memory.MemoryStore: Block broadcast_72_piece0 stored as bytes in memory (estimated size 12.7 KiB, free 2.2 GiB)
2026-08-09 23:12:13,392 INFO storage.BlockManagerInfo: Added broadcast_72_piece0 in memory on 10.0.0.215:64239 (size: 12.7 KiB, free: 2.2 GiB)
2026-08-09 23:12:13,393 INFO spark.SparkContext: Created broadcast 72 from broadcast at DAGScheduler.scala:1513
2026-08-09 23:12:13,393 INFO scheduler.DAGScheduler: Submitting 2 missing tasks from ShuffleMapStage 59 (MapPartitionsRDD[93] at map at BinaryClassificationMetrics.scala:48) (first 15 tasks are for partitions Vector(0, 1))
2026-08-09 23:12:13,393 INFO scheduler.TaskSchedulerImpl: Adding task set 59.0 with 2 tasks resource profile 0
2026-08-09 23:12:13,394 INFO scheduler.FairSchedulableBuilder: Added task set TaskSet_59.0 tasks to pool default
2026-08-09 23:12:13,394 INFO scheduler.DAGScheduler: Registering RDD 105 (map at BinaryClassificationMetrics.scala:48) as input to shuffle 14
2026-08-09 23:12:13,394 INFO scheduler.DAGScheduler: Got job 47 (sortByKey at BinaryClassificationMetrics.scala:189) with 2 output partitions
2026-08-09 23:12:13,394 INFO scheduler.DAGScheduler: Final stage: ResultStage 62 (sortByKey at BinaryClassificationMetrics.scala:189)
2026-08-09 23:12:13,394 INFO scheduler.DAGScheduler: Parents of final stage: List(ShuffleMapStage 61)
2026-08-09 23:12:13,394 INFO scheduler.DAGScheduler: Missing parents: List(ShuffleMapStage 61)
2026-08-09 23:12:13,395 INFO scheduler.DAGScheduler: Submitting ShuffleMapStage 61 (MapPartitionsRDD[105] at map at BinaryClassificationMetrics.scala:48), which has no missing parents
2026-08-09 23:12:13,395 INFO storage.BlockManager: Found block rdd_77_0 locally
2026-08-09 23:12:13,396 INFO executor.Executor: Finished task 0.0 in stage 56.0 (TID 357). 1705 bytes result sent to driver
2026-08-09 23:12:13,396 INFO scheduler.TaskSetManager: Starting task 1.0 in stage 56.0 (TID 358) (10.0.0.215, executor driver, partition 1, PROCESS_LOCAL, 5028 bytes) taskResourceAssignments Map()
2026-08-09 23:12:13,396 INFO scheduler.TaskSetManager: Finished task 0.0 in stage 56.0 (TID 357) in 5 ms on 10.0.0.215 (executor driver) (1/2)
2026-08-09 23:12:13,396 INFO executor.Executor: Running task 1.0 in stage 56.0 (TID 358)
2026-08-09 23:12:13,397 INFO memory.MemoryStore: Block broadcast_73 stored as values in memory (estimated size 40.1 KiB, free 2.2 GiB)
2026-08-09 23:12:13,397 INFO memory.MemoryStore: Block broadcast_73_piece0 stored as bytes in memory (estimated size 12.7 KiB, free 2.2 GiB)
2026-08-09 23:12:13,397 INFO storage.BlockManagerInfo: Added broadcast_73_piece0 in memory on 10.0.0.215:64239 (size: 12.7 KiB, free: 2.2 GiB)
2026-08-09 23:12:13,398 INFO spark.SparkContext: Created broadcast 73 from broadcast at DAGScheduler.scala:1513
2026-08-09 23:12:13,398 INFO storage.BlockManager: Found block rdd_77_1 locally
2026-08-09 23:12:13,399 INFO scheduler.DAGScheduler: Submitting 2 missing tasks from ShuffleMapStage 61 (MapPartitionsRDD[105] at map at BinaryClassificationMetrics.scala:48) (first 15 tasks are for partitions Vector(0, 1))
2026-08-09 23:12:13,399 INFO scheduler.TaskSchedulerImpl: Adding task set 61.0 with 2 tasks resource profile 0
2026-08-09 23:12:13,399 INFO scheduler.FairSchedulableBuilder: Added task set TaskSet_61.0 tasks to pool default
2026-08-09 23:12:13,399 INFO executor.Executor: Finished task 1.0 in stage 56.0 (TID 358). 1662 bytes result sent to driver
2026-08-09 23:12:13,399 INFO scheduler.DAGScheduler: Registering RDD 97 (map at BinaryClassificationMetrics.scala:48) as input to shuffle 15
2026-08-09 23:12:13,400 INFO scheduler.TaskSetManager: Starting task 0.0 in stage 57.0 (TID 359) (10.0.0.215, executor driver, partition 0, PROCESS_LOCAL, 5017 bytes) taskResourceAssignments Map()
2026-08-09 23:12:13,400 INFO scheduler.DAGScheduler: Got job 48 (sortByKey at BinaryClassificationMetrics.scala:189) with 2 output partitions
2026-08-09 23:12:13,400 INFO scheduler.DAGScheduler: Final stage: ResultStage 64 (sortByKey at BinaryClassificationMetrics.scala:189)
2026-08-09 23:12:13,400 INFO scheduler.DAGScheduler: Parents of final stage: List(ShuffleMapStage 63)
2026-08-09 23:12:13,400 INFO scheduler.DAGScheduler: Missing parents: List(ShuffleMapStage 63)
2026-08-09 23:12:13,400 INFO scheduler.TaskSetManager: Finished task 1.0 in stage 56.0 (TID 358) in 4 ms on 10.0.0.215 (executor driver) (2/2)
2026-08-09 23:12:13,400 INFO scheduler.TaskSchedulerImpl: Removed TaskSet 56.0, whose tasks have all completed, from pool default
2026-08-09 23:12:13,400 INFO executor.Executor: Running task 0.0 in stage 57.0 (TID 359)
2026-08-09 23:12:13,400 INFO scheduler.DAGScheduler: Submitting ShuffleMapStage 63 (MapPartitionsRDD[97] at map at BinaryClassificationMetrics.scala:48), which has no missing parents
2026-08-09 23:12:13,403 INFO memory.MemoryStore: Block broadcast_74 stored as values in memory (estimated size 40.1 KiB, free 2.2 GiB)
2026-08-09 23:12:13,403 INFO memory.MemoryStore: Block broadcast_74_piece0 stored as bytes in memory (estimated size 12.7 KiB, free 2.2 GiB)
2026-08-09 23:12:13,403 INFO storage.BlockManagerInfo: Added broadcast_74_piece0 in memory on 10.0.0.215:64239 (size: 12.7 KiB, free: 2.2 GiB)
2026-08-09 23:12:13,404 INFO spark.SparkContext: Created broadcast 74 from broadcast at DAGScheduler.scala:1513
2026-08-09 23:12:13,404 INFO scheduler.DAGScheduler: Submitting 2 missing tasks from ShuffleMapStage 63 (MapPartitionsRDD[97] at map at BinaryClassificationMetrics.scala:48) (first 15 tasks are for partitions Vector(0, 1))
2026-08-09 23:12:13,404 INFO scheduler.TaskSchedulerImpl: Adding task set 63.0 with 2 tasks resource profile 0
2026-08-09 23:12:13,404 INFO scheduler.FairSchedulableBuilder: Added task set TaskSet_63.0 tasks to pool default
2026-08-09 23:12:13,405 INFO scheduler.DAGScheduler: Registering RDD 119 (map at BinaryClassificationMetrics.scala:48) as input to shuffle 16
2026-08-09 23:12:13,405 INFO scheduler.DAGScheduler: Got job 49 (sortByKey at BinaryClassificationMetrics.scala:189) with 2 output partitions
2026-08-09 23:12:13,405 INFO scheduler.DAGScheduler: Final stage: ResultStage 66 (sortByKey at BinaryClassificationMetrics.scala:189)
2026-08-09 23:12:13,405 INFO scheduler.DAGScheduler: Parents of final stage: List(ShuffleMapStage 65)
2026-08-09 23:12:13,405 INFO scheduler.DAGScheduler: Missing parents: List(ShuffleMapStage 65)
2026-08-09 23:12:13,406 INFO scheduler.DAGScheduler: Submitting ShuffleMapStage 65 (MapPartitionsRDD[119] at map at BinaryClassificationMetrics.scala:48), which has no missing parents
2026-08-09 23:12:13,407 INFO memory.MemoryStore: Block broadcast_75 stored as values in memory (estimated size 40.1 KiB, free 2.2 GiB)
2026-08-09 23:12:13,408 INFO memory.MemoryStore: Block broadcast_75_piece0 stored as bytes in memory (estimated size 12.7 KiB, free 2.2 GiB)
2026-08-09 23:12:13,408 INFO storage.BlockManagerInfo: Added broadcast_75_piece0 in memory on 10.0.0.215:64239 (size: 12.7 KiB, free: 2.2 GiB)
2026-08-09 23:12:13,408 INFO spark.SparkContext: Created broadcast 75 from broadcast at DAGScheduler.scala:1513
2026-08-09 23:12:13,409 INFO scheduler.DAGScheduler: Submitting 2 missing tasks from ShuffleMapStage 65 (MapPartitionsRDD[119] at map at BinaryClassificationMetrics.scala:48) (first 15 tasks are for partitions Vector(0, 1))
2026-08-09 23:12:13,409 INFO scheduler.TaskSchedulerImpl: Adding task set 65.0 with 2 tasks resource profile 0
2026-08-09 23:12:13,409 INFO scheduler.FairSchedulableBuilder: Added task set TaskSet_65.0 tasks to pool default
2026-08-09 23:12:13,410 INFO scheduler.DAGScheduler: ResultStage 54 (count at Metrics.scala:14) finished in 0.077 s
2026-08-09 23:12:13,410 INFO scheduler.DAGScheduler: Job 42 is finished. Cancelling potential speculative or zombie tasks for this job
2026-08-09 23:12:13,410 INFO scheduler.TaskSchedulerImpl: Killing all running tasks in stage 54: Stage finished
2026-08-09 23:12:13,410 INFO scheduler.DAGScheduler: Job 42 finished: count at Metrics.scala:14, took 0.079207 s
2026-08-09 23:12:13,410 INFO scheduler.DAGScheduler: Registering RDD 108 (map at BinaryClassificationMetrics.scala:48) as input to shuffle 17
2026-08-09 23:12:13,410 INFO scheduler.DAGScheduler: Got job 50 (sortByKey at BinaryClassificationMetrics.scala:189) with 2 output partitions
2026-08-09 23:12:13,410 INFO scheduler.DAGScheduler: Final stage: ResultStage 68 (sortByKey at BinaryClassificationMetrics.scala:189)
2026-08-09 23:12:13,410 INFO scheduler.DAGScheduler: Parents of final stage: List(ShuffleMapStage 67)
2026-08-09 23:12:13,411 INFO scheduler.DAGScheduler: Missing parents: List(ShuffleMapStage 67)
2026-08-09 23:12:13,411 INFO storage.BlockManager: Found block rdd_63_0 locally
2026-08-09 23:12:13,411 INFO scheduler.DAGScheduler: Submitting ShuffleMapStage 67 (MapPartitionsRDD[108] at map at BinaryClassificationMetrics.scala:48), which has no missing parents
2026-08-09 23:12:13,413 INFO memory.MemoryStore: Block broadcast_76 stored as values in memory (estimated size 40.1 KiB, free 2.2 GiB)
2026-08-09 23:12:13,414 INFO memory.MemoryStore: Block broadcast_76_piece0 stored as bytes in memory (estimated size 12.7 KiB, free 2.2 GiB)
2026-08-09 23:12:13,414 INFO storage.BlockManagerInfo: Added broadcast_76_piece0 in memory on 10.0.0.215:64239 (size: 12.7 KiB, free: 2.2 GiB)
2026-08-09 23:12:13,414 INFO spark.SparkContext: Created broadcast 76 from broadcast at DAGScheduler.scala:1513
2026-08-09 23:12:13,415 INFO scheduler.DAGScheduler: Submitting 2 missing tasks from ShuffleMapStage 67 (MapPartitionsRDD[108] at map at BinaryClassificationMetrics.scala:48) (first 15 tasks are for partitions Vector(0, 1))
2026-08-09 23:12:13,415 INFO scheduler.TaskSchedulerImpl: Adding task set 67.0 with 2 tasks resource profile 0
2026-08-09 23:12:13,415 INFO scheduler.FairSchedulableBuilder: Added task set TaskSet_67.0 tasks to pool default
2026-08-09 23:12:13,416 INFO scheduler.DAGScheduler: ResultStage 55 (count at Metrics.scala:14) finished in 0.066 s
2026-08-09 23:12:13,416 INFO scheduler.DAGScheduler: Job 43 is finished. Cancelling potential speculative or zombie tasks for this job
2026-08-09 23:12:13,416 INFO scheduler.TaskSchedulerImpl: Killing all running tasks in stage 55: Stage finished
2026-08-09 23:12:13,416 INFO scheduler.DAGScheduler: Job 43 finished: count at Metrics.scala:14, took 0.067238 s
2026-08-09 23:12:13,417 INFO scheduler.DAGScheduler: ResultStage 56 (count at Metrics.scala:14) finished in 0.039 s
2026-08-09 23:12:13,417 INFO scheduler.DAGScheduler: Job 44 is finished. Cancelling potential speculative or zombie tasks for this job
2026-08-09 23:12:13,417 INFO scheduler.TaskSchedulerImpl: Killing all running tasks in stage 56: Stage finished
2026-08-09 23:12:13,417 INFO scheduler.DAGScheduler: Job 44 finished: count at Metrics.scala:14, took 0.044118 s
2026-08-09 23:12:13,422 INFO spark.SparkContext: Starting job: sortByKey at BinaryClassificationMetrics.scala:189
2026-08-09 23:12:13,423 INFO scheduler.DAGScheduler: Registering RDD 124 (map at BinaryClassificationMetrics.scala:48) as input to shuffle 18
2026-08-09 23:12:13,423 INFO scheduler.DAGScheduler: Got job 51 (sortByKey at BinaryClassificationMetrics.scala:189) with 2 output partitions
2026-08-09 23:12:13,423 INFO scheduler.DAGScheduler: Final stage: ResultStage 70 (sortByKey at BinaryClassificationMetrics.scala:189)
2026-08-09 23:12:13,423 INFO scheduler.DAGScheduler: Parents of final stage: List(ShuffleMapStage 69)
2026-08-09 23:12:13,423 INFO scheduler.DAGScheduler: Missing parents: List(ShuffleMapStage 69)
2026-08-09 23:12:13,424 INFO scheduler.DAGScheduler: Submitting ShuffleMapStage 69 (MapPartitionsRDD[124] at map at BinaryClassificationMetrics.scala:48), which has no missing parents
2026-08-09 23:12:13,427 INFO memory.MemoryStore: Block broadcast_77 stored as values in memory (estimated size 40.1 KiB, free 2.2 GiB)
2026-08-09 23:12:13,427 INFO memory.MemoryStore: Block broadcast_77_piece0 stored as bytes in memory (estimated size 12.7 KiB, free 2.2 GiB)
2026-08-09 23:12:13,428 INFO storage.BlockManagerInfo: Added broadcast_77_piece0 in memory on 10.0.0.215:64239 (size: 12.7 KiB, free: 2.2 GiB)
2026-08-09 23:12:13,428 INFO spark.SparkContext: Created broadcast 77 from broadcast at DAGScheduler.scala:1513
2026-08-09 23:12:13,429 INFO scheduler.DAGScheduler: Submitting 2 missing tasks from ShuffleMapStage 69 (MapPartitionsRDD[124] at map at BinaryClassificationMetrics.scala:48) (first 15 tasks are for partitions Vector(0, 1))
2026-08-09 23:12:13,429 INFO scheduler.TaskSchedulerImpl: Adding task set 69.0 with 2 tasks resource profile 0
2026-08-09 23:12:13,429 INFO scheduler.FairSchedulableBuilder: Added task set TaskSet_69.0 tasks to pool default
2026-08-09 23:12:13,431 INFO spark.SparkContext: Starting job: sortByKey at BinaryClassificationMetrics.scala:189
2026-08-09 23:12:13,431 INFO scheduler.DAGScheduler: Registering RDD 131 (map at BinaryClassificationMetrics.scala:48) as input to shuffle 19
2026-08-09 23:12:13,431 INFO scheduler.DAGScheduler: Got job 52 (sortByKey at BinaryClassificationMetrics.scala:189) with 2 output partitions
2026-08-09 23:12:13,432 INFO scheduler.DAGScheduler: Final stage: ResultStage 72 (sortByKey at BinaryClassificationMetrics.scala:189)
2026-08-09 23:12:13,432 INFO scheduler.DAGScheduler: Parents of final stage: List(ShuffleMapStage 71)
2026-08-09 23:12:13,432 INFO scheduler.DAGScheduler: Missing parents: List(ShuffleMapStage 71)
2026-08-09 23:12:13,432 INFO scheduler.DAGScheduler: Submitting ShuffleMapStage 71 (MapPartitionsRDD[131] at map at BinaryClassificationMetrics.scala:48), which has no missing parents
2026-08-09 23:12:13,433 INFO spark.SparkContext: Starting job: sortByKey at BinaryClassificationMetrics.scala:189
2026-08-09 23:12:13,435 INFO memory.MemoryStore: Block broadcast_78 stored as values in memory (estimated size 40.1 KiB, free 2.2 GiB)
2026-08-09 23:12:13,435 INFO executor.Executor: Finished task 0.0 in stage 57.0 (TID 359). 2033 bytes result sent to driver
2026-08-09 23:12:13,436 INFO memory.MemoryStore: Block broadcast_78_piece0 stored as bytes in memory (estimated size 12.7 KiB, free 2.2 GiB)
2026-08-09 23:12:13,436 INFO storage.BlockManagerInfo: Added broadcast_78_piece0 in memory on 10.0.0.215:64239 (size: 12.7 KiB, free: 2.2 GiB)
2026-08-09 23:12:13,436 INFO scheduler.TaskSetManager: Starting task 1.0 in stage 57.0 (TID 360) (10.0.0.215, executor driver, partition 1, PROCESS_LOCAL, 5017 bytes) taskResourceAssignments Map()
2026-08-09 23:12:13,437 INFO spark.SparkContext: Created broadcast 78 from broadcast at DAGScheduler.scala:1513
2026-08-09 23:12:13,437 INFO scheduler.TaskSetManager: Finished task 0.0 in stage 57.0 (TID 359) in 38 ms on 10.0.0.215 (executor driver) (1/2)
2026-08-09 23:12:13,437 INFO executor.Executor: Running task 1.0 in stage 57.0 (TID 360)
2026-08-09 23:12:13,437 INFO scheduler.DAGScheduler: Submitting 2 missing tasks from ShuffleMapStage 71 (MapPartitionsRDD[131] at map at BinaryClassificationMetrics.scala:48) (first 15 tasks are for partitions Vector(0, 1))
2026-08-09 23:12:13,437 INFO scheduler.TaskSchedulerImpl: Adding task set 71.0 with 2 tasks resource profile 0
2026-08-09 23:12:13,437 INFO scheduler.FairSchedulableBuilder: Added task set TaskSet_71.0 tasks to pool default
2026-08-09 23:12:13,438 INFO scheduler.DAGScheduler: Registering RDD 130 (map at BinaryClassificationMetrics.scala:48) as input to shuffle 20
2026-08-09 23:12:13,438 INFO scheduler.DAGScheduler: Got job 53 (sortByKey at BinaryClassificationMetrics.scala:189) with 2 output partitions
2026-08-09 23:12:13,438 INFO scheduler.DAGScheduler: Final stage: ResultStage 74 (sortByKey at BinaryClassificationMetrics.scala:189)
2026-08-09 23:12:13,438 INFO scheduler.DAGScheduler: Parents of final stage: List(ShuffleMapStage 73)
2026-08-09 23:12:13,438 INFO scheduler.DAGScheduler: Missing parents: List(ShuffleMapStage 73)
2026-08-09 23:12:13,439 INFO scheduler.DAGScheduler: Submitting ShuffleMapStage 73 (MapPartitionsRDD[130] at map at BinaryClassificationMetrics.scala:48), which has no missing parents
2026-08-09 23:12:13,439 INFO storage.BlockManager: Found block rdd_63_1 locally
2026-08-09 23:12:13,442 INFO memory.MemoryStore: Block broadcast_79 stored as values in memory (estimated size 40.1 KiB, free 2.2 GiB)
2026-08-09 23:12:13,442 INFO memory.MemoryStore: Block broadcast_79_piece0 stored as bytes in memory (estimated size 12.7 KiB, free 2.2 GiB)
2026-08-09 23:12:13,442 INFO executor.Executor: Finished task 1.0 in stage 57.0 (TID 360). 1904 bytes result sent to driver
2026-08-09 23:12:13,442 INFO storage.BlockManagerInfo: Added broadcast_79_piece0 in memory on 10.0.0.215:64239 (size: 12.7 KiB, free: 2.2 GiB)
2026-08-09 23:12:13,443 INFO spark.SparkContext: Created broadcast 79 from broadcast at DAGScheduler.scala:1513
2026-08-09 23:12:13,443 INFO scheduler.TaskSetManager: Starting task 0.0 in stage 59.0 (TID 361) (10.0.0.215, executor driver, partition 0, PROCESS_LOCAL, 5017 bytes) taskResourceAssignments Map()
2026-08-09 23:12:13,443 INFO scheduler.TaskSetManager: Finished task 1.0 in stage 57.0 (TID 360) in 7 ms on 10.0.0.215 (executor driver) (2/2)
2026-08-09 23:12:13,443 INFO executor.Executor: Running task 0.0 in stage 59.0 (TID 361)
2026-08-09 23:12:13,443 INFO scheduler.TaskSchedulerImpl: Removed TaskSet 57.0, whose tasks have all completed, from pool default
2026-08-09 23:12:13,443 INFO scheduler.DAGScheduler: Submitting 2 missing tasks from ShuffleMapStage 73 (MapPartitionsRDD[130] at map at BinaryClassificationMetrics.scala:48) (first 15 tasks are for partitions Vector(0, 1))
2026-08-09 23:12:13,443 INFO scheduler.TaskSchedulerImpl: Adding task set 73.0 with 2 tasks resource profile 0
2026-08-09 23:12:13,443 INFO scheduler.FairSchedulableBuilder: Added task set TaskSet_73.0 tasks to pool default
2026-08-09 23:12:13,444 INFO scheduler.DAGScheduler: ShuffleMapStage 57 (map at BinaryClassificationMetrics.scala:48) finished in 0.059 s
2026-08-09 23:12:13,444 INFO scheduler.DAGScheduler: looking for newly runnable stages
2026-08-09 23:12:13,444 INFO scheduler.DAGScheduler: running: Set(ResultStage 45, ShuffleMapStage 63, ResultStage 52, ShuffleMapStage 67, ResultStage 53, ShuffleMapStage 71, ShuffleMapStage 69, ShuffleMapStage 61, ShuffleMapStage 73, ShuffleMapStage 65, ShuffleMapStage 59)
2026-08-09 23:12:13,444 INFO scheduler.DAGScheduler: waiting: Set(ResultStage 66, ResultStage 60, ResultStage 70, ResultStage 64, ResultStage 74, ResultStage 68, ResultStage 72, ResultStage 58, ResultStage 62)
2026-08-09 23:12:13,444 INFO scheduler.DAGScheduler: failed: Set()
2026-08-09 23:12:13,445 INFO scheduler.DAGScheduler: Submitting ResultStage 58 (MapPartitionsRDD[109] at sortByKey at BinaryClassificationMetrics.scala:189), which has no missing parents
2026-08-09 23:12:13,446 INFO memory.MemoryStore: Block broadcast_80 stored as values in memory (estimated size 6.7 KiB, free 2.2 GiB)
2026-08-09 23:12:13,446 INFO storage.BlockManager: Found block rdd_61_0 locally
2026-08-09 23:12:13,446 INFO memory.MemoryStore: Block broadcast_80_piece0 stored as bytes in memory (estimated size 3.4 KiB, free 2.2 GiB)
2026-08-09 23:12:13,447 INFO storage.BlockManagerInfo: Added broadcast_80_piece0 in memory on 10.0.0.215:64239 (size: 3.4 KiB, free: 2.2 GiB)
2026-08-09 23:12:13,447 INFO spark.SparkContext: Created broadcast 80 from broadcast at DAGScheduler.scala:1513
2026-08-09 23:12:13,447 INFO scheduler.DAGScheduler: Submitting 2 missing tasks from ResultStage 58 (MapPartitionsRDD[109] at sortByKey at BinaryClassificationMetrics.scala:189) (first 15 tasks are for partitions Vector(0, 1))
2026-08-09 23:12:13,447 INFO scheduler.TaskSchedulerImpl: Adding task set 58.0 with 2 tasks resource profile 0
2026-08-09 23:12:13,448 INFO scheduler.FairSchedulableBuilder: Added task set TaskSet_58.0 tasks to pool default
2026-08-09 23:12:13,453 INFO executor.Executor: Finished task 0.0 in stage 59.0 (TID 361). 2033 bytes result sent to driver
2026-08-09 23:12:13,454 INFO scheduler.TaskSetManager: Starting task 0.0 in stage 58.0 (TID 362) (10.0.0.215, executor driver, partition 0, NODE_LOCAL, 4271 bytes) taskResourceAssignments Map()
2026-08-09 23:12:13,454 INFO scheduler.TaskSetManager: Finished task 0.0 in stage 59.0 (TID 361) in 11 ms on 10.0.0.215 (executor driver) (1/2)
2026-08-09 23:12:13,454 INFO executor.Executor: Running task 0.0 in stage 58.0 (TID 362)
2026-08-09 23:12:13,459 INFO storage.ShuffleBlockFetcherIterator: Getting 1 (445.0 B) non-empty blocks including 1 (445.0 B) local and 0 (0.0 B) host-local and 0 (0.0 B) push-merged-local and 0 (0.0 B) remote blocks
2026-08-09 23:12:13,459 INFO storage.ShuffleBlockFetcherIterator: Started 0 remote fetches in 0 ms
2026-08-09 23:12:13,463 INFO memory.MemoryStore: Block rdd_87_0 stored as values in memory (estimated size 35.2 KiB, free 2.2 GiB)
2026-08-09 23:12:13,463 INFO storage.BlockManagerInfo: Added rdd_87_0 in memory on 10.0.0.215:64239 (size: 35.2 KiB, free: 2.2 GiB)
2026-08-09 23:12:13,464 INFO executor.Executor: Finished task 0.0 in stage 52.0 (TID 350). 1748 bytes result sent to driver
2026-08-09 23:12:13,465 INFO executor.Executor: Finished task 0.0 in stage 58.0 (TID 362). 1588 bytes result sent to driver
2026-08-09 23:12:13,465 INFO scheduler.TaskSetManager: Starting task 1.0 in stage 52.0 (TID 363) (10.0.0.215, executor driver, partition 1, PROCESS_LOCAL, 5028 bytes) taskResourceAssignments Map()
2026-08-09 23:12:13,465 INFO executor.Executor: Running task 1.0 in stage 52.0 (TID 363)
2026-08-09 23:12:13,465 INFO scheduler.TaskSetManager: Starting task 1.0 in stage 58.0 (TID 364) (10.0.0.215, executor driver, partition 1, NODE_LOCAL, 4271 bytes) taskResourceAssignments Map()
2026-08-09 23:12:13,465 INFO scheduler.TaskSetManager: Finished task 0.0 in stage 52.0 (TID 350) in 105 ms on 10.0.0.215 (executor driver) (1/2)
2026-08-09 23:12:13,465 INFO executor.Executor: Running task 1.0 in stage 58.0 (TID 364)
2026-08-09 23:12:13,465 INFO scheduler.TaskSetManager: Finished task 0.0 in stage 58.0 (TID 362) in 11 ms on 10.0.0.215 (executor driver) (1/2)
2026-08-09 23:12:13,467 INFO storage.BlockManager: Found block rdd_17_1 locally
2026-08-09 23:12:13,468 INFO memory.MemoryStore: Block rdd_87_1 stored as values in memory (estimated size 16.0 B, free 2.2 GiB)
2026-08-09 23:12:13,468 INFO storage.ShuffleBlockFetcherIterator: Getting 1 (405.0 B) non-empty blocks including 1 (405.0 B) local and 0 (0.0 B) host-local and 0 (0.0 B) push-merged-local and 0 (0.0 B) remote blocks
2026-08-09 23:12:13,468 INFO storage.ShuffleBlockFetcherIterator: Started 0 remote fetches in 0 ms
2026-08-09 23:12:13,468 INFO storage.BlockManagerInfo: Added rdd_87_1 in memory on 10.0.0.215:64239 (size: 16.0 B, free: 2.2 GiB)
2026-08-09 23:12:13,468 INFO executor.Executor: Finished task 1.0 in stage 58.0 (TID 364). 1529 bytes result sent to driver
2026-08-09 23:12:13,468 INFO executor.Executor: Finished task 1.0 in stage 52.0 (TID 363). 1705 bytes result sent to driver
2026-08-09 23:12:13,469 INFO scheduler.TaskSetManager: Starting task 1.0 in stage 59.0 (TID 365) (10.0.0.215, executor driver, partition 1, PROCESS_LOCAL, 5017 bytes) taskResourceAssignments Map()
2026-08-09 23:12:13,469 INFO executor.Executor: Running task 1.0 in stage 59.0 (TID 365)
2026-08-09 23:12:13,469 INFO scheduler.TaskSetManager: Starting task 0.0 in stage 61.0 (TID 366) (10.0.0.215, executor driver, partition 0, PROCESS_LOCAL, 5017 bytes) taskResourceAssignments Map()
2026-08-09 23:12:13,469 INFO executor.Executor: Running task 0.0 in stage 61.0 (TID 366)
2026-08-09 23:12:13,469 INFO scheduler.TaskSetManager: Finished task 1.0 in stage 52.0 (TID 363) in 4 ms on 10.0.0.215 (executor driver) (2/2)
2026-08-09 23:12:13,469 INFO scheduler.TaskSchedulerImpl: Removed TaskSet 52.0, whose tasks have all completed, from pool default
2026-08-09 23:12:13,469 INFO scheduler.TaskSetManager: Finished task 1.0 in stage 58.0 (TID 364) in 4 ms on 10.0.0.215 (executor driver) (2/2)
2026-08-09 23:12:13,469 INFO scheduler.TaskSchedulerImpl: Removed TaskSet 58.0, whose tasks have all completed, from pool default
2026-08-09 23:12:13,469 INFO scheduler.DAGScheduler: ResultStage 52 (count at Metrics.scala:12) finished in 0.201 s
2026-08-09 23:12:13,470 INFO scheduler.DAGScheduler: Job 40 is finished. Cancelling potential speculative or zombie tasks for this job
2026-08-09 23:12:13,470 INFO scheduler.TaskSchedulerImpl: Killing all running tasks in stage 52: Stage finished
2026-08-09 23:12:13,470 INFO scheduler.DAGScheduler: Job 40 finished: count at Metrics.scala:12, took 0.205024 s
2026-08-09 23:12:13,470 INFO scheduler.DAGScheduler: ResultStage 58 (sortByKey at BinaryClassificationMetrics.scala:189) finished in 0.025 s
2026-08-09 23:12:13,470 INFO scheduler.DAGScheduler: Job 45 is finished. Cancelling potential speculative or zombie tasks for this job
2026-08-09 23:12:13,470 INFO scheduler.TaskSchedulerImpl: Killing all running tasks in stage 58: Stage finished
2026-08-09 23:12:13,470 INFO scheduler.DAGScheduler: Job 45 finished: sortByKey at BinaryClassificationMetrics.scala:189, took 0.094674 s
2026-08-09 23:12:13,471 INFO storage.BlockManager: Found block rdd_69_0 locally
2026-08-09 23:12:13,472 INFO memory.MemoryStore: Block rdd_79_0 stored as values in memory (estimated size 35.2 KiB, free 2.2 GiB)
2026-08-09 23:12:13,472 INFO storage.BlockManagerInfo: Added rdd_79_0 in memory on 10.0.0.215:64239 (size: 35.2 KiB, free: 2.2 GiB)
2026-08-09 23:12:13,472 INFO storage.BlockManager: Found block rdd_61_1 locally
2026-08-09 23:12:13,473 INFO executor.Executor: Finished task 1.0 in stage 59.0 (TID 365). 1904 bytes result sent to driver
2026-08-09 23:12:13,474 INFO executor.Executor: Finished task 0.0 in stage 45.0 (TID 335). 1791 bytes result sent to driver
2026-08-09 23:12:13,474 INFO scheduler.TaskSetManager: Starting task 0.0 in stage 63.0 (TID 367) (10.0.0.215, executor driver, partition 0, PROCESS_LOCAL, 5017 bytes) taskResourceAssignments Map()
2026-08-09 23:12:13,475 INFO scheduler.TaskSetManager: Starting task 1.0 in stage 45.0 (TID 368) (10.0.0.215, executor driver, partition 1, PROCESS_LOCAL, 5028 bytes) taskResourceAssignments Map()
2026-08-09 23:12:13,475 INFO executor.Executor: Running task 0.0 in stage 63.0 (TID 367)
2026-08-09 23:12:13,475 INFO scheduler.TaskSetManager: Finished task 0.0 in stage 45.0 (TID 335) in 193 ms on 10.0.0.215 (executor driver) (1/2)
2026-08-09 23:12:13,475 INFO executor.Executor: Finished task 0.0 in stage 61.0 (TID 366). 2033 bytes result sent to driver
2026-08-09 23:12:13,475 INFO executor.Executor: Running task 1.0 in stage 45.0 (TID 368)
2026-08-09 23:12:13,475 INFO scheduler.TaskSetManager: Starting task 1.0 in stage 61.0 (TID 369) (10.0.0.215, executor driver, partition 1, PROCESS_LOCAL, 5017 bytes) taskResourceAssignments Map()
2026-08-09 23:12:13,476 INFO spark.SparkContext: Starting job: count at Metrics.scala:14
2026-08-09 23:12:13,476 INFO scheduler.TaskSetManager: Finished task 1.0 in stage 59.0 (TID 365) in 7 ms on 10.0.0.215 (executor driver) (2/2)
2026-08-09 23:12:13,476 INFO scheduler.TaskSchedulerImpl: Removed TaskSet 59.0, whose tasks have all completed, from pool default
2026-08-09 23:12:13,476 INFO executor.Executor: Running task 1.0 in stage 61.0 (TID 369)
2026-08-09 23:12:13,477 INFO scheduler.DAGScheduler: Got job 54 (count at Metrics.scala:14) with 2 output partitions
2026-08-09 23:12:13,477 INFO scheduler.DAGScheduler: Final stage: ResultStage 75 (count at Metrics.scala:14)
2026-08-09 23:12:13,477 INFO scheduler.DAGScheduler: Parents of final stage: List()
2026-08-09 23:12:13,481 INFO scheduler.TaskSetManager: Finished task 0.0 in stage 61.0 (TID 366) in 12 ms on 10.0.0.215 (executor driver) (1/2)
2026-08-09 23:12:13,482 INFO scheduler.DAGScheduler: Missing parents: List()
2026-08-09 23:12:13,482 INFO scheduler.DAGScheduler: Submitting ResultStage 75 (MapPartitionsRDD[138] at filter at Metrics.scala:14), which has no missing parents
2026-08-09 23:12:13,482 INFO storage.BlockManager: Found block rdd_65_0 locally
2026-08-09 23:12:13,482 INFO storage.BlockManager: Found block rdd_69_1 locally
2026-08-09 23:12:13,483 INFO memory.MemoryStore: Block broadcast_81 stored as values in memory (estimated size 38.5 KiB, free 2.2 GiB)
2026-08-09 23:12:13,483 INFO memory.MemoryStore: Block broadcast_81_piece0 stored as bytes in memory (estimated size 12.1 KiB, free 2.2 GiB)
2026-08-09 23:12:13,483 INFO executor.Executor: Finished task 1.0 in stage 61.0 (TID 369). 1904 bytes result sent to driver
2026-08-09 23:12:13,483 INFO storage.BlockManagerInfo: Added broadcast_81_piece0 in memory on 10.0.0.215:64239 (size: 12.1 KiB, free: 2.2 GiB)
2026-08-09 23:12:13,483 INFO storage.BlockManager: Found block rdd_17_1 locally
2026-08-09 23:12:13,484 INFO memory.MemoryStore: Block rdd_79_1 stored as values in memory (estimated size 16.0 B, free 2.2 GiB)
2026-08-09 23:12:13,484 INFO spark.SparkContext: Created broadcast 81 from broadcast at DAGScheduler.scala:1513
2026-08-09 23:12:13,484 INFO storage.BlockManagerInfo: Removed broadcast_61_piece0 on 10.0.0.215:64239 in memory (size: 12.1 KiB, free: 2.2 GiB)
2026-08-09 23:12:13,484 INFO storage.BlockManagerInfo: Added rdd_79_1 in memory on 10.0.0.215:64239 (size: 16.0 B, free: 2.2 GiB)
2026-08-09 23:12:13,484 INFO scheduler.TaskSetManager: Starting task 0.0 in stage 65.0 (TID 370) (10.0.0.215, executor driver, partition 0, PROCESS_LOCAL, 5017 bytes) taskResourceAssignments Map()
2026-08-09 23:12:13,484 INFO scheduler.DAGScheduler: Submitting 2 missing tasks from ResultStage 75 (MapPartitionsRDD[138] at filter at Metrics.scala:14) (first 15 tasks are for partitions Vector(0, 1))
2026-08-09 23:12:13,485 INFO scheduler.TaskSchedulerImpl: Adding task set 75.0 with 2 tasks resource profile 0
2026-08-09 23:12:13,485 INFO executor.Executor: Running task 0.0 in stage 65.0 (TID 370)
2026-08-09 23:12:13,485 INFO scheduler.FairSchedulableBuilder: Added task set TaskSet_75.0 tasks to pool default
2026-08-09 23:12:13,486 INFO scheduler.TaskSetManager: Finished task 1.0 in stage 61.0 (TID 369) in 11 ms on 10.0.0.215 (executor driver) (2/2)
2026-08-09 23:12:13,486 INFO scheduler.TaskSchedulerImpl: Removed TaskSet 61.0, whose tasks have all completed, from pool default
2026-08-09 23:12:13,486 INFO scheduler.DAGScheduler: ShuffleMapStage 59 (map at BinaryClassificationMetrics.scala:48) finished in 0.096 s
2026-08-09 23:12:13,486 INFO scheduler.DAGScheduler: looking for newly runnable stages
2026-08-09 23:12:13,486 INFO scheduler.DAGScheduler: running: Set(ResultStage 45, ShuffleMapStage 63, ShuffleMapStage 67, ResultStage 53, ShuffleMapStage 71, ResultStage 75, ShuffleMapStage 69, ShuffleMapStage 61, ShuffleMapStage 73, ShuffleMapStage 65)
2026-08-09 23:12:13,486 INFO scheduler.DAGScheduler: waiting: Set(ResultStage 66, ResultStage 60, ResultStage 70, ResultStage 64, ResultStage 74, ResultStage 68, ResultStage 72, ResultStage 62)
2026-08-09 23:12:13,486 INFO scheduler.DAGScheduler: failed: Set()
2026-08-09 23:12:13,486 INFO executor.Executor: Finished task 1.0 in stage 45.0 (TID 368). 1748 bytes result sent to driver
2026-08-09 23:12:13,487 INFO storage.BlockManagerInfo: Removed broadcast_60_piece0 on 10.0.0.215:64239 in memory (size: 12.1 KiB, free: 2.2 GiB)
2026-08-09 23:12:13,487 INFO scheduler.DAGScheduler: Submitting ResultStage 60 (MapPartitionsRDD[110] at sortByKey at BinaryClassificationMetrics.scala:189), which has no missing parents
2026-08-09 23:12:13,487 INFO scheduler.TaskSetManager: Starting task 0.0 in stage 67.0 (TID 371) (10.0.0.215, executor driver, partition 0, PROCESS_LOCAL, 5017 bytes) taskResourceAssignments Map()
2026-08-09 23:12:13,487 INFO scheduler.TaskSetManager: Finished task 1.0 in stage 45.0 (TID 368) in 13 ms on 10.0.0.215 (executor driver) (2/2)
2026-08-09 23:12:13,488 INFO scheduler.TaskSchedulerImpl: Removed TaskSet 45.0, whose tasks have all completed, from pool default
2026-08-09 23:12:13,488 INFO executor.Executor: Running task 0.0 in stage 67.0 (TID 371)
2026-08-09 23:12:13,488 INFO memory.MemoryStore: Block broadcast_82 stored as values in memory (estimated size 6.7 KiB, free 2.2 GiB)
2026-08-09 23:12:13,488 INFO memory.MemoryStore: Block broadcast_82_piece0 stored as bytes in memory (estimated size 3.4 KiB, free 2.2 GiB)
2026-08-09 23:12:13,488 INFO storage.BlockManagerInfo: Added broadcast_82_piece0 in memory on 10.0.0.215:64239 (size: 3.4 KiB, free: 2.2 GiB)
2026-08-09 23:12:13,489 INFO executor.Executor: Finished task 0.0 in stage 63.0 (TID 367). 2076 bytes result sent to driver
2026-08-09 23:12:13,489 INFO storage.BlockManager: Found block rdd_71_0 locally
2026-08-09 23:12:13,489 INFO spark.SparkContext: Created broadcast 82 from broadcast at DAGScheduler.scala:1513
2026-08-09 23:12:13,489 INFO scheduler.TaskSetManager: Starting task 1.0 in stage 63.0 (TID 372) (10.0.0.215, executor driver, partition 1, PROCESS_LOCAL, 5017 bytes) taskResourceAssignments Map()
2026-08-09 23:12:13,489 INFO storage.BlockManager: Found block rdd_67_0 locally
2026-08-09 23:12:13,489 INFO scheduler.DAGScheduler: Submitting 2 missing tasks from ResultStage 60 (MapPartitionsRDD[110] at sortByKey at BinaryClassificationMetrics.scala:189) (first 15 tasks are for partitions Vector(0, 1))
2026-08-09 23:12:13,489 INFO scheduler.TaskSchedulerImpl: Adding task set 60.0 with 2 tasks resource profile 0
2026-08-09 23:12:13,489 INFO executor.Executor: Running task 1.0 in stage 63.0 (TID 372)
2026-08-09 23:12:13,490 INFO scheduler.FairSchedulableBuilder: Added task set TaskSet_60.0 tasks to pool default
2026-08-09 23:12:13,490 INFO scheduler.DAGScheduler: ShuffleMapStage 61 (map at BinaryClassificationMetrics.scala:48) finished in 0.095 s
2026-08-09 23:12:13,491 INFO scheduler.DAGScheduler: looking for newly runnable stages
2026-08-09 23:12:13,491 INFO scheduler.DAGScheduler: running: Set(ResultStage 45, ShuffleMapStage 63, ResultStage 60, ShuffleMapStage 67, ResultStage 53, ShuffleMapStage 71, ResultStage 75, ShuffleMapStage 69, ShuffleMapStage 73, ShuffleMapStage 65)
2026-08-09 23:12:13,491 INFO scheduler.DAGScheduler: waiting: Set(ResultStage 66, ResultStage 70, ResultStage 64, ResultStage 74, ResultStage 68, ResultStage 72, ResultStage 62)
2026-08-09 23:12:13,491 INFO scheduler.DAGScheduler: failed: Set()
2026-08-09 23:12:13,492 INFO scheduler.TaskSetManager: Finished task 0.0 in stage 63.0 (TID 367) in 18 ms on 10.0.0.215 (executor driver) (1/2)
2026-08-09 23:12:13,492 INFO scheduler.DAGScheduler: Submitting ResultStage 62 (MapPartitionsRDD[114] at sortByKey at BinaryClassificationMetrics.scala:189), which has no missing parents
2026-08-09 23:12:13,492 INFO storage.BlockManagerInfo: Removed broadcast_54_piece0 on 10.0.0.215:64239 in memory (size: 12.0 KiB, free: 2.2 GiB)
2026-08-09 23:12:13,492 INFO memory.MemoryStore: Block broadcast_83 stored as values in memory (estimated size 6.7 KiB, free 2.2 GiB)
2026-08-09 23:12:13,493 INFO storage.BlockManager: Found block rdd_65_1 locally
2026-08-09 23:12:13,493 INFO memory.MemoryStore: Block broadcast_83_piece0 stored as bytes in memory (estimated size 3.4 KiB, free 2.2 GiB)
2026-08-09 23:12:13,493 INFO storage.BlockManagerInfo: Added broadcast_83_piece0 in memory on 10.0.0.215:64239 (size: 3.4 KiB, free: 2.2 GiB)
2026-08-09 23:12:13,494 INFO executor.Executor: Finished task 0.0 in stage 65.0 (TID 370). 2033 bytes result sent to driver
2026-08-09 23:12:13,494 INFO spark.SparkContext: Created broadcast 83 from broadcast at DAGScheduler.scala:1513
2026-08-09 23:12:13,494 INFO executor.Executor: Finished task 1.0 in stage 63.0 (TID 372). 1904 bytes result sent to driver
2026-08-09 23:12:13,494 INFO scheduler.TaskSetManager: Starting task 0.0 in stage 60.0 (TID 373) (10.0.0.215, executor driver, partition 0, NODE_LOCAL, 4271 bytes) taskResourceAssignments Map()
2026-08-09 23:12:13,494 INFO scheduler.DAGScheduler: Submitting 2 missing tasks from ResultStage 62 (MapPartitionsRDD[114] at sortByKey at BinaryClassificationMetrics.scala:189) (first 15 tasks are for partitions Vector(0, 1))
2026-08-09 23:12:13,494 INFO scheduler.TaskSchedulerImpl: Adding task set 62.0 with 2 tasks resource profile 0
2026-08-09 23:12:13,494 INFO executor.Executor: Running task 0.0 in stage 60.0 (TID 373)
2026-08-09 23:12:13,494 INFO scheduler.TaskSetManager: Starting task 1.0 in stage 65.0 (TID 374) (10.0.0.215, executor driver, partition 1, PROCESS_LOCAL, 5017 bytes) taskResourceAssignments Map()
2026-08-09 23:12:13,495 INFO executor.Executor: Running task 1.0 in stage 65.0 (TID 374)
2026-08-09 23:12:13,495 INFO scheduler.FairSchedulableBuilder: Added task set TaskSet_62.0 tasks to pool default
2026-08-09 23:12:13,496 INFO storage.ShuffleBlockFetcherIterator: Getting 1 (490.0 B) non-empty blocks including 1 (490.0 B) local and 0 (0.0 B) host-local and 0 (0.0 B) push-merged-local and 0 (0.0 B) remote blocks
2026-08-09 23:12:13,496 INFO scheduler.DAGScheduler: ResultStage 45 (count at Metrics.scala:12) finished in 0.494 s
2026-08-09 23:12:13,496 INFO scheduler.TaskSetManager: Finished task 0.0 in stage 65.0 (TID 370) in 12 ms on 10.0.0.215 (executor driver) (1/2)
2026-08-09 23:12:13,496 INFO scheduler.DAGScheduler: Job 33 is finished. Cancelling potential speculative or zombie tasks for this job
2026-08-09 23:12:13,496 INFO scheduler.TaskSchedulerImpl: Killing all running tasks in stage 45: Stage finished
2026-08-09 23:12:13,496 INFO storage.ShuffleBlockFetcherIterator: Started 0 remote fetches in 0 ms
2026-08-09 23:12:13,497 INFO scheduler.DAGScheduler: Job 33 finished: count at Metrics.scala:12, took 0.505654 s
2026-08-09 23:12:13,497 INFO storage.BlockManagerInfo: Removed broadcast_69_piece0 on 10.0.0.215:64239 in memory (size: 12.1 KiB, free: 2.2 GiB)
2026-08-09 23:12:13,497 INFO scheduler.TaskSetManager: Finished task 1.0 in stage 63.0 (TID 372) in 8 ms on 10.0.0.215 (executor driver) (2/2)
2026-08-09 23:12:13,497 INFO scheduler.TaskSchedulerImpl: Removed TaskSet 63.0, whose tasks have all completed, from pool default
2026-08-09 23:12:13,498 INFO executor.Executor: Finished task 0.0 in stage 60.0 (TID 373). 1553 bytes result sent to driver
2026-08-09 23:12:13,498 INFO storage.BlockManager: Found block rdd_71_1 locally
2026-08-09 23:12:13,498 INFO scheduler.TaskSetManager: Starting task 1.0 in stage 60.0 (TID 375) (10.0.0.215, executor driver, partition 1, NODE_LOCAL, 4271 bytes) taskResourceAssignments Map()
2026-08-09 23:12:13,498 INFO executor.Executor: Finished task 0.0 in stage 67.0 (TID 371). 2033 bytes result sent to driver
2026-08-09 23:12:13,498 INFO scheduler.TaskSetManager: Finished task 0.0 in stage 60.0 (TID 373) in 4 ms on 10.0.0.215 (executor driver) (1/2)
2026-08-09 23:12:13,498 INFO executor.Executor: Running task 1.0 in stage 60.0 (TID 375)
2026-08-09 23:12:13,498 INFO scheduler.DAGScheduler: ShuffleMapStage 63 (map at BinaryClassificationMetrics.scala:48) finished in 0.097 s
2026-08-09 23:12:13,499 INFO scheduler.DAGScheduler: looking for newly runnable stages
2026-08-09 23:12:13,499 INFO scheduler.DAGScheduler: running: Set(ResultStage 60, ShuffleMapStage 67, ResultStage 53, ShuffleMapStage 71, ResultStage 75, ShuffleMapStage 69, ShuffleMapStage 73, ShuffleMapStage 65, ResultStage 62)
2026-08-09 23:12:13,499 INFO scheduler.DAGScheduler: waiting: Set(ResultStage 66, ResultStage 70, ResultStage 64, ResultStage 74, ResultStage 68, ResultStage 72)
2026-08-09 23:12:13,499 INFO scheduler.DAGScheduler: failed: Set()
2026-08-09 23:12:13,499 INFO scheduler.TaskSetManager: Starting task 0.0 in stage 62.0 (TID 376) (10.0.0.215, executor driver, partition 0, NODE_LOCAL, 4271 bytes) taskResourceAssignments Map()
2026-08-09 23:12:13,499 INFO scheduler.TaskSetManager: Finished task 0.0 in stage 67.0 (TID 371) in 12 ms on 10.0.0.215 (executor driver) (1/2)
2026-08-09 23:12:13,499 INFO executor.Executor: Finished task 1.0 in stage 65.0 (TID 374). 1904 bytes result sent to driver
2026-08-09 23:12:13,499 INFO scheduler.DAGScheduler: Submitting ResultStage 64 (MapPartitionsRDD[113] at sortByKey at BinaryClassificationMetrics.scala:189), which has no missing parents
2026-08-09 23:12:13,499 INFO executor.Executor: Running task 0.0 in stage 62.0 (TID 376)
2026-08-09 23:12:13,499 INFO scheduler.TaskSetManager: Starting task 1.0 in stage 67.0 (TID 377) (10.0.0.215, executor driver, partition 1, PROCESS_LOCAL, 5017 bytes) taskResourceAssignments Map()
2026-08-09 23:12:13,499 INFO scheduler.TaskSetManager: Finished task 1.0 in stage 65.0 (TID 374) in 5 ms on 10.0.0.215 (executor driver) (2/2)
2026-08-09 23:12:13,499 INFO scheduler.TaskSchedulerImpl: Removed TaskSet 65.0, whose tasks have all completed, from pool default
2026-08-09 23:12:13,499 INFO storage.ShuffleBlockFetcherIterator: Getting 1 (405.0 B) non-empty blocks including 1 (405.0 B) local and 0 (0.0 B) host-local and 0 (0.0 B) push-merged-local and 0 (0.0 B) remote blocks
2026-08-09 23:12:13,499 INFO storage.ShuffleBlockFetcherIterator: Started 0 remote fetches in 0 ms
2026-08-09 23:12:13,499 INFO executor.Executor: Running task 1.0 in stage 67.0 (TID 377)
2026-08-09 23:12:13,500 INFO memory.MemoryStore: Block broadcast_84 stored as values in memory (estimated size 6.7 KiB, free 2.2 GiB)
2026-08-09 23:12:13,500 INFO spark.SparkContext: Starting job: collect at BinaryClassificationMetrics.scala:237
2026-08-09 23:12:13,500 INFO memory.MemoryStore: Block broadcast_84_piece0 stored as bytes in memory (estimated size 3.4 KiB, free 2.2 GiB)
2026-08-09 23:12:13,500 INFO executor.Executor: Finished task 1.0 in stage 60.0 (TID 375). 1529 bytes result sent to driver
2026-08-09 23:12:13,500 INFO storage.ShuffleBlockFetcherIterator: Getting 1 (368.0 B) non-empty blocks including 1 (368.0 B) local and 0 (0.0 B) host-local and 0 (0.0 B) push-merged-local and 0 (0.0 B) remote blocks
2026-08-09 23:12:13,500 INFO storage.ShuffleBlockFetcherIterator: Started 0 remote fetches in 0 ms
2026-08-09 23:12:13,500 INFO storage.BlockManagerInfo: Added broadcast_84_piece0 in memory on 10.0.0.215:64239 (size: 3.4 KiB, free: 2.2 GiB)
2026-08-09 23:12:13,500 INFO spark.SparkContext: Created broadcast 84 from broadcast at DAGScheduler.scala:1513
2026-08-09 23:12:13,501 INFO scheduler.TaskSetManager: Starting task 0.0 in stage 69.0 (TID 378) (10.0.0.215, executor driver, partition 0, PROCESS_LOCAL, 5017 bytes) taskResourceAssignments Map()
2026-08-09 23:12:13,501 INFO executor.Executor: Finished task 0.0 in stage 62.0 (TID 376). 1462 bytes result sent to driver
2026-08-09 23:12:13,501 INFO scheduler.DAGScheduler: Submitting 2 missing tasks from ResultStage 64 (MapPartitionsRDD[113] at sortByKey at BinaryClassificationMetrics.scala:189) (first 15 tasks are for partitions Vector(0, 1))
2026-08-09 23:12:13,501 INFO scheduler.TaskSchedulerImpl: Adding task set 64.0 with 2 tasks resource profile 0
2026-08-09 23:12:13,501 INFO scheduler.TaskSetManager: Starting task 1.0 in stage 62.0 (TID 379) (10.0.0.215, executor driver, partition 1, NODE_LOCAL, 4271 bytes) taskResourceAssignments Map()
2026-08-09 23:12:13,501 INFO executor.Executor: Running task 0.0 in stage 69.0 (TID 378)
2026-08-09 23:12:13,501 INFO executor.Executor: Running task 1.0 in stage 62.0 (TID 379)
2026-08-09 23:12:13,501 INFO scheduler.TaskSetManager: Finished task 0.0 in stage 62.0 (TID 376) in 2 ms on 10.0.0.215 (executor driver) (1/2)
2026-08-09 23:12:13,501 INFO scheduler.TaskSetManager: Finished task 1.0 in stage 60.0 (TID 375) in 3 ms on 10.0.0.215 (executor driver) (2/2)
2026-08-09 23:12:13,501 INFO scheduler.TaskSchedulerImpl: Removed TaskSet 60.0, whose tasks have all completed, from pool default
2026-08-09 23:12:13,502 INFO storage.BlockManager: Found block rdd_67_1 locally
2026-08-09 23:12:13,502 INFO scheduler.FairSchedulableBuilder: Added task set TaskSet_64.0 tasks to pool default
2026-08-09 23:12:13,502 INFO storage.BlockManagerInfo: Removed broadcast_63_piece0 on 10.0.0.215:64239 in memory (size: 12.1 KiB, free: 2.2 GiB)
2026-08-09 23:12:13,502 INFO scheduler.DAGScheduler: ShuffleMapStage 65 (map at BinaryClassificationMetrics.scala:48) finished in 0.096 s
2026-08-09 23:12:13,503 INFO scheduler.DAGScheduler: looking for newly runnable stages
2026-08-09 23:12:13,503 INFO scheduler.DAGScheduler: running: Set(ResultStage 60, ShuffleMapStage 67, ResultStage 64, ResultStage 53, ShuffleMapStage 71, ResultStage 75, ShuffleMapStage 69, ShuffleMapStage 73, ResultStage 62)
2026-08-09 23:12:13,503 INFO scheduler.DAGScheduler: waiting: Set(ResultStage 66, ResultStage 70, ResultStage 74, ResultStage 68, ResultStage 72)
2026-08-09 23:12:13,503 INFO scheduler.DAGScheduler: failed: Set()
2026-08-09 23:12:13,503 INFO scheduler.DAGScheduler: Submitting ResultStage 66 (MapPartitionsRDD[122] at sortByKey at BinaryClassificationMetrics.scala:189), which has no missing parents
2026-08-09 23:12:13,503 INFO executor.Executor: Finished task 1.0 in stage 67.0 (TID 377). 1904 bytes result sent to driver
2026-08-09 23:12:13,503 INFO memory.MemoryStore: Block broadcast_85 stored as values in memory (estimated size 6.7 KiB, free 2.2 GiB)
2026-08-09 23:12:13,503 INFO memory.MemoryStore: Block broadcast_85_piece0 stored as bytes in memory (estimated size 3.4 KiB, free 2.2 GiB)
2026-08-09 23:12:13,504 INFO spark.SparkContext: Starting job: count at Metrics.scala:14
2026-08-09 23:12:13,504 INFO storage.BlockManagerInfo: Added broadcast_85_piece0 in memory on 10.0.0.215:64239 (size: 3.4 KiB, free: 2.2 GiB)
2026-08-09 23:12:13,504 INFO scheduler.TaskSetManager: Starting task 0.0 in stage 64.0 (TID 380) (10.0.0.215, executor driver, partition 0, NODE_LOCAL, 4271 bytes) taskResourceAssignments Map()
2026-08-09 23:12:13,504 INFO storage.ShuffleBlockFetcherIterator: Getting 1 (334.0 B) non-empty blocks including 1 (334.0 B) local and 0 (0.0 B) host-local and 0 (0.0 B) push-merged-local and 0 (0.0 B) remote blocks
2026-08-09 23:12:13,504 INFO storage.ShuffleBlockFetcherIterator: Started 0 remote fetches in 0 ms
2026-08-09 23:12:13,504 INFO scheduler.TaskSetManager: Finished task 1.0 in stage 67.0 (TID 377) in 5 ms on 10.0.0.215 (executor driver) (2/2)
2026-08-09 23:12:13,504 INFO spark.SparkContext: Created broadcast 85 from broadcast at DAGScheduler.scala:1513
2026-08-09 23:12:13,504 INFO executor.Executor: Running task 0.0 in stage 64.0 (TID 380)
2026-08-09 23:12:13,504 INFO scheduler.TaskSchedulerImpl: Removed TaskSet 67.0, whose tasks have all completed, from pool default
2026-08-09 23:12:13,504 INFO scheduler.DAGScheduler: Submitting 2 missing tasks from ResultStage 66 (MapPartitionsRDD[122] at sortByKey at BinaryClassificationMetrics.scala:189) (first 15 tasks are for partitions Vector(0, 1))
2026-08-09 23:12:13,504 INFO scheduler.TaskSchedulerImpl: Adding task set 66.0 with 2 tasks resource profile 0
2026-08-09 23:12:13,505 INFO scheduler.FairSchedulableBuilder: Added task set TaskSet_66.0 tasks to pool default
2026-08-09 23:12:13,505 INFO executor.Executor: Finished task 1.0 in stage 62.0 (TID 379). 1540 bytes result sent to driver
2026-08-09 23:12:13,505 INFO scheduler.DAGScheduler: Registering RDD 99 (combineByKey at BinaryClassificationMetrics.scala:188) as input to shuffle 21
2026-08-09 23:12:13,505 INFO scheduler.TaskSetManager: Starting task 0.0 in stage 66.0 (TID 381) (10.0.0.215, executor driver, partition 0, NODE_LOCAL, 4271 bytes) taskResourceAssignments Map()
2026-08-09 23:12:13,505 INFO scheduler.DAGScheduler: Got job 55 (collect at BinaryClassificationMetrics.scala:237) with 2 output partitions
2026-08-09 23:12:13,505 INFO scheduler.DAGScheduler: Final stage: ResultStage 78 (collect at BinaryClassificationMetrics.scala:237)
2026-08-09 23:12:13,505 INFO scheduler.DAGScheduler: Parents of final stage: List(ShuffleMapStage 77)
2026-08-09 23:12:13,505 INFO scheduler.DAGScheduler: Missing parents: List(ShuffleMapStage 77)
2026-08-09 23:12:13,506 INFO scheduler.DAGScheduler: Submitting ShuffleMapStage 77 (ShuffledRDD[99] at combineByKey at BinaryClassificationMetrics.scala:188), which has no missing parents
2026-08-09 23:12:13,506 INFO executor.Executor: Running task 0.0 in stage 66.0 (TID 381)
2026-08-09 23:12:13,506 INFO scheduler.TaskSetManager: Finished task 1.0 in stage 62.0 (TID 379) in 5 ms on 10.0.0.215 (executor driver) (2/2)
2026-08-09 23:12:13,506 INFO storage.BlockManager: Found block rdd_73_0 locally
2026-08-09 23:12:13,506 INFO scheduler.TaskSchedulerImpl: Removed TaskSet 62.0, whose tasks have all completed, from pool default
2026-08-09 23:12:13,506 INFO storage.BlockManagerInfo: Removed broadcast_70_piece0 on 10.0.0.215:64239 in memory (size: 12.1 KiB, free: 2.2 GiB)
2026-08-09 23:12:13,506 INFO memory.MemoryStore: Block broadcast_86 stored as values in memory (estimated size 5.2 KiB, free 2.2 GiB)
2026-08-09 23:12:13,507 INFO memory.MemoryStore: Block broadcast_86_piece0 stored as bytes in memory (estimated size 2.9 KiB, free 2.2 GiB)
2026-08-09 23:12:13,507 INFO storage.BlockManagerInfo: Added broadcast_86_piece0 in memory on 10.0.0.215:64239 (size: 2.9 KiB, free: 2.2 GiB)
2026-08-09 23:12:13,507 INFO storage.ShuffleBlockFetcherIterator: Getting 1 (593.0 B) non-empty blocks including 1 (593.0 B) local and 0 (0.0 B) host-local and 0 (0.0 B) push-merged-local and 0 (0.0 B) remote blocks
2026-08-09 23:12:13,507 INFO storage.ShuffleBlockFetcherIterator: Started 0 remote fetches in 0 ms
2026-08-09 23:12:13,507 INFO spark.SparkContext: Created broadcast 86 from broadcast at DAGScheduler.scala:1513
2026-08-09 23:12:13,508 INFO storage.ShuffleBlockFetcherIterator: Getting 1 (368.0 B) non-empty blocks including 1 (368.0 B) local and 0 (0.0 B) host-local and 0 (0.0 B) push-merged-local and 0 (0.0 B) remote blocks
2026-08-09 23:12:13,508 INFO storage.ShuffleBlockFetcherIterator: Started 0 remote fetches in 0 ms
2026-08-09 23:12:13,508 INFO scheduler.DAGScheduler: Submitting 2 missing tasks from ShuffleMapStage 77 (ShuffledRDD[99] at combineByKey at BinaryClassificationMetrics.scala:188) (first 15 tasks are for partitions Vector(0, 1))
2026-08-09 23:12:13,508 INFO scheduler.TaskSchedulerImpl: Adding task set 77.0 with 2 tasks resource profile 0
2026-08-09 23:12:13,509 INFO scheduler.FairSchedulableBuilder: Added task set TaskSet_77.0 tasks to pool default
2026-08-09 23:12:13,509 INFO executor.Executor: Finished task 0.0 in stage 66.0 (TID 381). 1548 bytes result sent to driver
2026-08-09 23:12:13,509 INFO executor.Executor: Finished task 0.0 in stage 64.0 (TID 380). 1668 bytes result sent to driver
2026-08-09 23:12:13,509 INFO scheduler.DAGScheduler: ResultStage 60 (sortByKey at BinaryClassificationMetrics.scala:189) finished in 0.022 s
2026-08-09 23:12:13,509 INFO scheduler.DAGScheduler: Job 46 is finished. Cancelling potential speculative or zombie tasks for this job
2026-08-09 23:12:13,509 INFO scheduler.TaskSetManager: Starting task 1.0 in stage 66.0 (TID 382) (10.0.0.215, executor driver, partition 1, NODE_LOCAL, 4271 bytes) taskResourceAssignments Map()
2026-08-09 23:12:13,509 INFO scheduler.TaskSchedulerImpl: Killing all running tasks in stage 60: Stage finished
2026-08-09 23:12:13,509 INFO executor.Executor: Running task 1.0 in stage 66.0 (TID 382)
2026-08-09 23:12:13,510 INFO scheduler.TaskSetManager: Starting task 1.0 in stage 64.0 (TID 383) (10.0.0.215, executor driver, partition 1, NODE_LOCAL, 4271 bytes) taskResourceAssignments Map()
2026-08-09 23:12:13,510 INFO scheduler.DAGScheduler: Got job 56 (count at Metrics.scala:14) with 2 output partitions
2026-08-09 23:12:13,510 INFO scheduler.DAGScheduler: Final stage: ResultStage 79 (count at Metrics.scala:14)
2026-08-09 23:12:13,510 INFO scheduler.DAGScheduler: Parents of final stage: List()
2026-08-09 23:12:13,510 INFO scheduler.DAGScheduler: Job 46 finished: sortByKey at BinaryClassificationMetrics.scala:189, took 0.133223 s
2026-08-09 23:12:13,510 INFO executor.Executor: Running task 1.0 in stage 64.0 (TID 383)
2026-08-09 23:12:13,510 INFO scheduler.TaskSetManager: Finished task 0.0 in stage 64.0 (TID 380) in 6 ms on 10.0.0.215 (executor driver) (1/2)
2026-08-09 23:12:13,510 INFO storage.BlockManagerInfo: Removed broadcast_71_piece0 on 10.0.0.215:64239 in memory (size: 12.7 KiB, free: 2.2 GiB)
2026-08-09 23:12:13,510 INFO scheduler.TaskSetManager: Finished task 0.0 in stage 66.0 (TID 381) in 5 ms on 10.0.0.215 (executor driver) (1/2)
2026-08-09 23:12:13,511 INFO scheduler.DAGScheduler: Missing parents: List()
2026-08-09 23:12:13,511 INFO scheduler.DAGScheduler: Submitting ResultStage 79 (MapPartitionsRDD[142] at filter at Metrics.scala:14), which has no missing parents
2026-08-09 23:12:13,512 INFO executor.Executor: Finished task 0.0 in stage 69.0 (TID 378). 2033 bytes result sent to driver
2026-08-09 23:12:13,512 INFO storage.ShuffleBlockFetcherIterator: Getting 1 (334.0 B) non-empty blocks including 1 (334.0 B) local and 0 (0.0 B) host-local and 0 (0.0 B) push-merged-local and 0 (0.0 B) remote blocks
2026-08-09 23:12:13,512 INFO storage.ShuffleBlockFetcherIterator: Started 0 remote fetches in 0 ms
2026-08-09 23:12:13,512 INFO memory.MemoryStore: Block broadcast_87 stored as values in memory (estimated size 38.5 KiB, free 2.2 GiB)
2026-08-09 23:12:13,513 INFO memory.MemoryStore: Block broadcast_87_piece0 stored as bytes in memory (estimated size 12.1 KiB, free 2.2 GiB)
2026-08-09 23:12:13,513 INFO scheduler.TaskSetManager: Starting task 1.0 in stage 69.0 (TID 384) (10.0.0.215, executor driver, partition 1, PROCESS_LOCAL, 5017 bytes) taskResourceAssignments Map()
2026-08-09 23:12:13,512 INFO storage.ShuffleBlockFetcherIterator: Getting 1 (490.0 B) non-empty blocks including 1 (490.0 B) local and 0 (0.0 B) host-local and 0 (0.0 B) push-merged-local and 0 (0.0 B) remote blocks
2026-08-09 23:12:13,513 INFO storage.BlockManagerInfo: Added broadcast_87_piece0 in memory on 10.0.0.215:64239 (size: 12.1 KiB, free: 2.2 GiB)
2026-08-09 23:12:13,513 INFO storage.ShuffleBlockFetcherIterator: Started 0 remote fetches in 1 ms
2026-08-09 23:12:13,513 INFO executor.Executor: Running task 1.0 in stage 69.0 (TID 384)
2026-08-09 23:12:13,513 INFO scheduler.TaskSetManager: Finished task 0.0 in stage 69.0 (TID 378) in 13 ms on 10.0.0.215 (executor driver) (1/2)
2026-08-09 23:12:13,514 INFO spark.SparkContext: Created broadcast 87 from broadcast at DAGScheduler.scala:1513
2026-08-09 23:12:13,514 INFO scheduler.DAGScheduler: Submitting 2 missing tasks from ResultStage 79 (MapPartitionsRDD[142] at filter at Metrics.scala:14) (first 15 tasks are for partitions Vector(0, 1))
2026-08-09 23:12:13,514 INFO scheduler.TaskSchedulerImpl: Adding task set 79.0 with 2 tasks resource profile 0
2026-08-09 23:12:13,514 INFO scheduler.FairSchedulableBuilder: Added task set TaskSet_79.0 tasks to pool default
2026-08-09 23:12:13,514 INFO executor.Executor: Finished task 1.0 in stage 66.0 (TID 382). 1540 bytes result sent to driver
2026-08-09 23:12:13,514 INFO scheduler.DAGScheduler: ShuffleMapStage 67 (map at BinaryClassificationMetrics.scala:48) finished in 0.102 s
2026-08-09 23:12:13,514 INFO scheduler.DAGScheduler: looking for newly runnable stages
2026-08-09 23:12:13,514 INFO scheduler.DAGScheduler: running: Set(ResultStage 66, ResultStage 64, ResultStage 53, ShuffleMapStage 71, ResultStage 75, ShuffleMapStage 69, ResultStage 79, ShuffleMapStage 73, ResultStage 62, ShuffleMapStage 77)
2026-08-09 23:12:13,514 INFO scheduler.DAGScheduler: waiting: Set(ResultStage 78, ResultStage 70, ResultStage 74, ResultStage 68, ResultStage 72)
2026-08-09 23:12:13,514 INFO scheduler.DAGScheduler: failed: Set()
2026-08-09 23:12:13,514 INFO scheduler.DAGScheduler: Submitting ResultStage 68 (MapPartitionsRDD[117] at sortByKey at BinaryClassificationMetrics.scala:189), which has no missing parents
2026-08-09 23:12:13,515 INFO memory.MemoryStore: Block broadcast_88 stored as values in memory (estimated size 6.7 KiB, free 2.2 GiB)
2026-08-09 23:12:13,515 INFO scheduler.TaskSetManager: Starting task 0.0 in stage 71.0 (TID 385) (10.0.0.215, executor driver, partition 0, PROCESS_LOCAL, 5017 bytes) taskResourceAssignments Map()
2026-08-09 23:12:13,515 INFO executor.Executor: Finished task 1.0 in stage 64.0 (TID 383). 1620 bytes result sent to driver
2026-08-09 23:12:13,515 INFO memory.MemoryStore: Block broadcast_88_piece0 stored as bytes in memory (estimated size 3.4 KiB, free 2.2 GiB)
2026-08-09 23:12:13,516 INFO executor.Executor: Running task 0.0 in stage 71.0 (TID 385)
2026-08-09 23:12:13,516 INFO storage.BlockManagerInfo: Added broadcast_88_piece0 in memory on 10.0.0.215:64239 (size: 3.4 KiB, free: 2.2 GiB)
2026-08-09 23:12:13,516 INFO scheduler.TaskSetManager: Starting task 0.0 in stage 73.0 (TID 386) (10.0.0.215, executor driver, partition 0, PROCESS_LOCAL, 5017 bytes) taskResourceAssignments Map()
2026-08-09 23:12:13,516 INFO storage.BlockManagerInfo: Removed broadcast_65_piece0 on 10.0.0.215:64239 in memory (size: 12.0 KiB, free: 2.2 GiB)
2026-08-09 23:12:13,516 INFO spark.SparkContext: Starting job: collect at BinaryClassificationMetrics.scala:237
2026-08-09 23:12:13,516 INFO executor.Executor: Running task 0.0 in stage 73.0 (TID 386)
2026-08-09 23:12:13,516 INFO scheduler.TaskSetManager: Finished task 1.0 in stage 64.0 (TID 383) in 7 ms on 10.0.0.215 (executor driver) (2/2)
2026-08-09 23:12:13,516 INFO spark.SparkContext: Created broadcast 88 from broadcast at DAGScheduler.scala:1513
2026-08-09 23:12:13,517 INFO scheduler.TaskSchedulerImpl: Removed TaskSet 64.0, whose tasks have all completed, from pool default
2026-08-09 23:12:13,517 INFO scheduler.DAGScheduler: Submitting 2 missing tasks from ResultStage 68 (MapPartitionsRDD[117] at sortByKey at BinaryClassificationMetrics.scala:189) (first 15 tasks are for partitions Vector(0, 1))
2026-08-09 23:12:13,517 INFO scheduler.TaskSchedulerImpl: Adding task set 68.0 with 2 tasks resource profile 0
2026-08-09 23:12:13,517 INFO scheduler.FairSchedulableBuilder: Added task set TaskSet_68.0 tasks to pool default
2026-08-09 23:12:13,517 INFO memory.MemoryStore: Block rdd_89_0 stored as values in memory (estimated size 35.2 KiB, free 2.2 GiB)
2026-08-09 23:12:13,517 INFO scheduler.TaskSetManager: Finished task 1.0 in stage 66.0 (TID 382) in 8 ms on 10.0.0.215 (executor driver) (2/2)
2026-08-09 23:12:13,517 INFO scheduler.TaskSchedulerImpl: Removed TaskSet 66.0, whose tasks have all completed, from pool default
2026-08-09 23:12:13,517 INFO scheduler.DAGScheduler: ResultStage 62 (sortByKey at BinaryClassificationMetrics.scala:189) finished in 0.025 s
2026-08-09 23:12:13,517 INFO scheduler.DAGScheduler: Job 47 is finished. Cancelling potential speculative or zombie tasks for this job
2026-08-09 23:12:13,517 INFO scheduler.TaskSchedulerImpl: Killing all running tasks in stage 62: Stage finished
2026-08-09 23:12:13,517 INFO storage.BlockManagerInfo: Added rdd_89_0 in memory on 10.0.0.215:64239 (size: 35.2 KiB, free: 2.2 GiB)
2026-08-09 23:12:13,518 INFO scheduler.DAGScheduler: Registering RDD 100 (combineByKey at BinaryClassificationMetrics.scala:188) as input to shuffle 22
2026-08-09 23:12:13,518 INFO scheduler.DAGScheduler: Got job 57 (collect at BinaryClassificationMetrics.scala:237) with 2 output partitions
2026-08-09 23:12:13,518 INFO scheduler.DAGScheduler: Final stage: ResultStage 82 (collect at BinaryClassificationMetrics.scala:237)
2026-08-09 23:12:13,518 INFO scheduler.DAGScheduler: Parents of final stage: List(ShuffleMapStage 81)
2026-08-09 23:12:13,518 INFO scheduler.DAGScheduler: Missing parents: List(ShuffleMapStage 81)
2026-08-09 23:12:13,518 INFO scheduler.DAGScheduler: Job 47 finished: sortByKey at BinaryClassificationMetrics.scala:189, took 0.140875 s
2026-08-09 23:12:13,518 INFO storage.BlockManager: Found block rdd_73_1 locally
2026-08-09 23:12:13,518 INFO storage.BlockManager: Found block rdd_77_0 locally
2026-08-09 23:12:13,519 INFO scheduler.DAGScheduler: Submitting ShuffleMapStage 81 (ShuffledRDD[100] at combineByKey at BinaryClassificationMetrics.scala:188), which has no missing parents
2026-08-09 23:12:13,520 INFO executor.Executor: Finished task 0.0 in stage 53.0 (TID 351). 1791 bytes result sent to driver
2026-08-09 23:12:13,520 INFO memory.MemoryStore: Block broadcast_89 stored as values in memory (estimated size 5.2 KiB, free 2.2 GiB)
2026-08-09 23:12:13,520 INFO memory.MemoryStore: Block broadcast_89_piece0 stored as bytes in memory (estimated size 2.9 KiB, free 2.2 GiB)
2026-08-09 23:12:13,520 INFO storage.BlockManager: Found block rdd_76_0 locally
2026-08-09 23:12:13,520 INFO storage.BlockManagerInfo: Added broadcast_89_piece0 in memory on 10.0.0.215:64239 (size: 2.9 KiB, free: 2.2 GiB)
2026-08-09 23:12:13,520 INFO executor.Executor: Finished task 1.0 in stage 69.0 (TID 384). 1904 bytes result sent to driver
2026-08-09 23:12:13,520 INFO storage.BlockManagerInfo: Removed broadcast_62_piece0 on 10.0.0.215:64239 in memory (size: 12.1 KiB, free: 2.2 GiB)
2026-08-09 23:12:13,521 INFO scheduler.TaskSetManager: Starting task 1.0 in stage 53.0 (TID 387) (10.0.0.215, executor driver, partition 1, PROCESS_LOCAL, 5028 bytes) taskResourceAssignments Map()
2026-08-09 23:12:13,521 INFO spark.SparkContext: Created broadcast 89 from broadcast at DAGScheduler.scala:1513
2026-08-09 23:12:13,521 INFO scheduler.TaskSetManager: Starting task 0.0 in stage 68.0 (TID 388) (10.0.0.215, executor driver, partition 0, NODE_LOCAL, 4271 bytes) taskResourceAssignments Map()
2026-08-09 23:12:13,521 INFO scheduler.DAGScheduler: Submitting 2 missing tasks from ShuffleMapStage 81 (ShuffledRDD[100] at combineByKey at BinaryClassificationMetrics.scala:188) (first 15 tasks are for partitions Vector(0, 1))
2026-08-09 23:12:13,521 INFO scheduler.TaskSchedulerImpl: Adding task set 81.0 with 2 tasks resource profile 0
2026-08-09 23:12:13,521 INFO executor.Executor: Running task 1.0 in stage 53.0 (TID 387)
2026-08-09 23:12:13,522 INFO executor.Executor: Running task 0.0 in stage 68.0 (TID 388)
2026-08-09 23:12:13,522 INFO scheduler.FairSchedulableBuilder: Added task set TaskSet_81.0 tasks to pool default
2026-08-09 23:12:13,522 INFO scheduler.TaskSetManager: Finished task 0.0 in stage 53.0 (TID 351) in 161 ms on 10.0.0.215 (executor driver) (1/2)
2026-08-09 23:12:13,522 INFO scheduler.DAGScheduler: ResultStage 64 (sortByKey at BinaryClassificationMetrics.scala:189) finished in 0.023 s
2026-08-09 23:12:13,522 INFO scheduler.DAGScheduler: Job 48 is finished. Cancelling potential speculative or zombie tasks for this job
2026-08-09 23:12:13,523 INFO scheduler.TaskSchedulerImpl: Killing all running tasks in stage 64: Stage finished
2026-08-09 23:12:13,523 INFO scheduler.DAGScheduler: ResultStage 66 (sortByKey at BinaryClassificationMetrics.scala:189) finished in 0.020 s
2026-08-09 23:12:13,523 INFO scheduler.DAGScheduler: Job 49 is finished. Cancelling potential speculative or zombie tasks for this job
2026-08-09 23:12:13,523 INFO scheduler.TaskSchedulerImpl: Killing all running tasks in stage 66: Stage finished
2026-08-09 23:12:13,524 INFO executor.Executor: Finished task 0.0 in stage 73.0 (TID 386). 2033 bytes result sent to driver
2026-08-09 23:12:13,524 INFO scheduler.DAGScheduler: Job 48 finished: sortByKey at BinaryClassificationMetrics.scala:189, took 0.141545 s
2026-08-09 23:12:13,524 INFO scheduler.DAGScheduler: Job 49 finished: sortByKey at BinaryClassificationMetrics.scala:189, took 0.139805 s
2026-08-09 23:12:13,524 INFO storage.BlockManager: Found block rdd_17_1 locally
2026-08-09 23:12:13,524 INFO storage.BlockManagerInfo: Removed broadcast_80_piece0 on 10.0.0.215:64239 in memory (size: 3.4 KiB, free: 2.2 GiB)
2026-08-09 23:12:13,524 INFO scheduler.TaskSetManager: Starting task 1.0 in stage 73.0 (TID 389) (10.0.0.215, executor driver, partition 1, PROCESS_LOCAL, 5017 bytes) taskResourceAssignments Map()
2026-08-09 23:12:13,524 INFO scheduler.TaskSetManager: Finished task 1.0 in stage 69.0 (TID 384) in 11 ms on 10.0.0.215 (executor driver) (2/2)
2026-08-09 23:12:13,525 INFO scheduler.TaskSchedulerImpl: Removed TaskSet 69.0, whose tasks have all completed, from pool default
2026-08-09 23:12:13,524 INFO memory.MemoryStore: Block rdd_89_1 stored as values in memory (estimated size 16.0 B, free 2.2 GiB)
2026-08-09 23:12:13,525 INFO executor.Executor: Finished task 0.0 in stage 71.0 (TID 385). 2033 bytes result sent to driver
2026-08-09 23:12:13,525 INFO scheduler.TaskSetManager: Finished task 0.0 in stage 73.0 (TID 386) in 10 ms on 10.0.0.215 (executor driver) (1/2)
2026-08-09 23:12:13,525 INFO executor.Executor: Running task 1.0 in stage 73.0 (TID 389)
2026-08-09 23:12:13,525 INFO storage.ShuffleBlockFetcherIterator: Getting 1 (593.0 B) non-empty blocks including 1 (593.0 B) local and 0 (0.0 B) host-local and 0 (0.0 B) push-merged-local and 0 (0.0 B) remote blocks
2026-08-09 23:12:13,525 INFO storage.ShuffleBlockFetcherIterator: Started 0 remote fetches in 0 ms
2026-08-09 23:12:13,525 INFO storage.BlockManagerInfo: Added rdd_89_1 in memory on 10.0.0.215:64239 (size: 16.0 B, free: 2.2 GiB)
2026-08-09 23:12:13,525 INFO scheduler.DAGScheduler: ShuffleMapStage 69 (map at BinaryClassificationMetrics.scala:48) finished in 0.100 s
2026-08-09 23:12:13,525 INFO scheduler.DAGScheduler: looking for newly runnable stages
2026-08-09 23:12:13,525 INFO scheduler.DAGScheduler: running: Set(ShuffleMapStage 81, ResultStage 53, ShuffleMapStage 71, ResultStage 68, ResultStage 75, ResultStage 79, ShuffleMapStage 73, ShuffleMapStage 77)
2026-08-09 23:12:13,525 INFO scheduler.DAGScheduler: waiting: Set(ResultStage 78, ResultStage 70, ResultStage 82, ResultStage 74, ResultStage 72)
2026-08-09 23:12:13,525 INFO scheduler.DAGScheduler: failed: Set()
2026-08-09 23:12:13,526 INFO scheduler.DAGScheduler: Submitting ResultStage 70 (MapPartitionsRDD[128] at sortByKey at BinaryClassificationMetrics.scala:189), which has no missing parents
2026-08-09 23:12:13,526 INFO executor.Executor: Finished task 0.0 in stage 68.0 (TID 388). 1652 bytes result sent to driver
2026-08-09 23:12:13,526 INFO storage.BlockManager: Found block rdd_76_1 locally
2026-08-09 23:12:13,526 INFO scheduler.TaskSetManager: Starting task 1.0 in stage 71.0 (TID 390) (10.0.0.215, executor driver, partition 1, PROCESS_LOCAL, 5017 bytes) taskResourceAssignments Map()
2026-08-09 23:12:13,527 INFO scheduler.TaskSetManager: Starting task 1.0 in stage 68.0 (TID 391) (10.0.0.215, executor driver, partition 1, NODE_LOCAL, 4271 bytes) taskResourceAssignments Map()
2026-08-09 23:12:13,527 INFO executor.Executor: Finished task 1.0 in stage 73.0 (TID 389). 1861 bytes result sent to driver
2026-08-09 23:12:13,527 INFO scheduler.TaskSetManager: Finished task 0.0 in stage 71.0 (TID 385) in 12 ms on 10.0.0.215 (executor driver) (1/2)
2026-08-09 23:12:13,527 INFO executor.Executor: Finished task 1.0 in stage 53.0 (TID 387). 1705 bytes result sent to driver
2026-08-09 23:12:13,526 INFO memory.MemoryStore: Block broadcast_90 stored as values in memory (estimated size 6.7 KiB, free 2.2 GiB)
2026-08-09 23:12:13,528 INFO scheduler.TaskSetManager: Finished task 0.0 in stage 68.0 (TID 388) in 7 ms on 10.0.0.215 (executor driver) (1/2)
2026-08-09 23:12:13,528 INFO spark.SparkContext: Starting job: collect at BinaryClassificationMetrics.scala:237
2026-08-09 23:12:13,528 INFO executor.Executor: Running task 1.0 in stage 68.0 (TID 391)
2026-08-09 23:12:13,528 INFO executor.Executor: Running task 1.0 in stage 71.0 (TID 390)
2026-08-09 23:12:13,528 INFO memory.MemoryStore: Block broadcast_90_piece0 stored as bytes in memory (estimated size 3.4 KiB, free 2.2 GiB)
2026-08-09 23:12:13,528 INFO scheduler.TaskSetManager: Starting task 0.0 in stage 75.0 (TID 392) (10.0.0.215, executor driver, partition 0, PROCESS_LOCAL, 5028 bytes) taskResourceAssignments Map()
2026-08-09 23:12:13,528 INFO scheduler.TaskSetManager: Starting task 0.0 in stage 77.0 (TID 393) (10.0.0.215, executor driver, partition 0, NODE_LOCAL, 4260 bytes) taskResourceAssignments Map()
2026-08-09 23:12:13,528 INFO executor.Executor: Running task 0.0 in stage 75.0 (TID 392)
2026-08-09 23:12:13,528 INFO storage.BlockManagerInfo: Added broadcast_90_piece0 in memory on 10.0.0.215:64239 (size: 3.4 KiB, free: 2.2 GiB)
2026-08-09 23:12:13,529 INFO scheduler.TaskSetManager: Finished task 1.0 in stage 53.0 (TID 387) in 8 ms on 10.0.0.215 (executor driver) (2/2)
2026-08-09 23:12:13,529 INFO scheduler.TaskSchedulerImpl: Removed TaskSet 53.0, whose tasks have all completed, from pool default
2026-08-09 23:12:13,529 INFO scheduler.TaskSetManager: Finished task 1.0 in stage 73.0 (TID 389) in 5 ms on 10.0.0.215 (executor driver) (2/2)
2026-08-09 23:12:13,529 INFO scheduler.TaskSchedulerImpl: Removed TaskSet 73.0, whose tasks have all completed, from pool default
2026-08-09 23:12:13,529 INFO storage.BlockManagerInfo: Removed broadcast_68_piece0 on 10.0.0.215:64239 in memory (size: 12.1 KiB, free: 2.2 GiB)
2026-08-09 23:12:13,529 INFO spark.SparkContext: Created broadcast 90 from broadcast at DAGScheduler.scala:1513
2026-08-09 23:12:13,529 INFO executor.Executor: Running task 0.0 in stage 77.0 (TID 393)
2026-08-09 23:12:13,530 INFO scheduler.DAGScheduler: Submitting 2 missing tasks from ResultStage 70 (MapPartitionsRDD[128] at sortByKey at BinaryClassificationMetrics.scala:189) (first 15 tasks are for partitions Vector(0, 1))
2026-08-09 23:12:13,530 INFO scheduler.TaskSchedulerImpl: Adding task set 70.0 with 2 tasks resource profile 0
2026-08-09 23:12:13,530 INFO storage.ShuffleBlockFetcherIterator: Getting 1 (490.0 B) non-empty blocks including 1 (490.0 B) local and 0 (0.0 B) host-local and 0 (0.0 B) push-merged-local and 0 (0.0 B) remote blocks
2026-08-09 23:12:13,530 INFO storage.ShuffleBlockFetcherIterator: Started 0 remote fetches in 0 ms
2026-08-09 23:12:13,530 INFO scheduler.FairSchedulableBuilder: Added task set TaskSet_70.0 tasks to pool default
2026-08-09 23:12:13,531 INFO executor.Executor: Finished task 1.0 in stage 68.0 (TID 391). 1620 bytes result sent to driver
2026-08-09 23:12:13,531 INFO storage.BlockManager: Found block rdd_77_1 locally
2026-08-09 23:12:13,532 INFO scheduler.DAGScheduler: Registering RDD 111 (combineByKey at BinaryClassificationMetrics.scala:188) as input to shuffle 23
2026-08-09 23:12:13,532 INFO scheduler.DAGScheduler: Got job 58 (collect at BinaryClassificationMetrics.scala:237) with 2 output partitions
2026-08-09 23:12:13,532 INFO scheduler.DAGScheduler: Final stage: ResultStage 85 (collect at BinaryClassificationMetrics.scala:237)
2026-08-09 23:12:13,532 INFO scheduler.DAGScheduler: Parents of final stage: List(ShuffleMapStage 84)
2026-08-09 23:12:13,532 INFO scheduler.DAGScheduler: Missing parents: List(ShuffleMapStage 84)
2026-08-09 23:12:13,532 INFO storage.BlockManager: Found block rdd_87_0 locally
2026-08-09 23:12:13,532 INFO scheduler.TaskSetManager: Starting task 0.0 in stage 70.0 (TID 394) (10.0.0.215, executor driver, partition 0, NODE_LOCAL, 4271 bytes) taskResourceAssignments Map()
2026-08-09 23:12:13,532 INFO spark.SparkContext: Starting job: collect at BinaryClassificationMetrics.scala:237
2026-08-09 23:12:13,532 INFO executor.Executor: Finished task 1.0 in stage 71.0 (TID 390). 1904 bytes result sent to driver
2026-08-09 23:12:13,533 INFO scheduler.DAGScheduler: Submitting ShuffleMapStage 84 (ShuffledRDD[111] at combineByKey at BinaryClassificationMetrics.scala:188), which has no missing parents
2026-08-09 23:12:13,534 INFO storage.BlockManagerInfo: Removed broadcast_59_piece0 on 10.0.0.215:64239 in memory (size: 12.1 KiB, free: 2.2 GiB)
2026-08-09 23:12:13,533 INFO scheduler.TaskSetManager: Finished task 1.0 in stage 68.0 (TID 391) in 6 ms on 10.0.0.215 (executor driver) (2/2)
2026-08-09 23:12:13,534 INFO scheduler.TaskSchedulerImpl: Removed TaskSet 68.0, whose tasks have all completed, from pool default
2026-08-09 23:12:13,533 INFO executor.Executor: Running task 0.0 in stage 70.0 (TID 394)
2026-08-09 23:12:13,534 INFO executor.Executor: Finished task 0.0 in stage 75.0 (TID 392). 1748 bytes result sent to driver
2026-08-09 23:12:13,534 INFO scheduler.TaskSetManager: Starting task 0.0 in stage 79.0 (TID 395) (10.0.0.215, executor driver, partition 0, PROCESS_LOCAL, 5028 bytes) taskResourceAssignments Map()
2026-08-09 23:12:13,534 INFO memory.MemoryStore: Block broadcast_91 stored as values in memory (estimated size 5.2 KiB, free 2.2 GiB)
2026-08-09 23:12:13,534 INFO scheduler.TaskSetManager: Finished task 1.0 in stage 71.0 (TID 390) in 8 ms on 10.0.0.215 (executor driver) (2/2)
2026-08-09 23:12:13,534 INFO scheduler.TaskSchedulerImpl: Removed TaskSet 71.0, whose tasks have all completed, from pool default
2026-08-09 23:12:13,535 INFO memory.MemoryStore: Block broadcast_91_piece0 stored as bytes in memory (estimated size 2.9 KiB, free 2.2 GiB)
2026-08-09 23:12:13,535 INFO storage.ShuffleBlockFetcherIterator: Getting 1 (445.0 B) non-empty blocks including 1 (445.0 B) local and 0 (0.0 B) host-local and 0 (0.0 B) push-merged-local and 0 (0.0 B) remote blocks
2026-08-09 23:12:13,535 INFO storage.ShuffleBlockFetcherIterator: Started 0 remote fetches in 0 ms
2026-08-09 23:12:13,535 INFO executor.Executor: Running task 0.0 in stage 79.0 (TID 395)
2026-08-09 23:12:13,535 INFO storage.BlockManagerInfo: Added broadcast_91_piece0 in memory on 10.0.0.215:64239 (size: 2.9 KiB, free: 2.2 GiB)
2026-08-09 23:12:13,535 INFO scheduler.TaskSetManager: Starting task 1.0 in stage 75.0 (TID 396) (10.0.0.215, executor driver, partition 1, PROCESS_LOCAL, 5028 bytes) taskResourceAssignments Map()
2026-08-09 23:12:13,535 INFO spark.SparkContext: Created broadcast 91 from broadcast at DAGScheduler.scala:1513
2026-08-09 23:12:13,535 INFO scheduler.TaskSetManager: Finished task 0.0 in stage 75.0 (TID 392) in 7 ms on 10.0.0.215 (executor driver) (1/2)
2026-08-09 23:12:13,535 INFO executor.Executor: Running task 1.0 in stage 75.0 (TID 396)
2026-08-09 23:12:13,536 INFO scheduler.DAGScheduler: Submitting 2 missing tasks from ShuffleMapStage 84 (ShuffledRDD[111] at combineByKey at BinaryClassificationMetrics.scala:188) (first 15 tasks are for partitions Vector(0, 1))
2026-08-09 23:12:13,536 INFO scheduler.TaskSchedulerImpl: Adding task set 84.0 with 2 tasks resource profile 0
2026-08-09 23:12:13,536 INFO scheduler.FairSchedulableBuilder: Added task set TaskSet_84.0 tasks to pool default
2026-08-09 23:12:13,536 INFO scheduler.DAGScheduler: ResultStage 53 (count at Metrics.scala:12) finished in 0.222 s
2026-08-09 23:12:13,536 INFO storage.ShuffleBlockFetcherIterator: Getting 1 (445.0 B) non-empty blocks including 1 (445.0 B) local and 0 (0.0 B) host-local and 0 (0.0 B) push-merged-local and 0 (0.0 B) remote blocks
2026-08-09 23:12:13,536 INFO scheduler.DAGScheduler: Job 41 is finished. Cancelling potential speculative or zombie tasks for this job
2026-08-09 23:12:13,536 INFO storage.ShuffleBlockFetcherIterator: Started 0 remote fetches in 0 ms
2026-08-09 23:12:13,536 INFO scheduler.TaskSchedulerImpl: Killing all running tasks in stage 53: Stage finished
2026-08-09 23:12:13,536 INFO executor.Executor: Finished task 0.0 in stage 77.0 (TID 393). 1469 bytes result sent to driver
2026-08-09 23:12:13,537 INFO scheduler.DAGScheduler: ShuffleMapStage 73 (map at BinaryClassificationMetrics.scala:48) finished in 0.097 s
2026-08-09 23:12:13,537 INFO scheduler.DAGScheduler: looking for newly runnable stages
2026-08-09 23:12:13,537 INFO scheduler.DAGScheduler: running: Set(ShuffleMapStage 84, ShuffleMapStage 81, ResultStage 70, ShuffleMapStage 71, ResultStage 68, ResultStage 75, ResultStage 79, ShuffleMapStage 77)
2026-08-09 23:12:13,537 INFO scheduler.DAGScheduler: waiting: Set(ResultStage 78, ResultStage 85, ResultStage 82, ResultStage 74, ResultStage 72)
2026-08-09 23:12:13,537 INFO scheduler.DAGScheduler: failed: Set()
2026-08-09 23:12:13,537 INFO scheduler.DAGScheduler: Submitting ResultStage 74 (MapPartitionsRDD[136] at sortByKey at BinaryClassificationMetrics.scala:189), which has no missing parents
2026-08-09 23:12:13,537 INFO scheduler.DAGScheduler: Job 41 finished: count at Metrics.scala:12, took 0.224862 s
2026-08-09 23:12:13,537 INFO executor.Executor: Finished task 0.0 in stage 70.0 (TID 394). 1588 bytes result sent to driver
2026-08-09 23:12:13,537 INFO memory.MemoryStore: Block broadcast_92 stored as values in memory (estimated size 6.7 KiB, free 2.2 GiB)
2026-08-09 23:12:13,537 INFO spark.SparkContext: Starting job: collect at BinaryClassificationMetrics.scala:237
2026-08-09 23:12:13,538 INFO memory.MemoryStore: Block broadcast_92_piece0 stored as bytes in memory (estimated size 3.4 KiB, free 2.2 GiB)
2026-08-09 23:12:13,538 INFO scheduler.TaskSetManager: Starting task 1.0 in stage 77.0 (TID 397) (10.0.0.215, executor driver, partition 1, NODE_LOCAL, 4260 bytes) taskResourceAssignments Map()
2026-08-09 23:12:13,538 INFO storage.BlockManagerInfo: Added broadcast_92_piece0 in memory on 10.0.0.215:64239 (size: 3.4 KiB, free: 2.2 GiB)
2026-08-09 23:12:13,538 INFO executor.Executor: Running task 1.0 in stage 77.0 (TID 397)
2026-08-09 23:12:13,538 INFO spark.SparkContext: Created broadcast 92 from broadcast at DAGScheduler.scala:1513
2026-08-09 23:12:13,538 INFO storage.BlockManager: Found block rdd_79_0 locally
2026-08-09 23:12:13,538 INFO scheduler.DAGScheduler: Submitting 2 missing tasks from ResultStage 74 (MapPartitionsRDD[136] at sortByKey at BinaryClassificationMetrics.scala:189) (first 15 tasks are for partitions Vector(0, 1))
2026-08-09 23:12:13,538 INFO scheduler.TaskSetManager: Starting task 1.0 in stage 70.0 (TID 398) (10.0.0.215, executor driver, partition 1, NODE_LOCAL, 4271 bytes) taskResourceAssignments Map()
2026-08-09 23:12:13,538 INFO scheduler.TaskSchedulerImpl: Adding task set 74.0 with 2 tasks resource profile 0
2026-08-09 23:12:13,539 INFO storage.BlockManager: Found block rdd_87_1 locally
2026-08-09 23:12:13,539 INFO executor.Executor: Running task 1.0 in stage 70.0 (TID 398)
2026-08-09 23:12:13,539 INFO executor.Executor: Finished task 1.0 in stage 75.0 (TID 396). 1662 bytes result sent to driver
2026-08-09 23:12:13,539 INFO scheduler.FairSchedulableBuilder: Added task set TaskSet_74.0 tasks to pool default
2026-08-09 23:12:13,539 INFO executor.Executor: Finished task 0.0 in stage 79.0 (TID 395). 1705 bytes result sent to driver
2026-08-09 23:12:13,539 INFO scheduler.DAGScheduler: Registering RDD 98 (combineByKey at BinaryClassificationMetrics.scala:188) as input to shuffle 24
2026-08-09 23:12:13,539 INFO scheduler.TaskSetManager: Starting task 0.0 in stage 74.0 (TID 399) (10.0.0.215, executor driver, partition 0, NODE_LOCAL, 4271 bytes) taskResourceAssignments Map()
2026-08-09 23:12:13,540 INFO scheduler.DAGScheduler: Got job 59 (collect at BinaryClassificationMetrics.scala:237) with 2 output partitions
2026-08-09 23:12:13,540 INFO scheduler.DAGScheduler: Final stage: ResultStage 88 (collect at BinaryClassificationMetrics.scala:237)
2026-08-09 23:12:13,540 INFO scheduler.DAGScheduler: Parents of final stage: List(ShuffleMapStage 87)
2026-08-09 23:12:13,540 INFO scheduler.TaskSetManager: Finished task 0.0 in stage 77.0 (TID 393) in 12 ms on 10.0.0.215 (executor driver) (1/2)
2026-08-09 23:12:13,540 INFO scheduler.DAGScheduler: Missing parents: List(ShuffleMapStage 87)
2026-08-09 23:12:13,541 INFO executor.Executor: Running task 0.0 in stage 74.0 (TID 399)
2026-08-09 23:12:13,541 INFO scheduler.DAGScheduler: Submitting ShuffleMapStage 87 (ShuffledRDD[98] at combineByKey at BinaryClassificationMetrics.scala:188), which has no missing parents
2026-08-09 23:12:13,541 INFO storage.ShuffleBlockFetcherIterator: Getting 1 (405.0 B) non-empty blocks including 1 (405.0 B) local and 0 (0.0 B) host-local and 0 (0.0 B) push-merged-local and 0 (0.0 B) remote blocks
2026-08-09 23:12:13,541 INFO storage.ShuffleBlockFetcherIterator: Started 0 remote fetches in 0 ms
2026-08-09 23:12:13,541 INFO memory.MemoryStore: Block broadcast_93 stored as values in memory (estimated size 5.2 KiB, free 2.2 GiB)
2026-08-09 23:12:13,541 INFO storage.ShuffleBlockFetcherIterator: Getting 1 (405.0 B) non-empty blocks including 1 (405.0 B) local and 0 (0.0 B) host-local and 0 (0.0 B) push-merged-local and 0 (0.0 B) remote blocks
2026-08-09 23:12:13,541 INFO storage.ShuffleBlockFetcherIterator: Started 0 remote fetches in 0 ms
2026-08-09 23:12:13,542 INFO memory.MemoryStore: Block broadcast_93_piece0 stored as bytes in memory (estimated size 2.9 KiB, free 2.2 GiB)
2026-08-09 23:12:13,542 INFO storage.ShuffleBlockFetcherIterator: Getting 1 (368.0 B) non-empty blocks including 1 (368.0 B) local and 0 (0.0 B) host-local and 0 (0.0 B) push-merged-local and 0 (0.0 B) remote blocks
2026-08-09 23:12:13,542 INFO storage.ShuffleBlockFetcherIterator: Started 0 remote fetches in 0 ms
2026-08-09 23:12:13,542 INFO executor.Executor: Finished task 1.0 in stage 70.0 (TID 398). 1572 bytes result sent to driver
2026-08-09 23:12:13,542 INFO executor.Executor: Finished task 0.0 in stage 74.0 (TID 399). 1462 bytes result sent to driver
2026-08-09 23:12:13,542 INFO scheduler.TaskSetManager: Starting task 1.0 in stage 79.0 (TID 400) (10.0.0.215, executor driver, partition 1, PROCESS_LOCAL, 5028 bytes) taskResourceAssignments Map()
2026-08-09 23:12:13,542 INFO storage.BlockManagerInfo: Added broadcast_93_piece0 in memory on 10.0.0.215:64239 (size: 2.9 KiB, free: 2.2 GiB)
2026-08-09 23:12:13,543 INFO scheduler.TaskSetManager: Starting task 0.0 in stage 81.0 (TID 401) (10.0.0.215, executor driver, partition 0, NODE_LOCAL, 4260 bytes) taskResourceAssignments Map()
2026-08-09 23:12:13,543 INFO scheduler.TaskSetManager: Starting task 1.0 in stage 74.0 (TID 402) (10.0.0.215, executor driver, partition 1, NODE_LOCAL, 4271 bytes) taskResourceAssignments Map()
2026-08-09 23:12:13,543 INFO executor.Executor: Running task 1.0 in stage 79.0 (TID 400)
2026-08-09 23:12:13,543 INFO scheduler.TaskSetManager: Finished task 0.0 in stage 79.0 (TID 395) in 9 ms on 10.0.0.215 (executor driver) (1/2)
2026-08-09 23:12:13,543 INFO scheduler.TaskSetManager: Finished task 0.0 in stage 70.0 (TID 394) in 11 ms on 10.0.0.215 (executor driver) (1/2)
2026-08-09 23:12:13,543 INFO spark.SparkContext: Created broadcast 93 from broadcast at DAGScheduler.scala:1513
2026-08-09 23:12:13,543 INFO scheduler.TaskSetManager: Finished task 1.0 in stage 70.0 (TID 398) in 5 ms on 10.0.0.215 (executor driver) (2/2)
2026-08-09 23:12:13,543 INFO scheduler.TaskSchedulerImpl: Removed TaskSet 70.0, whose tasks have all completed, from pool default
2026-08-09 23:12:13,543 INFO executor.Executor: Running task 1.0 in stage 74.0 (TID 402)
2026-08-09 23:12:13,543 INFO scheduler.TaskSetManager: Finished task 0.0 in stage 74.0 (TID 399) in 4 ms on 10.0.0.215 (executor driver) (1/2)
2026-08-09 23:12:13,543 INFO spark.SparkContext: Starting job: count at Metrics.scala:14
2026-08-09 23:12:13,543 INFO executor.Executor: Running task 0.0 in stage 81.0 (TID 401)
2026-08-09 23:12:13,543 INFO scheduler.TaskSetManager: Finished task 1.0 in stage 75.0 (TID 396) in 8 ms on 10.0.0.215 (executor driver) (2/2)
2026-08-09 23:12:13,543 INFO scheduler.DAGScheduler: Submitting 2 missing tasks from ShuffleMapStage 87 (ShuffledRDD[98] at combineByKey at BinaryClassificationMetrics.scala:188) (first 15 tasks are for partitions Vector(0, 1))
2026-08-09 23:12:13,543 INFO scheduler.TaskSchedulerImpl: Removed TaskSet 75.0, whose tasks have all completed, from pool default
2026-08-09 23:12:13,543 INFO scheduler.TaskSchedulerImpl: Adding task set 87.0 with 2 tasks resource profile 0
2026-08-09 23:12:13,544 INFO scheduler.FairSchedulableBuilder: Added task set TaskSet_87.0 tasks to pool default
2026-08-09 23:12:13,544 INFO scheduler.DAGScheduler: ResultStage 68 (sortByKey at BinaryClassificationMetrics.scala:189) finished in 0.029 s
2026-08-09 23:12:13,544 INFO scheduler.DAGScheduler: Job 50 is finished. Cancelling potential speculative or zombie tasks for this job
2026-08-09 23:12:13,544 INFO scheduler.TaskSchedulerImpl: Killing all running tasks in stage 68: Stage finished
2026-08-09 23:12:13,544 INFO storage.ShuffleBlockFetcherIterator: Getting 1 (490.0 B) non-empty blocks including 1 (490.0 B) local and 0 (0.0 B) host-local and 0 (0.0 B) push-merged-local and 0 (0.0 B) remote blocks
2026-08-09 23:12:13,544 INFO scheduler.DAGScheduler: ShuffleMapStage 71 (map at BinaryClassificationMetrics.scala:48) finished in 0.111 s
2026-08-09 23:12:13,544 INFO storage.ShuffleBlockFetcherIterator: Started 0 remote fetches in 0 ms
2026-08-09 23:12:13,545 INFO scheduler.DAGScheduler: Job 50 finished: sortByKey at BinaryClassificationMetrics.scala:189, took 0.159091 s
2026-08-09 23:12:13,545 INFO storage.BlockManager: Found block rdd_79_1 locally
2026-08-09 23:12:13,544 INFO scheduler.DAGScheduler: looking for newly runnable stages
2026-08-09 23:12:13,545 INFO scheduler.DAGScheduler: running: Set(ShuffleMapStage 84, ShuffleMapStage 81, ResultStage 70, ResultStage 74, ResultStage 75, ShuffleMapStage 87, ResultStage 79, ShuffleMapStage 77)
2026-08-09 23:12:13,545 INFO scheduler.DAGScheduler: waiting: Set(ResultStage 78, ResultStage 88, ResultStage 85, ResultStage 82, ResultStage 72)
2026-08-09 23:12:13,545 INFO scheduler.DAGScheduler: failed: Set()
2026-08-09 23:12:13,545 INFO storage.ShuffleBlockFetcherIterator: Getting 1 (334.0 B) non-empty blocks including 1 (334.0 B) local and 0 (0.0 B) host-local and 0 (0.0 B) push-merged-local and 0 (0.0 B) remote blocks
2026-08-09 23:12:13,545 INFO storage.ShuffleBlockFetcherIterator: Started 0 remote fetches in 0 ms
2026-08-09 23:12:13,545 INFO executor.Executor: Finished task 1.0 in stage 79.0 (TID 400). 1662 bytes result sent to driver
2026-08-09 23:12:13,545 INFO scheduler.DAGScheduler: Submitting ResultStage 72 (MapPartitionsRDD[137] at sortByKey at BinaryClassificationMetrics.scala:189), which has no missing parents
2026-08-09 23:12:13,546 INFO executor.Executor: Finished task 1.0 in stage 74.0 (TID 402). 1497 bytes result sent to driver
2026-08-09 23:12:13,546 INFO scheduler.TaskSetManager: Starting task 0.0 in stage 84.0 (TID 403) (10.0.0.215, executor driver, partition 0, NODE_LOCAL, 4260 bytes) taskResourceAssignments Map()
2026-08-09 23:12:13,546 INFO executor.Executor: Running task 0.0 in stage 84.0 (TID 403)
2026-08-09 23:12:13,546 INFO scheduler.TaskSetManager: Starting task 0.0 in stage 87.0 (TID 404) (10.0.0.215, executor driver, partition 0, NODE_LOCAL, 4260 bytes) taskResourceAssignments Map()
2026-08-09 23:12:13,546 INFO memory.MemoryStore: Block broadcast_94 stored as values in memory (estimated size 6.7 KiB, free 2.2 GiB)
2026-08-09 23:12:13,547 INFO scheduler.TaskSetManager: Finished task 1.0 in stage 79.0 (TID 400) in 5 ms on 10.0.0.215 (executor driver) (2/2)
2026-08-09 23:12:13,547 INFO scheduler.TaskSchedulerImpl: Removed TaskSet 79.0, whose tasks have all completed, from pool default
2026-08-09 23:12:13,547 INFO executor.Executor: Running task 0.0 in stage 87.0 (TID 404)
2026-08-09 23:12:13,547 INFO memory.MemoryStore: Block broadcast_94_piece0 stored as bytes in memory (estimated size 3.4 KiB, free 2.2 GiB)
2026-08-09 23:12:13,547 INFO scheduler.TaskSetManager: Finished task 1.0 in stage 74.0 (TID 402) in 4 ms on 10.0.0.215 (executor driver) (2/2)
2026-08-09 23:12:13,547 INFO scheduler.TaskSchedulerImpl: Removed TaskSet 74.0, whose tasks have all completed, from pool default
2026-08-09 23:12:13,547 INFO storage.BlockManagerInfo: Added broadcast_94_piece0 in memory on 10.0.0.215:64239 (size: 3.4 KiB, free: 2.2 GiB)
2026-08-09 23:12:13,548 INFO storage.ShuffleBlockFetcherIterator: Getting 1 (368.0 B) non-empty blocks including 1 (368.0 B) local and 0 (0.0 B) host-local and 0 (0.0 B) push-merged-local and 0 (0.0 B) remote blocks
2026-08-09 23:12:13,548 INFO storage.ShuffleBlockFetcherIterator: Started 0 remote fetches in 0 ms
2026-08-09 23:12:13,548 INFO executor.Executor: Finished task 1.0 in stage 77.0 (TID 397). 1469 bytes result sent to driver
2026-08-09 23:12:13,548 INFO scheduler.TaskSetManager: Starting task 1.0 in stage 81.0 (TID 405) (10.0.0.215, executor driver, partition 1, NODE_LOCAL, 4260 bytes) taskResourceAssignments Map()
2026-08-09 23:12:13,548 INFO spark.SparkContext: Created broadcast 94 from broadcast at DAGScheduler.scala:1513
2026-08-09 23:12:13,548 INFO executor.Executor: Running task 1.0 in stage 81.0 (TID 405)
2026-08-09 23:12:13,548 INFO scheduler.TaskSetManager: Finished task 1.0 in stage 77.0 (TID 397) in 11 ms on 10.0.0.215 (executor driver) (2/2)
2026-08-09 23:12:13,548 INFO scheduler.TaskSchedulerImpl: Removed TaskSet 77.0, whose tasks have all completed, from pool default
2026-08-09 23:12:13,548 INFO scheduler.DAGScheduler: Submitting 2 missing tasks from ResultStage 72 (MapPartitionsRDD[137] at sortByKey at BinaryClassificationMetrics.scala:189) (first 15 tasks are for partitions Vector(0, 1))
2026-08-09 23:12:13,548 INFO scheduler.TaskSchedulerImpl: Adding task set 72.0 with 2 tasks resource profile 0
2026-08-09 23:12:13,548 INFO scheduler.FairSchedulableBuilder: Added task set TaskSet_72.0 tasks to pool default
2026-08-09 23:12:13,549 INFO storage.ShuffleBlockFetcherIterator: Getting 1 (593.0 B) non-empty blocks including 1 (593.0 B) local and 0 (0.0 B) host-local and 0 (0.0 B) push-merged-local and 0 (0.0 B) remote blocks
2026-08-09 23:12:13,549 INFO storage.ShuffleBlockFetcherIterator: Started 0 remote fetches in 0 ms
2026-08-09 23:12:13,549 INFO scheduler.DAGScheduler: Registering RDD 120 (combineByKey at BinaryClassificationMetrics.scala:188) as input to shuffle 25
2026-08-09 23:12:13,549 INFO scheduler.DAGScheduler: Got job 60 (collect at BinaryClassificationMetrics.scala:237) with 2 output partitions
2026-08-09 23:12:13,550 INFO scheduler.DAGScheduler: Final stage: ResultStage 91 (collect at BinaryClassificationMetrics.scala:237)
2026-08-09 23:12:13,550 INFO storage.ShuffleBlockFetcherIterator: Getting 1 (405.0 B) non-empty blocks including 1 (405.0 B) local and 0 (0.0 B) host-local and 0 (0.0 B) push-merged-local and 0 (0.0 B) remote blocks
2026-08-09 23:12:13,549 INFO executor.Executor: Finished task 0.0 in stage 81.0 (TID 401). 1426 bytes result sent to driver
2026-08-09 23:12:13,550 INFO storage.ShuffleBlockFetcherIterator: Started 0 remote fetches in 0 ms
2026-08-09 23:12:13,550 INFO scheduler.DAGScheduler: Parents of final stage: List(ShuffleMapStage 90)
2026-08-09 23:12:13,550 INFO scheduler.DAGScheduler: Missing parents: List(ShuffleMapStage 90)
2026-08-09 23:12:13,551 INFO scheduler.DAGScheduler: Submitting ShuffleMapStage 90 (ShuffledRDD[120] at combineByKey at BinaryClassificationMetrics.scala:188), which has no missing parents
2026-08-09 23:12:13,551 INFO memory.MemoryStore: Block broadcast_95 stored as values in memory (estimated size 5.2 KiB, free 2.2 GiB)
2026-08-09 23:12:13,551 INFO scheduler.TaskSetManager: Starting task 0.0 in stage 72.0 (TID 406) (10.0.0.215, executor driver, partition 0, NODE_LOCAL, 4271 bytes) taskResourceAssignments Map()
2026-08-09 23:12:13,552 INFO memory.MemoryStore: Block broadcast_95_piece0 stored as bytes in memory (estimated size 2.9 KiB, free 2.2 GiB)
2026-08-09 23:12:13,552 INFO scheduler.TaskSetManager: Finished task 0.0 in stage 81.0 (TID 401) in 10 ms on 10.0.0.215 (executor driver) (1/2)
2026-08-09 23:12:13,552 INFO executor.Executor: Running task 0.0 in stage 72.0 (TID 406)
2026-08-09 23:12:13,552 INFO executor.Executor: Finished task 0.0 in stage 84.0 (TID 403). 1426 bytes result sent to driver
2026-08-09 23:12:13,552 INFO storage.BlockManagerInfo: Added broadcast_95_piece0 in memory on 10.0.0.215:64239 (size: 2.9 KiB, free: 2.2 GiB)
2026-08-09 23:12:13,553 INFO scheduler.TaskSetManager: Starting task 1.0 in stage 84.0 (TID 407) (10.0.0.215, executor driver, partition 1, NODE_LOCAL, 4260 bytes) taskResourceAssignments Map()
2026-08-09 23:12:13,553 INFO executor.Executor: Running task 1.0 in stage 84.0 (TID 407)
2026-08-09 23:12:13,553 INFO spark.SparkContext: Created broadcast 95 from broadcast at DAGScheduler.scala:1513
2026-08-09 23:12:13,553 INFO scheduler.TaskSetManager: Finished task 0.0 in stage 84.0 (TID 403) in 7 ms on 10.0.0.215 (executor driver) (1/2)
2026-08-09 23:12:13,553 INFO storage.ShuffleBlockFetcherIterator: Getting 1 (490.0 B) non-empty blocks including 1 (490.0 B) local and 0 (0.0 B) host-local and 0 (0.0 B) push-merged-local and 0 (0.0 B) remote blocks
2026-08-09 23:12:13,553 INFO storage.ShuffleBlockFetcherIterator: Started 0 remote fetches in 0 ms
2026-08-09 23:12:13,553 INFO scheduler.DAGScheduler: Submitting 2 missing tasks from ShuffleMapStage 90 (ShuffledRDD[120] at combineByKey at BinaryClassificationMetrics.scala:188) (first 15 tasks are for partitions Vector(0, 1))
2026-08-09 23:12:13,553 INFO executor.Executor: Finished task 1.0 in stage 81.0 (TID 405). 1426 bytes result sent to driver
2026-08-09 23:12:13,553 INFO scheduler.TaskSchedulerImpl: Adding task set 90.0 with 2 tasks resource profile 0
2026-08-09 23:12:13,554 INFO scheduler.FairSchedulableBuilder: Added task set TaskSet_90.0 tasks to pool default
2026-08-09 23:12:13,554 INFO storage.ShuffleBlockFetcherIterator: Getting 1 (334.0 B) non-empty blocks including 1 (334.0 B) local and 0 (0.0 B) host-local and 0 (0.0 B) push-merged-local and 0 (0.0 B) remote blocks
2026-08-09 23:12:13,554 INFO storage.ShuffleBlockFetcherIterator: Started 0 remote fetches in 0 ms
2026-08-09 23:12:13,554 INFO scheduler.TaskSetManager: Starting task 0.0 in stage 90.0 (TID 408) (10.0.0.215, executor driver, partition 0, NODE_LOCAL, 4260 bytes) taskResourceAssignments Map()
2026-08-09 23:12:13,554 INFO scheduler.DAGScheduler: ResultStage 70 (sortByKey at BinaryClassificationMetrics.scala:189) finished in 0.028 s
2026-08-09 23:12:13,554 INFO scheduler.DAGScheduler: Job 51 is finished. Cancelling potential speculative or zombie tasks for this job
2026-08-09 23:12:13,554 INFO scheduler.TaskSchedulerImpl: Killing all running tasks in stage 70: Stage finished
2026-08-09 23:12:13,554 INFO scheduler.DAGScheduler: Got job 61 (count at Metrics.scala:14) with 2 output partitions
2026-08-09 23:12:13,554 INFO scheduler.DAGScheduler: Final stage: ResultStage 92 (count at Metrics.scala:14)
2026-08-09 23:12:13,554 INFO scheduler.DAGScheduler: Parents of final stage: List()
2026-08-09 23:12:13,555 INFO executor.Executor: Finished task 0.0 in stage 72.0 (TID 406). 1553 bytes result sent to driver
2026-08-09 23:12:13,555 INFO scheduler.DAGScheduler: Job 51 finished: sortByKey at BinaryClassificationMetrics.scala:189, took 0.132471 s
2026-08-09 23:12:13,555 INFO executor.Executor: Finished task 0.0 in stage 87.0 (TID 404). 1469 bytes result sent to driver
2026-08-09 23:12:13,555 INFO executor.Executor: Running task 0.0 in stage 90.0 (TID 408)
2026-08-09 23:12:13,555 INFO scheduler.DAGScheduler: Missing parents: List()
2026-08-09 23:12:13,555 INFO scheduler.TaskSetManager: Finished task 1.0 in stage 81.0 (TID 405) in 7 ms on 10.0.0.215 (executor driver) (2/2)
2026-08-09 23:12:13,555 INFO scheduler.TaskSchedulerImpl: Removed TaskSet 81.0, whose tasks have all completed, from pool default
2026-08-09 23:12:13,555 INFO scheduler.TaskSetManager: Starting task 1.0 in stage 72.0 (TID 409) (10.0.0.215, executor driver, partition 1, NODE_LOCAL, 4271 bytes) taskResourceAssignments Map()
2026-08-09 23:12:13,555 INFO scheduler.DAGScheduler: Submitting ResultStage 92 (MapPartitionsRDD[155] at filter at Metrics.scala:14), which has no missing parents
2026-08-09 23:12:13,556 INFO executor.Executor: Running task 1.0 in stage 72.0 (TID 409)
2026-08-09 23:12:13,556 INFO storage.ShuffleBlockFetcherIterator: Getting 1 (368.0 B) non-empty blocks including 1 (368.0 B) local and 0 (0.0 B) host-local and 0 (0.0 B) push-merged-local and 0 (0.0 B) remote blocks
2026-08-09 23:12:13,556 INFO storage.ShuffleBlockFetcherIterator: Started 0 remote fetches in 0 ms
2026-08-09 23:12:13,556 INFO spark.SparkContext: Starting job: collect at BinaryClassificationMetrics.scala:237
2026-08-09 23:12:13,555 INFO scheduler.TaskSetManager: Starting task 1.0 in stage 87.0 (TID 410) (10.0.0.215, executor driver, partition 1, NODE_LOCAL, 4260 bytes) taskResourceAssignments Map()
2026-08-09 23:12:13,556 INFO executor.Executor: Running task 1.0 in stage 87.0 (TID 410)
2026-08-09 23:12:13,557 INFO scheduler.TaskSetManager: Finished task 0.0 in stage 87.0 (TID 404) in 10 ms on 10.0.0.215 (executor driver) (1/2)
2026-08-09 23:12:13,557 INFO executor.Executor: Finished task 1.0 in stage 84.0 (TID 407). 1426 bytes result sent to driver
2026-08-09 23:12:13,557 INFO scheduler.TaskSetManager: Finished task 0.0 in stage 72.0 (TID 406) in 6 ms on 10.0.0.215 (executor driver) (1/2)
2026-08-09 23:12:13,556 INFO storage.ShuffleBlockFetcherIterator: Getting 1 (405.0 B) non-empty blocks including 1 (405.0 B) local and 0 (0.0 B) host-local and 0 (0.0 B) push-merged-local and 0 (0.0 B) remote blocks
2026-08-09 23:12:13,557 INFO storage.ShuffleBlockFetcherIterator: Started 0 remote fetches in 0 ms
2026-08-09 23:12:13,557 INFO scheduler.TaskSetManager: Starting task 1.0 in stage 90.0 (TID 411) (10.0.0.215, executor driver, partition 1, NODE_LOCAL, 4260 bytes) taskResourceAssignments Map()
2026-08-09 23:12:13,557 INFO executor.Executor: Running task 1.0 in stage 90.0 (TID 411)
2026-08-09 23:12:13,557 INFO memory.MemoryStore: Block broadcast_96 stored as values in memory (estimated size 38.5 KiB, free 2.2 GiB)
2026-08-09 23:12:13,557 INFO scheduler.TaskSetManager: Finished task 1.0 in stage 84.0 (TID 407) in 5 ms on 10.0.0.215 (executor driver) (2/2)
2026-08-09 23:12:13,557 INFO executor.Executor: Finished task 0.0 in stage 90.0 (TID 408). 1426 bytes result sent to driver
2026-08-09 23:12:13,558 INFO memory.MemoryStore: Block broadcast_96_piece0 stored as bytes in memory (estimated size 12.1 KiB, free 2.2 GiB)
2026-08-09 23:12:13,558 INFO scheduler.TaskSchedulerImpl: Removed TaskSet 84.0, whose tasks have all completed, from pool default
2026-08-09 23:12:13,558 INFO storage.BlockManagerInfo: Added broadcast_96_piece0 in memory on 10.0.0.215:64239 (size: 12.1 KiB, free: 2.2 GiB)
2026-08-09 23:12:13,558 INFO spark.SparkContext: Created broadcast 96 from broadcast at DAGScheduler.scala:1513
2026-08-09 23:12:13,558 INFO scheduler.DAGScheduler: Submitting 2 missing tasks from ResultStage 92 (MapPartitionsRDD[155] at filter at Metrics.scala:14) (first 15 tasks are for partitions Vector(0, 1))
2026-08-09 23:12:13,558 INFO scheduler.TaskSchedulerImpl: Adding task set 92.0 with 2 tasks resource profile 0
2026-08-09 23:12:13,558 INFO executor.Executor: Finished task 1.0 in stage 72.0 (TID 409). 1529 bytes result sent to driver
2026-08-09 23:12:13,558 INFO storage.ShuffleBlockFetcherIterator: Getting 1 (334.0 B) non-empty blocks including 1 (334.0 B) local and 0 (0.0 B) host-local and 0 (0.0 B) push-merged-local and 0 (0.0 B) remote blocks
2026-08-09 23:12:13,559 INFO storage.ShuffleBlockFetcherIterator: Started 0 remote fetches in 0 ms
2026-08-09 23:12:13,559 INFO scheduler.FairSchedulableBuilder: Added task set TaskSet_92.0 tasks to pool default
2026-08-09 23:12:13,559 INFO scheduler.TaskSetManager: Finished task 0.0 in stage 90.0 (TID 408) in 5 ms on 10.0.0.215 (executor driver) (1/2)
2026-08-09 23:12:13,559 INFO storage.ShuffleBlockFetcherIterator: Getting 1 (490.0 B) non-empty blocks including 1 (490.0 B) local and 0 (0.0 B) host-local and 0 (0.0 B) push-merged-local and 0 (0.0 B) remote blocks
2026-08-09 23:12:13,559 INFO scheduler.DAGScheduler: ResultStage 75 (count at Metrics.scala:14) finished in 0.077 s
2026-08-09 23:12:13,559 INFO storage.ShuffleBlockFetcherIterator: Started 0 remote fetches in 0 ms
2026-08-09 23:12:13,559 INFO scheduler.DAGScheduler: Job 54 is finished. Cancelling potential speculative or zombie tasks for this job
2026-08-09 23:12:13,559 INFO scheduler.TaskSchedulerImpl: Killing all running tasks in stage 75: Stage finished
2026-08-09 23:12:13,559 INFO scheduler.DAGScheduler: ResultStage 79 (count at Metrics.scala:14) finished in 0.048 s
2026-08-09 23:12:13,559 INFO scheduler.DAGScheduler: Job 56 is finished. Cancelling potential speculative or zombie tasks for this job
2026-08-09 23:12:13,559 INFO scheduler.TaskSetManager: Starting task 0.0 in stage 92.0 (TID 412) (10.0.0.215, executor driver, partition 0, PROCESS_LOCAL, 5028 bytes) taskResourceAssignments Map()
2026-08-09 23:12:13,559 INFO scheduler.DAGScheduler: Job 54 finished: count at Metrics.scala:14, took 0.083519 s
2026-08-09 23:12:13,560 INFO scheduler.TaskSetManager: Starting task 1.0 in stage 92.0 (TID 413) (10.0.0.215, executor driver, partition 1, PROCESS_LOCAL, 5028 bytes) taskResourceAssignments Map()
2026-08-09 23:12:13,560 INFO scheduler.TaskSchedulerImpl: Killing all running tasks in stage 79: Stage finished
2026-08-09 23:12:13,560 INFO scheduler.TaskSetManager: Finished task 1.0 in stage 72.0 (TID 409) in 5 ms on 10.0.0.215 (executor driver) (2/2)
2026-08-09 23:12:13,560 INFO scheduler.TaskSchedulerImpl: Removed TaskSet 72.0, whose tasks have all completed, from pool default
2026-08-09 23:12:13,560 INFO executor.Executor: Running task 0.0 in stage 92.0 (TID 412)
2026-08-09 23:12:13,560 INFO executor.Executor: Running task 1.0 in stage 92.0 (TID 413)
2026-08-09 23:12:13,560 INFO scheduler.DAGScheduler: ResultStage 74 (sortByKey at BinaryClassificationMetrics.scala:189) finished in 0.023 s
2026-08-09 23:12:13,560 INFO scheduler.DAGScheduler: Job 53 is finished. Cancelling potential speculative or zombie tasks for this job
2026-08-09 23:12:13,560 INFO scheduler.TaskSchedulerImpl: Killing all running tasks in stage 74: Stage finished
2026-08-09 23:12:13,560 INFO scheduler.DAGScheduler: ShuffleMapStage 77 (combineByKey at BinaryClassificationMetrics.scala:188) finished in 0.054 s
2026-08-09 23:12:13,561 INFO scheduler.DAGScheduler: looking for newly runnable stages
2026-08-09 23:12:13,561 INFO scheduler.DAGScheduler: running: Set(ShuffleMapStage 84, ShuffleMapStage 81, ResultStage 72, ShuffleMapStage 87, ShuffleMapStage 90, ResultStage 92)
2026-08-09 23:12:13,561 INFO scheduler.DAGScheduler: waiting: Set(ResultStage 78, ResultStage 88, ResultStage 85, ResultStage 82, ResultStage 91)
2026-08-09 23:12:13,561 INFO scheduler.DAGScheduler: failed: Set()
2026-08-09 23:12:13,561 INFO scheduler.DAGScheduler: Job 56 finished: count at Metrics.scala:14, took 0.056863 s
2026-08-09 23:12:13,561 INFO scheduler.DAGScheduler: Submitting ResultStage 78 (MapPartitionsRDD[141] at mapPartitions at BinaryClassificationMetrics.scala:237), which has no missing parents
2026-08-09 23:12:13,561 INFO memory.MemoryStore: Block broadcast_97 stored as values in memory (estimated size 6.2 KiB, free 2.2 GiB)
2026-08-09 23:12:13,562 INFO scheduler.DAGScheduler: Job 53 finished: sortByKey at BinaryClassificationMetrics.scala:189, took 0.128939 s
2026-08-09 23:12:13,568 INFO executor.Executor: Finished task 1.0 in stage 90.0 (TID 411). 1469 bytes result sent to driver
2026-08-09 23:12:13,566 INFO storage.BlockManager: Found block rdd_89_0 locally
2026-08-09 23:12:13,569 INFO spark.SparkContext: Starting job: collect at BinaryClassificationMetrics.scala:237
2026-08-09 23:12:13,569 INFO storage.BlockManager: Found block rdd_89_1 locally
2026-08-09 23:12:13,567 INFO executor.Executor: Finished task 1.0 in stage 87.0 (TID 410). 1512 bytes result sent to driver
2026-08-09 23:12:13,569 INFO executor.Executor: Finished task 0.0 in stage 92.0 (TID 412). 1791 bytes result sent to driver
2026-08-09 23:12:13,569 INFO executor.Executor: Finished task 1.0 in stage 92.0 (TID 413). 1705 bytes result sent to driver
2026-08-09 23:12:13,566 INFO memory.MemoryStore: Block broadcast_97_piece0 stored as bytes in memory (estimated size 3.4 KiB, free 2.2 GiB)
2026-08-09 23:12:13,570 INFO storage.BlockManagerInfo: Added broadcast_97_piece0 in memory on 10.0.0.215:64239 (size: 3.4 KiB, free: 2.2 GiB)
2026-08-09 23:12:13,571 INFO scheduler.TaskSetManager: Finished task 1.0 in stage 90.0 (TID 411) in 14 ms on 10.0.0.215 (executor driver) (2/2)
2026-08-09 23:12:13,571 INFO scheduler.TaskSchedulerImpl: Removed TaskSet 90.0, whose tasks have all completed, from pool default
2026-08-09 23:12:13,571 INFO scheduler.TaskSetManager: Finished task 1.0 in stage 87.0 (TID 410) in 16 ms on 10.0.0.215 (executor driver) (2/2)
2026-08-09 23:12:13,571 INFO scheduler.TaskSchedulerImpl: Removed TaskSet 87.0, whose tasks have all completed, from pool default
2026-08-09 23:12:13,571 INFO scheduler.TaskSetManager: Finished task 0.0 in stage 92.0 (TID 412) in 12 ms on 10.0.0.215 (executor driver) (1/2)
2026-08-09 23:12:13,571 INFO scheduler.TaskSetManager: Finished task 1.0 in stage 92.0 (TID 413) in 12 ms on 10.0.0.215 (executor driver) (2/2)
2026-08-09 23:12:13,571 INFO scheduler.TaskSchedulerImpl: Removed TaskSet 92.0, whose tasks have all completed, from pool default
2026-08-09 23:12:13,572 INFO storage.BlockManagerInfo: Removed broadcast_73_piece0 on 10.0.0.215:64239 in memory (size: 12.7 KiB, free: 2.2 GiB)
2026-08-09 23:12:13,572 INFO spark.SparkContext: Created broadcast 97 from broadcast at DAGScheduler.scala:1513
2026-08-09 23:12:13,572 INFO scheduler.DAGScheduler: Submitting 2 missing tasks from ResultStage 78 (MapPartitionsRDD[141] at mapPartitions at BinaryClassificationMetrics.scala:237) (first 15 tasks are for partitions Vector(0, 1))
2026-08-09 23:12:13,572 INFO scheduler.TaskSchedulerImpl: Adding task set 78.0 with 2 tasks resource profile 0
2026-08-09 23:12:13,572 INFO scheduler.FairSchedulableBuilder: Added task set TaskSet_78.0 tasks to pool default
2026-08-09 23:12:13,573 INFO scheduler.DAGScheduler: ShuffleMapStage 81 (combineByKey at BinaryClassificationMetrics.scala:188) finished in 0.054 s
2026-08-09 23:12:13,573 INFO scheduler.DAGScheduler: looking for newly runnable stages
2026-08-09 23:12:13,573 INFO scheduler.DAGScheduler: running: Set(ShuffleMapStage 84, ResultStage 78, ResultStage 72, ShuffleMapStage 87, ShuffleMapStage 90, ResultStage 92)
2026-08-09 23:12:13,573 INFO scheduler.DAGScheduler: waiting: Set(ResultStage 88, ResultStage 85, ResultStage 82, ResultStage 91)
2026-08-09 23:12:13,573 INFO scheduler.DAGScheduler: failed: Set()
2026-08-09 23:12:13,573 INFO scheduler.DAGScheduler: Submitting ResultStage 82 (MapPartitionsRDD[145] at mapPartitions at BinaryClassificationMetrics.scala:237), which has no missing parents
2026-08-09 23:12:13,573 INFO scheduler.TaskSetManager: Starting task 0.0 in stage 78.0 (TID 414) (10.0.0.215, executor driver, partition 0, NODE_LOCAL, 4271 bytes) taskResourceAssignments Map()
2026-08-09 23:12:13,574 INFO scheduler.TaskSetManager: Starting task 1.0 in stage 78.0 (TID 415) (10.0.0.215, executor driver, partition 1, NODE_LOCAL, 4271 bytes) taskResourceAssignments Map()
2026-08-09 23:12:13,574 INFO spark.SparkContext: Starting job: sortByKey at BinaryClassificationMetrics.scala:189
2026-08-09 23:12:13,574 INFO memory.MemoryStore: Block broadcast_98 stored as values in memory (estimated size 6.2 KiB, free 2.2 GiB)
2026-08-09 23:12:13,574 INFO memory.MemoryStore: Block broadcast_98_piece0 stored as bytes in memory (estimated size 3.4 KiB, free 2.2 GiB)
2026-08-09 23:12:13,574 INFO executor.Executor: Running task 0.0 in stage 78.0 (TID 414)
2026-08-09 23:12:13,574 INFO executor.Executor: Running task 1.0 in stage 78.0 (TID 415)
2026-08-09 23:12:13,575 INFO storage.BlockManagerInfo: Added broadcast_98_piece0 in memory on 10.0.0.215:64239 (size: 3.4 KiB, free: 2.2 GiB)
2026-08-09 23:12:13,576 INFO spark.SparkContext: Created broadcast 98 from broadcast at DAGScheduler.scala:1513
2026-08-09 23:12:13,576 INFO scheduler.DAGScheduler: Submitting 2 missing tasks from ResultStage 82 (MapPartitionsRDD[145] at mapPartitions at BinaryClassificationMetrics.scala:237) (first 15 tasks are for partitions Vector(0, 1))
2026-08-09 23:12:13,576 INFO scheduler.TaskSchedulerImpl: Adding task set 82.0 with 2 tasks resource profile 0
2026-08-09 23:12:13,576 INFO spark.SparkContext: Starting job: collect at BinaryClassificationMetrics.scala:237
2026-08-09 23:12:13,580 INFO scheduler.FairSchedulableBuilder: Added task set TaskSet_82.0 tasks to pool default
2026-08-09 23:12:13,580 INFO storage.BlockManagerInfo: Removed broadcast_75_piece0 on 10.0.0.215:64239 in memory (size: 12.7 KiB, free: 2.2 GiB)
2026-08-09 23:12:13,581 INFO scheduler.TaskSetManager: Starting task 0.0 in stage 82.0 (TID 416) (10.0.0.215, executor driver, partition 0, NODE_LOCAL, 4271 bytes) taskResourceAssignments Map()
2026-08-09 23:12:13,581 INFO scheduler.DAGScheduler: Registering RDD 115 (combineByKey at BinaryClassificationMetrics.scala:188) as input to shuffle 26
2026-08-09 23:12:13,581 INFO scheduler.TaskSetManager: Starting task 1.0 in stage 82.0 (TID 417) (10.0.0.215, executor driver, partition 1, NODE_LOCAL, 4271 bytes) taskResourceAssignments Map()
2026-08-09 23:12:13,581 INFO scheduler.DAGScheduler: Got job 62 (collect at BinaryClassificationMetrics.scala:237) with 2 output partitions
2026-08-09 23:12:13,581 INFO scheduler.DAGScheduler: Final stage: ResultStage 95 (collect at BinaryClassificationMetrics.scala:237)
2026-08-09 23:12:13,581 INFO scheduler.DAGScheduler: Parents of final stage: List(ShuffleMapStage 94)
2026-08-09 23:12:13,581 INFO scheduler.DAGScheduler: Missing parents: List(ShuffleMapStage 94)
2026-08-09 23:12:13,581 INFO executor.Executor: Running task 1.0 in stage 82.0 (TID 417)
2026-08-09 23:12:13,581 INFO executor.Executor: Running task 0.0 in stage 82.0 (TID 416)
2026-08-09 23:12:13,582 INFO scheduler.DAGScheduler: Submitting ShuffleMapStage 94 (ShuffledRDD[115] at combineByKey at BinaryClassificationMetrics.scala:188), which has no missing parents
2026-08-09 23:12:13,582 INFO spark.SparkContext: Starting job: sortByKey at BinaryClassificationMetrics.scala:189
2026-08-09 23:12:13,584 INFO storage.BlockManagerInfo: Removed broadcast_67_piece0 on 10.0.0.215:64239 in memory (size: 12.0 KiB, free: 2.2 GiB)
2026-08-09 23:12:13,584 INFO storage.ShuffleBlockFetcherIterator: Getting 2 (702.0 B) non-empty blocks including 2 (702.0 B) local and 0 (0.0 B) host-local and 0 (0.0 B) push-merged-local and 0 (0.0 B) remote blocks
2026-08-09 23:12:13,584 INFO storage.ShuffleBlockFetcherIterator: Started 0 remote fetches in 0 ms
2026-08-09 23:12:13,585 INFO storage.ShuffleBlockFetcherIterator: Getting 2 (668.0 B) non-empty blocks including 2 (668.0 B) local and 0 (0.0 B) host-local and 0 (0.0 B) push-merged-local and 0 (0.0 B) remote blocks
2026-08-09 23:12:13,585 INFO storage.BlockManagerInfo: Removed broadcast_78_piece0 on 10.0.0.215:64239 in memory (size: 12.7 KiB, free: 2.2 GiB)
2026-08-09 23:12:13,585 INFO memory.MemoryStore: Block broadcast_99 stored as values in memory (estimated size 5.2 KiB, free 2.2 GiB)
2026-08-09 23:12:13,585 INFO storage.ShuffleBlockFetcherIterator: Getting 2 (702.0 B) non-empty blocks including 2 (702.0 B) local and 0 (0.0 B) host-local and 0 (0.0 B) push-merged-local and 0 (0.0 B) remote blocks
2026-08-09 23:12:13,585 INFO storage.ShuffleBlockFetcherIterator: Started 0 remote fetches in 0 ms
2026-08-09 23:12:13,585 INFO storage.ShuffleBlockFetcherIterator: Started 0 remote fetches in 0 ms
2026-08-09 23:12:13,586 INFO memory.MemoryStore: Block broadcast_99_piece0 stored as bytes in memory (estimated size 2.9 KiB, free 2.2 GiB)
2026-08-09 23:12:13,586 INFO storage.BlockManagerInfo: Removed broadcast_77_piece0 on 10.0.0.215:64239 in memory (size: 12.7 KiB, free: 2.2 GiB)
2026-08-09 23:12:13,585 INFO storage.ShuffleBlockFetcherIterator: Getting 2 (702.0 B) non-empty blocks including 2 (702.0 B) local and 0 (0.0 B) host-local and 0 (0.0 B) push-merged-local and 0 (0.0 B) remote blocks
2026-08-09 23:12:13,586 INFO storage.BlockManagerInfo: Added broadcast_99_piece0 in memory on 10.0.0.215:64239 (size: 2.9 KiB, free: 2.2 GiB)
2026-08-09 23:12:13,586 INFO storage.ShuffleBlockFetcherIterator: Started 0 remote fetches in 1 ms
2026-08-09 23:12:13,586 INFO spark.SparkContext: Created broadcast 99 from broadcast at DAGScheduler.scala:1513
2026-08-09 23:12:13,587 INFO storage.BlockManagerInfo: Removed broadcast_92_piece0 on 10.0.0.215:64239 in memory (size: 3.4 KiB, free: 2.2 GiB)
2026-08-09 23:12:13,587 INFO scheduler.DAGScheduler: Submitting 2 missing tasks from ShuffleMapStage 94 (ShuffledRDD[115] at combineByKey at BinaryClassificationMetrics.scala:188) (first 15 tasks are for partitions Vector(0, 1))
2026-08-09 23:12:13,588 INFO scheduler.TaskSchedulerImpl: Adding task set 94.0 with 2 tasks resource profile 0
2026-08-09 23:12:13,588 INFO scheduler.FairSchedulableBuilder: Added task set TaskSet_94.0 tasks to pool default
2026-08-09 23:12:13,588 INFO storage.BlockManagerInfo: Removed broadcast_76_piece0 on 10.0.0.215:64239 in memory (size: 12.7 KiB, free: 2.2 GiB)
2026-08-09 23:12:13,589 INFO storage.BlockManagerInfo: Removed broadcast_85_piece0 on 10.0.0.215:64239 in memory (size: 3.4 KiB, free: 2.2 GiB)
2026-08-09 23:12:13,589 INFO scheduler.DAGScheduler: ShuffleMapStage 84 (combineByKey at BinaryClassificationMetrics.scala:188) finished in 0.055 s
2026-08-09 23:12:13,589 INFO scheduler.DAGScheduler: looking for newly runnable stages
2026-08-09 23:12:13,589 INFO scheduler.DAGScheduler: running: Set(ResultStage 78, ResultStage 82, ResultStage 72, ShuffleMapStage 87, ShuffleMapStage 90, ShuffleMapStage 94, ResultStage 92)
2026-08-09 23:12:13,589 INFO scheduler.DAGScheduler: waiting: Set(ResultStage 88, ResultStage 85, ResultStage 91, ResultStage 95)
2026-08-09 23:12:13,589 INFO scheduler.DAGScheduler: failed: Set()
2026-08-09 23:12:13,590 INFO scheduler.DAGScheduler: Submitting ResultStage 85 (MapPartitionsRDD[148] at mapPartitions at BinaryClassificationMetrics.scala:237), which has no missing parents
2026-08-09 23:12:13,590 INFO storage.BlockManagerInfo: Removed broadcast_88_piece0 on 10.0.0.215:64239 in memory (size: 3.4 KiB, free: 2.2 GiB)
2026-08-09 23:12:13,591 INFO memory.MemoryStore: Block broadcast_100 stored as values in memory (estimated size 6.2 KiB, free 2.2 GiB)
2026-08-09 23:12:13,591 INFO storage.BlockManagerInfo: Removed broadcast_84_piece0 on 10.0.0.215:64239 in memory (size: 3.4 KiB, free: 2.2 GiB)
2026-08-09 23:12:13,592 INFO memory.MemoryStore: Block broadcast_100_piece0 stored as bytes in memory (estimated size 3.4 KiB, free 2.2 GiB)
2026-08-09 23:12:13,592 INFO storage.BlockManagerInfo: Added broadcast_100_piece0 in memory on 10.0.0.215:64239 (size: 3.4 KiB, free: 2.2 GiB)
2026-08-09 23:12:13,597 INFO spark.SparkContext: Created broadcast 100 from broadcast at DAGScheduler.scala:1513
2026-08-09 23:12:13,597 INFO scheduler.DAGScheduler: Submitting 2 missing tasks from ResultStage 85 (MapPartitionsRDD[148] at mapPartitions at BinaryClassificationMetrics.scala:237) (first 15 tasks are for partitions Vector(0, 1))
2026-08-09 23:12:13,597 INFO scheduler.TaskSchedulerImpl: Adding task set 85.0 with 2 tasks resource profile 0
2026-08-09 23:12:13,597 INFO storage.BlockManagerInfo: Removed broadcast_87_piece0 on 10.0.0.215:64239 in memory (size: 12.1 KiB, free: 2.2 GiB)
2026-08-09 23:12:13,598 INFO scheduler.FairSchedulableBuilder: Added task set TaskSet_85.0 tasks to pool default
2026-08-09 23:12:13,598 INFO scheduler.DAGScheduler: ResultStage 72 (sortByKey at BinaryClassificationMetrics.scala:189) finished in 0.052 s
2026-08-09 23:12:13,598 INFO executor.Executor: Finished task 1.0 in stage 78.0 (TID 415). 1456 bytes result sent to driver
2026-08-09 23:12:13,598 INFO scheduler.DAGScheduler: Job 52 is finished. Cancelling potential speculative or zombie tasks for this job
2026-08-09 23:12:13,598 INFO scheduler.TaskSchedulerImpl: Killing all running tasks in stage 72: Stage finished
2026-08-09 23:12:13,598 INFO scheduler.DAGScheduler: Job 52 finished: sortByKey at BinaryClassificationMetrics.scala:189, took 0.167343 s
2026-08-09 23:12:13,598 INFO scheduler.DAGScheduler: Registering RDD 125 (combineByKey at BinaryClassificationMetrics.scala:188) as input to shuffle 27
2026-08-09 23:12:13,598 INFO scheduler.DAGScheduler: Got job 63 (collect at BinaryClassificationMetrics.scala:237) with 2 output partitions
2026-08-09 23:12:13,598 INFO scheduler.DAGScheduler: Final stage: ResultStage 98 (collect at BinaryClassificationMetrics.scala:237)
2026-08-09 23:12:13,598 INFO scheduler.DAGScheduler: Parents of final stage: List(ShuffleMapStage 97)
2026-08-09 23:12:13,598 INFO scheduler.DAGScheduler: Missing parents: List(ShuffleMapStage 97)
2026-08-09 23:12:13,598 INFO executor.Executor: Finished task 0.0 in stage 78.0 (TID 414). 1456 bytes result sent to driver
2026-08-09 23:12:13,600 INFO scheduler.DAGScheduler: Submitting ShuffleMapStage 97 (ShuffledRDD[125] at combineByKey at BinaryClassificationMetrics.scala:188), which has no missing parents
2026-08-09 23:12:13,600 INFO storage.BlockManagerInfo: Removed broadcast_23_piece0 on 10.0.0.215:64239 in memory (size: 12.3 KiB, free: 2.2 GiB)
2026-08-09 23:12:13,600 INFO scheduler.TaskSetManager: Starting task 0.0 in stage 85.0 (TID 418) (10.0.0.215, executor driver, partition 0, NODE_LOCAL, 4271 bytes) taskResourceAssignments Map()
2026-08-09 23:12:13,600 INFO executor.Executor: Finished task 0.0 in stage 82.0 (TID 416). 1456 bytes result sent to driver
2026-08-09 23:12:13,600 INFO scheduler.TaskSetManager: Finished task 0.0 in stage 78.0 (TID 414) in 27 ms on 10.0.0.215 (executor driver) (1/2)
2026-08-09 23:12:13,600 INFO executor.Executor: Running task 0.0 in stage 85.0 (TID 418)
2026-08-09 23:12:13,600 INFO memory.MemoryStore: Block broadcast_101 stored as values in memory (estimated size 5.2 KiB, free 2.2 GiB)
2026-08-09 23:12:13,600 INFO memory.MemoryStore: Block broadcast_101_piece0 stored as bytes in memory (estimated size 2.9 KiB, free 2.2 GiB)
2026-08-09 23:12:13,601 INFO scheduler.TaskSetManager: Starting task 0.0 in stage 94.0 (TID 419) (10.0.0.215, executor driver, partition 0, NODE_LOCAL, 4260 bytes) taskResourceAssignments Map()
2026-08-09 23:12:13,601 INFO scheduler.TaskSetManager: Finished task 1.0 in stage 78.0 (TID 415) in 28 ms on 10.0.0.215 (executor driver) (2/2)
2026-08-09 23:12:13,601 INFO storage.BlockManagerInfo: Added broadcast_101_piece0 in memory on 10.0.0.215:64239 (size: 2.9 KiB, free: 2.2 GiB)
2026-08-09 23:12:13,601 INFO scheduler.TaskSchedulerImpl: Removed TaskSet 78.0, whose tasks have all completed, from pool default
2026-08-09 23:12:13,601 INFO spark.SparkContext: Created broadcast 101 from broadcast at DAGScheduler.scala:1513
2026-08-09 23:12:13,602 INFO executor.Executor: Running task 0.0 in stage 94.0 (TID 419)
2026-08-09 23:12:13,602 INFO scheduler.DAGScheduler: Submitting 2 missing tasks from ShuffleMapStage 97 (ShuffledRDD[125] at combineByKey at BinaryClassificationMetrics.scala:188) (first 15 tasks are for partitions Vector(0, 1))
2026-08-09 23:12:13,602 INFO scheduler.TaskSchedulerImpl: Adding task set 97.0 with 2 tasks resource profile 0
2026-08-09 23:12:13,603 INFO scheduler.FairSchedulableBuilder: Added task set TaskSet_97.0 tasks to pool default
2026-08-09 23:12:13,603 INFO scheduler.TaskSetManager: Starting task 0.0 in stage 97.0 (TID 420) (10.0.0.215, executor driver, partition 0, NODE_LOCAL, 4260 bytes) taskResourceAssignments Map()
2026-08-09 23:12:13,603 INFO scheduler.TaskSetManager: Finished task 0.0 in stage 82.0 (TID 416) in 22 ms on 10.0.0.215 (executor driver) (1/2)
2026-08-09 23:12:13,603 INFO executor.Executor: Finished task 1.0 in stage 82.0 (TID 417). 1456 bytes result sent to driver
2026-08-09 23:12:13,604 INFO storage.ShuffleBlockFetcherIterator: Getting 2 (580.0 B) non-empty blocks including 2 (580.0 B) local and 0 (0.0 B) host-local and 0 (0.0 B) push-merged-local and 0 (0.0 B) remote blocks
2026-08-09 23:12:13,604 INFO scheduler.TaskSetManager: Starting task 1.0 in stage 85.0 (TID 421) (10.0.0.215, executor driver, partition 1, NODE_LOCAL, 4271 bytes) taskResourceAssignments Map()
2026-08-09 23:12:13,604 INFO scheduler.DAGScheduler: ShuffleMapStage 90 (combineByKey at BinaryClassificationMetrics.scala:188) finished in 0.053 s
2026-08-09 23:12:13,604 INFO scheduler.DAGScheduler: looking for newly runnable stages
2026-08-09 23:12:13,604 INFO storage.ShuffleBlockFetcherIterator: Started 0 remote fetches in 0 ms
2026-08-09 23:12:13,604 INFO scheduler.DAGScheduler: running: Set(ResultStage 78, ResultStage 85, ResultStage 82, ShuffleMapStage 87, ShuffleMapStage 97, ShuffleMapStage 94, ResultStage 92)
2026-08-09 23:12:13,604 INFO scheduler.DAGScheduler: waiting: Set(ResultStage 88, ResultStage 91, ResultStage 98, ResultStage 95)
2026-08-09 23:12:13,604 INFO scheduler.DAGScheduler: failed: Set()
2026-08-09 23:12:13,604 INFO scheduler.DAGScheduler: Submitting ResultStage 91 (MapPartitionsRDD[154] at mapPartitions at BinaryClassificationMetrics.scala:237), which has no missing parents
2026-08-09 23:12:13,604 INFO scheduler.TaskSetManager: Finished task 1.0 in stage 82.0 (TID 417) in 23 ms on 10.0.0.215 (executor driver) (2/2)
2026-08-09 23:12:13,604 INFO scheduler.TaskSchedulerImpl: Removed TaskSet 82.0, whose tasks have all completed, from pool default
2026-08-09 23:12:13,605 INFO storage.ShuffleBlockFetcherIterator: Getting 1 (593.0 B) non-empty blocks including 1 (593.0 B) local and 0 (0.0 B) host-local and 0 (0.0 B) push-merged-local and 0 (0.0 B) remote blocks
2026-08-09 23:12:13,605 INFO storage.ShuffleBlockFetcherIterator: Started 0 remote fetches in 0 ms
2026-08-09 23:12:13,605 INFO storage.BlockManagerInfo: Removed broadcast_25_piece0 on 10.0.0.215:64239 in memory (size: 12.3 KiB, free: 2.2 GiB)
2026-08-09 23:12:13,605 INFO memory.MemoryStore: Block broadcast_102 stored as values in memory (estimated size 6.2 KiB, free 2.2 GiB)
2026-08-09 23:12:13,606 INFO executor.Executor: Finished task 0.0 in stage 85.0 (TID 418). 1456 bytes result sent to driver
2026-08-09 23:12:13,606 INFO memory.MemoryStore: Block broadcast_102_piece0 stored as bytes in memory (estimated size 3.4 KiB, free 2.2 GiB)
2026-08-09 23:12:13,606 INFO storage.BlockManagerInfo: Added broadcast_102_piece0 in memory on 10.0.0.215:64239 (size: 3.4 KiB, free: 2.2 GiB)
2026-08-09 23:12:13,606 INFO spark.SparkContext: Starting job: collect at BinaryClassificationMetrics.scala:237
2026-08-09 23:12:13,606 INFO scheduler.TaskSetManager: Starting task 1.0 in stage 94.0 (TID 422) (10.0.0.215, executor driver, partition 1, NODE_LOCAL, 4260 bytes) taskResourceAssignments Map()
2026-08-09 23:12:13,607 INFO storage.BlockManagerInfo: Removed broadcast_24_piece0 on 10.0.0.215:64239 in memory (size: 12.3 KiB, free: 2.2 GiB)
2026-08-09 23:12:13,607 INFO spark.SparkContext: Created broadcast 102 from broadcast at DAGScheduler.scala:1513
2026-08-09 23:12:13,607 INFO scheduler.TaskSetManager: Finished task 0.0 in stage 85.0 (TID 418) in 8 ms on 10.0.0.215 (executor driver) (1/2)
2026-08-09 23:12:13,607 INFO executor.Executor: Running task 1.0 in stage 94.0 (TID 422)
2026-08-09 23:12:13,607 INFO executor.Executor: Finished task 0.0 in stage 94.0 (TID 419). 1469 bytes result sent to driver
2026-08-09 23:12:13,607 INFO scheduler.DAGScheduler: Submitting 2 missing tasks from ResultStage 91 (MapPartitionsRDD[154] at mapPartitions at BinaryClassificationMetrics.scala:237) (first 15 tasks are for partitions Vector(0, 1))
2026-08-09 23:12:13,607 INFO scheduler.TaskSchedulerImpl: Adding task set 91.0 with 2 tasks resource profile 0
2026-08-09 23:12:13,607 INFO scheduler.TaskSetManager: Starting task 1.0 in stage 97.0 (TID 423) (10.0.0.215, executor driver, partition 1, NODE_LOCAL, 4260 bytes) taskResourceAssignments Map()
2026-08-09 23:12:13,607 INFO executor.Executor: Running task 1.0 in stage 97.0 (TID 423)
2026-08-09 23:12:13,608 INFO scheduler.FairSchedulableBuilder: Added task set TaskSet_91.0 tasks to pool default
2026-08-09 23:12:13,608 INFO scheduler.TaskSetManager: Finished task 0.0 in stage 94.0 (TID 419) in 7 ms on 10.0.0.215 (executor driver) (1/2)
2026-08-09 23:12:13,608 INFO scheduler.DAGScheduler: ShuffleMapStage 87 (combineByKey at BinaryClassificationMetrics.scala:188) finished in 0.067 s
2026-08-09 23:12:13,608 INFO scheduler.DAGScheduler: looking for newly runnable stages
2026-08-09 23:12:13,608 INFO scheduler.DAGScheduler: running: Set(ResultStage 78, ResultStage 85, ResultStage 82, ShuffleMapStage 97, ShuffleMapStage 94, ResultStage 91, ResultStage 92)
2026-08-09 23:12:13,608 INFO scheduler.DAGScheduler: waiting: Set(ResultStage 88, ResultStage 98, ResultStage 95)
2026-08-09 23:12:13,608 INFO scheduler.DAGScheduler: failed: Set()
2026-08-09 23:12:13,608 INFO scheduler.DAGScheduler: Submitting ResultStage 88 (MapPartitionsRDD[152] at mapPartitions at BinaryClassificationMetrics.scala:237), which has no missing parents
2026-08-09 23:12:13,608 INFO storage.ShuffleBlockFetcherIterator: Getting 1 (405.0 B) non-empty blocks including 1 (405.0 B) local and 0 (0.0 B) host-local and 0 (0.0 B) push-merged-local and 0 (0.0 B) remote blocks
2026-08-09 23:12:13,609 INFO storage.ShuffleBlockFetcherIterator: Started 0 remote fetches in 0 ms
2026-08-09 23:12:13,609 INFO executor.Executor: Running task 1.0 in stage 85.0 (TID 421)
2026-08-09 23:12:13,609 INFO storage.BlockManagerInfo: Removed broadcast_82_piece0 on 10.0.0.215:64239 in memory (size: 3.4 KiB, free: 2.2 GiB)
2026-08-09 23:12:13,607 INFO executor.Executor: Running task 0.0 in stage 97.0 (TID 420)
2026-08-09 23:12:13,609 INFO memory.MemoryStore: Block broadcast_103 stored as values in memory (estimated size 6.2 KiB, free 2.2 GiB)
2026-08-09 23:12:13,610 INFO storage.ShuffleBlockFetcherIterator: Getting 1 (490.0 B) non-empty blocks including 1 (490.0 B) local and 0 (0.0 B) host-local and 0 (0.0 B) push-merged-local and 0 (0.0 B) remote blocks
2026-08-09 23:12:13,610 INFO memory.MemoryStore: Block broadcast_103_piece0 stored as bytes in memory (estimated size 3.4 KiB, free 2.2 GiB)
2026-08-09 23:12:13,610 INFO storage.BlockManagerInfo: Removed broadcast_57_piece0 on 10.0.0.215:64239 in memory (size: 12.0 KiB, free: 2.2 GiB)
2026-08-09 23:12:13,610 INFO storage.ShuffleBlockFetcherIterator: Started 0 remote fetches in 0 ms
2026-08-09 23:12:13,610 INFO storage.BlockManagerInfo: Added broadcast_103_piece0 in memory on 10.0.0.215:64239 (size: 3.4 KiB, free: 2.2 GiB)
2026-08-09 23:12:13,610 INFO spark.SparkContext: Created broadcast 103 from broadcast at DAGScheduler.scala:1513
2026-08-09 23:12:13,611 INFO scheduler.DAGScheduler: Submitting 2 missing tasks from ResultStage 88 (MapPartitionsRDD[152] at mapPartitions at BinaryClassificationMetrics.scala:237) (first 15 tasks are for partitions Vector(0, 1))
2026-08-09 23:12:13,611 INFO scheduler.TaskSchedulerImpl: Adding task set 88.0 with 2 tasks resource profile 0
2026-08-09 23:12:13,611 INFO storage.BlockManagerInfo: Removed broadcast_79_piece0 on 10.0.0.215:64239 in memory (size: 12.7 KiB, free: 2.2 GiB)
2026-08-09 23:12:13,610 INFO storage.ShuffleBlockFetcherIterator: Getting 2 (608.0 B) non-empty blocks including 2 (608.0 B) local and 0 (0.0 B) host-local and 0 (0.0 B) push-merged-local and 0 (0.0 B) remote blocks
2026-08-09 23:12:13,611 INFO scheduler.FairSchedulableBuilder: Added task set TaskSet_88.0 tasks to pool default
2026-08-09 23:12:13,612 INFO storage.BlockManagerInfo: Removed broadcast_83_piece0 on 10.0.0.215:64239 in memory (size: 3.4 KiB, free: 2.2 GiB)
2026-08-09 23:12:13,612 INFO scheduler.DAGScheduler: ResultStage 92 (count at Metrics.scala:14) finished in 0.056 s
2026-08-09 23:12:13,612 INFO scheduler.DAGScheduler: Job 61 is finished. Cancelling potential speculative or zombie tasks for this job
2026-08-09 23:12:13,612 INFO scheduler.TaskSchedulerImpl: Killing all running tasks in stage 92: Stage finished
2026-08-09 23:12:13,612 INFO scheduler.DAGScheduler: Registering RDD 163 (map at BinaryClassificationMetrics.scala:48) as input to shuffle 28
2026-08-09 23:12:13,612 INFO scheduler.DAGScheduler: Got job 64 (sortByKey at BinaryClassificationMetrics.scala:189) with 2 output partitions
2026-08-09 23:12:13,612 INFO scheduler.DAGScheduler: Final stage: ResultStage 100 (sortByKey at BinaryClassificationMetrics.scala:189)
2026-08-09 23:12:13,612 INFO scheduler.DAGScheduler: Parents of final stage: List(ShuffleMapStage 99)
2026-08-09 23:12:13,612 INFO scheduler.DAGScheduler: Missing parents: List(ShuffleMapStage 99)
2026-08-09 23:12:13,612 INFO scheduler.DAGScheduler: Job 61 finished: count at Metrics.scala:14, took 0.068890 s
2026-08-09 23:12:13,612 INFO executor.Executor: Finished task 1.0 in stage 97.0 (TID 423). 1426 bytes result sent to driver
2026-08-09 23:12:13,612 INFO executor.Executor: Finished task 1.0 in stage 94.0 (TID 422). 1469 bytes result sent to driver
2026-08-09 23:12:13,613 INFO scheduler.DAGScheduler: Submitting ShuffleMapStage 99 (MapPartitionsRDD[163] at map at BinaryClassificationMetrics.scala:48), which has no missing parents
2026-08-09 23:12:13,613 INFO scheduler.TaskSetManager: Starting task 0.0 in stage 88.0 (TID 424) (10.0.0.215, executor driver, partition 0, NODE_LOCAL, 4271 bytes) taskResourceAssignments Map()
2026-08-09 23:12:13,613 INFO scheduler.TaskSetManager: Starting task 0.0 in stage 91.0 (TID 425) (10.0.0.215, executor driver, partition 0, NODE_LOCAL, 4271 bytes) taskResourceAssignments Map()
2026-08-09 23:12:13,613 INFO storage.ShuffleBlockFetcherIterator: Getting 1 (445.0 B) non-empty blocks including 1 (445.0 B) local and 0 (0.0 B) host-local and 0 (0.0 B) push-merged-local and 0 (0.0 B) remote blocks
2026-08-09 23:12:13,613 INFO storage.ShuffleBlockFetcherIterator: Started 0 remote fetches in 0 ms
2026-08-09 23:12:13,613 INFO scheduler.TaskSetManager: Finished task 1.0 in stage 97.0 (TID 423) in 6 ms on 10.0.0.215 (executor driver) (1/2)
2026-08-09 23:12:13,613 INFO scheduler.TaskSetManager: Finished task 1.0 in stage 94.0 (TID 422) in 7 ms on 10.0.0.215 (executor driver) (2/2)
2026-08-09 23:12:13,613 INFO storage.BlockManagerInfo: Removed broadcast_90_piece0 on 10.0.0.215:64239 in memory (size: 3.4 KiB, free: 2.2 GiB)
2026-08-09 23:12:13,613 INFO executor.Executor: Running task 0.0 in stage 91.0 (TID 425)
2026-08-09 23:12:13,613 INFO scheduler.TaskSchedulerImpl: Removed TaskSet 94.0, whose tasks have all completed, from pool default
2026-08-09 23:12:13,613 INFO executor.Executor: Running task 0.0 in stage 88.0 (TID 424)
2026-08-09 23:12:13,614 INFO storage.ShuffleBlockFetcherIterator: Started 0 remote fetches in 3 ms
2026-08-09 23:12:13,614 INFO memory.MemoryStore: Block broadcast_104 stored as values in memory (estimated size 40.1 KiB, free 2.2 GiB)
2026-08-09 23:12:13,614 INFO storage.BlockManagerInfo: Removed broadcast_74_piece0 on 10.0.0.215:64239 in memory (size: 12.7 KiB, free: 2.2 GiB)
2026-08-09 23:12:13,615 INFO memory.MemoryStore: Block broadcast_104_piece0 stored as bytes in memory (estimated size 12.7 KiB, free 2.2 GiB)
2026-08-09 23:12:13,615 INFO storage.BlockManagerInfo: Added broadcast_104_piece0 in memory on 10.0.0.215:64239 (size: 12.7 KiB, free: 2.2 GiB)
2026-08-09 23:12:13,615 INFO executor.Executor: Finished task 0.0 in stage 97.0 (TID 420). 1469 bytes result sent to driver
2026-08-09 23:12:13,615 INFO storage.BlockManagerInfo: Removed broadcast_81_piece0 on 10.0.0.215:64239 in memory (size: 12.1 KiB, free: 2.2 GiB)
2026-08-09 23:12:13,615 INFO spark.SparkContext: Created broadcast 104 from broadcast at DAGScheduler.scala:1513
2026-08-09 23:12:13,615 INFO storage.ShuffleBlockFetcherIterator: Getting 2 (580.0 B) non-empty blocks including 2 (580.0 B) local and 0 (0.0 B) host-local and 0 (0.0 B) push-merged-local and 0 (0.0 B) remote blocks
2026-08-09 23:12:13,615 INFO storage.ShuffleBlockFetcherIterator: Started 0 remote fetches in 0 ms
2026-08-09 23:12:13,616 INFO scheduler.TaskSetManager: Starting task 1.0 in stage 88.0 (TID 426) (10.0.0.215, executor driver, partition 1, NODE_LOCAL, 4271 bytes) taskResourceAssignments Map()
2026-08-09 23:12:13,616 INFO scheduler.DAGScheduler: Submitting 2 missing tasks from ShuffleMapStage 99 (MapPartitionsRDD[163] at map at BinaryClassificationMetrics.scala:48) (first 15 tasks are for partitions Vector(0, 1))
2026-08-09 23:12:13,616 INFO scheduler.TaskSetManager: Finished task 0.0 in stage 97.0 (TID 420) in 13 ms on 10.0.0.215 (executor driver) (2/2)
2026-08-09 23:12:13,616 INFO scheduler.TaskSchedulerImpl: Adding task set 99.0 with 2 tasks resource profile 0
2026-08-09 23:12:13,616 INFO scheduler.TaskSchedulerImpl: Removed TaskSet 97.0, whose tasks have all completed, from pool default
2026-08-09 23:12:13,616 INFO executor.Executor: Finished task 0.0 in stage 91.0 (TID 425). 1456 bytes result sent to driver
2026-08-09 23:12:13,616 INFO storage.ShuffleBlockFetcherIterator: Getting 2 (813.0 B) non-empty blocks including 2 (813.0 B) local and 0 (0.0 B) host-local and 0 (0.0 B) push-merged-local and 0 (0.0 B) remote blocks
2026-08-09 23:12:13,616 INFO storage.ShuffleBlockFetcherIterator: Started 0 remote fetches in 0 ms
2026-08-09 23:12:13,616 INFO scheduler.FairSchedulableBuilder: Added task set TaskSet_99.0 tasks to pool default
2026-08-09 23:12:13,617 INFO storage.BlockManagerInfo: Removed broadcast_72_piece0 on 10.0.0.215:64239 in memory (size: 12.7 KiB, free: 2.2 GiB)
2026-08-09 23:12:13,617 INFO scheduler.TaskSetManager: Starting task 1.0 in stage 91.0 (TID 427) (10.0.0.215, executor driver, partition 1, NODE_LOCAL, 4271 bytes) taskResourceAssignments Map()
2026-08-09 23:12:13,617 INFO scheduler.TaskSetManager: Finished task 0.0 in stage 91.0 (TID 425) in 4 ms on 10.0.0.215 (executor driver) (1/2)
2026-08-09 23:12:13,617 INFO executor.Executor: Running task 1.0 in stage 91.0 (TID 427)
2026-08-09 23:12:13,617 INFO scheduler.DAGScheduler: Registering RDD 132 (combineByKey at BinaryClassificationMetrics.scala:188) as input to shuffle 29
2026-08-09 23:12:13,617 INFO scheduler.DAGScheduler: Got job 65 (collect at BinaryClassificationMetrics.scala:237) with 2 output partitions
2026-08-09 23:12:13,617 INFO scheduler.DAGScheduler: Final stage: ResultStage 103 (collect at BinaryClassificationMetrics.scala:237)
2026-08-09 23:12:13,617 INFO scheduler.DAGScheduler: Parents of final stage: List(ShuffleMapStage 102)
2026-08-09 23:12:13,617 INFO executor.Executor: Finished task 0.0 in stage 88.0 (TID 424). 1456 bytes result sent to driver
2026-08-09 23:12:13,617 INFO scheduler.DAGScheduler: Missing parents: List(ShuffleMapStage 102)
2026-08-09 23:12:13,617 INFO executor.Executor: Finished task 1.0 in stage 85.0 (TID 421). 1456 bytes result sent to driver
2026-08-09 23:12:13,617 INFO scheduler.DAGScheduler: Submitting ShuffleMapStage 102 (ShuffledRDD[132] at combineByKey at BinaryClassificationMetrics.scala:188), which has no missing parents
2026-08-09 23:12:13,617 INFO scheduler.TaskSetManager: Starting task 0.0 in stage 99.0 (TID 428) (10.0.0.215, executor driver, partition 0, PROCESS_LOCAL, 5017 bytes) taskResourceAssignments Map()
2026-08-09 23:12:13,618 INFO storage.ShuffleBlockFetcherIterator: Getting 2 (608.0 B) non-empty blocks including 2 (608.0 B) local and 0 (0.0 B) host-local and 0 (0.0 B) push-merged-local and 0 (0.0 B) remote blocks
2026-08-09 23:12:13,618 INFO scheduler.TaskSetManager: Starting task 1.0 in stage 99.0 (TID 429) (10.0.0.215, executor driver, partition 1, PROCESS_LOCAL, 5017 bytes) taskResourceAssignments Map()
2026-08-09 23:12:13,618 INFO storage.ShuffleBlockFetcherIterator: Started 0 remote fetches in 0 ms
2026-08-09 23:12:13,618 INFO scheduler.TaskSetManager: Finished task 0.0 in stage 88.0 (TID 424) in 5 ms on 10.0.0.215 (executor driver) (1/2)
2026-08-09 23:12:13,618 INFO executor.Executor: Running task 1.0 in stage 88.0 (TID 426)
2026-08-09 23:12:13,618 INFO executor.Executor: Running task 1.0 in stage 99.0 (TID 429)
2026-08-09 23:12:13,618 INFO scheduler.TaskSetManager: Finished task 1.0 in stage 85.0 (TID 421) in 14 ms on 10.0.0.215 (executor driver) (2/2)
2026-08-09 23:12:13,618 INFO scheduler.TaskSchedulerImpl: Removed TaskSet 85.0, whose tasks have all completed, from pool default
2026-08-09 23:12:13,618 INFO executor.Executor: Running task 0.0 in stage 99.0 (TID 428)
2026-08-09 23:12:13,619 INFO memory.MemoryStore: Block broadcast_105 stored as values in memory (estimated size 5.2 KiB, free 2.2 GiB)
2026-08-09 23:12:13,619 INFO memory.MemoryStore: Block broadcast_105_piece0 stored as bytes in memory (estimated size 2.9 KiB, free 2.2 GiB)
2026-08-09 23:12:13,619 INFO storage.ShuffleBlockFetcherIterator: Getting 2 (773.0 B) non-empty blocks including 2 (773.0 B) local and 0 (0.0 B) host-local and 0 (0.0 B) push-merged-local and 0 (0.0 B) remote blocks
2026-08-09 23:12:13,619 INFO storage.ShuffleBlockFetcherIterator: Started 0 remote fetches in 0 ms
2026-08-09 23:12:13,619 INFO storage.BlockManagerInfo: Added broadcast_105_piece0 in memory on 10.0.0.215:64239 (size: 2.9 KiB, free: 2.2 GiB)
2026-08-09 23:12:13,620 INFO spark.SparkContext: Created broadcast 105 from broadcast at DAGScheduler.scala:1513
2026-08-09 23:12:13,620 INFO executor.Executor: Finished task 1.0 in stage 91.0 (TID 427). 1413 bytes result sent to driver
2026-08-09 23:12:13,620 INFO scheduler.DAGScheduler: Submitting 2 missing tasks from ShuffleMapStage 102 (ShuffledRDD[132] at combineByKey at BinaryClassificationMetrics.scala:188) (first 15 tasks are for partitions Vector(0, 1))
2026-08-09 23:12:13,620 INFO scheduler.TaskSchedulerImpl: Adding task set 102.0 with 2 tasks resource profile 0
2026-08-09 23:12:13,620 INFO executor.Executor: Finished task 1.0 in stage 88.0 (TID 426). 1413 bytes result sent to driver
2026-08-09 23:12:13,620 INFO scheduler.FairSchedulableBuilder: Added task set TaskSet_102.0 tasks to pool default
2026-08-09 23:12:13,620 INFO scheduler.TaskSetManager: Finished task 1.0 in stage 91.0 (TID 427) in 4 ms on 10.0.0.215 (executor driver) (2/2)
2026-08-09 23:12:13,620 INFO scheduler.TaskSchedulerImpl: Removed TaskSet 91.0, whose tasks have all completed, from pool default
2026-08-09 23:12:13,621 INFO scheduler.TaskSetManager: Finished task 1.0 in stage 88.0 (TID 426) in 6 ms on 10.0.0.215 (executor driver) (2/2)
2026-08-09 23:12:13,621 INFO scheduler.DAGScheduler: Registering RDD 165 (map at BinaryClassificationMetrics.scala:48) as input to shuffle 30
2026-08-09 23:12:13,621 INFO scheduler.TaskSchedulerImpl: Removed TaskSet 88.0, whose tasks have all completed, from pool default
2026-08-09 23:12:13,621 INFO scheduler.DAGScheduler: Got job 66 (sortByKey at BinaryClassificationMetrics.scala:189) with 2 output partitions
2026-08-09 23:12:13,621 INFO scheduler.DAGScheduler: Final stage: ResultStage 105 (sortByKey at BinaryClassificationMetrics.scala:189)
2026-08-09 23:12:13,621 INFO scheduler.DAGScheduler: Parents of final stage: List(ShuffleMapStage 104)
2026-08-09 23:12:13,621 INFO scheduler.TaskSetManager: Starting task 0.0 in stage 102.0 (TID 430) (10.0.0.215, executor driver, partition 0, NODE_LOCAL, 4260 bytes) taskResourceAssignments Map()
2026-08-09 23:12:13,621 INFO scheduler.DAGScheduler: Missing parents: List(ShuffleMapStage 104)
2026-08-09 23:12:13,621 INFO scheduler.TaskSetManager: Starting task 1.0 in stage 102.0 (TID 431) (10.0.0.215, executor driver, partition 1, NODE_LOCAL, 4260 bytes) taskResourceAssignments Map()
2026-08-09 23:12:13,621 INFO storage.BlockManager: Found block rdd_87_0 locally
2026-08-09 23:12:13,621 INFO executor.Executor: Running task 1.0 in stage 102.0 (TID 431)
2026-08-09 23:12:13,622 INFO scheduler.DAGScheduler: Submitting ShuffleMapStage 104 (MapPartitionsRDD[165] at map at BinaryClassificationMetrics.scala:48), which has no missing parents
2026-08-09 23:12:13,622 INFO executor.Executor: Running task 0.0 in stage 102.0 (TID 430)
2026-08-09 23:12:13,622 INFO spark.SparkContext: Starting job: sortByKey at BinaryClassificationMetrics.scala:189
2026-08-09 23:12:13,623 INFO storage.ShuffleBlockFetcherIterator: Getting 1 (368.0 B) non-empty blocks including 1 (368.0 B) local and 0 (0.0 B) host-local and 0 (0.0 B) push-merged-local and 0 (0.0 B) remote blocks
2026-08-09 23:12:13,623 INFO storage.ShuffleBlockFetcherIterator: Started 0 remote fetches in 0 ms
2026-08-09 23:12:13,623 INFO storage.BlockManager: Found block rdd_87_1 locally
2026-08-09 23:12:13,623 INFO memory.MemoryStore: Block broadcast_106 stored as values in memory (estimated size 40.1 KiB, free 2.2 GiB)
2026-08-09 23:12:13,624 INFO memory.MemoryStore: Block broadcast_106_piece0 stored as bytes in memory (estimated size 12.7 KiB, free 2.2 GiB)
2026-08-09 23:12:13,624 INFO storage.BlockManagerInfo: Added broadcast_106_piece0 in memory on 10.0.0.215:64239 (size: 12.7 KiB, free: 2.2 GiB)
2026-08-09 23:12:13,624 INFO storage.ShuffleBlockFetcherIterator: Getting 1 (334.0 B) non-empty blocks including 1 (334.0 B) local and 0 (0.0 B) host-local and 0 (0.0 B) push-merged-local and 0 (0.0 B) remote blocks
2026-08-09 23:12:13,624 INFO storage.ShuffleBlockFetcherIterator: Started 0 remote fetches in 0 ms
2026-08-09 23:12:13,624 INFO spark.SparkContext: Created broadcast 106 from broadcast at DAGScheduler.scala:1513
2026-08-09 23:12:13,625 INFO scheduler.DAGScheduler: Submitting 2 missing tasks from ShuffleMapStage 104 (MapPartitionsRDD[165] at map at BinaryClassificationMetrics.scala:48) (first 15 tasks are for partitions Vector(0, 1))
2026-08-09 23:12:13,625 INFO scheduler.TaskSchedulerImpl: Adding task set 104.0 with 2 tasks resource profile 0
2026-08-09 23:12:13,625 INFO scheduler.FairSchedulableBuilder: Added task set TaskSet_104.0 tasks to pool default
2026-08-09 23:12:13,625 INFO executor.Executor: Finished task 1.0 in stage 99.0 (TID 429). 1904 bytes result sent to driver
2026-08-09 23:12:13,625 INFO executor.Executor: Finished task 0.0 in stage 102.0 (TID 430). 1426 bytes result sent to driver
2026-08-09 23:12:13,626 INFO scheduler.TaskSetManager: Starting task 0.0 in stage 104.0 (TID 432) (10.0.0.215, executor driver, partition 0, PROCESS_LOCAL, 5017 bytes) taskResourceAssignments Map()
2026-08-09 23:12:13,626 INFO scheduler.DAGScheduler: ResultStage 78 (collect at BinaryClassificationMetrics.scala:237) finished in 0.064 s
2026-08-09 23:12:13,626 INFO scheduler.DAGScheduler: Job 55 is finished. Cancelling potential speculative or zombie tasks for this job
2026-08-09 23:12:13,626 INFO scheduler.TaskSetManager: Starting task 1.0 in stage 104.0 (TID 433) (10.0.0.215, executor driver, partition 1, PROCESS_LOCAL, 5017 bytes) taskResourceAssignments Map()
2026-08-09 23:12:13,626 INFO executor.Executor: Running task 0.0 in stage 104.0 (TID 432)
2026-08-09 23:12:13,626 INFO scheduler.TaskSchedulerImpl: Killing all running tasks in stage 78: Stage finished
2026-08-09 23:12:13,626 INFO executor.Executor: Running task 1.0 in stage 104.0 (TID 433)
2026-08-09 23:12:13,626 INFO scheduler.TaskSetManager: Finished task 0.0 in stage 102.0 (TID 430) in 5 ms on 10.0.0.215 (executor driver) (1/2)
2026-08-09 23:12:13,626 INFO scheduler.TaskSetManager: Finished task 1.0 in stage 99.0 (TID 429) in 8 ms on 10.0.0.215 (executor driver) (1/2)
2026-08-09 23:12:13,626 INFO scheduler.DAGScheduler: Job 55 finished: collect at BinaryClassificationMetrics.scala:237, took 0.126059 s
2026-08-09 23:12:13,626 INFO executor.Executor: Finished task 1.0 in stage 102.0 (TID 431). 1469 bytes result sent to driver
2026-08-09 23:12:13,626 INFO scheduler.DAGScheduler: ResultStage 82 (collect at BinaryClassificationMetrics.scala:237) finished in 0.053 s
2026-08-09 23:12:13,626 INFO scheduler.DAGScheduler: Job 57 is finished. Cancelling potential speculative or zombie tasks for this job
2026-08-09 23:12:13,627 INFO scheduler.TaskSchedulerImpl: Killing all running tasks in stage 82: Stage finished
2026-08-09 23:12:13,627 INFO scheduler.DAGScheduler: Registering RDD 133 (combineByKey at BinaryClassificationMetrics.scala:188) as input to shuffle 31
2026-08-09 23:12:13,627 INFO scheduler.DAGScheduler: Got job 67 (collect at BinaryClassificationMetrics.scala:237) with 2 output partitions
2026-08-09 23:12:13,627 INFO scheduler.DAGScheduler: Final stage: ResultStage 108 (collect at BinaryClassificationMetrics.scala:237)
2026-08-09 23:12:13,627 INFO scheduler.DAGScheduler: Parents of final stage: List(ShuffleMapStage 107)
2026-08-09 23:12:13,627 INFO scheduler.TaskSetManager: Finished task 1.0 in stage 102.0 (TID 431) in 6 ms on 10.0.0.215 (executor driver) (2/2)
2026-08-09 23:12:13,627 INFO scheduler.DAGScheduler: Job 57 finished: collect at BinaryClassificationMetrics.scala:237, took 0.110622 s
2026-08-09 23:12:13,627 INFO scheduler.TaskSchedulerImpl: Removed TaskSet 102.0, whose tasks have all completed, from pool default
2026-08-09 23:12:13,627 INFO scheduler.DAGScheduler: Missing parents: List(ShuffleMapStage 107)
2026-08-09 23:12:13,627 INFO scheduler.DAGScheduler: Submitting ShuffleMapStage 107 (ShuffledRDD[133] at combineByKey at BinaryClassificationMetrics.scala:188), which has no missing parents
2026-08-09 23:12:13,627 INFO evaluation.BinaryClassificationMetrics: Total counts: {numPos: 525.0, numNeg: 475.0}
2026-08-09 23:12:13,627 INFO evaluation.BinaryClassificationMetrics: Total counts: {numPos: 525.0, numNeg: 475.0}
2026-08-09 23:12:13,628 INFO memory.MemoryStore: Block broadcast_107 stored as values in memory (estimated size 5.2 KiB, free 2.2 GiB)
2026-08-09 23:12:13,628 INFO storage.BlockManager: Found block rdd_79_0 locally
2026-08-09 23:12:13,628 INFO memory.MemoryStore: Block broadcast_107_piece0 stored as bytes in memory (estimated size 2.9 KiB, free 2.2 GiB)
2026-08-09 23:12:13,629 INFO storage.BlockManagerInfo: Added broadcast_107_piece0 in memory on 10.0.0.215:64239 (size: 2.9 KiB, free: 2.2 GiB)
2026-08-09 23:12:13,629 INFO spark.SparkContext: Created broadcast 107 from broadcast at DAGScheduler.scala:1513
2026-08-09 23:12:13,630 INFO scheduler.DAGScheduler: Submitting 2 missing tasks from ShuffleMapStage 107 (ShuffledRDD[133] at combineByKey at BinaryClassificationMetrics.scala:188) (first 15 tasks are for partitions Vector(0, 1))
2026-08-09 23:12:13,630 INFO scheduler.TaskSchedulerImpl: Adding task set 107.0 with 2 tasks resource profile 0
2026-08-09 23:12:13,630 INFO scheduler.FairSchedulableBuilder: Added task set TaskSet_107.0 tasks to pool default
2026-08-09 23:12:13,630 INFO scheduler.TaskSetManager: Starting task 0.0 in stage 107.0 (TID 434) (10.0.0.215, executor driver, partition 0, NODE_LOCAL, 4260 bytes) taskResourceAssignments Map()
2026-08-09 23:12:13,631 INFO storage.BlockManager: Found block rdd_79_1 locally
2026-08-09 23:12:13,631 INFO executor.Executor: Finished task 0.0 in stage 99.0 (TID 428). 2033 bytes result sent to driver
2026-08-09 23:12:13,632 INFO executor.Executor: Running task 0.0 in stage 107.0 (TID 434)
2026-08-09 23:12:13,632 INFO scheduler.DAGScheduler: ShuffleMapStage 94 (combineByKey at BinaryClassificationMetrics.scala:188) finished in 0.049 s
2026-08-09 23:12:13,632 INFO scheduler.DAGScheduler: looking for newly runnable stages
2026-08-09 23:12:13,632 INFO scheduler.DAGScheduler: running: Set(ShuffleMapStage 102, ShuffleMapStage 99, ResultStage 88, ResultStage 85, ShuffleMapStage 107, ShuffleMapStage 104, ShuffleMapStage 97, ResultStage 91)
2026-08-09 23:12:13,632 INFO scheduler.DAGScheduler: waiting: Set(ResultStage 103, ResultStage 100, ResultStage 108, ResultStage 105, ResultStage 98, ResultStage 95)
2026-08-09 23:12:13,632 INFO scheduler.DAGScheduler: failed: Set()
2026-08-09 23:12:13,632 INFO scheduler.TaskSetManager: Starting task 1.0 in stage 107.0 (TID 435) (10.0.0.215, executor driver, partition 1, NODE_LOCAL, 4260 bytes) taskResourceAssignments Map()
2026-08-09 23:12:13,632 INFO executor.Executor: Finished task 0.0 in stage 104.0 (TID 432). 2033 bytes result sent to driver
2026-08-09 23:12:13,632 INFO scheduler.DAGScheduler: Submitting ResultStage 95 (MapPartitionsRDD[158] at mapPartitions at BinaryClassificationMetrics.scala:237), which has no missing parents
2026-08-09 23:12:13,632 INFO executor.Executor: Running task 1.0 in stage 107.0 (TID 435)
2026-08-09 23:12:13,632 INFO scheduler.TaskSetManager: Finished task 0.0 in stage 99.0 (TID 428) in 15 ms on 10.0.0.215 (executor driver) (2/2)
2026-08-09 23:12:13,632 INFO scheduler.TaskSchedulerImpl: Removed TaskSet 99.0, whose tasks have all completed, from pool default
2026-08-09 23:12:13,633 INFO memory.MemoryStore: Block broadcast_108 stored as values in memory (estimated size 6.2 KiB, free 2.2 GiB)
2026-08-09 23:12:13,633 INFO scheduler.TaskSetManager: Finished task 0.0 in stage 104.0 (TID 432) in 8 ms on 10.0.0.215 (executor driver) (1/2)
2026-08-09 23:12:13,633 INFO storage.ShuffleBlockFetcherIterator: Getting 1 (490.0 B) non-empty blocks including 1 (490.0 B) local and 0 (0.0 B) host-local and 0 (0.0 B) push-merged-local and 0 (0.0 B) remote blocks
2026-08-09 23:12:13,633 INFO storage.ShuffleBlockFetcherIterator: Started 0 remote fetches in 0 ms
2026-08-09 23:12:13,633 INFO memory.MemoryStore: Block broadcast_108_piece0 stored as bytes in memory (estimated size 3.4 KiB, free 2.2 GiB)
2026-08-09 23:12:13,633 INFO storage.BlockManagerInfo: Added broadcast_108_piece0 in memory on 10.0.0.215:64239 (size: 3.4 KiB, free: 2.2 GiB)
2026-08-09 23:12:13,636 INFO spark.SparkContext: Created broadcast 108 from broadcast at DAGScheduler.scala:1513
2026-08-09 23:12:13,636 INFO storage.ShuffleBlockFetcherIterator: Getting 1 (405.0 B) non-empty blocks including 1 (405.0 B) local and 0 (0.0 B) host-local and 0 (0.0 B) push-merged-local and 0 (0.0 B) remote blocks
2026-08-09 23:12:13,636 INFO storage.ShuffleBlockFetcherIterator: Started 0 remote fetches in 0 ms
2026-08-09 23:12:13,636 INFO executor.Executor: Finished task 1.0 in stage 104.0 (TID 433). 1904 bytes result sent to driver
2026-08-09 23:12:13,636 INFO scheduler.DAGScheduler: Submitting 2 missing tasks from ResultStage 95 (MapPartitionsRDD[158] at mapPartitions at BinaryClassificationMetrics.scala:237) (first 15 tasks are for partitions Vector(0, 1))
2026-08-09 23:12:13,636 INFO scheduler.TaskSchedulerImpl: Adding task set 95.0 with 2 tasks resource profile 0
2026-08-09 23:12:13,637 INFO scheduler.FairSchedulableBuilder: Added task set TaskSet_95.0 tasks to pool default
2026-08-09 23:12:13,637 INFO scheduler.DAGScheduler: ShuffleMapStage 97 (combineByKey at BinaryClassificationMetrics.scala:188) finished in 0.037 s
2026-08-09 23:12:13,637 INFO scheduler.DAGScheduler: looking for newly runnable stages
2026-08-09 23:12:13,637 INFO scheduler.DAGScheduler: running: Set(ShuffleMapStage 102, ShuffleMapStage 99, ResultStage 88, ResultStage 85, ShuffleMapStage 107, ShuffleMapStage 104, ResultStage 91, ResultStage 95)
2026-08-09 23:12:13,637 INFO scheduler.DAGScheduler: waiting: Set(ResultStage 103, ResultStage 100, ResultStage 108, ResultStage 105, ResultStage 98)
2026-08-09 23:12:13,637 INFO scheduler.DAGScheduler: failed: Set()
2026-08-09 23:12:13,637 INFO scheduler.TaskSetManager: Starting task 0.0 in stage 95.0 (TID 436) (10.0.0.215, executor driver, partition 0, NODE_LOCAL, 4271 bytes) taskResourceAssignments Map()
2026-08-09 23:12:13,637 INFO scheduler.DAGScheduler: Submitting ResultStage 98 (MapPartitionsRDD[161] at mapPartitions at BinaryClassificationMetrics.scala:237), which has no missing parents
2026-08-09 23:12:13,638 INFO executor.Executor: Finished task 0.0 in stage 107.0 (TID 434). 1426 bytes result sent to driver
2026-08-09 23:12:13,638 INFO memory.MemoryStore: Block broadcast_109 stored as values in memory (estimated size 6.2 KiB, free 2.2 GiB)
2026-08-09 23:12:13,638 INFO scheduler.TaskSetManager: Starting task 1.0 in stage 95.0 (TID 437) (10.0.0.215, executor driver, partition 1, NODE_LOCAL, 4271 bytes) taskResourceAssignments Map()
2026-08-09 23:12:13,638 INFO memory.MemoryStore: Block broadcast_109_piece0 stored as bytes in memory (estimated size 3.4 KiB, free 2.2 GiB)
2026-08-09 23:12:13,638 INFO storage.BlockManagerInfo: Added broadcast_109_piece0 in memory on 10.0.0.215:64239 (size: 3.4 KiB, free: 2.2 GiB)
2026-08-09 23:12:13,638 INFO spark.SparkContext: Created broadcast 109 from broadcast at DAGScheduler.scala:1513
2026-08-09 23:12:13,638 INFO scheduler.TaskSetManager: Finished task 1.0 in stage 104.0 (TID 433) in 12 ms on 10.0.0.215 (executor driver) (2/2)
2026-08-09 23:12:13,638 INFO executor.Executor: Running task 0.0 in stage 95.0 (TID 436)
2026-08-09 23:12:13,638 INFO executor.Executor: Running task 1.0 in stage 95.0 (TID 437)
2026-08-09 23:12:13,638 INFO scheduler.TaskSchedulerImpl: Removed TaskSet 104.0, whose tasks have all completed, from pool default
2026-08-09 23:12:13,638 INFO scheduler.DAGScheduler: Submitting 2 missing tasks from ResultStage 98 (MapPartitionsRDD[161] at mapPartitions at BinaryClassificationMetrics.scala:237) (first 15 tasks are for partitions Vector(0, 1))
2026-08-09 23:12:13,638 INFO scheduler.TaskSchedulerImpl: Adding task set 98.0 with 2 tasks resource profile 0
2026-08-09 23:12:13,639 INFO scheduler.FairSchedulableBuilder: Added task set TaskSet_98.0 tasks to pool default
2026-08-09 23:12:13,639 INFO scheduler.TaskSetManager: Starting task 0.0 in stage 98.0 (TID 438) (10.0.0.215, executor driver, partition 0, NODE_LOCAL, 4271 bytes) taskResourceAssignments Map()
2026-08-09 23:12:13,639 INFO scheduler.DAGScheduler: ResultStage 85 (collect at BinaryClassificationMetrics.scala:237) finished in 0.048 s
2026-08-09 23:12:13,639 INFO scheduler.TaskSetManager: Finished task 0.0 in stage 107.0 (TID 434) in 9 ms on 10.0.0.215 (executor driver) (1/2)
2026-08-09 23:12:13,639 INFO scheduler.DAGScheduler: Job 58 is finished. Cancelling potential speculative or zombie tasks for this job
2026-08-09 23:12:13,639 INFO scheduler.TaskSchedulerImpl: Killing all running tasks in stage 85: Stage finished
2026-08-09 23:12:13,639 INFO executor.Executor: Running task 0.0 in stage 98.0 (TID 438)
2026-08-09 23:12:13,640 INFO scheduler.DAGScheduler: ResultStage 91 (collect at BinaryClassificationMetrics.scala:237) finished in 0.035 s
2026-08-09 23:12:13,640 INFO executor.Executor: Finished task 1.0 in stage 107.0 (TID 435). 1426 bytes result sent to driver
2026-08-09 23:12:13,640 INFO storage.ShuffleBlockFetcherIterator: Getting 2 (773.0 B) non-empty blocks including 2 (773.0 B) local and 0 (0.0 B) host-local and 0 (0.0 B) push-merged-local and 0 (0.0 B) remote blocks
2026-08-09 23:12:13,640 INFO storage.ShuffleBlockFetcherIterator: Started 0 remote fetches in 0 ms
2026-08-09 23:12:13,640 INFO scheduler.DAGScheduler: Job 60 is finished. Cancelling potential speculative or zombie tasks for this job
2026-08-09 23:12:13,640 INFO scheduler.TaskSchedulerImpl: Killing all running tasks in stage 91: Stage finished
2026-08-09 23:12:13,640 INFO scheduler.DAGScheduler: Job 58 finished: collect at BinaryClassificationMetrics.scala:237, took 0.112242 s
2026-08-09 23:12:13,640 INFO storage.ShuffleBlockFetcherIterator: Getting 2 (702.0 B) non-empty blocks including 2 (702.0 B) local and 0 (0.0 B) host-local and 0 (0.0 B) push-merged-local and 0 (0.0 B) remote blocks
2026-08-09 23:12:13,640 INFO scheduler.DAGScheduler: Job 60 finished: collect at BinaryClassificationMetrics.scala:237, took 0.102582 s
2026-08-09 23:12:13,640 INFO scheduler.DAGScheduler: ResultStage 88 (collect at BinaryClassificationMetrics.scala:237) finished in 0.031 s
2026-08-09 23:12:13,640 INFO scheduler.DAGScheduler: Job 59 is finished. Cancelling potential speculative or zombie tasks for this job
2026-08-09 23:12:13,640 INFO storage.ShuffleBlockFetcherIterator: Getting 2 (773.0 B) non-empty blocks including 2 (773.0 B) local and 0 (0.0 B) host-local and 0 (0.0 B) push-merged-local and 0 (0.0 B) remote blocks
2026-08-09 23:12:13,640 INFO scheduler.TaskSetManager: Starting task 1.0 in stage 98.0 (TID 439) (10.0.0.215, executor driver, partition 1, NODE_LOCAL, 4271 bytes) taskResourceAssignments Map()
2026-08-09 23:12:13,640 INFO storage.ShuffleBlockFetcherIterator: Started 0 remote fetches in 0 ms
2026-08-09 23:12:13,640 INFO scheduler.TaskSchedulerImpl: Killing all running tasks in stage 88: Stage finished
2026-08-09 23:12:13,640 INFO evaluation.BinaryClassificationMetrics: Total counts: {numPos: 525.0, numNeg: 475.0}
2026-08-09 23:12:13,640 INFO executor.Executor: Running task 1.0 in stage 98.0 (TID 439)
2026-08-09 23:12:13,641 INFO scheduler.DAGScheduler: Registering RDD 179 (map at BinaryClassificationMetrics.scala:48) as input to shuffle 32
2026-08-09 23:12:13,641 INFO evaluation.BinaryClassificationMetrics: Total counts: {numPos: 525.0, numNeg: 475.0}
2026-08-09 23:12:13,641 INFO scheduler.DAGScheduler: Got job 68 (sortByKey at BinaryClassificationMetrics.scala:189) with 2 output partitions
2026-08-09 23:12:13,641 INFO scheduler.DAGScheduler: Final stage: ResultStage 110 (sortByKey at BinaryClassificationMetrics.scala:189)
2026-08-09 23:12:13,641 INFO scheduler.DAGScheduler: Parents of final stage: List(ShuffleMapStage 109)
2026-08-09 23:12:13,641 INFO scheduler.DAGScheduler: Missing parents: List(ShuffleMapStage 109)
2026-08-09 23:12:13,641 INFO executor.Executor: Finished task 0.0 in stage 95.0 (TID 436). 1456 bytes result sent to driver
2026-08-09 23:12:13,641 INFO scheduler.DAGScheduler: Job 59 finished: collect at BinaryClassificationMetrics.scala:237, took 0.108521 s
2026-08-09 23:12:13,641 INFO evaluation.BinaryClassificationMetrics: Total counts: {numPos: 525.0, numNeg: 475.0}
2026-08-09 23:12:13,640 INFO storage.ShuffleBlockFetcherIterator: Started 0 remote fetches in 0 ms
2026-08-09 23:12:13,641 INFO scheduler.TaskSetManager: Finished task 1.0 in stage 107.0 (TID 435) in 9 ms on 10.0.0.215 (executor driver) (2/2)
2026-08-09 23:12:13,641 INFO scheduler.TaskSchedulerImpl: Removed TaskSet 107.0, whose tasks have all completed, from pool default
2026-08-09 23:12:13,641 INFO scheduler.DAGScheduler: Submitting ShuffleMapStage 109 (MapPartitionsRDD[179] at map at BinaryClassificationMetrics.scala:48), which has no missing parents
2026-08-09 23:12:13,641 INFO executor.Executor: Finished task 1.0 in stage 95.0 (TID 437). 1456 bytes result sent to driver
2026-08-09 23:12:13,642 INFO scheduler.TaskSetManager: Finished task 0.0 in stage 95.0 (TID 436) in 5 ms on 10.0.0.215 (executor driver) (1/2)
2026-08-09 23:12:13,642 INFO scheduler.TaskSetManager: Finished task 1.0 in stage 95.0 (TID 437) in 4 ms on 10.0.0.215 (executor driver) (2/2)
2026-08-09 23:12:13,642 INFO scheduler.TaskSchedulerImpl: Removed TaskSet 95.0, whose tasks have all completed, from pool default
2026-08-09 23:12:13,643 INFO storage.ShuffleBlockFetcherIterator: Getting 2 (668.0 B) non-empty blocks including 2 (668.0 B) local and 0 (0.0 B) host-local and 0 (0.0 B) push-merged-local and 0 (0.0 B) remote blocks
2026-08-09 23:12:13,643 INFO storage.ShuffleBlockFetcherIterator: Started 0 remote fetches in 0 ms
2026-08-09 23:12:13,644 INFO executor.Executor: Finished task 0.0 in stage 98.0 (TID 438). 1413 bytes result sent to driver
2026-08-09 23:12:13,644 INFO memory.MemoryStore: Block broadcast_110 stored as values in memory (estimated size 40.1 KiB, free 2.2 GiB)
2026-08-09 23:12:13,645 INFO executor.Executor: Finished task 1.0 in stage 98.0 (TID 439). 1456 bytes result sent to driver
2026-08-09 23:12:13,645 INFO memory.MemoryStore: Block broadcast_110_piece0 stored as bytes in memory (estimated size 12.7 KiB, free 2.2 GiB)
2026-08-09 23:12:13,645 INFO storage.BlockManagerInfo: Added broadcast_110_piece0 in memory on 10.0.0.215:64239 (size: 12.7 KiB, free: 2.2 GiB)
2026-08-09 23:12:13,645 INFO spark.SparkContext: Created broadcast 110 from broadcast at DAGScheduler.scala:1513
2026-08-09 23:12:13,645 INFO scheduler.TaskSetManager: Finished task 0.0 in stage 98.0 (TID 438) in 6 ms on 10.0.0.215 (executor driver) (1/2)
2026-08-09 23:12:13,645 INFO scheduler.TaskSetManager: Finished task 1.0 in stage 98.0 (TID 439) in 5 ms on 10.0.0.215 (executor driver) (2/2)
2026-08-09 23:12:13,645 INFO scheduler.TaskSchedulerImpl: Removed TaskSet 98.0, whose tasks have all completed, from pool default
2026-08-09 23:12:13,645 INFO scheduler.DAGScheduler: Submitting 2 missing tasks from ShuffleMapStage 109 (MapPartitionsRDD[179] at map at BinaryClassificationMetrics.scala:48) (first 15 tasks are for partitions Vector(0, 1))
2026-08-09 23:12:13,645 INFO scheduler.TaskSchedulerImpl: Adding task set 109.0 with 2 tasks resource profile 0
2026-08-09 23:12:13,646 INFO scheduler.FairSchedulableBuilder: Added task set TaskSet_109.0 tasks to pool default
2026-08-09 23:12:13,646 INFO scheduler.TaskSetManager: Starting task 0.0 in stage 109.0 (TID 440) (10.0.0.215, executor driver, partition 0, PROCESS_LOCAL, 5017 bytes) taskResourceAssignments Map()
2026-08-09 23:12:13,646 INFO scheduler.TaskSetManager: Starting task 1.0 in stage 109.0 (TID 441) (10.0.0.215, executor driver, partition 1, PROCESS_LOCAL, 5017 bytes) taskResourceAssignments Map()
2026-08-09 23:12:13,647 INFO scheduler.DAGScheduler: ShuffleMapStage 102 (combineByKey at BinaryClassificationMetrics.scala:188) finished in 0.029 s
2026-08-09 23:12:13,647 INFO scheduler.DAGScheduler: looking for newly runnable stages
2026-08-09 23:12:13,647 INFO scheduler.DAGScheduler: running: Set(ShuffleMapStage 99, ShuffleMapStage 107, ShuffleMapStage 104, ShuffleMapStage 109, ResultStage 98, ResultStage 95)
2026-08-09 23:12:13,647 INFO scheduler.DAGScheduler: waiting: Set(ResultStage 103, ResultStage 100, ResultStage 108, ResultStage 105, ResultStage 110)
2026-08-09 23:12:13,647 INFO scheduler.DAGScheduler: failed: Set()
2026-08-09 23:12:13,647 INFO scheduler.DAGScheduler: Submitting ResultStage 103 (MapPartitionsRDD[174] at mapPartitions at BinaryClassificationMetrics.scala:237), which has no missing parents
2026-08-09 23:12:13,647 INFO executor.Executor: Running task 0.0 in stage 109.0 (TID 440)
2026-08-09 23:12:13,647 INFO memory.MemoryStore: Block broadcast_111 stored as values in memory (estimated size 6.2 KiB, free 2.2 GiB)
2026-08-09 23:12:13,648 INFO memory.MemoryStore: Block broadcast_111_piece0 stored as bytes in memory (estimated size 3.4 KiB, free 2.2 GiB)
2026-08-09 23:12:13,648 INFO storage.BlockManagerInfo: Added broadcast_111_piece0 in memory on 10.0.0.215:64239 (size: 3.4 KiB, free: 2.2 GiB)
2026-08-09 23:12:13,648 INFO spark.SparkContext: Created broadcast 111 from broadcast at DAGScheduler.scala:1513
2026-08-09 23:12:13,649 INFO scheduler.DAGScheduler: Submitting 2 missing tasks from ResultStage 103 (MapPartitionsRDD[174] at mapPartitions at BinaryClassificationMetrics.scala:237) (first 15 tasks are for partitions Vector(0, 1))
2026-08-09 23:12:13,649 INFO scheduler.TaskSchedulerImpl: Adding task set 103.0 with 2 tasks resource profile 0
2026-08-09 23:12:13,649 INFO scheduler.FairSchedulableBuilder: Added task set TaskSet_103.0 tasks to pool default
2026-08-09 23:12:13,649 INFO scheduler.TaskSetManager: Starting task 0.0 in stage 103.0 (TID 442) (10.0.0.215, executor driver, partition 0, NODE_LOCAL, 4271 bytes) taskResourceAssignments Map()
2026-08-09 23:12:13,650 INFO scheduler.TaskSetManager: Starting task 1.0 in stage 103.0 (TID 443) (10.0.0.215, executor driver, partition 1, NODE_LOCAL, 4271 bytes) taskResourceAssignments Map()
2026-08-09 23:12:13,650 INFO executor.Executor: Running task 1.0 in stage 103.0 (TID 443)
2026-08-09 23:12:13,650 INFO scheduler.DAGScheduler: ShuffleMapStage 99 (map at BinaryClassificationMetrics.scala:48) finished in 0.037 s
2026-08-09 23:12:13,650 INFO scheduler.DAGScheduler: looking for newly runnable stages
2026-08-09 23:12:13,650 INFO scheduler.DAGScheduler: running: Set(ResultStage 103, ShuffleMapStage 107, ShuffleMapStage 104, ShuffleMapStage 109, ResultStage 98, ResultStage 95)
2026-08-09 23:12:13,650 INFO scheduler.DAGScheduler: waiting: Set(ResultStage 100, ResultStage 108, ResultStage 105, ResultStage 110)
2026-08-09 23:12:13,650 INFO scheduler.DAGScheduler: failed: Set()
2026-08-09 23:12:13,650 INFO scheduler.DAGScheduler: Submitting ResultStage 100 (MapPartitionsRDD[170] at sortByKey at BinaryClassificationMetrics.scala:189), which has no missing parents
2026-08-09 23:12:13,651 INFO storage.BlockManager: Found block rdd_89_0 locally
2026-08-09 23:12:13,652 INFO memory.MemoryStore: Block broadcast_112 stored as values in memory (estimated size 6.7 KiB, free 2.2 GiB)
2026-08-09 23:12:13,652 INFO memory.MemoryStore: Block broadcast_112_piece0 stored as bytes in memory (estimated size 3.4 KiB, free 2.2 GiB)
2026-08-09 23:12:13,652 INFO executor.Executor: Running task 0.0 in stage 103.0 (TID 442)
2026-08-09 23:12:13,653 INFO storage.ShuffleBlockFetcherIterator: Getting 2 (608.0 B) non-empty blocks including 2 (608.0 B) local and 0 (0.0 B) host-local and 0 (0.0 B) push-merged-local and 0 (0.0 B) remote blocks
2026-08-09 23:12:13,653 INFO storage.ShuffleBlockFetcherIterator: Started 0 remote fetches in 0 ms
2026-08-09 23:12:13,654 INFO storage.BlockManagerInfo: Added broadcast_112_piece0 in memory on 10.0.0.215:64239 (size: 3.4 KiB, free: 2.2 GiB)
2026-08-09 23:12:13,654 INFO spark.SparkContext: Starting job: collect at AreaUnderCurve.scala:44
2026-08-09 23:12:13,655 INFO spark.SparkContext: Starting job: collect at AreaUnderCurve.scala:44
2026-08-09 23:12:13,655 INFO storage.ShuffleBlockFetcherIterator: Getting 2 (580.0 B) non-empty blocks including 2 (580.0 B) local and 0 (0.0 B) host-local and 0 (0.0 B) push-merged-local and 0 (0.0 B) remote blocks
2026-08-09 23:12:13,655 INFO storage.ShuffleBlockFetcherIterator: Started 0 remote fetches in 0 ms
2026-08-09 23:12:13,655 INFO spark.SparkContext: Created broadcast 112 from broadcast at DAGScheduler.scala:1513
2026-08-09 23:12:13,655 INFO scheduler.DAGScheduler: Submitting 2 missing tasks from ResultStage 100 (MapPartitionsRDD[170] at sortByKey at BinaryClassificationMetrics.scala:189) (first 15 tasks are for partitions Vector(0, 1))
2026-08-09 23:12:13,655 INFO scheduler.TaskSchedulerImpl: Adding task set 100.0 with 2 tasks resource profile 0
2026-08-09 23:12:13,655 INFO executor.Executor: Finished task 1.0 in stage 103.0 (TID 443). 1456 bytes result sent to driver
2026-08-09 23:12:13,655 INFO scheduler.FairSchedulableBuilder: Added task set TaskSet_100.0 tasks to pool default
2026-08-09 23:12:13,655 INFO scheduler.DAGScheduler: ShuffleMapStage 104 (map at BinaryClassificationMetrics.scala:48) finished in 0.033 s
2026-08-09 23:12:13,655 INFO scheduler.DAGScheduler: looking for newly runnable stages
2026-08-09 23:12:13,655 INFO scheduler.DAGScheduler: running: Set(ResultStage 103, ResultStage 100, ShuffleMapStage 107, ShuffleMapStage 109, ResultStage 98, ResultStage 95)
2026-08-09 23:12:13,655 INFO scheduler.DAGScheduler: waiting: Set(ResultStage 108, ResultStage 105, ResultStage 110)
2026-08-09 23:12:13,655 INFO scheduler.DAGScheduler: failed: Set()
2026-08-09 23:12:13,656 INFO scheduler.DAGScheduler: Submitting ResultStage 105 (MapPartitionsRDD[172] at sortByKey at BinaryClassificationMetrics.scala:189), which has no missing parents
2026-08-09 23:12:13,656 INFO scheduler.TaskSetManager: Starting task 0.0 in stage 100.0 (TID 444) (10.0.0.215, executor driver, partition 0, NODE_LOCAL, 4271 bytes) taskResourceAssignments Map()
2026-08-09 23:12:13,656 INFO memory.MemoryStore: Block broadcast_113 stored as values in memory (estimated size 6.7 KiB, free 2.2 GiB)
2026-08-09 23:12:13,656 INFO scheduler.TaskSetManager: Finished task 1.0 in stage 103.0 (TID 443) in 6 ms on 10.0.0.215 (executor driver) (1/2)
2026-08-09 23:12:13,656 INFO executor.Executor: Running task 0.0 in stage 100.0 (TID 444)
2026-08-09 23:12:13,662 INFO memory.MemoryStore: Block broadcast_113_piece0 stored as bytes in memory (estimated size 3.4 KiB, free 2.2 GiB)
2026-08-09 23:12:13,662 INFO executor.Executor: Finished task 0.0 in stage 103.0 (TID 442). 1456 bytes result sent to driver
2026-08-09 23:12:13,663 INFO storage.BlockManagerInfo: Added broadcast_113_piece0 in memory on 10.0.0.215:64239 (size: 3.4 KiB, free: 2.2 GiB)
2026-08-09 23:12:13,663 INFO spark.SparkContext: Created broadcast 113 from broadcast at DAGScheduler.scala:1513
2026-08-09 23:12:13,663 INFO scheduler.DAGScheduler: Submitting 2 missing tasks from ResultStage 105 (MapPartitionsRDD[172] at sortByKey at BinaryClassificationMetrics.scala:189) (first 15 tasks are for partitions Vector(0, 1))
2026-08-09 23:12:13,664 INFO scheduler.TaskSchedulerImpl: Adding task set 105.0 with 2 tasks resource profile 0
2026-08-09 23:12:13,664 INFO scheduler.FairSchedulableBuilder: Added task set TaskSet_105.0 tasks to pool default
2026-08-09 23:12:13,664 INFO executor.Executor: Finished task 0.0 in stage 109.0 (TID 440). 2076 bytes result sent to driver
2026-08-09 23:12:13,664 INFO scheduler.DAGScheduler: ShuffleMapStage 107 (combineByKey at BinaryClassificationMetrics.scala:188) finished in 0.037 s
2026-08-09 23:12:13,664 INFO scheduler.DAGScheduler: looking for newly runnable stages
2026-08-09 23:12:13,664 INFO scheduler.DAGScheduler: running: Set(ResultStage 103, ResultStage 100, ResultStage 105, ShuffleMapStage 109, ResultStage 98, ResultStage 95)
2026-08-09 23:12:13,664 INFO scheduler.DAGScheduler: waiting: Set(ResultStage 108, ResultStage 110)
2026-08-09 23:12:13,664 INFO scheduler.DAGScheduler: failed: Set()
2026-08-09 23:12:13,664 INFO scheduler.DAGScheduler: Submitting ResultStage 108 (MapPartitionsRDD[177] at mapPartitions at BinaryClassificationMetrics.scala:237), which has no missing parents
2026-08-09 23:12:13,664 INFO spark.SparkContext: Starting job: collect at AreaUnderCurve.scala:44
2026-08-09 23:12:13,665 INFO storage.BlockManagerInfo: Removed broadcast_44_piece0 on 10.0.0.215:64239 in memory (size: 12.0 KiB, free: 2.2 GiB)
2026-08-09 23:12:13,665 INFO memory.MemoryStore: Block broadcast_114 stored as values in memory (estimated size 6.2 KiB, free 2.2 GiB)
2026-08-09 23:12:13,666 INFO memory.MemoryStore: Block broadcast_114_piece0 stored as bytes in memory (estimated size 3.4 KiB, free 2.2 GiB)
2026-08-09 23:12:13,666 INFO storage.BlockManagerInfo: Added broadcast_114_piece0 in memory on 10.0.0.215:64239 (size: 3.4 KiB, free: 2.2 GiB)
2026-08-09 23:12:13,666 INFO spark.SparkContext: Starting job: collect at AreaUnderCurve.scala:44
2026-08-09 23:12:13,666 INFO storage.ShuffleBlockFetcherIterator: Getting 1 (368.0 B) non-empty blocks including 1 (368.0 B) local and 0 (0.0 B) host-local and 0 (0.0 B) push-merged-local and 0 (0.0 B) remote blocks
2026-08-09 23:12:13,666 INFO storage.ShuffleBlockFetcherIterator: Started 0 remote fetches in 3 ms
2026-08-09 23:12:13,666 INFO storage.BlockManagerInfo: Removed broadcast_89_piece0 on 10.0.0.215:64239 in memory (size: 2.9 KiB, free: 2.2 GiB)
2026-08-09 23:12:13,666 INFO spark.SparkContext: Starting job: collect at AreaUnderCurve.scala:44
2026-08-09 23:12:13,666 INFO scheduler.TaskSetManager: Starting task 0.0 in stage 105.0 (TID 445) (10.0.0.215, executor driver, partition 0, NODE_LOCAL, 4271 bytes) taskResourceAssignments Map()
2026-08-09 23:12:13,666 INFO spark.SparkContext: Created broadcast 114 from broadcast at DAGScheduler.scala:1513
2026-08-09 23:12:13,666 INFO executor.Executor: Running task 0.0 in stage 105.0 (TID 445)
2026-08-09 23:12:13,667 INFO scheduler.TaskSetManager: Finished task 0.0 in stage 103.0 (TID 442) in 18 ms on 10.0.0.215 (executor driver) (2/2)
2026-08-09 23:12:13,667 INFO scheduler.TaskSchedulerImpl: Removed TaskSet 103.0, whose tasks have all completed, from pool default
2026-08-09 23:12:13,667 INFO scheduler.DAGScheduler: Submitting 2 missing tasks from ResultStage 108 (MapPartitionsRDD[177] at mapPartitions at BinaryClassificationMetrics.scala:237) (first 15 tasks are for partitions Vector(0, 1))
2026-08-09 23:12:13,667 INFO scheduler.TaskSchedulerImpl: Adding task set 108.0 with 2 tasks resource profile 0
2026-08-09 23:12:13,667 INFO scheduler.TaskSetManager: Starting task 1.0 in stage 100.0 (TID 446) (10.0.0.215, executor driver, partition 1, NODE_LOCAL, 4271 bytes) taskResourceAssignments Map()
2026-08-09 23:12:13,666 INFO executor.Executor: Running task 1.0 in stage 109.0 (TID 441)
2026-08-09 23:12:13,667 INFO executor.Executor: Finished task 0.0 in stage 100.0 (TID 444). 1548 bytes result sent to driver
2026-08-09 23:12:13,667 INFO executor.Executor: Running task 1.0 in stage 100.0 (TID 446)
2026-08-09 23:12:13,668 INFO scheduler.TaskSetManager: Starting task 1.0 in stage 105.0 (TID 447) (10.0.0.215, executor driver, partition 1, NODE_LOCAL, 4271 bytes) taskResourceAssignments Map()
2026-08-09 23:12:13,668 INFO storage.BlockManagerInfo: Removed broadcast_104_piece0 on 10.0.0.215:64239 in memory (size: 12.7 KiB, free: 2.2 GiB)
2026-08-09 23:12:13,668 INFO executor.Executor: Running task 1.0 in stage 105.0 (TID 447)
2026-08-09 23:12:13,668 INFO scheduler.FairSchedulableBuilder: Added task set TaskSet_108.0 tasks to pool default
2026-08-09 23:12:13,669 INFO storage.ShuffleBlockFetcherIterator: Getting 1 (593.0 B) non-empty blocks including 1 (593.0 B) local and 0 (0.0 B) host-local and 0 (0.0 B) push-merged-local and 0 (0.0 B) remote blocks
2026-08-09 23:12:13,669 INFO storage.ShuffleBlockFetcherIterator: Started 0 remote fetches in 0 ms
2026-08-09 23:12:13,669 INFO scheduler.TaskSetManager: Finished task 0.0 in stage 100.0 (TID 444) in 13 ms on 10.0.0.215 (executor driver) (1/2)
2026-08-09 23:12:13,669 INFO scheduler.DAGScheduler: ResultStage 95 (collect at BinaryClassificationMetrics.scala:237) finished in 0.037 s
2026-08-09 23:12:13,669 INFO scheduler.DAGScheduler: Job 62 is finished. Cancelling potential speculative or zombie tasks for this job
2026-08-09 23:12:13,669 INFO scheduler.TaskSchedulerImpl: Killing all running tasks in stage 95: Stage finished
2026-08-09 23:12:13,669 INFO scheduler.TaskSetManager: Finished task 0.0 in stage 109.0 (TID 440) in 23 ms on 10.0.0.215 (executor driver) (1/2)
2026-08-09 23:12:13,670 INFO scheduler.DAGScheduler: ResultStage 98 (collect at BinaryClassificationMetrics.scala:237) finished in 0.033 s
2026-08-09 23:12:13,670 INFO scheduler.DAGScheduler: Job 63 is finished. Cancelling potential speculative or zombie tasks for this job
2026-08-09 23:12:13,670 INFO scheduler.TaskSchedulerImpl: Killing all running tasks in stage 98: Stage finished
2026-08-09 23:12:13,670 INFO scheduler.DAGScheduler: Job 62 finished: collect at BinaryClassificationMetrics.scala:237, took 0.113508 s
2026-08-09 23:12:13,670 INFO executor.Executor: Finished task 0.0 in stage 105.0 (TID 445). 1668 bytes result sent to driver
2026-08-09 23:12:13,670 INFO scheduler.DAGScheduler: Got job 69 (collect at AreaUnderCurve.scala:44) with 2 output partitions
2026-08-09 23:12:13,670 INFO scheduler.DAGScheduler: Final stage: ResultStage 113 (collect at AreaUnderCurve.scala:44)
2026-08-09 23:12:13,670 INFO storage.ShuffleBlockFetcherIterator: Getting 1 (490.0 B) non-empty blocks including 1 (490.0 B) local and 0 (0.0 B) host-local and 0 (0.0 B) push-merged-local and 0 (0.0 B) remote blocks
2026-08-09 23:12:13,670 INFO storage.ShuffleBlockFetcherIterator: Started 0 remote fetches in 0 ms
2026-08-09 23:12:13,670 INFO scheduler.DAGScheduler: Job 63 finished: collect at BinaryClassificationMetrics.scala:237, took 0.101320 s
2026-08-09 23:12:13,670 INFO scheduler.DAGScheduler: Parents of final stage: List(ShuffleMapStage 112)
2026-08-09 23:12:13,670 INFO evaluation.BinaryClassificationMetrics: Total counts: {numPos: 525.0, numNeg: 475.0}
2026-08-09 23:12:13,671 INFO evaluation.BinaryClassificationMetrics: Total counts: {numPos: 525.0, numNeg: 475.0}
2026-08-09 23:12:13,671 INFO scheduler.TaskSetManager: Starting task 0.0 in stage 108.0 (TID 448) (10.0.0.215, executor driver, partition 0, NODE_LOCAL, 4271 bytes) taskResourceAssignments Map()
2026-08-09 23:12:13,671 INFO storage.ShuffleBlockFetcherIterator: Getting 1 (334.0 B) non-empty blocks including 1 (334.0 B) local and 0 (0.0 B) host-local and 0 (0.0 B) push-merged-local and 0 (0.0 B) remote blocks
2026-08-09 23:12:13,671 INFO executor.Executor: Finished task 1.0 in stage 105.0 (TID 447). 1620 bytes result sent to driver
2026-08-09 23:12:13,671 INFO storage.ShuffleBlockFetcherIterator: Started 0 remote fetches in 0 ms
2026-08-09 23:12:13,671 INFO scheduler.TaskSetManager: Finished task 0.0 in stage 105.0 (TID 445) in 5 ms on 10.0.0.215 (executor driver) (1/2)
2026-08-09 23:12:13,671 INFO executor.Executor: Running task 0.0 in stage 108.0 (TID 448)
2026-08-09 23:12:13,671 INFO scheduler.DAGScheduler: Missing parents: List()
2026-08-09 23:12:13,671 INFO scheduler.TaskSetManager: Starting task 1.0 in stage 108.0 (TID 449) (10.0.0.215, executor driver, partition 1, NODE_LOCAL, 4271 bytes) taskResourceAssignments Map()
2026-08-09 23:12:13,672 INFO storage.ShuffleBlockFetcherIterator: Getting 2 (702.0 B) non-empty blocks including 2 (702.0 B) local and 0 (0.0 B) host-local and 0 (0.0 B) push-merged-local and 0 (0.0 B) remote blocks
2026-08-09 23:12:13,672 INFO storage.ShuffleBlockFetcherIterator: Started 0 remote fetches in 0 ms
2026-08-09 23:12:13,672 INFO executor.Executor: Finished task 1.0 in stage 100.0 (TID 446). 1540 bytes result sent to driver
2026-08-09 23:12:13,673 INFO scheduler.TaskSetManager: Finished task 1.0 in stage 105.0 (TID 447) in 5 ms on 10.0.0.215 (executor driver) (2/2)
2026-08-09 23:12:13,673 INFO scheduler.TaskSchedulerImpl: Removed TaskSet 105.0, whose tasks have all completed, from pool default
2026-08-09 23:12:13,673 INFO executor.Executor: Running task 1.0 in stage 108.0 (TID 449)
2026-08-09 23:12:13,673 INFO scheduler.TaskSetManager: Finished task 1.0 in stage 100.0 (TID 446) in 6 ms on 10.0.0.215 (executor driver) (2/2)
2026-08-09 23:12:13,674 INFO scheduler.TaskSchedulerImpl: Removed TaskSet 100.0, whose tasks have all completed, from pool default
2026-08-09 23:12:13,674 INFO storage.ShuffleBlockFetcherIterator: Getting 2 (702.0 B) non-empty blocks including 2 (702.0 B) local and 0 (0.0 B) host-local and 0 (0.0 B) push-merged-local and 0 (0.0 B) remote blocks
2026-08-09 23:12:13,674 INFO storage.ShuffleBlockFetcherIterator: Started 0 remote fetches in 0 ms
2026-08-09 23:12:13,674 INFO scheduler.DAGScheduler: Submitting ResultStage 113 (MapPartitionsRDD[201] at mapPartitions at AreaUnderCurve.scala:44), which has no missing parents
2026-08-09 23:12:13,675 INFO executor.Executor: Finished task 0.0 in stage 108.0 (TID 448). 1413 bytes result sent to driver
2026-08-09 23:12:13,675 INFO executor.Executor: Finished task 1.0 in stage 108.0 (TID 449). 1370 bytes result sent to driver
2026-08-09 23:12:13,675 INFO storage.BlockManagerInfo: Removed broadcast_101_piece0 on 10.0.0.215:64239 in memory (size: 2.9 KiB, free: 2.2 GiB)
2026-08-09 23:12:13,675 INFO memory.MemoryStore: Block broadcast_115 stored as values in memory (estimated size 7.8 KiB, free 2.2 GiB)
2026-08-09 23:12:13,676 INFO scheduler.TaskSetManager: Finished task 1.0 in stage 108.0 (TID 449) in 4 ms on 10.0.0.215 (executor driver) (1/2)
2026-08-09 23:12:13,676 INFO memory.MemoryStore: Block broadcast_115_piece0 stored as bytes in memory (estimated size 3.8 KiB, free 2.2 GiB)
2026-08-09 23:12:13,676 INFO scheduler.TaskSetManager: Finished task 0.0 in stage 108.0 (TID 448) in 5 ms on 10.0.0.215 (executor driver) (2/2)
2026-08-09 23:12:13,676 INFO scheduler.TaskSchedulerImpl: Removed TaskSet 108.0, whose tasks have all completed, from pool default
2026-08-09 23:12:13,676 INFO storage.BlockManagerInfo: Added broadcast_115_piece0 in memory on 10.0.0.215:64239 (size: 3.8 KiB, free: 2.2 GiB)
2026-08-09 23:12:13,676 INFO spark.SparkContext: Created broadcast 115 from broadcast at DAGScheduler.scala:1513
2026-08-09 23:12:13,676 INFO scheduler.DAGScheduler: Submitting 2 missing tasks from ResultStage 113 (MapPartitionsRDD[201] at mapPartitions at AreaUnderCurve.scala:44) (first 15 tasks are for partitions Vector(0, 1))
2026-08-09 23:12:13,676 INFO storage.BlockManagerInfo: Removed broadcast_91_piece0 on 10.0.0.215:64239 in memory (size: 2.9 KiB, free: 2.2 GiB)
2026-08-09 23:12:13,676 INFO scheduler.TaskSchedulerImpl: Adding task set 113.0 with 2 tasks resource profile 0
2026-08-09 23:12:13,677 INFO storage.BlockManager: Found block rdd_89_1 locally
2026-08-09 23:12:13,677 INFO scheduler.FairSchedulableBuilder: Added task set TaskSet_113.0 tasks to pool default
2026-08-09 23:12:13,677 INFO storage.BlockManagerInfo: Removed broadcast_105_piece0 on 10.0.0.215:64239 in memory (size: 2.9 KiB, free: 2.2 GiB)
2026-08-09 23:12:13,677 INFO scheduler.TaskSetManager: Starting task 0.0 in stage 113.0 (TID 450) (10.0.0.215, executor driver, partition 0, NODE_LOCAL, 4271 bytes) taskResourceAssignments Map()
2026-08-09 23:12:13,677 INFO scheduler.TaskSetManager: Starting task 1.0 in stage 113.0 (TID 451) (10.0.0.215, executor driver, partition 1, NODE_LOCAL, 4271 bytes) taskResourceAssignments Map()
2026-08-09 23:12:13,677 INFO scheduler.DAGScheduler: Got job 70 (collect at AreaUnderCurve.scala:44) with 2 output partitions
2026-08-09 23:12:13,677 INFO scheduler.DAGScheduler: Final stage: ResultStage 116 (collect at AreaUnderCurve.scala:44)
2026-08-09 23:12:13,678 INFO scheduler.DAGScheduler: Parents of final stage: List(ShuffleMapStage 115)
2026-08-09 23:12:13,678 INFO executor.Executor: Running task 0.0 in stage 113.0 (TID 450)
2026-08-09 23:12:13,678 INFO executor.Executor: Running task 1.0 in stage 113.0 (TID 451)
2026-08-09 23:12:13,678 INFO scheduler.DAGScheduler: Missing parents: List()
2026-08-09 23:12:13,678 INFO scheduler.DAGScheduler: Submitting ResultStage 116 (MapPartitionsRDD[202] at mapPartitions at AreaUnderCurve.scala:44), which has no missing parents
2026-08-09 23:12:13,678 INFO storage.BlockManagerInfo: Removed broadcast_98_piece0 on 10.0.0.215:64239 in memory (size: 3.4 KiB, free: 2.2 GiB)
2026-08-09 23:12:13,680 INFO memory.MemoryStore: Block broadcast_116 stored as values in memory (estimated size 7.8 KiB, free 2.2 GiB)
2026-08-09 23:12:13,680 INFO memory.MemoryStore: Block broadcast_116_piece0 stored as bytes in memory (estimated size 3.8 KiB, free 2.2 GiB)
2026-08-09 23:12:13,681 INFO storage.BlockManagerInfo: Added broadcast_116_piece0 in memory on 10.0.0.215:64239 (size: 3.8 KiB, free: 2.2 GiB)
2026-08-09 23:12:13,681 INFO storage.BlockManagerInfo: Removed broadcast_102_piece0 on 10.0.0.215:64239 in memory (size: 3.4 KiB, free: 2.2 GiB)
2026-08-09 23:12:13,681 INFO spark.SparkContext: Created broadcast 116 from broadcast at DAGScheduler.scala:1513
2026-08-09 23:12:13,682 INFO scheduler.DAGScheduler: Submitting 2 missing tasks from ResultStage 116 (MapPartitionsRDD[202] at mapPartitions at AreaUnderCurve.scala:44) (first 15 tasks are for partitions Vector(0, 1))
2026-08-09 23:12:13,682 INFO scheduler.TaskSchedulerImpl: Adding task set 116.0 with 2 tasks resource profile 0
2026-08-09 23:12:13,682 INFO spark.SparkContext: Starting job: collect at AreaUnderCurve.scala:44
2026-08-09 23:12:13,682 INFO storage.BlockManagerInfo: Removed broadcast_99_piece0 on 10.0.0.215:64239 in memory (size: 2.9 KiB, free: 2.2 GiB)
2026-08-09 23:12:13,682 INFO scheduler.FairSchedulableBuilder: Added task set TaskSet_116.0 tasks to pool default
2026-08-09 23:12:13,683 INFO storage.ShuffleBlockFetcherIterator: Getting 2 (580.0 B) non-empty blocks including 2 (580.0 B) local and 0 (0.0 B) host-local and 0 (0.0 B) push-merged-local and 0 (0.0 B) remote blocks
2026-08-09 23:12:13,683 INFO storage.ShuffleBlockFetcherIterator: Started 0 remote fetches in 0 ms
2026-08-09 23:12:13,683 INFO scheduler.TaskSetManager: Starting task 0.0 in stage 116.0 (TID 452) (10.0.0.215, executor driver, partition 0, NODE_LOCAL, 4271 bytes) taskResourceAssignments Map()
2026-08-09 23:12:13,688 INFO storage.ShuffleBlockFetcherIterator: Getting 2 (608.0 B) non-empty blocks including 2 (608.0 B) local and 0 (0.0 B) host-local and 0 (0.0 B) push-merged-local and 0 (0.0 B) remote blocks
2026-08-09 23:12:13,688 INFO executor.Executor: Running task 0.0 in stage 116.0 (TID 452)
2026-08-09 23:12:13,688 INFO storage.ShuffleBlockFetcherIterator: Started 0 remote fetches in 5 ms
2026-08-09 23:12:13,688 INFO scheduler.DAGScheduler: Got job 71 (collect at AreaUnderCurve.scala:44) with 2 output partitions
2026-08-09 23:12:13,688 INFO scheduler.DAGScheduler: Final stage: ResultStage 119 (collect at AreaUnderCurve.scala:44)
2026-08-09 23:12:13,688 INFO scheduler.DAGScheduler: Parents of final stage: List(ShuffleMapStage 118)
2026-08-09 23:12:13,689 INFO scheduler.DAGScheduler: Missing parents: List()
2026-08-09 23:12:13,689 INFO storage.BlockManagerInfo: Removed broadcast_95_piece0 on 10.0.0.215:64239 in memory (size: 2.9 KiB, free: 2.2 GiB)
2026-08-09 23:12:13,689 INFO scheduler.DAGScheduler: Submitting ResultStage 119 (MapPartitionsRDD[207] at mapPartitions at AreaUnderCurve.scala:44), which has no missing parents
2026-08-09 23:12:13,689 INFO memory.MemoryStore: Block rdd_190_1 stored as values in memory (estimated size 520.0 B, free 2.2 GiB)
2026-08-09 23:12:13,689 INFO memory.MemoryStore: Block rdd_190_0 stored as values in memory (estimated size 440.0 B, free 2.2 GiB)
2026-08-09 23:12:13,689 INFO storage.BlockManagerInfo: Added rdd_190_1 in memory on 10.0.0.215:64239 (size: 520.0 B, free: 2.2 GiB)
2026-08-09 23:12:13,689 INFO storage.BlockManagerInfo: Added rdd_190_0 in memory on 10.0.0.215:64239 (size: 440.0 B, free: 2.2 GiB)
2026-08-09 23:12:13,690 INFO storage.BlockManagerInfo: Removed broadcast_94_piece0 on 10.0.0.215:64239 in memory (size: 3.4 KiB, free: 2.2 GiB)
2026-08-09 23:12:13,691 INFO storage.ShuffleBlockFetcherIterator: Getting 2 (702.0 B) non-empty blocks including 2 (702.0 B) local and 0 (0.0 B) host-local and 0 (0.0 B) push-merged-local and 0 (0.0 B) remote blocks
2026-08-09 23:12:13,691 INFO memory.MemoryStore: Block broadcast_117 stored as values in memory (estimated size 7.8 KiB, free 2.2 GiB)
2026-08-09 23:12:13,691 INFO storage.ShuffleBlockFetcherIterator: Started 0 remote fetches in 0 ms
2026-08-09 23:12:13,691 INFO storage.BlockManagerInfo: Removed broadcast_96_piece0 on 10.0.0.215:64239 in memory (size: 12.1 KiB, free: 2.2 GiB)
2026-08-09 23:12:13,691 INFO memory.MemoryStore: Block broadcast_117_piece0 stored as bytes in memory (estimated size 3.8 KiB, free 2.2 GiB)
2026-08-09 23:12:13,692 INFO storage.BlockManagerInfo: Added broadcast_117_piece0 in memory on 10.0.0.215:64239 (size: 3.8 KiB, free: 2.2 GiB)
2026-08-09 23:12:13,692 INFO storage.BlockManagerInfo: Removed broadcast_97_piece0 on 10.0.0.215:64239 in memory (size: 3.4 KiB, free: 2.2 GiB)
2026-08-09 23:12:13,692 INFO spark.SparkContext: Created broadcast 117 from broadcast at DAGScheduler.scala:1513
2026-08-09 23:12:13,692 INFO scheduler.DAGScheduler: Submitting 2 missing tasks from ResultStage 119 (MapPartitionsRDD[207] at mapPartitions at AreaUnderCurve.scala:44) (first 15 tasks are for partitions Vector(0, 1))
2026-08-09 23:12:13,692 INFO scheduler.TaskSchedulerImpl: Adding task set 119.0 with 2 tasks resource profile 0
2026-08-09 23:12:13,692 INFO memory.MemoryStore: Block rdd_184_0 stored as values in memory (estimated size 856.0 B, free 2.2 GiB)
2026-08-09 23:12:13,693 INFO storage.BlockManagerInfo: Removed broadcast_93_piece0 on 10.0.0.215:64239 in memory (size: 2.9 KiB, free: 2.2 GiB)
2026-08-09 23:12:13,693 INFO scheduler.FairSchedulableBuilder: Added task set TaskSet_119.0 tasks to pool default
2026-08-09 23:12:13,693 INFO storage.BlockManagerInfo: Added rdd_184_0 in memory on 10.0.0.215:64239 (size: 856.0 B, free: 2.2 GiB)
2026-08-09 23:12:13,693 INFO scheduler.DAGScheduler: Got job 72 (collect at AreaUnderCurve.scala:44) with 2 output partitions
2026-08-09 23:12:13,693 INFO scheduler.DAGScheduler: Final stage: ResultStage 122 (collect at AreaUnderCurve.scala:44)
2026-08-09 23:12:13,693 INFO scheduler.DAGScheduler: Parents of final stage: List(ShuffleMapStage 121)
2026-08-09 23:12:13,694 INFO spark.SparkContext: Starting job: collect at AreaUnderCurve.scala:44
2026-08-09 23:12:13,694 INFO scheduler.DAGScheduler: Missing parents: List()
2026-08-09 23:12:13,694 INFO scheduler.DAGScheduler: Submitting ResultStage 122 (MapPartitionsRDD[206] at mapPartitions at AreaUnderCurve.scala:44), which has no missing parents
2026-08-09 23:12:13,694 INFO executor.Executor: Finished task 0.0 in stage 113.0 (TID 450). 1532 bytes result sent to driver
2026-08-09 23:12:13,694 INFO storage.BlockManagerInfo: Removed broadcast_86_piece0 on 10.0.0.215:64239 in memory (size: 2.9 KiB, free: 2.2 GiB)
2026-08-09 23:12:13,694 INFO executor.Executor: Finished task 1.0 in stage 113.0 (TID 451). 1532 bytes result sent to driver
2026-08-09 23:12:13,695 INFO executor.Executor: Finished task 0.0 in stage 116.0 (TID 452). 1532 bytes result sent to driver
2026-08-09 23:12:13,695 INFO scheduler.TaskSetManager: Starting task 0.0 in stage 119.0 (TID 453) (10.0.0.215, executor driver, partition 0, NODE_LOCAL, 4271 bytes) taskResourceAssignments Map()
2026-08-09 23:12:13,695 INFO executor.Executor: Running task 0.0 in stage 119.0 (TID 453)
2026-08-09 23:12:13,695 INFO memory.MemoryStore: Block broadcast_118 stored as values in memory (estimated size 7.8 KiB, free 2.2 GiB)
2026-08-09 23:12:13,695 INFO scheduler.TaskSetManager: Starting task 1.0 in stage 116.0 (TID 454) (10.0.0.215, executor driver, partition 1, NODE_LOCAL, 4271 bytes) taskResourceAssignments Map()
2026-08-09 23:12:13,695 INFO scheduler.TaskSetManager: Finished task 0.0 in stage 113.0 (TID 450) in 18 ms on 10.0.0.215 (executor driver) (1/2)
2026-08-09 23:12:13,695 INFO executor.Executor: Running task 1.0 in stage 116.0 (TID 454)
2026-08-09 23:12:13,695 INFO memory.MemoryStore: Block broadcast_118_piece0 stored as bytes in memory (estimated size 3.8 KiB, free 2.2 GiB)
2026-08-09 23:12:13,695 INFO storage.BlockManagerInfo: Removed broadcast_100_piece0 on 10.0.0.215:64239 in memory (size: 3.4 KiB, free: 2.2 GiB)
2026-08-09 23:12:13,695 INFO scheduler.TaskSetManager: Starting task 1.0 in stage 119.0 (TID 455) (10.0.0.215, executor driver, partition 1, NODE_LOCAL, 4271 bytes) taskResourceAssignments Map()
2026-08-09 23:12:13,696 INFO storage.BlockManagerInfo: Added broadcast_118_piece0 in memory on 10.0.0.215:64239 (size: 3.8 KiB, free: 2.2 GiB)
2026-08-09 23:12:13,696 INFO executor.Executor: Running task 1.0 in stage 119.0 (TID 455)
2026-08-09 23:12:13,696 INFO scheduler.TaskSetManager: Finished task 0.0 in stage 116.0 (TID 452) in 14 ms on 10.0.0.215 (executor driver) (1/2)
2026-08-09 23:12:13,696 INFO executor.Executor: Finished task 1.0 in stage 109.0 (TID 441). 1904 bytes result sent to driver
2026-08-09 23:12:13,696 INFO scheduler.TaskSetManager: Finished task 1.0 in stage 113.0 (TID 451) in 19 ms on 10.0.0.215 (executor driver) (2/2)
2026-08-09 23:12:13,696 INFO scheduler.TaskSchedulerImpl: Removed TaskSet 113.0, whose tasks have all completed, from pool default
2026-08-09 23:12:13,696 INFO spark.SparkContext: Created broadcast 118 from broadcast at DAGScheduler.scala:1513
2026-08-09 23:12:13,696 INFO scheduler.DAGScheduler: Submitting 2 missing tasks from ResultStage 122 (MapPartitionsRDD[206] at mapPartitions at AreaUnderCurve.scala:44) (first 15 tasks are for partitions Vector(0, 1))
2026-08-09 23:12:13,696 INFO scheduler.TaskSchedulerImpl: Adding task set 122.0 with 2 tasks resource profile 0
2026-08-09 23:12:13,697 INFO storage.BlockManagerInfo: Removed broadcast_103_piece0 on 10.0.0.215:64239 in memory (size: 3.4 KiB, free: 2.2 GiB)
2026-08-09 23:12:13,697 INFO scheduler.FairSchedulableBuilder: Added task set TaskSet_122.0 tasks to pool default
2026-08-09 23:12:13,697 INFO scheduler.DAGScheduler: Got job 73 (collect at AreaUnderCurve.scala:44) with 2 output partitions
2026-08-09 23:12:13,697 INFO scheduler.DAGScheduler: Final stage: ResultStage 125 (collect at AreaUnderCurve.scala:44)
2026-08-09 23:12:13,697 INFO scheduler.DAGScheduler: Parents of final stage: List(ShuffleMapStage 124)
2026-08-09 23:12:13,697 INFO scheduler.TaskSetManager: Starting task 0.0 in stage 122.0 (TID 456) (10.0.0.215, executor driver, partition 0, NODE_LOCAL, 4271 bytes) taskResourceAssignments Map()
2026-08-09 23:12:13,697 INFO storage.ShuffleBlockFetcherIterator: Getting 2 (580.0 B) non-empty blocks including 2 (580.0 B) local and 0 (0.0 B) host-local and 0 (0.0 B) push-merged-local and 0 (0.0 B) remote blocks
2026-08-09 23:12:13,697 INFO scheduler.DAGScheduler: Missing parents: List()
2026-08-09 23:12:13,697 INFO storage.ShuffleBlockFetcherIterator: Started 0 remote fetches in 0 ms
2026-08-09 23:12:13,697 INFO scheduler.TaskSetManager: Finished task 1.0 in stage 109.0 (TID 441) in 51 ms on 10.0.0.215 (executor driver) (2/2)
2026-08-09 23:12:13,697 INFO scheduler.TaskSchedulerImpl: Removed TaskSet 109.0, whose tasks have all completed, from pool default
2026-08-09 23:12:13,698 INFO storage.ShuffleBlockFetcherIterator: Getting 2 (608.0 B) non-empty blocks including 2 (608.0 B) local and 0 (0.0 B) host-local and 0 (0.0 B) push-merged-local and 0 (0.0 B) remote blocks
2026-08-09 23:12:13,698 INFO storage.ShuffleBlockFetcherIterator: Started 0 remote fetches in 0 ms
2026-08-09 23:12:13,698 INFO scheduler.DAGScheduler: Submitting ResultStage 125 (MapPartitionsRDD[203] at mapPartitions at AreaUnderCurve.scala:44), which has no missing parents
2026-08-09 23:12:13,698 INFO storage.ShuffleBlockFetcherIterator: Getting 2 (668.0 B) non-empty blocks including 2 (668.0 B) local and 0 (0.0 B) host-local and 0 (0.0 B) push-merged-local and 0 (0.0 B) remote blocks
2026-08-09 23:12:13,698 INFO storage.ShuffleBlockFetcherIterator: Started 0 remote fetches in 0 ms
2026-08-09 23:12:13,698 INFO memory.MemoryStore: Block broadcast_119 stored as values in memory (estimated size 7.8 KiB, free 2.2 GiB)
2026-08-09 23:12:13,699 INFO memory.MemoryStore: Block broadcast_119_piece0 stored as bytes in memory (estimated size 3.8 KiB, free 2.2 GiB)
2026-08-09 23:12:13,699 INFO memory.MemoryStore: Block rdd_187_0 stored as values in memory (estimated size 440.0 B, free 2.2 GiB)
2026-08-09 23:12:13,699 INFO storage.BlockManagerInfo: Added broadcast_119_piece0 in memory on 10.0.0.215:64239 (size: 3.8 KiB, free: 2.2 GiB)
2026-08-09 23:12:13,699 INFO executor.Executor: Running task 0.0 in stage 122.0 (TID 456)
2026-08-09 23:12:13,699 INFO storage.BlockManagerInfo: Added rdd_187_0 in memory on 10.0.0.215:64239 (size: 440.0 B, free: 2.2 GiB)
2026-08-09 23:12:13,699 INFO spark.SparkContext: Created broadcast 119 from broadcast at DAGScheduler.scala:1513
2026-08-09 23:12:13,699 INFO memory.MemoryStore: Block rdd_187_1 stored as values in memory (estimated size 520.0 B, free 2.2 GiB)
2026-08-09 23:12:13,699 INFO storage.BlockManagerInfo: Added rdd_187_1 in memory on 10.0.0.215:64239 (size: 520.0 B, free: 2.2 GiB)
2026-08-09 23:12:13,699 INFO memory.MemoryStore: Block rdd_184_1 stored as values in memory (estimated size 856.0 B, free 2.2 GiB)
2026-08-09 23:12:13,699 INFO storage.BlockManagerInfo: Added rdd_184_1 in memory on 10.0.0.215:64239 (size: 856.0 B, free: 2.2 GiB)
2026-08-09 23:12:13,699 INFO scheduler.DAGScheduler: Submitting 2 missing tasks from ResultStage 125 (MapPartitionsRDD[203] at mapPartitions at AreaUnderCurve.scala:44) (first 15 tasks are for partitions Vector(0, 1))
2026-08-09 23:12:13,699 INFO scheduler.TaskSchedulerImpl: Adding task set 125.0 with 2 tasks resource profile 0
2026-08-09 23:12:13,700 INFO scheduler.FairSchedulableBuilder: Added task set TaskSet_125.0 tasks to pool default
2026-08-09 23:12:13,700 INFO executor.Executor: Finished task 0.0 in stage 119.0 (TID 453). 1532 bytes result sent to driver
2026-08-09 23:12:13,701 INFO executor.Executor: Finished task 1.0 in stage 116.0 (TID 454). 1532 bytes result sent to driver
2026-08-09 23:12:13,701 INFO storage.ShuffleBlockFetcherIterator: Getting 2 (702.0 B) non-empty blocks including 2 (702.0 B) local and 0 (0.0 B) host-local and 0 (0.0 B) push-merged-local and 0 (0.0 B) remote blocks
2026-08-09 23:12:13,701 INFO storage.ShuffleBlockFetcherIterator: Started 0 remote fetches in 0 ms
2026-08-09 23:12:13,701 INFO executor.Executor: Finished task 1.0 in stage 119.0 (TID 455). 1489 bytes result sent to driver
2026-08-09 23:12:13,701 INFO scheduler.DAGScheduler: ResultStage 103 (collect at BinaryClassificationMetrics.scala:237) finished in 0.054 s
2026-08-09 23:12:13,701 INFO scheduler.TaskSetManager: Starting task 0.0 in stage 125.0 (TID 457) (10.0.0.215, executor driver, partition 0, NODE_LOCAL, 4271 bytes) taskResourceAssignments Map()
2026-08-09 23:12:13,701 INFO executor.Executor: Running task 0.0 in stage 125.0 (TID 457)
2026-08-09 23:12:13,701 INFO scheduler.TaskSetManager: Starting task 1.0 in stage 122.0 (TID 458) (10.0.0.215, executor driver, partition 1, NODE_LOCAL, 4271 bytes) taskResourceAssignments Map()
2026-08-09 23:12:13,701 INFO scheduler.DAGScheduler: Job 65 is finished. Cancelling potential speculative or zombie tasks for this job
2026-08-09 23:12:13,701 INFO scheduler.TaskSetManager: Finished task 0.0 in stage 119.0 (TID 453) in 7 ms on 10.0.0.215 (executor driver) (1/2)
2026-08-09 23:12:13,701 INFO executor.Executor: Running task 1.0 in stage 122.0 (TID 458)
2026-08-09 23:12:13,701 INFO scheduler.TaskSchedulerImpl: Killing all running tasks in stage 103: Stage finished
2026-08-09 23:12:13,701 INFO scheduler.TaskSetManager: Starting task 1.0 in stage 125.0 (TID 459) (10.0.0.215, executor driver, partition 1, NODE_LOCAL, 4271 bytes) taskResourceAssignments Map()
2026-08-09 23:12:13,701 INFO memory.MemoryStore: Block rdd_183_0 stored as values in memory (estimated size 856.0 B, free 2.2 GiB)
2026-08-09 23:12:13,702 INFO scheduler.DAGScheduler: Job 65 finished: collect at BinaryClassificationMetrics.scala:237, took 0.125148 s
2026-08-09 23:12:13,702 INFO storage.BlockManagerInfo: Added rdd_183_0 in memory on 10.0.0.215:64239 (size: 856.0 B, free: 2.2 GiB)
2026-08-09 23:12:13,702 INFO executor.Executor: Running task 1.0 in stage 125.0 (TID 459)
2026-08-09 23:12:13,702 INFO evaluation.BinaryClassificationMetrics: Total counts: {numPos: 525.0, numNeg: 475.0}
2026-08-09 23:12:13,702 INFO scheduler.TaskSetManager: Finished task 1.0 in stage 116.0 (TID 454) in 7 ms on 10.0.0.215 (executor driver) (2/2)
2026-08-09 23:12:13,702 INFO scheduler.TaskSchedulerImpl: Removed TaskSet 116.0, whose tasks have all completed, from pool default
2026-08-09 23:12:13,703 INFO scheduler.DAGScheduler: ResultStage 105 (sortByKey at BinaryClassificationMetrics.scala:189) finished in 0.046 s
2026-08-09 23:12:13,703 INFO scheduler.DAGScheduler: Job 66 is finished. Cancelling potential speculative or zombie tasks for this job
2026-08-09 23:12:13,703 INFO scheduler.TaskSchedulerImpl: Killing all running tasks in stage 105: Stage finished
2026-08-09 23:12:13,703 INFO scheduler.TaskSetManager: Finished task 1.0 in stage 119.0 (TID 455) in 8 ms on 10.0.0.215 (executor driver) (2/2)
2026-08-09 23:12:13,703 INFO scheduler.TaskSchedulerImpl: Removed TaskSet 119.0, whose tasks have all completed, from pool default
2026-08-09 23:12:13,703 INFO scheduler.DAGScheduler: ResultStage 100 (sortByKey at BinaryClassificationMetrics.scala:189) finished in 0.052 s
2026-08-09 23:12:13,703 INFO scheduler.DAGScheduler: Job 66 finished: sortByKey at BinaryClassificationMetrics.scala:189, took 0.120343 s
2026-08-09 23:12:13,703 INFO scheduler.DAGScheduler: Job 64 is finished. Cancelling potential speculative or zombie tasks for this job
2026-08-09 23:12:13,703 INFO scheduler.TaskSchedulerImpl: Killing all running tasks in stage 100: Stage finished
2026-08-09 23:12:13,703 INFO scheduler.DAGScheduler: ResultStage 108 (collect at BinaryClassificationMetrics.scala:237) finished in 0.038 s
2026-08-09 23:12:13,703 INFO scheduler.DAGScheduler: Job 67 is finished. Cancelling potential speculative or zombie tasks for this job
2026-08-09 23:12:13,703 INFO scheduler.TaskSchedulerImpl: Killing all running tasks in stage 108: Stage finished
2026-08-09 23:12:13,703 INFO storage.ShuffleBlockFetcherIterator: Getting 2 (813.0 B) non-empty blocks including 2 (813.0 B) local and 0 (0.0 B) host-local and 0 (0.0 B) push-merged-local and 0 (0.0 B) remote blocks
2026-08-09 23:12:13,703 INFO storage.ShuffleBlockFetcherIterator: Started 0 remote fetches in 0 ms
2026-08-09 23:12:13,703 INFO scheduler.DAGScheduler: Got job 74 (collect at AreaUnderCurve.scala:44) with 2 output partitions
2026-08-09 23:12:13,703 INFO scheduler.DAGScheduler: Final stage: ResultStage 128 (collect at AreaUnderCurve.scala:44)
2026-08-09 23:12:13,703 INFO scheduler.DAGScheduler: Job 64 finished: sortByKey at BinaryClassificationMetrics.scala:189, took 0.129681 s
2026-08-09 23:12:13,703 INFO scheduler.DAGScheduler: Job 67 finished: collect at BinaryClassificationMetrics.scala:237, took 0.096983 s
2026-08-09 23:12:13,703 INFO storage.ShuffleBlockFetcherIterator: Getting 2 (773.0 B) non-empty blocks including 2 (773.0 B) local and 0 (0.0 B) host-local and 0 (0.0 B) push-merged-local and 0 (0.0 B) remote blocks
2026-08-09 23:12:13,704 INFO storage.ShuffleBlockFetcherIterator: Started 0 remote fetches in 0 ms
2026-08-09 23:12:13,704 INFO evaluation.BinaryClassificationMetrics: Total counts: {numPos: 525.0, numNeg: 475.0}
2026-08-09 23:12:13,703 INFO scheduler.DAGScheduler: Parents of final stage: List(ShuffleMapStage 127)
2026-08-09 23:12:13,704 INFO storage.ShuffleBlockFetcherIterator: Getting 2 (702.0 B) non-empty blocks including 2 (702.0 B) local and 0 (0.0 B) host-local and 0 (0.0 B) push-merged-local and 0 (0.0 B) remote blocks
2026-08-09 23:12:13,704 INFO storage.ShuffleBlockFetcherIterator: Started 0 remote fetches in 0 ms
2026-08-09 23:12:13,704 INFO scheduler.DAGScheduler: Missing parents: List()
2026-08-09 23:12:13,704 INFO scheduler.DAGScheduler: Submitting ResultStage 128 (MapPartitionsRDD[213] at mapPartitions at AreaUnderCurve.scala:44), which has no missing parents
2026-08-09 23:12:13,705 INFO memory.MemoryStore: Block rdd_183_1 stored as values in memory (estimated size 944.0 B, free 2.2 GiB)
2026-08-09 23:12:13,705 INFO storage.BlockManagerInfo: Added rdd_183_1 in memory on 10.0.0.215:64239 (size: 944.0 B, free: 2.2 GiB)
2026-08-09 23:12:13,705 INFO memory.MemoryStore: Block rdd_189_0 stored as values in memory (estimated size 1528.0 B, free 2.2 GiB)
2026-08-09 23:12:13,705 INFO storage.BlockManagerInfo: Added rdd_189_0 in memory on 10.0.0.215:64239 (size: 1528.0 B, free: 2.2 GiB)
2026-08-09 23:12:13,705 INFO memory.MemoryStore: Block broadcast_120 stored as values in memory (estimated size 7.8 KiB, free 2.2 GiB)
2026-08-09 23:12:13,706 INFO memory.MemoryStore: Block broadcast_120_piece0 stored as bytes in memory (estimated size 3.8 KiB, free 2.2 GiB)
2026-08-09 23:12:13,706 INFO storage.BlockManagerInfo: Added broadcast_120_piece0 in memory on 10.0.0.215:64239 (size: 3.8 KiB, free: 2.2 GiB)
2026-08-09 23:12:13,706 INFO executor.Executor: Finished task 0.0 in stage 125.0 (TID 457). 1532 bytes result sent to driver
2026-08-09 23:12:13,706 INFO executor.Executor: Finished task 1.0 in stage 122.0 (TID 458). 1532 bytes result sent to driver
2026-08-09 23:12:13,706 INFO memory.MemoryStore: Block rdd_189_1 stored as values in memory (estimated size 1528.0 B, free 2.2 GiB)
2026-08-09 23:12:13,706 INFO spark.SparkContext: Created broadcast 120 from broadcast at DAGScheduler.scala:1513
2026-08-09 23:12:13,706 INFO storage.BlockManagerInfo: Added rdd_189_1 in memory on 10.0.0.215:64239 (size: 1528.0 B, free: 2.2 GiB)
2026-08-09 23:12:13,706 INFO scheduler.TaskSetManager: Finished task 0.0 in stage 125.0 (TID 457) in 5 ms on 10.0.0.215 (executor driver) (1/2)
2026-08-09 23:12:13,706 INFO scheduler.DAGScheduler: Submitting 2 missing tasks from ResultStage 128 (MapPartitionsRDD[213] at mapPartitions at AreaUnderCurve.scala:44) (first 15 tasks are for partitions Vector(0, 1))
2026-08-09 23:12:13,706 INFO scheduler.TaskSetManager: Finished task 1.0 in stage 122.0 (TID 458) in 5 ms on 10.0.0.215 (executor driver) (1/2)
2026-08-09 23:12:13,707 INFO scheduler.TaskSchedulerImpl: Adding task set 128.0 with 2 tasks resource profile 0
2026-08-09 23:12:13,707 INFO scheduler.FairSchedulableBuilder: Added task set TaskSet_128.0 tasks to pool default
2026-08-09 23:12:13,707 INFO scheduler.TaskSetManager: Starting task 0.0 in stage 128.0 (TID 460) (10.0.0.215, executor driver, partition 0, NODE_LOCAL, 4271 bytes) taskResourceAssignments Map()
2026-08-09 23:12:13,707 INFO executor.Executor: Finished task 1.0 in stage 125.0 (TID 459). 1489 bytes result sent to driver
2026-08-09 23:12:13,707 INFO scheduler.TaskSetManager: Starting task 1.0 in stage 128.0 (TID 461) (10.0.0.215, executor driver, partition 1, NODE_LOCAL, 4271 bytes) taskResourceAssignments Map()
2026-08-09 23:12:13,708 INFO executor.Executor: Running task 0.0 in stage 128.0 (TID 460)
2026-08-09 23:12:13,708 INFO scheduler.TaskSetManager: Finished task 1.0 in stage 125.0 (TID 459) in 7 ms on 10.0.0.215 (executor driver) (2/2)
2026-08-09 23:12:13,708 INFO scheduler.TaskSchedulerImpl: Removed TaskSet 125.0, whose tasks have all completed, from pool default
2026-08-09 23:12:13,708 INFO executor.Executor: Finished task 0.0 in stage 122.0 (TID 456). 1532 bytes result sent to driver
2026-08-09 23:12:13,708 INFO scheduler.DAGScheduler: Got job 75 (collect at AreaUnderCurve.scala:44) with 2 output partitions
2026-08-09 23:12:13,708 INFO scheduler.DAGScheduler: Final stage: ResultStage 131 (collect at AreaUnderCurve.scala:44)
2026-08-09 23:12:13,708 INFO scheduler.TaskSetManager: Finished task 0.0 in stage 122.0 (TID 456) in 11 ms on 10.0.0.215 (executor driver) (2/2)
2026-08-09 23:12:13,708 INFO scheduler.TaskSchedulerImpl: Removed TaskSet 122.0, whose tasks have all completed, from pool default
2026-08-09 23:12:13,708 INFO scheduler.DAGScheduler: Parents of final stage: List(ShuffleMapStage 130)
2026-08-09 23:12:13,709 INFO scheduler.DAGScheduler: Missing parents: List()
2026-08-09 23:12:13,709 INFO executor.Executor: Running task 1.0 in stage 128.0 (TID 461)
2026-08-09 23:12:13,709 INFO scheduler.DAGScheduler: Submitting ResultStage 131 (MapPartitionsRDD[217] at mapPartitions at AreaUnderCurve.scala:44), which has no missing parents
2026-08-09 23:12:13,711 INFO storage.ShuffleBlockFetcherIterator: Getting 2 (702.0 B) non-empty blocks including 2 (702.0 B) local and 0 (0.0 B) host-local and 0 (0.0 B) push-merged-local and 0 (0.0 B) remote blocks
2026-08-09 23:12:13,711 INFO storage.ShuffleBlockFetcherIterator: Started 0 remote fetches in 0 ms
2026-08-09 23:12:13,711 INFO memory.MemoryStore: Block broadcast_121 stored as values in memory (estimated size 7.8 KiB, free 2.2 GiB)
2026-08-09 23:12:13,712 INFO memory.MemoryStore: Block broadcast_121_piece0 stored as bytes in memory (estimated size 3.8 KiB, free 2.2 GiB)
2026-08-09 23:12:13,712 INFO memory.MemoryStore: Block rdd_208_0 stored as values in memory (estimated size 856.0 B, free 2.2 GiB)
2026-08-09 23:12:13,712 INFO storage.BlockManagerInfo: Added rdd_208_0 in memory on 10.0.0.215:64239 (size: 856.0 B, free: 2.2 GiB)
2026-08-09 23:12:13,713 INFO storage.BlockManagerInfo: Added broadcast_121_piece0 in memory on 10.0.0.215:64239 (size: 3.8 KiB, free: 2.2 GiB)
2026-08-09 23:12:13,713 INFO spark.SparkContext: Created broadcast 121 from broadcast at DAGScheduler.scala:1513
2026-08-09 23:12:13,713 INFO scheduler.DAGScheduler: Submitting 2 missing tasks from ResultStage 131 (MapPartitionsRDD[217] at mapPartitions at AreaUnderCurve.scala:44) (first 15 tasks are for partitions Vector(0, 1))
2026-08-09 23:12:13,713 INFO scheduler.TaskSchedulerImpl: Adding task set 131.0 with 2 tasks resource profile 0
2026-08-09 23:12:13,713 INFO scheduler.FairSchedulableBuilder: Added task set TaskSet_131.0 tasks to pool default
2026-08-09 23:12:13,714 INFO scheduler.TaskSetManager: Starting task 0.0 in stage 131.0 (TID 462) (10.0.0.215, executor driver, partition 0, NODE_LOCAL, 4271 bytes) taskResourceAssignments Map()
2026-08-09 23:12:13,714 INFO executor.Executor: Finished task 0.0 in stage 128.0 (TID 460). 1532 bytes result sent to driver
2026-08-09 23:12:13,714 INFO scheduler.DAGScheduler: ResultStage 113 (collect at AreaUnderCurve.scala:44) finished in 0.039 s
2026-08-09 23:12:13,714 INFO scheduler.TaskSetManager: Starting task 1.0 in stage 131.0 (TID 463) (10.0.0.215, executor driver, partition 1, NODE_LOCAL, 4271 bytes) taskResourceAssignments Map()
2026-08-09 23:12:13,714 INFO spark.SparkContext: Starting job: collect at BinaryClassificationMetrics.scala:237
2026-08-09 23:12:13,714 INFO executor.Executor: Running task 0.0 in stage 131.0 (TID 462)
2026-08-09 23:12:13,714 INFO scheduler.TaskSetManager: Finished task 0.0 in stage 128.0 (TID 460) in 7 ms on 10.0.0.215 (executor driver) (1/2)
2026-08-09 23:12:13,714 INFO executor.Executor: Running task 1.0 in stage 131.0 (TID 463)
2026-08-09 23:12:13,714 INFO scheduler.DAGScheduler: Job 69 is finished. Cancelling potential speculative or zombie tasks for this job
2026-08-09 23:12:13,714 INFO scheduler.TaskSchedulerImpl: Killing all running tasks in stage 113: Stage finished
2026-08-09 23:12:13,714 INFO scheduler.DAGScheduler: ShuffleMapStage 109 (map at BinaryClassificationMetrics.scala:48) finished in 0.072 s
2026-08-09 23:12:13,714 INFO scheduler.DAGScheduler: looking for newly runnable stages
2026-08-09 23:12:13,714 INFO scheduler.DAGScheduler: running: Set(ResultStage 125, ResultStage 122, ResultStage 119, ResultStage 116, ResultStage 131, ResultStage 128)
2026-08-09 23:12:13,714 INFO scheduler.DAGScheduler: waiting: Set(ResultStage 110)
2026-08-09 23:12:13,714 INFO scheduler.DAGScheduler: failed: Set()
2026-08-09 23:12:13,714 INFO scheduler.DAGScheduler: Job 69 finished: collect at AreaUnderCurve.scala:44, took 0.059846 s
2026-08-09 23:12:13,715 INFO scheduler.DAGScheduler: Submitting ResultStage 110 (MapPartitionsRDD[182] at sortByKey at BinaryClassificationMetrics.scala:189), which has no missing parents
2026-08-09 23:12:13,715 INFO memory.MemoryStore: Block broadcast_122 stored as values in memory (estimated size 6.7 KiB, free 2.2 GiB)
2026-08-09 23:12:13,715 INFO memory.MemoryStore: Block broadcast_122_piece0 stored as bytes in memory (estimated size 3.4 KiB, free 2.2 GiB)
2026-08-09 23:12:13,716 INFO storage.ShuffleBlockFetcherIterator: Getting 2 (773.0 B) non-empty blocks including 2 (773.0 B) local and 0 (0.0 B) host-local and 0 (0.0 B) push-merged-local and 0 (0.0 B) remote blocks
2026-08-09 23:12:13,716 INFO storage.ShuffleBlockFetcherIterator: Started 0 remote fetches in 0 ms
2026-08-09 23:12:13,716 INFO storage.BlockManagerInfo: Added broadcast_122_piece0 in memory on 10.0.0.215:64239 (size: 3.4 KiB, free: 2.2 GiB)
2026-08-09 23:12:13,716 INFO storage.ShuffleBlockFetcherIterator: Getting 2 (773.0 B) non-empty blocks including 2 (773.0 B) local and 0 (0.0 B) host-local and 0 (0.0 B) push-merged-local and 0 (0.0 B) remote blocks
2026-08-09 23:12:13,716 INFO storage.ShuffleBlockFetcherIterator: Started 0 remote fetches in 0 ms
2026-08-09 23:12:13,716 INFO spark.SparkContext: Created broadcast 122 from broadcast at DAGScheduler.scala:1513
2026-08-09 23:12:13,716 INFO scheduler.DAGScheduler: Submitting 2 missing tasks from ResultStage 110 (MapPartitionsRDD[182] at sortByKey at BinaryClassificationMetrics.scala:189) (first 15 tasks are for partitions Vector(0, 1))
2026-08-09 23:12:13,716 INFO scheduler.TaskSchedulerImpl: Adding task set 110.0 with 2 tasks resource profile 0
2026-08-09 23:12:13,717 INFO scheduler.FairSchedulableBuilder: Added task set TaskSet_110.0 tasks to pool default
2026-08-09 23:12:13,717 INFO scheduler.TaskSetManager: Starting task 0.0 in stage 110.0 (TID 464) (10.0.0.215, executor driver, partition 0, NODE_LOCAL, 4271 bytes) taskResourceAssignments Map()
2026-08-09 23:12:13,718 INFO spark.SparkContext: Starting job: collect at BinaryClassificationMetrics.scala:237
2026-08-09 23:12:13,718 INFO memory.MemoryStore: Block rdd_211_0 stored as values in memory (estimated size 1448.0 B, free 2.2 GiB)
2026-08-09 23:12:13,718 INFO memory.MemoryStore: Block rdd_211_1 stored as values in memory (estimated size 1448.0 B, free 2.2 GiB)
2026-08-09 23:12:13,718 INFO storage.BlockManagerInfo: Added rdd_211_0 in memory on 10.0.0.215:64239 (size: 1448.0 B, free: 2.2 GiB)
2026-08-09 23:12:13,718 INFO storage.BlockManagerInfo: Added rdd_211_1 in memory on 10.0.0.215:64239 (size: 1448.0 B, free: 2.2 GiB)
2026-08-09 23:12:13,718 INFO executor.Executor: Finished task 0.0 in stage 131.0 (TID 462). 1532 bytes result sent to driver
2026-08-09 23:12:13,719 INFO scheduler.TaskSetManager: Starting task 1.0 in stage 110.0 (TID 465) (10.0.0.215, executor driver, partition 1, NODE_LOCAL, 4271 bytes) taskResourceAssignments Map()
2026-08-09 23:12:13,719 INFO scheduler.TaskSetManager: Finished task 0.0 in stage 131.0 (TID 462) in 6 ms on 10.0.0.215 (executor driver) (1/2)
2026-08-09 23:12:13,719 INFO executor.Executor: Finished task 1.0 in stage 131.0 (TID 463). 1532 bytes result sent to driver
2026-08-09 23:12:13,719 INFO executor.Executor: Running task 1.0 in stage 110.0 (TID 465)
2026-08-09 23:12:13,719 INFO scheduler.TaskSetManager: Finished task 1.0 in stage 131.0 (TID 463) in 5 ms on 10.0.0.215 (executor driver) (2/2)
2026-08-09 23:12:13,719 INFO scheduler.TaskSchedulerImpl: Removed TaskSet 131.0, whose tasks have all completed, from pool default
2026-08-09 23:12:13,720 INFO executor.Executor: Running task 0.0 in stage 110.0 (TID 464)
2026-08-09 23:12:13,720 INFO storage.ShuffleBlockFetcherIterator: Getting 1 (445.0 B) non-empty blocks including 1 (445.0 B) local and 0 (0.0 B) host-local and 0 (0.0 B) push-merged-local and 0 (0.0 B) remote blocks
2026-08-09 23:12:13,720 INFO storage.ShuffleBlockFetcherIterator: Started 0 remote fetches in 0 ms
2026-08-09 23:12:13,720 INFO spark.SparkContext: Starting job: collect at AreaUnderCurve.scala:44
2026-08-09 23:12:13,721 INFO scheduler.DAGScheduler: ResultStage 116 (collect at AreaUnderCurve.scala:44) finished in 0.041 s
2026-08-09 23:12:13,721 INFO executor.Executor: Finished task 1.0 in stage 110.0 (TID 465). 1569 bytes result sent to driver
2026-08-09 23:12:13,721 INFO scheduler.TaskSetManager: Finished task 1.0 in stage 110.0 (TID 465) in 2 ms on 10.0.0.215 (executor driver) (1/2)
2026-08-09 23:12:13,721 INFO storage.ShuffleBlockFetcherIterator: Getting 1 (593.0 B) non-empty blocks including 1 (593.0 B) local and 0 (0.0 B) host-local and 0 (0.0 B) push-merged-local and 0 (0.0 B) remote blocks
2026-08-09 23:12:13,721 INFO storage.ShuffleBlockFetcherIterator: Started 0 remote fetches in 0 ms
2026-08-09 23:12:13,721 INFO scheduler.DAGScheduler: Job 70 is finished. Cancelling potential speculative or zombie tasks for this job
2026-08-09 23:12:13,722 INFO scheduler.TaskSchedulerImpl: Killing all running tasks in stage 116: Stage finished
2026-08-09 23:12:13,722 INFO scheduler.DAGScheduler: Job 70 finished: collect at AreaUnderCurve.scala:44, took 0.067187 s
2026-08-09 23:12:13,722 INFO scheduler.DAGScheduler: ResultStage 119 (collect at AreaUnderCurve.scala:44) finished in 0.032 s
2026-08-09 23:12:13,722 INFO scheduler.DAGScheduler: Job 71 is finished. Cancelling potential speculative or zombie tasks for this job
2026-08-09 23:12:13,722 INFO scheduler.TaskSchedulerImpl: Killing all running tasks in stage 119: Stage finished
2026-08-09 23:12:13,722 INFO spark.SparkContext: Starting job: collect at AreaUnderCurve.scala:44
2026-08-09 23:12:13,722 INFO scheduler.DAGScheduler: Job 71 finished: collect at AreaUnderCurve.scala:44, took 0.057675 s
2026-08-09 23:12:13,722 INFO scheduler.DAGScheduler: ResultStage 125 (collect at AreaUnderCurve.scala:44) finished in 0.024 s
2026-08-09 23:12:13,722 INFO executor.Executor: Finished task 0.0 in stage 110.0 (TID 464). 1609 bytes result sent to driver
2026-08-09 23:12:13,722 INFO scheduler.DAGScheduler: Job 73 is finished. Cancelling potential speculative or zombie tasks for this job
2026-08-09 23:12:13,722 INFO scheduler.TaskSchedulerImpl: Killing all running tasks in stage 125: Stage finished
2026-08-09 23:12:13,722 INFO scheduler.DAGScheduler: ResultStage 122 (collect at AreaUnderCurve.scala:44) finished in 0.027 s
2026-08-09 23:12:13,723 INFO scheduler.DAGScheduler: Job 72 is finished. Cancelling potential speculative or zombie tasks for this job
2026-08-09 23:12:13,723 INFO scheduler.TaskSchedulerImpl: Killing all running tasks in stage 122: Stage finished
2026-08-09 23:12:13,723 INFO scheduler.TaskSetManager: Finished task 0.0 in stage 110.0 (TID 464) in 6 ms on 10.0.0.215 (executor driver) (2/2)
2026-08-09 23:12:13,723 INFO scheduler.TaskSchedulerImpl: Removed TaskSet 110.0, whose tasks have all completed, from pool default
2026-08-09 23:12:13,723 INFO scheduler.DAGScheduler: Job 73 finished: collect at AreaUnderCurve.scala:44, took 0.056516 s
2026-08-09 23:12:13,723 INFO scheduler.DAGScheduler: Registering RDD 168 (combineByKey at BinaryClassificationMetrics.scala:188) as input to shuffle 33
2026-08-09 23:12:13,723 INFO scheduler.DAGScheduler: Job 72 finished: collect at AreaUnderCurve.scala:44, took 0.056777 s
2026-08-09 23:12:13,723 INFO storage.ShuffleBlockFetcherIterator: Getting 2 (668.0 B) non-empty blocks including 2 (668.0 B) local and 0 (0.0 B) host-local and 0 (0.0 B) push-merged-local and 0 (0.0 B) remote blocks
2026-08-09 23:12:13,723 INFO storage.ShuffleBlockFetcherIterator: Started 0 remote fetches in 1 ms
2026-08-09 23:12:13,723 INFO scheduler.DAGScheduler: Got job 76 (collect at BinaryClassificationMetrics.scala:237) with 2 output partitions
2026-08-09 23:12:13,723 INFO scheduler.DAGScheduler: Final stage: ResultStage 134 (collect at BinaryClassificationMetrics.scala:237)
2026-08-09 23:12:13,723 INFO scheduler.DAGScheduler: Parents of final stage: List(ShuffleMapStage 133)
2026-08-09 23:12:13,723 INFO scheduler.DAGScheduler: Missing parents: List(ShuffleMapStage 133)
2026-08-09 23:12:13,723 INFO scheduler.DAGScheduler: Submitting ShuffleMapStage 133 (ShuffledRDD[168] at combineByKey at BinaryClassificationMetrics.scala:188), which has no missing parents
2026-08-09 23:12:13,724 INFO memory.MemoryStore: Block broadcast_123 stored as values in memory (estimated size 5.2 KiB, free 2.2 GiB)
2026-08-09 23:12:13,724 INFO memory.MemoryStore: Block rdd_208_1 stored as values in memory (estimated size 856.0 B, free 2.2 GiB)
2026-08-09 23:12:13,724 INFO storage.BlockManagerInfo: Added rdd_208_1 in memory on 10.0.0.215:64239 (size: 856.0 B, free: 2.2 GiB)
2026-08-09 23:12:13,724 INFO memory.MemoryStore: Block broadcast_123_piece0 stored as bytes in memory (estimated size 2.9 KiB, free 2.2 GiB)
2026-08-09 23:12:13,724 INFO storage.BlockManagerInfo: Added broadcast_123_piece0 in memory on 10.0.0.215:64239 (size: 2.9 KiB, free: 2.2 GiB)
2026-08-09 23:12:13,724 INFO spark.SparkContext: Created broadcast 123 from broadcast at DAGScheduler.scala:1513
2026-08-09 23:12:13,724 INFO scheduler.DAGScheduler: Submitting 2 missing tasks from ShuffleMapStage 133 (ShuffledRDD[168] at combineByKey at BinaryClassificationMetrics.scala:188) (first 15 tasks are for partitions Vector(0, 1))
2026-08-09 23:12:13,724 INFO scheduler.TaskSchedulerImpl: Adding task set 133.0 with 2 tasks resource profile 0
2026-08-09 23:12:13,724 INFO executor.Executor: Finished task 1.0 in stage 128.0 (TID 461). 1532 bytes result sent to driver
2026-08-09 23:12:13,724 INFO scheduler.FairSchedulableBuilder: Added task set TaskSet_133.0 tasks to pool default
2026-08-09 23:12:13,725 INFO scheduler.TaskSetManager: Starting task 0.0 in stage 133.0 (TID 466) (10.0.0.215, executor driver, partition 0, NODE_LOCAL, 4260 bytes) taskResourceAssignments Map()
2026-08-09 23:12:13,725 INFO scheduler.TaskSetManager: Starting task 1.0 in stage 133.0 (TID 467) (10.0.0.215, executor driver, partition 1, NODE_LOCAL, 4260 bytes) taskResourceAssignments Map()
2026-08-09 23:12:13,725 INFO scheduler.DAGScheduler: Registering RDD 166 (combineByKey at BinaryClassificationMetrics.scala:188) as input to shuffle 34
2026-08-09 23:12:13,725 INFO executor.Executor: Running task 1.0 in stage 133.0 (TID 467)
2026-08-09 23:12:13,725 INFO scheduler.DAGScheduler: Got job 77 (collect at BinaryClassificationMetrics.scala:237) with 2 output partitions
2026-08-09 23:12:13,725 INFO scheduler.DAGScheduler: Final stage: ResultStage 137 (collect at BinaryClassificationMetrics.scala:237)
2026-08-09 23:12:13,725 INFO scheduler.DAGScheduler: Parents of final stage: List(ShuffleMapStage 136)
2026-08-09 23:12:13,725 INFO scheduler.DAGScheduler: Missing parents: List(ShuffleMapStage 136)
2026-08-09 23:12:13,725 INFO executor.Executor: Running task 0.0 in stage 133.0 (TID 466)
2026-08-09 23:12:13,725 INFO scheduler.TaskSetManager: Finished task 1.0 in stage 128.0 (TID 461) in 18 ms on 10.0.0.215 (executor driver) (2/2)
2026-08-09 23:12:13,725 INFO scheduler.TaskSchedulerImpl: Removed TaskSet 128.0, whose tasks have all completed, from pool default
2026-08-09 23:12:13,725 INFO scheduler.DAGScheduler: Submitting ShuffleMapStage 136 (ShuffledRDD[166] at combineByKey at BinaryClassificationMetrics.scala:188), which has no missing parents
2026-08-09 23:12:13,727 INFO storage.ShuffleBlockFetcherIterator: Getting 1 (490.0 B) non-empty blocks including 1 (490.0 B) local and 0 (0.0 B) host-local and 0 (0.0 B) push-merged-local and 0 (0.0 B) remote blocks
2026-08-09 23:12:13,727 INFO storage.ShuffleBlockFetcherIterator: Getting 1 (593.0 B) non-empty blocks including 1 (593.0 B) local and 0 (0.0 B) host-local and 0 (0.0 B) push-merged-local and 0 (0.0 B) remote blocks
2026-08-09 23:12:13,727 INFO storage.ShuffleBlockFetcherIterator: Started 0 remote fetches in 0 ms
2026-08-09 23:12:13,727 INFO storage.ShuffleBlockFetcherIterator: Started 0 remote fetches in 0 ms
2026-08-09 23:12:13,727 INFO memory.MemoryStore: Block broadcast_124 stored as values in memory (estimated size 5.2 KiB, free 2.2 GiB)
2026-08-09 23:12:13,727 INFO memory.MemoryStore: Block broadcast_124_piece0 stored as bytes in memory (estimated size 2.9 KiB, free 2.2 GiB)
2026-08-09 23:12:13,727 INFO storage.BlockManagerInfo: Added broadcast_124_piece0 in memory on 10.0.0.215:64239 (size: 2.9 KiB, free: 2.2 GiB)
2026-08-09 23:12:13,727 INFO spark.SparkContext: Created broadcast 124 from broadcast at DAGScheduler.scala:1513
2026-08-09 23:12:13,728 INFO scheduler.DAGScheduler: Submitting 2 missing tasks from ShuffleMapStage 136 (ShuffledRDD[166] at combineByKey at BinaryClassificationMetrics.scala:188) (first 15 tasks are for partitions Vector(0, 1))
2026-08-09 23:12:13,728 INFO scheduler.TaskSchedulerImpl: Adding task set 136.0 with 2 tasks resource profile 0
2026-08-09 23:12:13,728 INFO scheduler.FairSchedulableBuilder: Added task set TaskSet_136.0 tasks to pool default
2026-08-09 23:12:13,728 INFO scheduler.TaskSetManager: Starting task 0.0 in stage 136.0 (TID 468) (10.0.0.215, executor driver, partition 0, NODE_LOCAL, 4260 bytes) taskResourceAssignments Map()
2026-08-09 23:12:13,728 INFO scheduler.TaskSetManager: Starting task 1.0 in stage 136.0 (TID 469) (10.0.0.215, executor driver, partition 1, NODE_LOCAL, 4260 bytes) taskResourceAssignments Map()
2026-08-09 23:12:13,728 INFO executor.Executor: Running task 1.0 in stage 136.0 (TID 469)
2026-08-09 23:12:13,728 INFO executor.Executor: Running task 0.0 in stage 136.0 (TID 468)
2026-08-09 23:12:13,728 INFO scheduler.DAGScheduler: ResultStage 131 (collect at AreaUnderCurve.scala:44) finished in 0.018 s
2026-08-09 23:12:13,729 INFO scheduler.DAGScheduler: Job 75 is finished. Cancelling potential speculative or zombie tasks for this job
2026-08-09 23:12:13,729 INFO scheduler.TaskSchedulerImpl: Killing all running tasks in stage 131: Stage finished
2026-08-09 23:12:13,729 INFO scheduler.DAGScheduler: Job 75 finished: collect at AreaUnderCurve.scala:44, took 0.035051 s
2026-08-09 23:12:13,729 INFO executor.Executor: Finished task 0.0 in stage 133.0 (TID 466). 1426 bytes result sent to driver
2026-08-09 23:12:13,729 INFO scheduler.DAGScheduler: Got job 78 (collect at AreaUnderCurve.scala:44) with 2 output partitions
2026-08-09 23:12:13,729 INFO scheduler.DAGScheduler: Final stage: ResultStage 140 (collect at AreaUnderCurve.scala:44)
2026-08-09 23:12:13,729 INFO scheduler.DAGScheduler: Parents of final stage: List(ShuffleMapStage 139)
2026-08-09 23:12:13,729 INFO scheduler.TaskSetManager: Finished task 0.0 in stage 133.0 (TID 466) in 4 ms on 10.0.0.215 (executor driver) (1/2)
2026-08-09 23:12:13,729 INFO scheduler.DAGScheduler: Missing parents: List()
2026-08-09 23:12:13,729 INFO executor.Executor: Finished task 1.0 in stage 133.0 (TID 467). 1426 bytes result sent to driver
2026-08-09 23:12:13,730 INFO scheduler.DAGScheduler: Submitting ResultStage 140 (MapPartitionsRDD[231] at mapPartitions at AreaUnderCurve.scala:44), which has no missing parents
2026-08-09 23:12:13,730 INFO storage.ShuffleBlockFetcherIterator: Getting 1 (334.0 B) non-empty blocks including 1 (334.0 B) local and 0 (0.0 B) host-local and 0 (0.0 B) push-merged-local and 0 (0.0 B) remote blocks
2026-08-09 23:12:13,730 INFO storage.ShuffleBlockFetcherIterator: Started 0 remote fetches in 0 ms
2026-08-09 23:12:13,730 INFO scheduler.TaskSetManager: Finished task 1.0 in stage 133.0 (TID 467) in 5 ms on 10.0.0.215 (executor driver) (2/2)
2026-08-09 23:12:13,730 INFO scheduler.TaskSchedulerImpl: Removed TaskSet 133.0, whose tasks have all completed, from pool default
2026-08-09 23:12:13,730 INFO storage.ShuffleBlockFetcherIterator: Getting 1 (368.0 B) non-empty blocks including 1 (368.0 B) local and 0 (0.0 B) host-local and 0 (0.0 B) push-merged-local and 0 (0.0 B) remote blocks
2026-08-09 23:12:13,730 INFO storage.ShuffleBlockFetcherIterator: Started 0 remote fetches in 0 ms
2026-08-09 23:12:13,731 INFO memory.MemoryStore: Block broadcast_125 stored as values in memory (estimated size 7.8 KiB, free 2.2 GiB)
2026-08-09 23:12:13,731 INFO memory.MemoryStore: Block broadcast_125_piece0 stored as bytes in memory (estimated size 3.8 KiB, free 2.2 GiB)
2026-08-09 23:12:13,731 INFO storage.BlockManagerInfo: Added broadcast_125_piece0 in memory on 10.0.0.215:64239 (size: 3.8 KiB, free: 2.2 GiB)
2026-08-09 23:12:13,731 INFO spark.SparkContext: Created broadcast 125 from broadcast at DAGScheduler.scala:1513
2026-08-09 23:12:13,731 INFO scheduler.DAGScheduler: Submitting 2 missing tasks from ResultStage 140 (MapPartitionsRDD[231] at mapPartitions at AreaUnderCurve.scala:44) (first 15 tasks are for partitions Vector(0, 1))
2026-08-09 23:12:13,731 INFO scheduler.TaskSchedulerImpl: Adding task set 140.0 with 2 tasks resource profile 0
2026-08-09 23:12:13,731 INFO executor.Executor: Finished task 1.0 in stage 136.0 (TID 469). 1426 bytes result sent to driver
2026-08-09 23:12:13,732 INFO scheduler.FairSchedulableBuilder: Added task set TaskSet_140.0 tasks to pool default
2026-08-09 23:12:13,732 INFO scheduler.TaskSetManager: Starting task 0.0 in stage 140.0 (TID 470) (10.0.0.215, executor driver, partition 0, NODE_LOCAL, 4271 bytes) taskResourceAssignments Map()
2026-08-09 23:12:13,732 INFO scheduler.DAGScheduler: Got job 79 (collect at AreaUnderCurve.scala:44) with 2 output partitions
2026-08-09 23:12:13,732 INFO scheduler.DAGScheduler: Final stage: ResultStage 143 (collect at AreaUnderCurve.scala:44)
2026-08-09 23:12:13,732 INFO scheduler.TaskSetManager: Starting task 1.0 in stage 140.0 (TID 471) (10.0.0.215, executor driver, partition 1, NODE_LOCAL, 4271 bytes) taskResourceAssignments Map()
2026-08-09 23:12:13,732 INFO scheduler.DAGScheduler: Parents of final stage: List(ShuffleMapStage 142)
2026-08-09 23:12:13,732 INFO executor.Executor: Finished task 0.0 in stage 136.0 (TID 468). 1426 bytes result sent to driver
2026-08-09 23:12:13,732 INFO executor.Executor: Running task 0.0 in stage 140.0 (TID 470)
2026-08-09 23:12:13,732 INFO scheduler.TaskSetManager: Finished task 1.0 in stage 136.0 (TID 469) in 4 ms on 10.0.0.215 (executor driver) (1/2)
2026-08-09 23:12:13,732 INFO executor.Executor: Running task 1.0 in stage 140.0 (TID 471)
2026-08-09 23:12:13,732 INFO scheduler.DAGScheduler: Missing parents: List()
2026-08-09 23:12:13,732 INFO scheduler.DAGScheduler: Submitting ResultStage 143 (MapPartitionsRDD[233] at mapPartitions at AreaUnderCurve.scala:44), which has no missing parents
2026-08-09 23:12:13,732 INFO scheduler.TaskSetManager: Finished task 0.0 in stage 136.0 (TID 468) in 4 ms on 10.0.0.215 (executor driver) (2/2)
2026-08-09 23:12:13,732 INFO scheduler.TaskSchedulerImpl: Removed TaskSet 136.0, whose tasks have all completed, from pool default
2026-08-09 23:12:13,733 INFO memory.MemoryStore: Block broadcast_126 stored as values in memory (estimated size 7.8 KiB, free 2.2 GiB)
2026-08-09 23:12:13,733 INFO memory.MemoryStore: Block broadcast_126_piece0 stored as bytes in memory (estimated size 3.8 KiB, free 2.2 GiB)
2026-08-09 23:12:13,733 INFO storage.BlockManagerInfo: Added broadcast_126_piece0 in memory on 10.0.0.215:64239 (size: 3.8 KiB, free: 2.2 GiB)
2026-08-09 23:12:13,733 INFO spark.SparkContext: Created broadcast 126 from broadcast at DAGScheduler.scala:1513
2026-08-09 23:12:13,734 INFO scheduler.DAGScheduler: Submitting 2 missing tasks from ResultStage 143 (MapPartitionsRDD[233] at mapPartitions at AreaUnderCurve.scala:44) (first 15 tasks are for partitions Vector(0, 1))
2026-08-09 23:12:13,734 INFO scheduler.TaskSchedulerImpl: Adding task set 143.0 with 2 tasks resource profile 0
2026-08-09 23:12:13,734 INFO storage.ShuffleBlockFetcherIterator: Getting 2 (702.0 B) non-empty blocks including 2 (702.0 B) local and 0 (0.0 B) host-local and 0 (0.0 B) push-merged-local and 0 (0.0 B) remote blocks
2026-08-09 23:12:13,734 INFO storage.ShuffleBlockFetcherIterator: Started 0 remote fetches in 0 ms
2026-08-09 23:12:13,734 INFO scheduler.FairSchedulableBuilder: Added task set TaskSet_143.0 tasks to pool default
2026-08-09 23:12:13,734 INFO scheduler.DAGScheduler: ResultStage 110 (sortByKey at BinaryClassificationMetrics.scala:189) finished in 0.019 s
2026-08-09 23:12:13,734 INFO scheduler.DAGScheduler: Job 68 is finished. Cancelling potential speculative or zombie tasks for this job
2026-08-09 23:12:13,734 INFO scheduler.TaskSetManager: Starting task 0.0 in stage 143.0 (TID 472) (10.0.0.215, executor driver, partition 0, NODE_LOCAL, 4271 bytes) taskResourceAssignments Map()
2026-08-09 23:12:13,734 INFO scheduler.TaskSetManager: Starting task 1.0 in stage 143.0 (TID 473) (10.0.0.215, executor driver, partition 1, NODE_LOCAL, 4271 bytes) taskResourceAssignments Map()
2026-08-09 23:12:13,734 INFO scheduler.TaskSchedulerImpl: Killing all running tasks in stage 110: Stage finished
2026-08-09 23:12:13,734 INFO storage.ShuffleBlockFetcherIterator: Getting 2 (702.0 B) non-empty blocks including 2 (702.0 B) local and 0 (0.0 B) host-local and 0 (0.0 B) push-merged-local and 0 (0.0 B) remote blocks
2026-08-09 23:12:13,734 INFO storage.ShuffleBlockFetcherIterator: Started 0 remote fetches in 0 ms
2026-08-09 23:12:13,734 INFO executor.Executor: Running task 0.0 in stage 143.0 (TID 472)
2026-08-09 23:12:13,734 INFO executor.Executor: Running task 1.0 in stage 143.0 (TID 473)
2026-08-09 23:12:13,734 INFO scheduler.DAGScheduler: ResultStage 128 (collect at AreaUnderCurve.scala:44) finished in 0.029 s
2026-08-09 23:12:13,734 INFO scheduler.DAGScheduler: Job 68 finished: sortByKey at BinaryClassificationMetrics.scala:189, took 0.111891 s
2026-08-09 23:12:13,734 INFO memory.MemoryStore: Block rdd_221_0 stored as values in memory (estimated size 856.0 B, free 2.2 GiB)
2026-08-09 23:12:13,734 INFO storage.BlockManagerInfo: Added rdd_221_0 in memory on 10.0.0.215:64239 (size: 856.0 B, free: 2.2 GiB)
2026-08-09 23:12:13,734 INFO scheduler.DAGScheduler: Job 74 is finished. Cancelling potential speculative or zombie tasks for this job
2026-08-09 23:12:13,735 INFO scheduler.TaskSchedulerImpl: Killing all running tasks in stage 128: Stage finished
2026-08-09 23:12:13,735 INFO scheduler.DAGScheduler: Job 74 finished: collect at AreaUnderCurve.scala:44, took 0.052602 s
2026-08-09 23:12:13,735 INFO memory.MemoryStore: Block rdd_221_1 stored as values in memory (estimated size 944.0 B, free 2.2 GiB)
2026-08-09 23:12:13,735 INFO scheduler.DAGScheduler: ShuffleMapStage 133 (combineByKey at BinaryClassificationMetrics.scala:188) finished in 0.012 s
2026-08-09 23:12:13,735 INFO scheduler.DAGScheduler: looking for newly runnable stages
2026-08-09 23:12:13,735 INFO scheduler.DAGScheduler: running: Set(ResultStage 143, ShuffleMapStage 136, ResultStage 140)
2026-08-09 23:12:13,735 INFO scheduler.DAGScheduler: waiting: Set(ResultStage 137, ResultStage 134)
2026-08-09 23:12:13,735 INFO scheduler.DAGScheduler: failed: Set()
2026-08-09 23:12:13,735 INFO storage.BlockManagerInfo: Added rdd_221_1 in memory on 10.0.0.215:64239 (size: 944.0 B, free: 2.2 GiB)
2026-08-09 23:12:13,735 INFO scheduler.DAGScheduler: Submitting ResultStage 134 (MapPartitionsRDD[228] at mapPartitions at BinaryClassificationMetrics.scala:237), which has no missing parents
2026-08-09 23:12:13,736 INFO memory.MemoryStore: Block broadcast_127 stored as values in memory (estimated size 6.2 KiB, free 2.2 GiB)
2026-08-09 23:12:13,736 INFO executor.Executor: Finished task 0.0 in stage 140.0 (TID 470). 1489 bytes result sent to driver
2026-08-09 23:12:13,736 INFO storage.ShuffleBlockFetcherIterator: Getting 2 (608.0 B) non-empty blocks including 2 (608.0 B) local and 0 (0.0 B) host-local and 0 (0.0 B) push-merged-local and 0 (0.0 B) remote blocks
2026-08-09 23:12:13,736 INFO storage.ShuffleBlockFetcherIterator: Started 0 remote fetches in 0 ms
2026-08-09 23:12:13,736 INFO memory.MemoryStore: Block broadcast_127_piece0 stored as bytes in memory (estimated size 3.4 KiB, free 2.2 GiB)
2026-08-09 23:12:13,736 INFO storage.ShuffleBlockFetcherIterator: Getting 2 (580.0 B) non-empty blocks including 2 (580.0 B) local and 0 (0.0 B) host-local and 0 (0.0 B) push-merged-local and 0 (0.0 B) remote blocks
2026-08-09 23:12:13,736 INFO executor.Executor: Finished task 1.0 in stage 140.0 (TID 471). 1532 bytes result sent to driver
2026-08-09 23:12:13,736 INFO storage.ShuffleBlockFetcherIterator: Started 0 remote fetches in 0 ms
2026-08-09 23:12:13,736 INFO storage.BlockManagerInfo: Added broadcast_127_piece0 in memory on 10.0.0.215:64239 (size: 3.4 KiB, free: 2.2 GiB)
2026-08-09 23:12:13,736 INFO scheduler.TaskSetManager: Finished task 0.0 in stage 140.0 (TID 470) in 4 ms on 10.0.0.215 (executor driver) (1/2)
2026-08-09 23:12:13,736 INFO memory.MemoryStore: Block rdd_219_1 stored as values in memory (estimated size 520.0 B, free 2.2 GiB)
2026-08-09 23:12:13,736 INFO scheduler.TaskSetManager: Finished task 1.0 in stage 140.0 (TID 471) in 4 ms on 10.0.0.215 (executor driver) (2/2)
2026-08-09 23:12:13,736 INFO storage.BlockManagerInfo: Added rdd_219_1 in memory on 10.0.0.215:64239 (size: 520.0 B, free: 2.2 GiB)
2026-08-09 23:12:13,736 INFO scheduler.TaskSchedulerImpl: Removed TaskSet 140.0, whose tasks have all completed, from pool default
2026-08-09 23:12:13,737 INFO spark.SparkContext: Created broadcast 127 from broadcast at DAGScheduler.scala:1513
2026-08-09 23:12:13,737 INFO executor.Executor: Finished task 1.0 in stage 143.0 (TID 473). 1489 bytes result sent to driver
2026-08-09 23:12:13,737 INFO scheduler.TaskSetManager: Finished task 1.0 in stage 143.0 (TID 473) in 3 ms on 10.0.0.215 (executor driver) (1/2)
2026-08-09 23:12:13,737 INFO memory.MemoryStore: Block rdd_219_0 stored as values in memory (estimated size 440.0 B, free 2.2 GiB)
2026-08-09 23:12:13,737 INFO scheduler.DAGScheduler: Submitting 2 missing tasks from ResultStage 134 (MapPartitionsRDD[228] at mapPartitions at BinaryClassificationMetrics.scala:237) (first 15 tasks are for partitions Vector(0, 1))
2026-08-09 23:12:13,737 INFO scheduler.TaskSchedulerImpl: Adding task set 134.0 with 2 tasks resource profile 0
2026-08-09 23:12:13,737 INFO storage.BlockManagerInfo: Added rdd_219_0 in memory on 10.0.0.215:64239 (size: 440.0 B, free: 2.2 GiB)
2026-08-09 23:12:13,737 INFO scheduler.FairSchedulableBuilder: Added task set TaskSet_134.0 tasks to pool default
2026-08-09 23:12:13,738 INFO scheduler.TaskSetManager: Starting task 0.0 in stage 134.0 (TID 474) (10.0.0.215, executor driver, partition 0, NODE_LOCAL, 4271 bytes) taskResourceAssignments Map()
2026-08-09 23:12:13,738 INFO scheduler.DAGScheduler: ShuffleMapStage 136 (combineByKey at BinaryClassificationMetrics.scala:188) finished in 0.012 s
2026-08-09 23:12:13,738 INFO scheduler.DAGScheduler: looking for newly runnable stages
2026-08-09 23:12:13,738 INFO scheduler.DAGScheduler: running: Set(ResultStage 143, ResultStage 140, ResultStage 134)
2026-08-09 23:12:13,738 INFO scheduler.DAGScheduler: waiting: Set(ResultStage 137)
2026-08-09 23:12:13,738 INFO scheduler.DAGScheduler: failed: Set()
2026-08-09 23:12:13,738 INFO executor.Executor: Finished task 0.0 in stage 143.0 (TID 472). 1489 bytes result sent to driver
2026-08-09 23:12:13,738 INFO scheduler.TaskSetManager: Starting task 1.0 in stage 134.0 (TID 475) (10.0.0.215, executor driver, partition 1, NODE_LOCAL, 4271 bytes) taskResourceAssignments Map()
2026-08-09 23:12:13,738 INFO scheduler.DAGScheduler: Submitting ResultStage 137 (MapPartitionsRDD[230] at mapPartitions at BinaryClassificationMetrics.scala:237), which has no missing parents
2026-08-09 23:12:13,738 INFO executor.Executor: Running task 0.0 in stage 134.0 (TID 474)
2026-08-09 23:12:13,738 INFO executor.Executor: Running task 1.0 in stage 134.0 (TID 475)
2026-08-09 23:12:13,738 INFO scheduler.TaskSetManager: Finished task 0.0 in stage 143.0 (TID 472) in 4 ms on 10.0.0.215 (executor driver) (2/2)
2026-08-09 23:12:13,738 INFO scheduler.TaskSchedulerImpl: Removed TaskSet 143.0, whose tasks have all completed, from pool default
2026-08-09 23:12:13,739 INFO memory.MemoryStore: Block broadcast_128 stored as values in memory (estimated size 6.2 KiB, free 2.2 GiB)
2026-08-09 23:12:13,739 INFO storage.ShuffleBlockFetcherIterator: Getting 2 (813.0 B) non-empty blocks including 2 (813.0 B) local and 0 (0.0 B) host-local and 0 (0.0 B) push-merged-local and 0 (0.0 B) remote blocks
2026-08-09 23:12:13,739 INFO storage.ShuffleBlockFetcherIterator: Started 0 remote fetches in 0 ms
2026-08-09 23:12:13,740 INFO memory.MemoryStore: Block broadcast_128_piece0 stored as bytes in memory (estimated size 3.4 KiB, free 2.2 GiB)
2026-08-09 23:12:13,740 INFO storage.BlockManagerInfo: Added broadcast_128_piece0 in memory on 10.0.0.215:64239 (size: 3.4 KiB, free: 2.2 GiB)
2026-08-09 23:12:13,740 INFO spark.SparkContext: Created broadcast 128 from broadcast at DAGScheduler.scala:1513
2026-08-09 23:12:13,740 INFO storage.ShuffleBlockFetcherIterator: Getting 2 (773.0 B) non-empty blocks including 2 (773.0 B) local and 0 (0.0 B) host-local and 0 (0.0 B) push-merged-local and 0 (0.0 B) remote blocks
2026-08-09 23:12:13,740 INFO executor.Executor: Finished task 0.0 in stage 134.0 (TID 474). 1413 bytes result sent to driver
2026-08-09 23:12:13,741 INFO storage.ShuffleBlockFetcherIterator: Started 0 remote fetches in 0 ms
2026-08-09 23:12:13,741 INFO scheduler.DAGScheduler: Submitting 2 missing tasks from ResultStage 137 (MapPartitionsRDD[230] at mapPartitions at BinaryClassificationMetrics.scala:237) (first 15 tasks are for partitions Vector(0, 1))
2026-08-09 23:12:13,741 INFO scheduler.TaskSchedulerImpl: Adding task set 137.0 with 2 tasks resource profile 0
2026-08-09 23:12:13,741 INFO scheduler.FairSchedulableBuilder: Added task set TaskSet_137.0 tasks to pool default
2026-08-09 23:12:13,741 INFO scheduler.TaskSetManager: Starting task 0.0 in stage 137.0 (TID 476) (10.0.0.215, executor driver, partition 0, NODE_LOCAL, 4271 bytes) taskResourceAssignments Map()
2026-08-09 23:12:13,741 INFO scheduler.DAGScheduler: ResultStage 140 (collect at AreaUnderCurve.scala:44) finished in 0.011 s
2026-08-09 23:12:13,741 INFO scheduler.TaskSetManager: Starting task 1.0 in stage 137.0 (TID 477) (10.0.0.215, executor driver, partition 1, NODE_LOCAL, 4271 bytes) taskResourceAssignments Map()
2026-08-09 23:12:13,741 INFO executor.Executor: Finished task 1.0 in stage 134.0 (TID 475). 1456 bytes result sent to driver
2026-08-09 23:12:13,741 INFO scheduler.DAGScheduler: Job 78 is finished. Cancelling potential speculative or zombie tasks for this job
2026-08-09 23:12:13,741 INFO scheduler.TaskSetManager: Finished task 0.0 in stage 134.0 (TID 474) in 3 ms on 10.0.0.215 (executor driver) (1/2)
2026-08-09 23:12:13,741 INFO executor.Executor: Running task 1.0 in stage 137.0 (TID 477)
2026-08-09 23:12:13,741 INFO scheduler.TaskSchedulerImpl: Killing all running tasks in stage 140: Stage finished
2026-08-09 23:12:13,741 INFO executor.Executor: Running task 0.0 in stage 137.0 (TID 476)
2026-08-09 23:12:13,742 INFO scheduler.DAGScheduler: Job 78 finished: collect at AreaUnderCurve.scala:44, took 0.021302 s
2026-08-09 23:12:13,742 INFO scheduler.TaskSetManager: Finished task 1.0 in stage 134.0 (TID 475) in 4 ms on 10.0.0.215 (executor driver) (2/2)
2026-08-09 23:12:13,742 INFO scheduler.TaskSchedulerImpl: Removed TaskSet 134.0, whose tasks have all completed, from pool default
2026-08-09 23:12:13,742 INFO scheduler.DAGScheduler: ResultStage 143 (collect at AreaUnderCurve.scala:44) finished in 0.009 s
2026-08-09 23:12:13,743 INFO scheduler.DAGScheduler: Job 79 is finished. Cancelling potential speculative or zombie tasks for this job
2026-08-09 23:12:13,743 INFO scheduler.TaskSchedulerImpl: Killing all running tasks in stage 143: Stage finished
2026-08-09 23:12:13,743 INFO storage.ShuffleBlockFetcherIterator: Getting 2 (580.0 B) non-empty blocks including 2 (580.0 B) local and 0 (0.0 B) host-local and 0 (0.0 B) push-merged-local and 0 (0.0 B) remote blocks
2026-08-09 23:12:13,743 INFO storage.ShuffleBlockFetcherIterator: Started 0 remote fetches in 0 ms
2026-08-09 23:12:13,743 INFO scheduler.DAGScheduler: Job 79 finished: collect at AreaUnderCurve.scala:44, took 0.020815 s
2026-08-09 23:12:13,743 INFO storage.ShuffleBlockFetcherIterator: Getting 2 (608.0 B) non-empty blocks including 2 (608.0 B) local and 0 (0.0 B) host-local and 0 (0.0 B) push-merged-local and 0 (0.0 B) remote blocks
2026-08-09 23:12:13,743 INFO storage.ShuffleBlockFetcherIterator: Started 0 remote fetches in 0 ms
2026-08-09 23:12:13,743 INFO scheduler.DAGScheduler: ResultStage 134 (collect at BinaryClassificationMetrics.scala:237) finished in 0.008 s
2026-08-09 23:12:13,743 INFO scheduler.DAGScheduler: Job 76 is finished. Cancelling potential speculative or zombie tasks for this job
2026-08-09 23:12:13,743 INFO scheduler.TaskSchedulerImpl: Killing all running tasks in stage 134: Stage finished
2026-08-09 23:12:13,743 INFO scheduler.DAGScheduler: Job 76 finished: collect at BinaryClassificationMetrics.scala:237, took 0.029402 s
2026-08-09 23:12:13,744 INFO evaluation.BinaryClassificationMetrics: Total counts: {numPos: 525.0, numNeg: 475.0}
2026-08-09 23:12:13,744 INFO spark.SparkContext: Starting job: collect at BinaryClassificationMetrics.scala:237
2026-08-09 23:12:13,744 INFO executor.Executor: Finished task 1.0 in stage 137.0 (TID 477). 1413 bytes result sent to driver
2026-08-09 23:12:13,744 INFO scheduler.DAGScheduler: Registering RDD 180 (combineByKey at BinaryClassificationMetrics.scala:188) as input to shuffle 35
2026-08-09 23:12:13,744 INFO scheduler.DAGScheduler: Got job 80 (collect at BinaryClassificationMetrics.scala:237) with 2 output partitions
2026-08-09 23:12:13,744 INFO scheduler.DAGScheduler: Final stage: ResultStage 146 (collect at BinaryClassificationMetrics.scala:237)
2026-08-09 23:12:13,744 INFO scheduler.DAGScheduler: Parents of final stage: List(ShuffleMapStage 145)
2026-08-09 23:12:13,744 INFO scheduler.DAGScheduler: Missing parents: List(ShuffleMapStage 145)
2026-08-09 23:12:13,744 INFO scheduler.DAGScheduler: Submitting ShuffleMapStage 145 (ShuffledRDD[180] at combineByKey at BinaryClassificationMetrics.scala:188), which has no missing parents
2026-08-09 23:12:13,744 INFO executor.Executor: Finished task 0.0 in stage 137.0 (TID 476). 1413 bytes result sent to driver
2026-08-09 23:12:13,744 INFO scheduler.TaskSetManager: Finished task 1.0 in stage 137.0 (TID 477) in 3 ms on 10.0.0.215 (executor driver) (1/2)
2026-08-09 23:12:13,745 INFO scheduler.TaskSetManager: Finished task 0.0 in stage 137.0 (TID 476) in 3 ms on 10.0.0.215 (executor driver) (2/2)
2026-08-09 23:12:13,745 INFO scheduler.TaskSchedulerImpl: Removed TaskSet 137.0, whose tasks have all completed, from pool default
2026-08-09 23:12:13,745 INFO memory.MemoryStore: Block broadcast_129 stored as values in memory (estimated size 5.2 KiB, free 2.2 GiB)
2026-08-09 23:12:13,745 INFO memory.MemoryStore: Block broadcast_129_piece0 stored as bytes in memory (estimated size 2.9 KiB, free 2.2 GiB)
2026-08-09 23:12:13,745 INFO storage.BlockManagerInfo: Added broadcast_129_piece0 in memory on 10.0.0.215:64239 (size: 2.9 KiB, free: 2.2 GiB)
2026-08-09 23:12:13,745 INFO spark.SparkContext: Created broadcast 129 from broadcast at DAGScheduler.scala:1513
2026-08-09 23:12:13,745 INFO scheduler.DAGScheduler: Submitting 2 missing tasks from ShuffleMapStage 145 (ShuffledRDD[180] at combineByKey at BinaryClassificationMetrics.scala:188) (first 15 tasks are for partitions Vector(0, 1))
2026-08-09 23:12:13,745 INFO scheduler.TaskSchedulerImpl: Adding task set 145.0 with 2 tasks resource profile 0
2026-08-09 23:12:13,746 INFO scheduler.FairSchedulableBuilder: Added task set TaskSet_145.0 tasks to pool default
2026-08-09 23:12:13,746 INFO scheduler.TaskSetManager: Starting task 0.0 in stage 145.0 (TID 478) (10.0.0.215, executor driver, partition 0, NODE_LOCAL, 4260 bytes) taskResourceAssignments Map()
2026-08-09 23:12:13,746 INFO scheduler.DAGScheduler: ResultStage 137 (collect at BinaryClassificationMetrics.scala:237) finished in 0.007 s
2026-08-09 23:12:13,746 INFO scheduler.TaskSetManager: Starting task 1.0 in stage 145.0 (TID 479) (10.0.0.215, executor driver, partition 1, NODE_LOCAL, 4260 bytes) taskResourceAssignments Map()
2026-08-09 23:12:13,746 INFO scheduler.DAGScheduler: Job 77 is finished. Cancelling potential speculative or zombie tasks for this job
2026-08-09 23:12:13,746 INFO scheduler.TaskSchedulerImpl: Killing all running tasks in stage 137: Stage finished
2026-08-09 23:12:13,746 INFO executor.Executor: Running task 0.0 in stage 145.0 (TID 478)
2026-08-09 23:12:13,746 INFO executor.Executor: Running task 1.0 in stage 145.0 (TID 479)
2026-08-09 23:12:13,746 INFO scheduler.DAGScheduler: Job 77 finished: collect at BinaryClassificationMetrics.scala:237, took 0.028442 s
2026-08-09 23:12:13,747 INFO storage.ShuffleBlockFetcherIterator: Getting 1 (445.0 B) non-empty blocks including 1 (445.0 B) local and 0 (0.0 B) host-local and 0 (0.0 B) push-merged-local and 0 (0.0 B) remote blocks
2026-08-09 23:12:13,747 INFO storage.ShuffleBlockFetcherIterator: Started 0 remote fetches in 0 ms
2026-08-09 23:12:13,747 INFO evaluation.BinaryClassificationMetrics: Total counts: {numPos: 525.0, numNeg: 475.0}
2026-08-09 23:12:13,749 INFO storage.ShuffleBlockFetcherIterator: Getting 1 (593.0 B) non-empty blocks including 1 (593.0 B) local and 0 (0.0 B) host-local and 0 (0.0 B) push-merged-local and 0 (0.0 B) remote blocks
2026-08-09 23:12:13,749 INFO storage.ShuffleBlockFetcherIterator: Started 0 remote fetches in 0 ms
2026-08-09 23:12:13,749 INFO executor.Executor: Finished task 1.0 in stage 145.0 (TID 479). 1426 bytes result sent to driver
2026-08-09 23:12:13,750 INFO scheduler.TaskSetManager: Finished task 1.0 in stage 145.0 (TID 479) in 4 ms on 10.0.0.215 (executor driver) (1/2)
2026-08-09 23:12:13,751 INFO executor.Executor: Finished task 0.0 in stage 145.0 (TID 478). 1469 bytes result sent to driver
2026-08-09 23:12:13,751 INFO scheduler.TaskSetManager: Finished task 0.0 in stage 145.0 (TID 478) in 5 ms on 10.0.0.215 (executor driver) (2/2)
2026-08-09 23:12:13,751 INFO scheduler.TaskSchedulerImpl: Removed TaskSet 145.0, whose tasks have all completed, from pool default
2026-08-09 23:12:13,751 INFO scheduler.DAGScheduler: ShuffleMapStage 145 (combineByKey at BinaryClassificationMetrics.scala:188) finished in 0.007 s
2026-08-09 23:12:13,751 INFO scheduler.DAGScheduler: looking for newly runnable stages
2026-08-09 23:12:13,751 INFO scheduler.DAGScheduler: running: Set()
2026-08-09 23:12:13,751 INFO scheduler.DAGScheduler: waiting: Set(ResultStage 146)
2026-08-09 23:12:13,751 INFO scheduler.DAGScheduler: failed: Set()
2026-08-09 23:12:13,751 INFO scheduler.DAGScheduler: Submitting ResultStage 146 (MapPartitionsRDD[236] at mapPartitions at BinaryClassificationMetrics.scala:237), which has no missing parents
2026-08-09 23:12:13,752 INFO memory.MemoryStore: Block broadcast_130 stored as values in memory (estimated size 6.2 KiB, free 2.2 GiB)
2026-08-09 23:12:13,752 INFO memory.MemoryStore: Block broadcast_130_piece0 stored as bytes in memory (estimated size 3.4 KiB, free 2.2 GiB)
2026-08-09 23:12:13,752 INFO storage.BlockManagerInfo: Added broadcast_130_piece0 in memory on 10.0.0.215:64239 (size: 3.4 KiB, free: 2.2 GiB)
2026-08-09 23:12:13,752 INFO spark.SparkContext: Created broadcast 130 from broadcast at DAGScheduler.scala:1513
2026-08-09 23:12:13,752 INFO scheduler.DAGScheduler: Submitting 2 missing tasks from ResultStage 146 (MapPartitionsRDD[236] at mapPartitions at BinaryClassificationMetrics.scala:237) (first 15 tasks are for partitions Vector(0, 1))
2026-08-09 23:12:13,752 INFO scheduler.TaskSchedulerImpl: Adding task set 146.0 with 2 tasks resource profile 0
2026-08-09 23:12:13,753 INFO scheduler.FairSchedulableBuilder: Added task set TaskSet_146.0 tasks to pool default
2026-08-09 23:12:13,753 INFO spark.SparkContext: Starting job: collect at AreaUnderCurve.scala:44
2026-08-09 23:12:13,753 INFO scheduler.TaskSetManager: Starting task 0.0 in stage 146.0 (TID 480) (10.0.0.215, executor driver, partition 0, NODE_LOCAL, 4271 bytes) taskResourceAssignments Map()
2026-08-09 23:12:13,753 INFO scheduler.TaskSetManager: Starting task 1.0 in stage 146.0 (TID 481) (10.0.0.215, executor driver, partition 1, NODE_LOCAL, 4271 bytes) taskResourceAssignments Map()
2026-08-09 23:12:13,753 INFO executor.Executor: Running task 1.0 in stage 146.0 (TID 481)
2026-08-09 23:12:13,753 INFO executor.Executor: Running task 0.0 in stage 146.0 (TID 480)
2026-08-09 23:12:13,753 INFO scheduler.DAGScheduler: Got job 81 (collect at AreaUnderCurve.scala:44) with 2 output partitions
2026-08-09 23:12:13,753 INFO scheduler.DAGScheduler: Final stage: ResultStage 149 (collect at AreaUnderCurve.scala:44)
2026-08-09 23:12:13,753 INFO scheduler.DAGScheduler: Parents of final stage: List(ShuffleMapStage 148)
2026-08-09 23:12:13,753 INFO scheduler.DAGScheduler: Missing parents: List()
2026-08-09 23:12:13,753 INFO scheduler.DAGScheduler: Submitting ResultStage 149 (MapPartitionsRDD[241] at mapPartitions at AreaUnderCurve.scala:44), which has no missing parents
2026-08-09 23:12:13,754 INFO storage.ShuffleBlockFetcherIterator: Getting 2 (813.0 B) non-empty blocks including 2 (813.0 B) local and 0 (0.0 B) host-local and 0 (0.0 B) push-merged-local and 0 (0.0 B) remote blocks
2026-08-09 23:12:13,754 INFO storage.ShuffleBlockFetcherIterator: Started 0 remote fetches in 0 ms
2026-08-09 23:12:13,754 INFO storage.ShuffleBlockFetcherIterator: Getting 2 (773.0 B) non-empty blocks including 2 (773.0 B) local and 0 (0.0 B) host-local and 0 (0.0 B) push-merged-local and 0 (0.0 B) remote blocks
2026-08-09 23:12:13,754 INFO storage.ShuffleBlockFetcherIterator: Started 0 remote fetches in 0 ms
2026-08-09 23:12:13,754 INFO memory.MemoryStore: Block broadcast_131 stored as values in memory (estimated size 7.8 KiB, free 2.2 GiB)
2026-08-09 23:12:13,755 INFO memory.MemoryStore: Block broadcast_131_piece0 stored as bytes in memory (estimated size 3.8 KiB, free 2.2 GiB)
2026-08-09 23:12:13,755 INFO storage.BlockManagerInfo: Added broadcast_131_piece0 in memory on 10.0.0.215:64239 (size: 3.8 KiB, free: 2.2 GiB)
2026-08-09 23:12:13,755 INFO spark.SparkContext: Created broadcast 131 from broadcast at DAGScheduler.scala:1513
2026-08-09 23:12:13,755 INFO executor.Executor: Finished task 1.0 in stage 146.0 (TID 481). 1413 bytes result sent to driver
2026-08-09 23:12:13,755 INFO scheduler.DAGScheduler: Submitting 2 missing tasks from ResultStage 149 (MapPartitionsRDD[241] at mapPartitions at AreaUnderCurve.scala:44) (first 15 tasks are for partitions Vector(0, 1))
2026-08-09 23:12:13,755 INFO scheduler.TaskSchedulerImpl: Adding task set 149.0 with 2 tasks resource profile 0
2026-08-09 23:12:13,755 INFO executor.Executor: Finished task 0.0 in stage 146.0 (TID 480). 1456 bytes result sent to driver
2026-08-09 23:12:13,756 INFO scheduler.FairSchedulableBuilder: Added task set TaskSet_149.0 tasks to pool default
2026-08-09 23:12:13,756 INFO scheduler.TaskSetManager: Starting task 0.0 in stage 149.0 (TID 482) (10.0.0.215, executor driver, partition 0, NODE_LOCAL, 4271 bytes) taskResourceAssignments Map()
2026-08-09 23:12:13,756 INFO scheduler.TaskSetManager: Starting task 1.0 in stage 149.0 (TID 483) (10.0.0.215, executor driver, partition 1, NODE_LOCAL, 4271 bytes) taskResourceAssignments Map()
2026-08-09 23:12:13,756 INFO scheduler.TaskSetManager: Finished task 1.0 in stage 146.0 (TID 481) in 3 ms on 10.0.0.215 (executor driver) (1/2)
2026-08-09 23:12:13,756 INFO executor.Executor: Running task 0.0 in stage 149.0 (TID 482)
2026-08-09 23:12:13,756 INFO executor.Executor: Running task 1.0 in stage 149.0 (TID 483)
2026-08-09 23:12:13,756 INFO scheduler.TaskSetManager: Finished task 0.0 in stage 146.0 (TID 480) in 3 ms on 10.0.0.215 (executor driver) (2/2)
2026-08-09 23:12:13,756 INFO scheduler.TaskSchedulerImpl: Removed TaskSet 146.0, whose tasks have all completed, from pool default
2026-08-09 23:12:13,756 INFO scheduler.DAGScheduler: ResultStage 146 (collect at BinaryClassificationMetrics.scala:237) finished in 0.004 s
2026-08-09 23:12:13,756 INFO scheduler.DAGScheduler: Job 80 is finished. Cancelling potential speculative or zombie tasks for this job
2026-08-09 23:12:13,756 INFO scheduler.TaskSchedulerImpl: Killing all running tasks in stage 146: Stage finished
2026-08-09 23:12:13,756 INFO scheduler.DAGScheduler: Job 80 finished: collect at BinaryClassificationMetrics.scala:237, took 0.012657 s
2026-08-09 23:12:13,756 INFO spark.SparkContext: Starting job: collect at AreaUnderCurve.scala:44
2026-08-09 23:12:13,757 INFO evaluation.BinaryClassificationMetrics: Total counts: {numPos: 525.0, numNeg: 475.0}
2026-08-09 23:12:13,757 INFO storage.ShuffleBlockFetcherIterator: Getting 2 (773.0 B) non-empty blocks including 2 (773.0 B) local and 0 (0.0 B) host-local and 0 (0.0 B) push-merged-local and 0 (0.0 B) remote blocks
2026-08-09 23:12:13,757 INFO storage.ShuffleBlockFetcherIterator: Getting 2 (813.0 B) non-empty blocks including 2 (813.0 B) local and 0 (0.0 B) host-local and 0 (0.0 B) push-merged-local and 0 (0.0 B) remote blocks
2026-08-09 23:12:13,757 INFO scheduler.DAGScheduler: Got job 82 (collect at AreaUnderCurve.scala:44) with 2 output partitions
2026-08-09 23:12:13,757 INFO scheduler.DAGScheduler: Final stage: ResultStage 152 (collect at AreaUnderCurve.scala:44)
2026-08-09 23:12:13,757 INFO storage.ShuffleBlockFetcherIterator: Started 0 remote fetches in 0 ms
2026-08-09 23:12:13,757 INFO scheduler.DAGScheduler: Parents of final stage: List(ShuffleMapStage 151)
2026-08-09 23:12:13,757 INFO storage.ShuffleBlockFetcherIterator: Started 0 remote fetches in 0 ms
2026-08-09 23:12:13,758 INFO scheduler.DAGScheduler: Missing parents: List()
2026-08-09 23:12:13,758 INFO scheduler.DAGScheduler: Submitting ResultStage 152 (MapPartitionsRDD[246] at mapPartitions at AreaUnderCurve.scala:44), which has no missing parents
2026-08-09 23:12:13,759 INFO memory.MemoryStore: Block rdd_237_1 stored as values in memory (estimated size 1528.0 B, free 2.2 GiB)
2026-08-09 23:12:13,759 INFO storage.BlockManagerInfo: Added rdd_237_1 in memory on 10.0.0.215:64239 (size: 1528.0 B, free: 2.2 GiB)
2026-08-09 23:12:13,759 INFO memory.MemoryStore: Block rdd_237_0 stored as values in memory (estimated size 1528.0 B, free 2.2 GiB)
2026-08-09 23:12:13,759 INFO memory.MemoryStore: Block broadcast_132 stored as values in memory (estimated size 7.8 KiB, free 2.2 GiB)
2026-08-09 23:12:13,759 INFO storage.BlockManagerInfo: Added rdd_237_0 in memory on 10.0.0.215:64239 (size: 1528.0 B, free: 2.2 GiB)
2026-08-09 23:12:13,759 INFO memory.MemoryStore: Block broadcast_132_piece0 stored as bytes in memory (estimated size 3.8 KiB, free 2.2 GiB)
2026-08-09 23:12:13,759 INFO storage.BlockManagerInfo: Added broadcast_132_piece0 in memory on 10.0.0.215:64239 (size: 3.8 KiB, free: 2.2 GiB)
2026-08-09 23:12:13,759 INFO spark.SparkContext: Created broadcast 132 from broadcast at DAGScheduler.scala:1513
2026-08-09 23:12:13,760 INFO executor.Executor: Finished task 0.0 in stage 149.0 (TID 482). 1489 bytes result sent to driver
2026-08-09 23:12:13,760 INFO scheduler.TaskSetManager: Finished task 0.0 in stage 149.0 (TID 482) in 4 ms on 10.0.0.215 (executor driver) (1/2)
2026-08-09 23:12:13,760 INFO executor.Executor: Finished task 1.0 in stage 149.0 (TID 483). 1489 bytes result sent to driver
2026-08-09 23:12:13,760 INFO scheduler.DAGScheduler: Submitting 2 missing tasks from ResultStage 152 (MapPartitionsRDD[246] at mapPartitions at AreaUnderCurve.scala:44) (first 15 tasks are for partitions Vector(0, 1))
2026-08-09 23:12:13,760 INFO scheduler.TaskSchedulerImpl: Adding task set 152.0 with 2 tasks resource profile 0
2026-08-09 23:12:13,760 INFO scheduler.FairSchedulableBuilder: Added task set TaskSet_152.0 tasks to pool default
2026-08-09 23:12:13,760 INFO scheduler.TaskSetManager: Starting task 0.0 in stage 152.0 (TID 484) (10.0.0.215, executor driver, partition 0, NODE_LOCAL, 4271 bytes) taskResourceAssignments Map()
2026-08-09 23:12:13,761 INFO scheduler.TaskSetManager: Starting task 1.0 in stage 152.0 (TID 485) (10.0.0.215, executor driver, partition 1, NODE_LOCAL, 4271 bytes) taskResourceAssignments Map()
2026-08-09 23:12:13,761 INFO scheduler.TaskSetManager: Finished task 1.0 in stage 149.0 (TID 483) in 5 ms on 10.0.0.215 (executor driver) (2/2)
2026-08-09 23:12:13,762 INFO executor.Executor: Running task 1.0 in stage 152.0 (TID 485)
2026-08-09 23:12:13,761 INFO executor.Executor: Running task 0.0 in stage 152.0 (TID 484)
2026-08-09 23:12:13,762 INFO scheduler.TaskSchedulerImpl: Removed TaskSet 149.0, whose tasks have all completed, from pool default
2026-08-09 23:12:13,762 INFO scheduler.DAGScheduler: ResultStage 149 (collect at AreaUnderCurve.scala:44) finished in 0.008 s
2026-08-09 23:12:13,762 INFO scheduler.DAGScheduler: Job 81 is finished. Cancelling potential speculative or zombie tasks for this job
2026-08-09 23:12:13,762 INFO scheduler.TaskSchedulerImpl: Killing all running tasks in stage 149: Stage finished
2026-08-09 23:12:13,762 INFO scheduler.DAGScheduler: Job 81 finished: collect at AreaUnderCurve.scala:44, took 0.009595 s
2026-08-09 23:12:13,764 INFO storage.ShuffleBlockFetcherIterator: Getting 2 (608.0 B) non-empty blocks including 2 (608.0 B) local and 0 (0.0 B) host-local and 0 (0.0 B) push-merged-local and 0 (0.0 B) remote blocks
2026-08-09 23:12:13,764 INFO storage.ShuffleBlockFetcherIterator: Getting 2 (580.0 B) non-empty blocks including 2 (580.0 B) local and 0 (0.0 B) host-local and 0 (0.0 B) push-merged-local and 0 (0.0 B) remote blocks
2026-08-09 23:12:13,764 INFO storage.ShuffleBlockFetcherIterator: Started 0 remote fetches in 0 ms
2026-08-09 23:12:13,764 INFO storage.ShuffleBlockFetcherIterator: Started 0 remote fetches in 0 ms
2026-08-09 23:12:13,764 INFO memory.MemoryStore: Block rdd_242_0 stored as values in memory (estimated size 440.0 B, free 2.2 GiB)
2026-08-09 23:12:13,764 INFO memory.MemoryStore: Block rdd_242_1 stored as values in memory (estimated size 520.0 B, free 2.2 GiB)
2026-08-09 23:12:13,764 INFO storage.BlockManagerInfo: Added rdd_242_0 in memory on 10.0.0.215:64239 (size: 440.0 B, free: 2.2 GiB)
2026-08-09 23:12:13,764 INFO storage.BlockManagerInfo: Added rdd_242_1 in memory on 10.0.0.215:64239 (size: 520.0 B, free: 2.2 GiB)
2026-08-09 23:12:13,765 INFO executor.Executor: Finished task 1.0 in stage 152.0 (TID 485). 1532 bytes result sent to driver
2026-08-09 23:12:13,765 INFO executor.Executor: Finished task 0.0 in stage 152.0 (TID 484). 1532 bytes result sent to driver
2026-08-09 23:12:13,765 INFO scheduler.TaskSetManager: Finished task 1.0 in stage 152.0 (TID 485) in 5 ms on 10.0.0.215 (executor driver) (1/2)
2026-08-09 23:12:13,765 INFO spark.SparkContext: Starting job: collect at AreaUnderCurve.scala:44
2026-08-09 23:12:13,765 INFO scheduler.TaskSetManager: Finished task 0.0 in stage 152.0 (TID 484) in 5 ms on 10.0.0.215 (executor driver) (2/2)
2026-08-09 23:12:13,765 INFO scheduler.TaskSchedulerImpl: Removed TaskSet 152.0, whose tasks have all completed, from pool default
2026-08-09 23:12:13,765 INFO scheduler.DAGScheduler: ResultStage 152 (collect at AreaUnderCurve.scala:44) finished in 0.006 s
2026-08-09 23:12:13,766 INFO scheduler.DAGScheduler: Job 82 is finished. Cancelling potential speculative or zombie tasks for this job
2026-08-09 23:12:13,766 INFO scheduler.TaskSchedulerImpl: Killing all running tasks in stage 152: Stage finished
2026-08-09 23:12:13,766 INFO scheduler.DAGScheduler: Job 82 finished: collect at AreaUnderCurve.scala:44, took 0.009113 s
2026-08-09 23:12:13,766 INFO scheduler.DAGScheduler: Got job 83 (collect at AreaUnderCurve.scala:44) with 2 output partitions
2026-08-09 23:12:13,766 INFO scheduler.DAGScheduler: Final stage: ResultStage 155 (collect at AreaUnderCurve.scala:44)
2026-08-09 23:12:13,766 INFO scheduler.DAGScheduler: Parents of final stage: List(ShuffleMapStage 154)
2026-08-09 23:12:13,766 INFO scheduler.DAGScheduler: Missing parents: List()
2026-08-09 23:12:13,766 INFO scheduler.DAGScheduler: Submitting ResultStage 155 (MapPartitionsRDD[251] at mapPartitions at AreaUnderCurve.scala:44), which has no missing parents
2026-08-09 23:12:13,767 INFO memory.MemoryStore: Block broadcast_133 stored as values in memory (estimated size 7.8 KiB, free 2.2 GiB)
2026-08-09 23:12:13,767 INFO memory.MemoryStore: Block broadcast_133_piece0 stored as bytes in memory (estimated size 3.8 KiB, free 2.2 GiB)
2026-08-09 23:12:13,767 INFO storage.BlockManagerInfo: Added broadcast_133_piece0 in memory on 10.0.0.215:64239 (size: 3.8 KiB, free: 2.2 GiB)
2026-08-09 23:12:13,767 INFO spark.SparkContext: Created broadcast 133 from broadcast at DAGScheduler.scala:1513
2026-08-09 23:12:13,767 INFO scheduler.DAGScheduler: Submitting 2 missing tasks from ResultStage 155 (MapPartitionsRDD[251] at mapPartitions at AreaUnderCurve.scala:44) (first 15 tasks are for partitions Vector(0, 1))
2026-08-09 23:12:13,767 INFO scheduler.TaskSchedulerImpl: Adding task set 155.0 with 2 tasks resource profile 0
2026-08-09 23:12:13,767 INFO scheduler.FairSchedulableBuilder: Added task set TaskSet_155.0 tasks to pool default
2026-08-09 23:12:13,768 INFO scheduler.TaskSetManager: Starting task 0.0 in stage 155.0 (TID 486) (10.0.0.215, executor driver, partition 0, NODE_LOCAL, 4271 bytes) taskResourceAssignments Map()
2026-08-09 23:12:13,768 INFO scheduler.TaskSetManager: Starting task 1.0 in stage 155.0 (TID 487) (10.0.0.215, executor driver, partition 1, NODE_LOCAL, 4271 bytes) taskResourceAssignments Map()
2026-08-09 23:12:13,768 INFO executor.Executor: Running task 0.0 in stage 155.0 (TID 486)
2026-08-09 23:12:13,768 INFO executor.Executor: Running task 1.0 in stage 155.0 (TID 487)
2026-08-09 23:12:13,769 INFO storage.ShuffleBlockFetcherIterator: Getting 2 (813.0 B) non-empty blocks including 2 (813.0 B) local and 0 (0.0 B) host-local and 0 (0.0 B) push-merged-local and 0 (0.0 B) remote blocks
2026-08-09 23:12:13,769 INFO storage.ShuffleBlockFetcherIterator: Getting 2 (773.0 B) non-empty blocks including 2 (773.0 B) local and 0 (0.0 B) host-local and 0 (0.0 B) push-merged-local and 0 (0.0 B) remote blocks
2026-08-09 23:12:13,769 INFO storage.ShuffleBlockFetcherIterator: Started 0 remote fetches in 0 ms
2026-08-09 23:12:13,769 INFO storage.ShuffleBlockFetcherIterator: Started 0 remote fetches in 0 ms
2026-08-09 23:12:13,771 INFO memory.MemoryStore: Block rdd_247_1 stored as values in memory (estimated size 1448.0 B, free 2.2 GiB)
2026-08-09 23:12:13,771 INFO memory.MemoryStore: Block rdd_247_0 stored as values in memory (estimated size 1360.0 B, free 2.2 GiB)
2026-08-09 23:12:13,771 INFO storage.BlockManagerInfo: Added rdd_247_1 in memory on 10.0.0.215:64239 (size: 1448.0 B, free: 2.2 GiB)
2026-08-09 23:12:13,771 INFO storage.BlockManagerInfo: Added rdd_247_0 in memory on 10.0.0.215:64239 (size: 1360.0 B, free: 2.2 GiB)
2026-08-09 23:12:13,771 INFO executor.Executor: Finished task 0.0 in stage 155.0 (TID 486). 1532 bytes result sent to driver
2026-08-09 23:12:13,771 INFO executor.Executor: Finished task 1.0 in stage 155.0 (TID 487). 1532 bytes result sent to driver
2026-08-09 23:12:13,771 INFO scheduler.TaskSetManager: Finished task 0.0 in stage 155.0 (TID 486) in 4 ms on 10.0.0.215 (executor driver) (1/2)
2026-08-09 23:12:13,771 INFO scheduler.TaskSetManager: Finished task 1.0 in stage 155.0 (TID 487) in 3 ms on 10.0.0.215 (executor driver) (2/2)
2026-08-09 23:12:13,771 INFO scheduler.TaskSchedulerImpl: Removed TaskSet 155.0, whose tasks have all completed, from pool default
2026-08-09 23:12:13,772 INFO scheduler.DAGScheduler: ResultStage 155 (collect at AreaUnderCurve.scala:44) finished in 0.006 s
2026-08-09 23:12:13,772 INFO scheduler.DAGScheduler: Job 83 is finished. Cancelling potential speculative or zombie tasks for this job
2026-08-09 23:12:13,772 INFO scheduler.TaskSchedulerImpl: Killing all running tasks in stage 155: Stage finished
2026-08-09 23:12:13,772 INFO scheduler.DAGScheduler: Job 83 finished: collect at AreaUnderCurve.scala:44, took 0.006570 s
RESULT label=10k numModels=10 maxDepth=5 maxNodes=20 sampling=Disjoint trainRows=9000 testRows=1000 accuracy=0.642 auc=0.7194887218045113
RESULT label=10k numModels=10 maxDepth=5 maxNodes=20 sampling=SampledFraction(0.1) trainRows=9000 testRows=1000 accuracy=0.636 auc=0.6968220551378447
RESULT label=10k numModels=10 maxDepth=20 maxNodes=100 sampling=Disjoint trainRows=9000 testRows=1000 accuracy=0.67 auc=0.7307909774436091
RESULT label=10k numModels=10 maxDepth=20 maxNodes=100 sampling=SampledFraction(0.1) trainRows=9000 testRows=1000 accuracy=0.625 auc=0.6958756892230576
RESULT label=10k numModels=20 maxDepth=5 maxNodes=20 sampling=Disjoint trainRows=9000 testRows=1000 accuracy=0.637 auc=0.7053052631578947
RESULT label=10k numModels=20 maxDepth=5 maxNodes=20 sampling=SampledFraction(0.05) trainRows=9000 testRows=1000 accuracy=0.668 auc=0.7221734335839599
RESULT label=10k numModels=20 maxDepth=20 maxNodes=100 sampling=Disjoint trainRows=9000 testRows=1000 accuracy=0.627 auc=0.7057022556390978
RESULT label=10k numModels=20 maxDepth=20 maxNodes=100 sampling=SampledFraction(0.05) trainRows=9000 testRows=1000 accuracy=0.654 auc=0.7247338345864661
RESULT label=10k numModels=40 maxDepth=5 maxNodes=20 sampling=Disjoint trainRows=9000 testRows=1000 accuracy=0.641 auc=0.7201403508771932
RESULT label=10k numModels=40 maxDepth=5 maxNodes=20 sampling=SampledFraction(0.025) trainRows=9000 testRows=1000 accuracy=0.645 auc=0.7255919799498747
RESULT label=10k numModels=40 maxDepth=20 maxNodes=100 sampling=Disjoint trainRows=9000 testRows=1000 accuracy=0.651 auc=0.7245353383458648
RESULT label=10k numModels=40 maxDepth=20 maxNodes=100 sampling=SampledFraction(0.025) trainRows=9000 testRows=1000 accuracy=0.667 auc=0.738003007518797
SCALING label=10k trainRows=9000 sweepSize=12 elapsedSeconds=2.11
2026-08-09 23:12:13,779 INFO server.AbstractConnector: Stopped Spark@70887727{HTTP/1.1, (http/1.1)}{0.0.0.0:4040}
2026-08-09 23:12:13,781 INFO ui.SparkUI: Stopped Spark web UI at http://10.0.0.215:4040
2026-08-09 23:12:13,788 INFO spark.MapOutputTrackerMasterEndpoint: MapOutputTrackerMasterEndpoint stopped!
2026-08-09 23:12:13,805 INFO memory.MemoryStore: MemoryStore cleared
2026-08-09 23:12:13,806 INFO storage.BlockManager: BlockManager stopped
2026-08-09 23:12:13,807 INFO storage.BlockManagerMaster: BlockManagerMaster stopped
2026-08-09 23:12:13,808 INFO scheduler.OutputCommitCoordinator$OutputCommitCoordinatorEndpoint: OutputCommitCoordinator stopped!
2026-08-09 23:12:13,814 INFO spark.SparkContext: Successfully stopped SparkContext
2026-08-09 23:12:13,815 INFO util.ShutdownHookManager: Shutdown hook called
2026-08-09 23:12:13,816 INFO util.ShutdownHookManager: Deleting directory /private/var/folders/01/7kzv0jfn5b53d16tqv0sk5r80000gn/T/spark-73bbe78a-9c28-49cc-81c4-cf19d3374ced
2026-08-09 23:12:13,818 INFO util.ShutdownHookManager: Deleting directory /private/var/folders/01/7kzv0jfn5b53d16tqv0sk5r80000gn/T/spark-48904652-5820-41c4-b832-f3169a165d0d
