2026-08-09 23:12:14,561 WARN util.Utils: Your hostname, Rudys-MacBook-Pro.local resolves to a loopback address: 127.0.0.1; using 10.0.0.215 instead (on interface en0)
2026-08-09 23:12:14,561 WARN util.Utils: Set SPARK_LOCAL_IP if you need to bind to another address
2026-08-09 23:12:14,772 INFO spark.SparkContext: Running Spark version 3.3.2
2026-08-09 23:12:14,834 WARN util.NativeCodeLoader: Unable to load native-hadoop library for your platform... using builtin-java classes where applicable
2026-08-09 23:12:14,870 INFO resource.ResourceUtils: ==============================================================
2026-08-09 23:12:14,870 INFO resource.ResourceUtils: No custom resources configured for spark.driver.
2026-08-09 23:12:14,870 INFO resource.ResourceUtils: ==============================================================
2026-08-09 23:12:14,871 INFO spark.SparkContext: Submitted application: driver.ScalingHarnessDriver
2026-08-09 23:12:14,882 INFO resource.ResourceProfile: Default ResourceProfile created, executor resources: Map(cores -> name: cores, amount: 1, script: , vendor: , memory -> name: memory, amount: 1024, script: , vendor: , offHeap -> name: offHeap, amount: 0, script: , vendor: ), task resources: Map(cpus -> name: cpus, amount: 1.0)
2026-08-09 23:12:14,891 INFO resource.ResourceProfile: Limiting resource is cpu
2026-08-09 23:12:14,891 INFO resource.ResourceProfileManager: Added ResourceProfile id: 0
2026-08-09 23:12:14,917 INFO spark.SecurityManager: Changing view acls to: rudybanerjee
2026-08-09 23:12:14,917 INFO spark.SecurityManager: Changing modify acls to: rudybanerjee
2026-08-09 23:12:14,918 INFO spark.SecurityManager: Changing view acls groups to: 
2026-08-09 23:12:14,918 INFO spark.SecurityManager: Changing modify acls groups to: 
2026-08-09 23:12:14,918 INFO spark.SecurityManager: SecurityManager: authentication disabled; ui acls disabled; users  with view permissions: Set(rudybanerjee); groups with view permissions: Set(); users  with modify permissions: Set(rudybanerjee); groups with modify permissions: Set()
2026-08-09 23:12:15,060 INFO util.Utils: Successfully started service 'sparkDriver' on port 64242.
2026-08-09 23:12:15,076 INFO spark.SparkEnv: Registering MapOutputTracker
2026-08-09 23:12:15,095 INFO spark.SparkEnv: Registering BlockManagerMaster
2026-08-09 23:12:15,106 INFO storage.BlockManagerMasterEndpoint: Using org.apache.spark.storage.DefaultTopologyMapper for getting topology information
2026-08-09 23:12:15,106 INFO storage.BlockManagerMasterEndpoint: BlockManagerMasterEndpoint up
2026-08-09 23:12:15,108 INFO spark.SparkEnv: Registering BlockManagerMasterHeartbeat
2026-08-09 23:12:15,120 INFO storage.DiskBlockManager: Created local directory at /private/var/folders/01/7kzv0jfn5b53d16tqv0sk5r80000gn/T/blockmgr-2bd0dc32-bcda-4f83-a0c0-642c5df16b93
2026-08-09 23:12:15,128 INFO memory.MemoryStore: MemoryStore started with capacity 2.2 GiB
2026-08-09 23:12:15,135 INFO spark.SparkEnv: Registering OutputCommitCoordinator
2026-08-09 23:12:15,159 INFO util.log: Logging initialized @1183ms to org.sparkproject.jetty.util.log.Slf4jLog
2026-08-09 23:12:15,221 INFO server.Server: jetty-9.4.48.v20220622; built: 2022-06-21T20:42:25.880Z; git: 6b67c5719d1f4371b33655ff2d047d24e171e49a; jvm 11.0.23+7-LTS-222
2026-08-09 23:12:15,232 INFO server.Server: Started @1256ms
2026-08-09 23:12:15,249 INFO server.AbstractConnector: Started ServerConnector@70887727{HTTP/1.1, (http/1.1)}{0.0.0.0:4040}
2026-08-09 23:12:15,249 INFO util.Utils: Successfully started service 'SparkUI' on port 4040.
2026-08-09 23:12:15,265 INFO handler.ContextHandler: Started o.s.j.s.ServletContextHandler@7fb29ca9{/,null,AVAILABLE,@Spark}
2026-08-09 23:12:15,320 INFO spark.SparkContext: Added JAR file:/Users/rudybanerjee/northeastern_work/CS6240/project/ensemble.jar at spark://10.0.0.215:64242/jars/ensemble.jar with timestamp 1786331534768
2026-08-09 23:12:15,348 INFO scheduler.FairSchedulableBuilder: Fair scheduler configuration not found, created default pool: default, schedulingMode: FAIR, minShare: 0, weight: 1
2026-08-09 23:12:15,395 INFO executor.Executor: Starting executor ID driver on host 10.0.0.215
2026-08-09 23:12:15,399 INFO executor.Executor: Starting executor with user classpath (userClassPathFirst = false): ''
2026-08-09 23:12:15,407 INFO executor.Executor: Fetching spark://10.0.0.215:64242/jars/ensemble.jar with timestamp 1786331534768
2026-08-09 23:12:15,436 INFO client.TransportClientFactory: Successfully created connection to /10.0.0.215:64242 after 17 ms (0 ms spent in bootstraps)
2026-08-09 23:12:15,440 INFO util.Utils: Fetching spark://10.0.0.215:64242/jars/ensemble.jar to /private/var/folders/01/7kzv0jfn5b53d16tqv0sk5r80000gn/T/spark-ae66a853-15af-4095-a1b0-2d859a066900/userFiles-7b485bef-829e-4191-8beb-54add0804f39/fetchFileTemp9737567170763234144.tmp
2026-08-09 23:12:15,467 INFO executor.Executor: Adding file:/private/var/folders/01/7kzv0jfn5b53d16tqv0sk5r80000gn/T/spark-ae66a853-15af-4095-a1b0-2d859a066900/userFiles-7b485bef-829e-4191-8beb-54add0804f39/ensemble.jar to class loader
2026-08-09 23:12:15,470 INFO util.Utils: Successfully started service 'org.apache.spark.network.netty.NettyBlockTransferService' on port 64244.
2026-08-09 23:12:15,470 INFO netty.NettyBlockTransferService: Server created on 10.0.0.215:64244
2026-08-09 23:12:15,471 INFO storage.BlockManager: Using org.apache.spark.storage.RandomBlockReplicationPolicy for block replication policy
2026-08-09 23:12:15,474 INFO storage.BlockManagerMaster: Registering BlockManager BlockManagerId(driver, 10.0.0.215, 64244, None)
2026-08-09 23:12:15,476 INFO storage.BlockManagerMasterEndpoint: Registering block manager 10.0.0.215:64244 with 2.2 GiB RAM, BlockManagerId(driver, 10.0.0.215, 64244, None)
2026-08-09 23:12:15,477 INFO storage.BlockManagerMaster: Registered BlockManager BlockManagerId(driver, 10.0.0.215, 64244, None)
2026-08-09 23:12:15,477 INFO storage.BlockManager: Initialized BlockManager: BlockManagerId(driver, 10.0.0.215, 64244, None)
2026-08-09 23:12:15,559 INFO handler.ContextHandler: Stopped o.s.j.s.ServletContextHandler@7fb29ca9{/,null,STOPPED,@Spark}
2026-08-09 23:12:15,560 INFO handler.ContextHandler: Started o.s.j.s.ServletContextHandler@4cffcc61{/jobs,null,AVAILABLE,@Spark}
2026-08-09 23:12:15,561 INFO handler.ContextHandler: Started o.s.j.s.ServletContextHandler@399ca607{/jobs/json,null,AVAILABLE,@Spark}
2026-08-09 23:12:15,562 INFO handler.ContextHandler: Started o.s.j.s.ServletContextHandler@76536c53{/jobs/job,null,AVAILABLE,@Spark}
2026-08-09 23:12:15,562 INFO handler.ContextHandler: Started o.s.j.s.ServletContextHandler@363c32cc{/jobs/job/json,null,AVAILABLE,@Spark}
2026-08-09 23:12:15,562 INFO handler.ContextHandler: Started o.s.j.s.ServletContextHandler@6baf25d7{/stages,null,AVAILABLE,@Spark}
2026-08-09 23:12:15,563 INFO handler.ContextHandler: Started o.s.j.s.ServletContextHandler@5b5b59{/stages/json,null,AVAILABLE,@Spark}
2026-08-09 23:12:15,563 INFO handler.ContextHandler: Started o.s.j.s.ServletContextHandler@3913f206{/stages/stage,null,AVAILABLE,@Spark}
2026-08-09 23:12:15,564 INFO handler.ContextHandler: Started o.s.j.s.ServletContextHandler@3b353651{/stages/stage/json,null,AVAILABLE,@Spark}
2026-08-09 23:12:15,564 INFO handler.ContextHandler: Started o.s.j.s.ServletContextHandler@1280682{/stages/pool,null,AVAILABLE,@Spark}
2026-08-09 23:12:15,564 INFO handler.ContextHandler: Started o.s.j.s.ServletContextHandler@53d9826f{/stages/pool/json,null,AVAILABLE,@Spark}
2026-08-09 23:12:15,565 INFO handler.ContextHandler: Started o.s.j.s.ServletContextHandler@5f59ea8c{/storage,null,AVAILABLE,@Spark}
2026-08-09 23:12:15,565 INFO handler.ContextHandler: Started o.s.j.s.ServletContextHandler@64f9f455{/storage/json,null,AVAILABLE,@Spark}
2026-08-09 23:12:15,565 INFO handler.ContextHandler: Started o.s.j.s.ServletContextHandler@4dc7cd1c{/storage/rdd,null,AVAILABLE,@Spark}
2026-08-09 23:12:15,565 INFO handler.ContextHandler: Started o.s.j.s.ServletContextHandler@7b5b5bfe{/storage/rdd/json,null,AVAILABLE,@Spark}
2026-08-09 23:12:15,566 INFO handler.ContextHandler: Started o.s.j.s.ServletContextHandler@75fd65c{/environment,null,AVAILABLE,@Spark}
2026-08-09 23:12:15,566 INFO handler.ContextHandler: Started o.s.j.s.ServletContextHandler@2ceca2ef{/environment/json,null,AVAILABLE,@Spark}
2026-08-09 23:12:15,566 INFO handler.ContextHandler: Started o.s.j.s.ServletContextHandler@3b42121d{/executors,null,AVAILABLE,@Spark}
2026-08-09 23:12:15,567 INFO handler.ContextHandler: Started o.s.j.s.ServletContextHandler@33188612{/executors/json,null,AVAILABLE,@Spark}
2026-08-09 23:12:15,567 INFO handler.ContextHandler: Started o.s.j.s.ServletContextHandler@6ccac6f4{/executors/threadDump,null,AVAILABLE,@Spark}
2026-08-09 23:12:15,568 INFO handler.ContextHandler: Started o.s.j.s.ServletContextHandler@3453acd2{/executors/threadDump/json,null,AVAILABLE,@Spark}
2026-08-09 23:12:15,572 INFO handler.ContextHandler: Started o.s.j.s.ServletContextHandler@56c8e6f0{/static,null,AVAILABLE,@Spark}
2026-08-09 23:12:15,573 INFO handler.ContextHandler: Started o.s.j.s.ServletContextHandler@4b1ec694{/,null,AVAILABLE,@Spark}
2026-08-09 23:12:15,573 INFO handler.ContextHandler: Started o.s.j.s.ServletContextHandler@5f34907b{/api,null,AVAILABLE,@Spark}
2026-08-09 23:12:15,574 INFO handler.ContextHandler: Started o.s.j.s.ServletContextHandler@9c93d16{/jobs/job/kill,null,AVAILABLE,@Spark}
2026-08-09 23:12:15,574 INFO handler.ContextHandler: Started o.s.j.s.ServletContextHandler@1526f71{/stages/stage/kill,null,AVAILABLE,@Spark}
2026-08-09 23:12:15,577 INFO handler.ContextHandler: Started o.s.j.s.ServletContextHandler@235b4cb8{/metrics/json,null,AVAILABLE,@Spark}
2026-08-09 23:12:15,675 INFO internal.SharedState: Setting hive.metastore.warehouse.dir ('null') to the value of spark.sql.warehouse.dir.
2026-08-09 23:12:15,680 INFO internal.SharedState: Warehouse path is 'file:/Users/rudybanerjee/northeastern_work/CS6240/project/spark-warehouse'.
2026-08-09 23:12:15,688 INFO handler.ContextHandler: Started o.s.j.s.ServletContextHandler@2ba1209b{/SQL,null,AVAILABLE,@Spark}
2026-08-09 23:12:15,688 INFO handler.ContextHandler: Started o.s.j.s.ServletContextHandler@58fd1214{/SQL/json,null,AVAILABLE,@Spark}
2026-08-09 23:12:15,688 INFO handler.ContextHandler: Started o.s.j.s.ServletContextHandler@2921a36a{/SQL/execution,null,AVAILABLE,@Spark}
2026-08-09 23:12:15,689 INFO handler.ContextHandler: Started o.s.j.s.ServletContextHandler@157d3a45{/SQL/execution/json,null,AVAILABLE,@Spark}
2026-08-09 23:12:15,697 INFO handler.ContextHandler: Started o.s.j.s.ServletContextHandler@5d878b25{/static/sql,null,AVAILABLE,@Spark}
2026-08-09 23:12:16,128 INFO datasources.InMemoryFileIndex: It took 22 ms to list leaf files for 1 paths.
2026-08-09 23:12:16,403 INFO spark.SparkContext: Starting job: parquet at HiggsLoader.scala:14
2026-08-09 23:12:16,410 INFO scheduler.DAGScheduler: Got job 0 (parquet at HiggsLoader.scala:14) with 1 output partitions
2026-08-09 23:12:16,410 INFO scheduler.DAGScheduler: Final stage: ResultStage 0 (parquet at HiggsLoader.scala:14)
2026-08-09 23:12:16,410 INFO scheduler.DAGScheduler: Parents of final stage: List()
2026-08-09 23:12:16,411 INFO scheduler.DAGScheduler: Missing parents: List()
2026-08-09 23:12:16,413 INFO scheduler.DAGScheduler: Submitting ResultStage 0 (MapPartitionsRDD[1] at parquet at HiggsLoader.scala:14), which has no missing parents
2026-08-09 23:12:16,462 INFO memory.MemoryStore: Block broadcast_0 stored as values in memory (estimated size 151.7 KiB, free 2.2 GiB)
2026-08-09 23:12:16,699 INFO memory.MemoryStore: Block broadcast_0_piece0 stored as bytes in memory (estimated size 55.7 KiB, free 2.2 GiB)
2026-08-09 23:12:16,701 INFO storage.BlockManagerInfo: Added broadcast_0_piece0 in memory on 10.0.0.215:64244 (size: 55.7 KiB, free: 2.2 GiB)
2026-08-09 23:12:16,704 INFO spark.SparkContext: Created broadcast 0 from broadcast at DAGScheduler.scala:1513
2026-08-09 23:12:16,714 INFO scheduler.DAGScheduler: Submitting 1 missing tasks from ResultStage 0 (MapPartitionsRDD[1] at parquet at HiggsLoader.scala:14) (first 15 tasks are for partitions Vector(0))
2026-08-09 23:12:16,715 INFO scheduler.TaskSchedulerImpl: Adding task set 0.0 with 1 tasks resource profile 0
2026-08-09 23:12:16,729 INFO scheduler.FairSchedulableBuilder: Added task set TaskSet_0.0 tasks to pool default
2026-08-09 23:12:16,753 INFO scheduler.TaskSetManager: Starting task 0.0 in stage 0.0 (TID 0) (10.0.0.215, executor driver, partition 0, PROCESS_LOCAL, 4705 bytes) taskResourceAssignments Map()
2026-08-09 23:12:16,761 INFO executor.Executor: Running task 0.0 in stage 0.0 (TID 0)
2026-08-09 23:12:16,955 INFO executor.Executor: Finished task 0.0 in stage 0.0 (TID 0). 2607 bytes result sent to driver
2026-08-09 23:12:16,958 INFO scheduler.TaskSetManager: Finished task 0.0 in stage 0.0 (TID 0) in 220 ms on 10.0.0.215 (executor driver) (1/1)
2026-08-09 23:12:16,959 INFO scheduler.TaskSchedulerImpl: Removed TaskSet 0.0, whose tasks have all completed, from pool default
2026-08-09 23:12:16,962 INFO scheduler.DAGScheduler: ResultStage 0 (parquet at HiggsLoader.scala:14) finished in 0.542 s
2026-08-09 23:12:16,963 INFO scheduler.DAGScheduler: Job 0 is finished. Cancelling potential speculative or zombie tasks for this job
2026-08-09 23:12:16,963 INFO scheduler.TaskSchedulerImpl: Killing all running tasks in stage 0: Stage finished
2026-08-09 23:12:16,964 INFO scheduler.DAGScheduler: Job 0 finished: parquet at HiggsLoader.scala:14, took 0.560764 s
2026-08-09 23:12:17,257 INFO storage.BlockManagerInfo: Removed broadcast_0_piece0 on 10.0.0.215:64244 in memory (size: 55.7 KiB, free: 2.2 GiB)
2026-08-09 23:12:18,000 INFO datasources.FileSourceStrategy: Pushed Filters: 
2026-08-09 23:12:18,001 INFO datasources.FileSourceStrategy: Post-Scan Filters: 
2026-08-09 23:12:18,002 INFO datasources.FileSourceStrategy: Output Data Schema: struct<label: double, f1: double, f2: double, f3: double, f4: double ... 27 more fields>
2026-08-09 23:12:18,236 INFO codegen.CodeGenerator: Code generated in 167.02425 ms
2026-08-09 23:12:18,252 INFO memory.MemoryStore: Block broadcast_1 stored as values in memory (estimated size 305.6 KiB, free 2.2 GiB)
2026-08-09 23:12:18,269 INFO memory.MemoryStore: Block broadcast_1_piece0 stored as bytes in memory (estimated size 54.0 KiB, free 2.2 GiB)
2026-08-09 23:12:18,269 INFO storage.BlockManagerInfo: Added broadcast_1_piece0 in memory on 10.0.0.215:64244 (size: 54.0 KiB, free: 2.2 GiB)
2026-08-09 23:12:18,270 INFO spark.SparkContext: Created broadcast 1 from rdd at HiggsLoader.scala:15
2026-08-09 23:12:18,276 INFO execution.FileSourceScanExec: Planning scan with bin packing, max size: 6562005 bytes, open cost is considered as scanning 4194304 bytes.
2026-08-09 23:12:18,330 INFO datasources.InMemoryFileIndex: It took 2 ms to list leaf files for 1 paths.
2026-08-09 23:12:18,378 INFO spark.SparkContext: Starting job: parquet at HiggsLoader.scala:14
2026-08-09 23:12:18,378 INFO scheduler.DAGScheduler: Got job 1 (parquet at HiggsLoader.scala:14) with 1 output partitions
2026-08-09 23:12:18,378 INFO scheduler.DAGScheduler: Final stage: ResultStage 1 (parquet at HiggsLoader.scala:14)
2026-08-09 23:12:18,378 INFO scheduler.DAGScheduler: Parents of final stage: List()
2026-08-09 23:12:18,378 INFO scheduler.DAGScheduler: Missing parents: List()
2026-08-09 23:12:18,379 INFO scheduler.DAGScheduler: Submitting ResultStage 1 (MapPartitionsRDD[10] at parquet at HiggsLoader.scala:14), which has no missing parents
2026-08-09 23:12:18,397 INFO memory.MemoryStore: Block broadcast_2 stored as values in memory (estimated size 151.7 KiB, free 2.2 GiB)
2026-08-09 23:12:18,398 INFO memory.MemoryStore: Block broadcast_2_piece0 stored as bytes in memory (estimated size 55.7 KiB, free 2.2 GiB)
2026-08-09 23:12:18,399 INFO storage.BlockManagerInfo: Added broadcast_2_piece0 in memory on 10.0.0.215:64244 (size: 55.7 KiB, free: 2.2 GiB)
2026-08-09 23:12:18,399 INFO spark.SparkContext: Created broadcast 2 from broadcast at DAGScheduler.scala:1513
2026-08-09 23:12:18,400 INFO scheduler.DAGScheduler: Submitting 1 missing tasks from ResultStage 1 (MapPartitionsRDD[10] at parquet at HiggsLoader.scala:14) (first 15 tasks are for partitions Vector(0))
2026-08-09 23:12:18,400 INFO scheduler.TaskSchedulerImpl: Adding task set 1.0 with 1 tasks resource profile 0
2026-08-09 23:12:18,400 INFO scheduler.FairSchedulableBuilder: Added task set TaskSet_1.0 tasks to pool default
2026-08-09 23:12:18,401 INFO scheduler.TaskSetManager: Starting task 0.0 in stage 1.0 (TID 1) (10.0.0.215, executor driver, partition 0, PROCESS_LOCAL, 4704 bytes) taskResourceAssignments Map()
2026-08-09 23:12:18,401 INFO executor.Executor: Running task 0.0 in stage 1.0 (TID 1)
2026-08-09 23:12:18,416 INFO executor.Executor: Finished task 0.0 in stage 1.0 (TID 1). 2564 bytes result sent to driver
2026-08-09 23:12:18,424 INFO scheduler.TaskSetManager: Finished task 0.0 in stage 1.0 (TID 1) in 23 ms on 10.0.0.215 (executor driver) (1/1)
2026-08-09 23:12:18,424 INFO scheduler.TaskSchedulerImpl: Removed TaskSet 1.0, whose tasks have all completed, from pool default
2026-08-09 23:12:18,424 INFO scheduler.DAGScheduler: ResultStage 1 (parquet at HiggsLoader.scala:14) finished in 0.045 s
2026-08-09 23:12:18,424 INFO scheduler.DAGScheduler: Job 1 is finished. Cancelling potential speculative or zombie tasks for this job
2026-08-09 23:12:18,424 INFO scheduler.TaskSchedulerImpl: Killing all running tasks in stage 1: Stage finished
2026-08-09 23:12:18,424 INFO scheduler.DAGScheduler: Job 1 finished: parquet at HiggsLoader.scala:14, took 0.046529 s
2026-08-09 23:12:18,440 INFO datasources.FileSourceStrategy: Pushed Filters: 
2026-08-09 23:12:18,440 INFO datasources.FileSourceStrategy: Post-Scan Filters: 
2026-08-09 23:12:18,440 INFO datasources.FileSourceStrategy: Output Data Schema: struct<label: double, f1: double, f2: double, f3: double, f4: double ... 27 more fields>
2026-08-09 23:12:18,449 INFO memory.MemoryStore: Block broadcast_3 stored as values in memory (estimated size 305.6 KiB, free 2.2 GiB)
2026-08-09 23:12:18,462 INFO memory.MemoryStore: Block broadcast_3_piece0 stored as bytes in memory (estimated size 54.0 KiB, free 2.2 GiB)
2026-08-09 23:12:18,463 INFO storage.BlockManagerInfo: Added broadcast_3_piece0 in memory on 10.0.0.215:64244 (size: 54.0 KiB, free: 2.2 GiB)
2026-08-09 23:12:18,463 INFO spark.SparkContext: Created broadcast 3 from rdd at HiggsLoader.scala:15
2026-08-09 23:12:18,463 INFO execution.FileSourceScanExec: Planning scan with bin packing, max size: 4194304 bytes, open cost is considered as scanning 4194304 bytes.
2026-08-09 23:12:18,475 INFO spark.SparkContext: Starting job: count at ScalingHarnessDriver.scala:30
2026-08-09 23:12:18,475 INFO scheduler.DAGScheduler: Got job 2 (count at ScalingHarnessDriver.scala:30) with 4 output partitions
2026-08-09 23:12:18,475 INFO scheduler.DAGScheduler: Final stage: ResultStage 2 (count at ScalingHarnessDriver.scala:30)
2026-08-09 23:12:18,475 INFO scheduler.DAGScheduler: Parents of final stage: List()
2026-08-09 23:12:18,477 INFO scheduler.DAGScheduler: Missing parents: List()
2026-08-09 23:12:18,477 INFO scheduler.DAGScheduler: Submitting ResultStage 2 (MapPartitionsRDD[8] at map at HiggsLoader.scala:15), which has no missing parents
2026-08-09 23:12:18,513 INFO memory.MemoryStore: Block broadcast_4 stored as values in memory (estimated size 37.4 KiB, free 2.2 GiB)
2026-08-09 23:12:18,515 INFO memory.MemoryStore: Block broadcast_4_piece0 stored as bytes in memory (estimated size 11.6 KiB, free 2.2 GiB)
2026-08-09 23:12:18,515 INFO storage.BlockManagerInfo: Added broadcast_4_piece0 in memory on 10.0.0.215:64244 (size: 11.6 KiB, free: 2.2 GiB)
2026-08-09 23:12:18,515 INFO spark.SparkContext: Created broadcast 4 from broadcast at DAGScheduler.scala:1513
2026-08-09 23:12:18,516 INFO scheduler.DAGScheduler: Submitting 4 missing tasks from ResultStage 2 (MapPartitionsRDD[8] at map at HiggsLoader.scala:15) (first 15 tasks are for partitions Vector(0, 1, 2, 3))
2026-08-09 23:12:18,516 INFO scheduler.TaskSchedulerImpl: Adding task set 2.0 with 4 tasks resource profile 0
2026-08-09 23:12:18,516 INFO scheduler.FairSchedulableBuilder: Added task set TaskSet_2.0 tasks to pool default
2026-08-09 23:12:18,518 INFO scheduler.TaskSetManager: Starting task 0.0 in stage 2.0 (TID 2) (10.0.0.215, executor driver, partition 0, PROCESS_LOCAL, 5030 bytes) taskResourceAssignments Map()
2026-08-09 23:12:18,519 INFO scheduler.TaskSetManager: Starting task 1.0 in stage 2.0 (TID 3) (10.0.0.215, executor driver, partition 1, PROCESS_LOCAL, 5030 bytes) taskResourceAssignments Map()
2026-08-09 23:12:18,519 INFO scheduler.TaskSetManager: Starting task 2.0 in stage 2.0 (TID 4) (10.0.0.215, executor driver, partition 2, PROCESS_LOCAL, 5030 bytes) taskResourceAssignments Map()
2026-08-09 23:12:18,519 INFO scheduler.TaskSetManager: Starting task 3.0 in stage 2.0 (TID 5) (10.0.0.215, executor driver, partition 3, PROCESS_LOCAL, 5030 bytes) taskResourceAssignments Map()
2026-08-09 23:12:18,519 INFO executor.Executor: Running task 0.0 in stage 2.0 (TID 2)
2026-08-09 23:12:18,520 INFO executor.Executor: Running task 1.0 in stage 2.0 (TID 3)
2026-08-09 23:12:18,521 INFO executor.Executor: Running task 2.0 in stage 2.0 (TID 4)
2026-08-09 23:12:18,521 INFO executor.Executor: Running task 3.0 in stage 2.0 (TID 5)
2026-08-09 23:12:18,632 INFO codegen.CodeGenerator: Code generated in 24.145042 ms
2026-08-09 23:12:18,636 INFO datasources.FileScanRDD: Reading File path: file:///Users/rudybanerjee/northeastern_work/CS6240/project/data/scaling/parquet_100k/train/part-00003-47b82643-ad03-48c2-bce1-e0f70a3cff7f-c000.snappy.parquet, range: 0-1303247, partition values: [empty row]
2026-08-09 23:12:18,636 INFO datasources.FileScanRDD: Reading File path: file:///Users/rudybanerjee/northeastern_work/CS6240/project/data/scaling/parquet_100k/train/part-00000-47b82643-ad03-48c2-bce1-e0f70a3cff7f-c000.snappy.parquet, range: 0-2723314, partition values: [empty row]
2026-08-09 23:12:18,636 INFO datasources.FileScanRDD: Reading File path: file:///Users/rudybanerjee/northeastern_work/CS6240/project/data/scaling/parquet_100k/train/part-00001-47b82643-ad03-48c2-bce1-e0f70a3cff7f-c000.snappy.parquet, range: 0-2721503, partition values: [empty row]
2026-08-09 23:12:18,636 INFO datasources.FileScanRDD: Reading File path: file:///Users/rudybanerjee/northeastern_work/CS6240/project/data/scaling/parquet_100k/train/part-00002-47b82643-ad03-48c2-bce1-e0f70a3cff7f-c000.snappy.parquet, range: 0-2722742, partition values: [empty row]
2026-08-09 23:12:18,732 INFO compress.CodecPool: Got brand-new decompressor [.snappy]
2026-08-09 23:12:18,732 INFO compress.CodecPool: Got brand-new decompressor [.snappy]
2026-08-09 23:12:18,732 INFO compress.CodecPool: Got brand-new decompressor [.snappy]
2026-08-09 23:12:18,732 INFO compress.CodecPool: Got brand-new decompressor [.snappy]
2026-08-09 23:12:19,389 INFO storage.BlockManagerInfo: Removed broadcast_2_piece0 on 10.0.0.215:64244 in memory (size: 55.7 KiB, free: 2.2 GiB)
2026-08-09 23:12:19,919 INFO memory.MemoryStore: Block rdd_8_3 stored as values in memory (estimated size 2.7 MiB, free 2.2 GiB)
2026-08-09 23:12:19,920 INFO storage.BlockManagerInfo: Added rdd_8_3 in memory on 10.0.0.215:64244 (size: 2.7 MiB, free: 2.2 GiB)
2026-08-09 23:12:19,931 INFO executor.Executor: Finished task 3.0 in stage 2.0 (TID 5). 1791 bytes result sent to driver
2026-08-09 23:12:19,934 INFO scheduler.TaskSetManager: Finished task 3.0 in stage 2.0 (TID 5) in 1415 ms on 10.0.0.215 (executor driver) (1/4)
2026-08-09 23:12:20,025 INFO memory.MemoryStore: Block rdd_8_1 stored as values in memory (estimated size 6.7 MiB, free 2.2 GiB)
2026-08-09 23:12:20,025 INFO storage.BlockManagerInfo: Added rdd_8_1 in memory on 10.0.0.215:64244 (size: 6.7 MiB, free: 2.2 GiB)
2026-08-09 23:12:20,026 INFO memory.MemoryStore: Block rdd_8_0 stored as values in memory (estimated size 6.7 MiB, free 2.2 GiB)
2026-08-09 23:12:20,027 INFO storage.BlockManagerInfo: Added rdd_8_0 in memory on 10.0.0.215:64244 (size: 6.7 MiB, free: 2.2 GiB)
2026-08-09 23:12:20,027 INFO memory.MemoryStore: Block rdd_8_2 stored as values in memory (estimated size 6.7 MiB, free 2.2 GiB)
2026-08-09 23:12:20,027 INFO storage.BlockManagerInfo: Added rdd_8_2 in memory on 10.0.0.215:64244 (size: 6.7 MiB, free: 2.2 GiB)
2026-08-09 23:12:20,033 INFO executor.Executor: Finished task 1.0 in stage 2.0 (TID 3). 1791 bytes result sent to driver
2026-08-09 23:12:20,035 INFO scheduler.TaskSetManager: Finished task 1.0 in stage 2.0 (TID 3) in 1517 ms on 10.0.0.215 (executor driver) (2/4)
2026-08-09 23:12:20,036 INFO executor.Executor: Finished task 0.0 in stage 2.0 (TID 2). 1791 bytes result sent to driver
2026-08-09 23:12:20,036 INFO executor.Executor: Finished task 2.0 in stage 2.0 (TID 4). 1791 bytes result sent to driver
2026-08-09 23:12:20,036 INFO scheduler.TaskSetManager: Finished task 0.0 in stage 2.0 (TID 2) in 1520 ms on 10.0.0.215 (executor driver) (3/4)
2026-08-09 23:12:20,036 INFO scheduler.TaskSetManager: Finished task 2.0 in stage 2.0 (TID 4) in 1517 ms on 10.0.0.215 (executor driver) (4/4)
2026-08-09 23:12:20,036 INFO scheduler.TaskSchedulerImpl: Removed TaskSet 2.0, whose tasks have all completed, from pool default
2026-08-09 23:12:20,037 INFO scheduler.DAGScheduler: ResultStage 2 (count at ScalingHarnessDriver.scala:30) finished in 1.559 s
2026-08-09 23:12:20,037 INFO scheduler.DAGScheduler: Job 2 is finished. Cancelling potential speculative or zombie tasks for this job
2026-08-09 23:12:20,037 INFO scheduler.TaskSchedulerImpl: Killing all running tasks in stage 2: Stage finished
2026-08-09 23:12:20,037 INFO scheduler.DAGScheduler: Job 2 finished: count at ScalingHarnessDriver.scala:30, took 1.562614 s
2026-08-09 23:12:20,049 INFO spark.SparkContext: Starting job: count at ScalingHarnessDriver.scala:31
2026-08-09 23:12:20,050 INFO scheduler.DAGScheduler: Got job 3 (count at ScalingHarnessDriver.scala:31) with 2 output partitions
2026-08-09 23:12:20,050 INFO scheduler.DAGScheduler: Final stage: ResultStage 3 (count at ScalingHarnessDriver.scala:31)
2026-08-09 23:12:20,050 INFO scheduler.DAGScheduler: Parents of final stage: List()
2026-08-09 23:12:20,050 INFO scheduler.DAGScheduler: Missing parents: List()
2026-08-09 23:12:20,051 INFO scheduler.DAGScheduler: Submitting ResultStage 3 (MapPartitionsRDD[17] at map at HiggsLoader.scala:15), which has no missing parents
2026-08-09 23:12:20,058 INFO memory.MemoryStore: Block broadcast_5 stored as values in memory (estimated size 37.4 KiB, free 2.2 GiB)
2026-08-09 23:12:20,059 INFO memory.MemoryStore: Block broadcast_5_piece0 stored as bytes in memory (estimated size 11.6 KiB, free 2.2 GiB)
2026-08-09 23:12:20,059 INFO storage.BlockManagerInfo: Added broadcast_5_piece0 in memory on 10.0.0.215:64244 (size: 11.6 KiB, free: 2.2 GiB)
2026-08-09 23:12:20,059 INFO spark.SparkContext: Created broadcast 5 from broadcast at DAGScheduler.scala:1513
2026-08-09 23:12:20,060 INFO scheduler.DAGScheduler: Submitting 2 missing tasks from ResultStage 3 (MapPartitionsRDD[17] at map at HiggsLoader.scala:15) (first 15 tasks are for partitions Vector(0, 1))
2026-08-09 23:12:20,060 INFO scheduler.TaskSchedulerImpl: Adding task set 3.0 with 2 tasks resource profile 0
2026-08-09 23:12:20,060 INFO scheduler.FairSchedulableBuilder: Added task set TaskSet_3.0 tasks to pool default
2026-08-09 23:12:20,061 INFO scheduler.TaskSetManager: Starting task 0.0 in stage 3.0 (TID 6) (10.0.0.215, executor driver, partition 0, PROCESS_LOCAL, 5029 bytes) taskResourceAssignments Map()
2026-08-09 23:12:20,061 INFO scheduler.TaskSetManager: Starting task 1.0 in stage 3.0 (TID 7) (10.0.0.215, executor driver, partition 1, PROCESS_LOCAL, 5029 bytes) taskResourceAssignments Map()
2026-08-09 23:12:20,062 INFO executor.Executor: Running task 1.0 in stage 3.0 (TID 7)
2026-08-09 23:12:20,062 INFO executor.Executor: Running task 0.0 in stage 3.0 (TID 6)
2026-08-09 23:12:20,072 INFO datasources.FileScanRDD: Reading File path: file:///Users/rudybanerjee/northeastern_work/CS6240/project/data/scaling/parquet_100k/test/part-00000-071e19e7-5af4-4303-a39d-3980b05696f5-c000.snappy.parquet, range: 0-2390, partition values: [empty row]
2026-08-09 23:12:20,072 INFO datasources.FileScanRDD: Reading File path: file:///Users/rudybanerjee/northeastern_work/CS6240/project/data/scaling/parquet_100k/test/part-00003-071e19e7-5af4-4303-a39d-3980b05696f5-c000.snappy.parquet, range: 0-1237681, partition values: [empty row]
2026-08-09 23:12:20,081 INFO memory.MemoryStore: Block rdd_17_1 stored as values in memory (estimated size 16.0 B, free 2.2 GiB)
2026-08-09 23:12:20,081 INFO storage.BlockManagerInfo: Added rdd_17_1 in memory on 10.0.0.215:64244 (size: 16.0 B, free: 2.2 GiB)
2026-08-09 23:12:20,082 INFO executor.Executor: Finished task 1.0 in stage 3.0 (TID 7). 1705 bytes result sent to driver
2026-08-09 23:12:20,083 INFO scheduler.TaskSetManager: Finished task 1.0 in stage 3.0 (TID 7) in 22 ms on 10.0.0.215 (executor driver) (1/2)
2026-08-09 23:12:20,138 INFO memory.MemoryStore: Block rdd_17_0 stored as values in memory (estimated size 2.6 MiB, free 2.2 GiB)
2026-08-09 23:12:20,138 INFO storage.BlockManagerInfo: Added rdd_17_0 in memory on 10.0.0.215:64244 (size: 2.6 MiB, free: 2.2 GiB)
2026-08-09 23:12:20,139 INFO executor.Executor: Finished task 0.0 in stage 3.0 (TID 6). 1748 bytes result sent to driver
2026-08-09 23:12:20,140 INFO scheduler.TaskSetManager: Finished task 0.0 in stage 3.0 (TID 6) in 79 ms on 10.0.0.215 (executor driver) (2/2)
2026-08-09 23:12:20,140 INFO scheduler.TaskSchedulerImpl: Removed TaskSet 3.0, whose tasks have all completed, from pool default
2026-08-09 23:12:20,141 INFO scheduler.DAGScheduler: ResultStage 3 (count at ScalingHarnessDriver.scala:31) finished in 0.089 s
2026-08-09 23:12:20,142 INFO scheduler.DAGScheduler: Job 3 is finished. Cancelling potential speculative or zombie tasks for this job
2026-08-09 23:12:20,142 INFO scheduler.TaskSchedulerImpl: Killing all running tasks in stage 3: Stage finished
2026-08-09 23:12:20,142 INFO scheduler.DAGScheduler: Job 3 finished: count at ScalingHarnessDriver.scala:31, took 0.092935 s
2026-08-09 23:12:20,152 INFO spark.SparkContext: Starting job: foreach at ScalingHarnessDriver.scala:34
2026-08-09 23:12:20,153 INFO scheduler.DAGScheduler: Got job 4 (foreach at ScalingHarnessDriver.scala:34) with 4 output partitions
2026-08-09 23:12:20,153 INFO scheduler.DAGScheduler: Final stage: ResultStage 4 (foreach at ScalingHarnessDriver.scala:34)
2026-08-09 23:12:20,153 INFO scheduler.DAGScheduler: Parents of final stage: List()
2026-08-09 23:12:20,154 INFO scheduler.DAGScheduler: Missing parents: List()
2026-08-09 23:12:20,154 INFO scheduler.DAGScheduler: Submitting ResultStage 4 (MapPartitionsRDD[8] at map at HiggsLoader.scala:15), which has no missing parents
2026-08-09 23:12:20,157 INFO memory.MemoryStore: Block broadcast_6 stored as values in memory (estimated size 37.7 KiB, free 2.2 GiB)
2026-08-09 23:12:20,173 INFO memory.MemoryStore: Block broadcast_6_piece0 stored as bytes in memory (estimated size 11.7 KiB, free 2.2 GiB)
2026-08-09 23:12:20,174 INFO storage.BlockManagerInfo: Added broadcast_6_piece0 in memory on 10.0.0.215:64244 (size: 11.7 KiB, free: 2.2 GiB)
2026-08-09 23:12:20,175 INFO storage.BlockManagerInfo: Removed broadcast_5_piece0 on 10.0.0.215:64244 in memory (size: 11.6 KiB, free: 2.2 GiB)
2026-08-09 23:12:20,175 INFO spark.SparkContext: Created broadcast 6 from broadcast at DAGScheduler.scala:1513
2026-08-09 23:12:20,176 INFO scheduler.DAGScheduler: Submitting 4 missing tasks from ResultStage 4 (MapPartitionsRDD[8] at map at HiggsLoader.scala:15) (first 15 tasks are for partitions Vector(0, 1, 2, 3))
2026-08-09 23:12:20,176 INFO scheduler.TaskSchedulerImpl: Adding task set 4.0 with 4 tasks resource profile 0
2026-08-09 23:12:20,178 INFO scheduler.FairSchedulableBuilder: Added task set TaskSet_4.0 tasks to pool default
2026-08-09 23:12:20,179 INFO scheduler.TaskSetManager: Starting task 0.0 in stage 4.0 (TID 8) (10.0.0.215, executor driver, partition 0, PROCESS_LOCAL, 5030 bytes) taskResourceAssignments Map()
2026-08-09 23:12:20,179 INFO scheduler.TaskSetManager: Starting task 1.0 in stage 4.0 (TID 9) (10.0.0.215, executor driver, partition 1, PROCESS_LOCAL, 5030 bytes) taskResourceAssignments Map()
2026-08-09 23:12:20,179 INFO scheduler.TaskSetManager: Starting task 2.0 in stage 4.0 (TID 10) (10.0.0.215, executor driver, partition 2, PROCESS_LOCAL, 5030 bytes) taskResourceAssignments Map()
2026-08-09 23:12:20,180 INFO scheduler.TaskSetManager: Starting task 3.0 in stage 4.0 (TID 11) (10.0.0.215, executor driver, partition 3, PROCESS_LOCAL, 5030 bytes) taskResourceAssignments Map()
2026-08-09 23:12:20,180 INFO executor.Executor: Running task 1.0 in stage 4.0 (TID 9)
2026-08-09 23:12:20,180 INFO executor.Executor: Running task 3.0 in stage 4.0 (TID 11)
2026-08-09 23:12:20,180 INFO executor.Executor: Running task 2.0 in stage 4.0 (TID 10)
2026-08-09 23:12:20,180 INFO executor.Executor: Running task 0.0 in stage 4.0 (TID 8)
2026-08-09 23:12:20,191 INFO storage.BlockManager: Found block rdd_8_0 locally
2026-08-09 23:12:20,191 INFO storage.BlockManager: Found block rdd_8_2 locally
2026-08-09 23:12:20,191 INFO storage.BlockManager: Found block rdd_8_3 locally
2026-08-09 23:12:20,191 INFO storage.BlockManager: Found block rdd_8_1 locally
2026-08-09 23:12:20,198 INFO executor.Executor: Finished task 3.0 in stage 4.0 (TID 11). 1710 bytes result sent to driver
2026-08-09 23:12:20,241 INFO scheduler.TaskSetManager: Finished task 3.0 in stage 4.0 (TID 11) in 23 ms on 10.0.0.215 (executor driver) (1/4)
2026-08-09 23:12:20,244 INFO storage.BlockManagerInfo: Removed broadcast_4_piece0 on 10.0.0.215:64244 in memory (size: 11.6 KiB, free: 2.2 GiB)
2026-08-09 23:12:20,245 INFO executor.Executor: Finished task 2.0 in stage 4.0 (TID 10). 1710 bytes result sent to driver
2026-08-09 23:12:20,245 INFO executor.Executor: Finished task 0.0 in stage 4.0 (TID 8). 1710 bytes result sent to driver
2026-08-09 23:12:20,245 INFO executor.Executor: Finished task 1.0 in stage 4.0 (TID 9). 1710 bytes result sent to driver
2026-08-09 23:12:20,245 INFO scheduler.TaskSetManager: Finished task 2.0 in stage 4.0 (TID 10) in 66 ms on 10.0.0.215 (executor driver) (2/4)
2026-08-09 23:12:20,246 INFO scheduler.TaskSetManager: Finished task 0.0 in stage 4.0 (TID 8) in 68 ms on 10.0.0.215 (executor driver) (3/4)
2026-08-09 23:12:20,246 INFO scheduler.TaskSetManager: Finished task 1.0 in stage 4.0 (TID 9) in 67 ms on 10.0.0.215 (executor driver) (4/4)
2026-08-09 23:12:20,246 INFO scheduler.TaskSchedulerImpl: Removed TaskSet 4.0, whose tasks have all completed, from pool default
2026-08-09 23:12:20,247 INFO scheduler.DAGScheduler: ResultStage 4 (foreach at ScalingHarnessDriver.scala:34) finished in 0.092 s
2026-08-09 23:12:20,247 INFO scheduler.DAGScheduler: Job 4 is finished. Cancelling potential speculative or zombie tasks for this job
2026-08-09 23:12:20,247 INFO scheduler.TaskSchedulerImpl: Killing all running tasks in stage 4: Stage finished
2026-08-09 23:12:20,247 INFO scheduler.DAGScheduler: Job 4 finished: foreach at ScalingHarnessDriver.scala:34, took 0.095022 s
2026-08-09 23:12:20,254 INFO spark.SparkContext: Starting job: foreach at ScalingHarnessDriver.scala:35
2026-08-09 23:12:20,255 INFO scheduler.DAGScheduler: Got job 5 (foreach at ScalingHarnessDriver.scala:35) with 2 output partitions
2026-08-09 23:12:20,255 INFO scheduler.DAGScheduler: Final stage: ResultStage 5 (foreach at ScalingHarnessDriver.scala:35)
2026-08-09 23:12:20,255 INFO scheduler.DAGScheduler: Parents of final stage: List()
2026-08-09 23:12:20,255 INFO scheduler.DAGScheduler: Missing parents: List()
2026-08-09 23:12:20,255 INFO scheduler.DAGScheduler: Submitting ResultStage 5 (MapPartitionsRDD[17] at map at HiggsLoader.scala:15), which has no missing parents
2026-08-09 23:12:20,258 INFO memory.MemoryStore: Block broadcast_7 stored as values in memory (estimated size 37.7 KiB, free 2.2 GiB)
2026-08-09 23:12:20,259 INFO memory.MemoryStore: Block broadcast_7_piece0 stored as bytes in memory (estimated size 11.7 KiB, free 2.2 GiB)
2026-08-09 23:12:20,260 INFO storage.BlockManagerInfo: Added broadcast_7_piece0 in memory on 10.0.0.215:64244 (size: 11.7 KiB, free: 2.2 GiB)
2026-08-09 23:12:20,260 INFO spark.SparkContext: Created broadcast 7 from broadcast at DAGScheduler.scala:1513
2026-08-09 23:12:20,261 INFO scheduler.DAGScheduler: Submitting 2 missing tasks from ResultStage 5 (MapPartitionsRDD[17] at map at HiggsLoader.scala:15) (first 15 tasks are for partitions Vector(0, 1))
2026-08-09 23:12:20,261 INFO scheduler.TaskSchedulerImpl: Adding task set 5.0 with 2 tasks resource profile 0
2026-08-09 23:12:20,261 INFO scheduler.FairSchedulableBuilder: Added task set TaskSet_5.0 tasks to pool default
2026-08-09 23:12:20,262 INFO scheduler.TaskSetManager: Starting task 0.0 in stage 5.0 (TID 12) (10.0.0.215, executor driver, partition 0, PROCESS_LOCAL, 5029 bytes) taskResourceAssignments Map()
2026-08-09 23:12:20,262 INFO scheduler.TaskSetManager: Starting task 1.0 in stage 5.0 (TID 13) (10.0.0.215, executor driver, partition 1, PROCESS_LOCAL, 5029 bytes) taskResourceAssignments Map()
2026-08-09 23:12:20,262 INFO executor.Executor: Running task 1.0 in stage 5.0 (TID 13)
2026-08-09 23:12:20,262 INFO executor.Executor: Running task 0.0 in stage 5.0 (TID 12)
2026-08-09 23:12:20,265 INFO storage.BlockManager: Found block rdd_17_0 locally
2026-08-09 23:12:20,265 INFO storage.BlockManager: Found block rdd_17_1 locally
2026-08-09 23:12:20,266 INFO executor.Executor: Finished task 1.0 in stage 5.0 (TID 13). 1624 bytes result sent to driver
2026-08-09 23:12:20,267 INFO scheduler.TaskSetManager: Finished task 1.0 in stage 5.0 (TID 13) in 5 ms on 10.0.0.215 (executor driver) (1/2)
2026-08-09 23:12:20,267 INFO executor.Executor: Finished task 0.0 in stage 5.0 (TID 12). 1710 bytes result sent to driver
2026-08-09 23:12:20,267 INFO scheduler.TaskSetManager: Finished task 0.0 in stage 5.0 (TID 12) in 6 ms on 10.0.0.215 (executor driver) (2/2)
2026-08-09 23:12:20,268 INFO scheduler.TaskSchedulerImpl: Removed TaskSet 5.0, whose tasks have all completed, from pool default
2026-08-09 23:12:20,268 INFO scheduler.DAGScheduler: ResultStage 5 (foreach at ScalingHarnessDriver.scala:35) finished in 0.012 s
2026-08-09 23:12:20,268 INFO scheduler.DAGScheduler: Job 5 is finished. Cancelling potential speculative or zombie tasks for this job
2026-08-09 23:12:20,268 INFO scheduler.TaskSchedulerImpl: Killing all running tasks in stage 5: Stage finished
2026-08-09 23:12:20,268 INFO scheduler.DAGScheduler: Job 5 finished: foreach at ScalingHarnessDriver.scala:35, took 0.013872 s
[scaling] label=100k trainRows=90000 testRows=10000 sweepSize=12
2026-08-09 23:12:20,281 INFO spark.SparkContext: Starting job: zipWithIndex at EnsembleTrainer.scala:31
2026-08-09 23:12:20,282 INFO spark.SparkContext: Starting job: zipWithIndex at EnsembleTrainer.scala:31
2026-08-09 23:12:20,282 INFO spark.SparkContext: Starting job: zipWithIndex at EnsembleTrainer.scala:31
2026-08-09 23:12:20,282 INFO scheduler.DAGScheduler: Got job 6 (zipWithIndex at EnsembleTrainer.scala:31) with 3 output partitions
2026-08-09 23:12:20,282 INFO scheduler.DAGScheduler: Final stage: ResultStage 6 (zipWithIndex at EnsembleTrainer.scala:31)
2026-08-09 23:12:20,282 INFO spark.SparkContext: Starting job: zipWithIndex at EnsembleTrainer.scala:31
2026-08-09 23:12:20,282 INFO scheduler.DAGScheduler: Parents of final stage: List()
2026-08-09 23:12:20,283 INFO spark.SparkContext: Starting job: zipWithIndex at EnsembleTrainer.scala:31
2026-08-09 23:12:20,283 INFO spark.SparkContext: Starting job: zipWithIndex at EnsembleTrainer.scala:31
2026-08-09 23:12:20,283 INFO scheduler.DAGScheduler: Missing parents: List()
2026-08-09 23:12:20,284 INFO scheduler.DAGScheduler: Submitting ResultStage 6 (MapPartitionsRDD[8] at map at HiggsLoader.scala:15), which has no missing parents
2026-08-09 23:12:20,286 INFO memory.MemoryStore: Block broadcast_8 stored as values in memory (estimated size 37.6 KiB, free 2.2 GiB)
2026-08-09 23:12:20,287 INFO memory.MemoryStore: Block broadcast_8_piece0 stored as bytes in memory (estimated size 11.7 KiB, free 2.2 GiB)
2026-08-09 23:12:20,287 INFO storage.BlockManagerInfo: Added broadcast_8_piece0 in memory on 10.0.0.215:64244 (size: 11.7 KiB, free: 2.2 GiB)
2026-08-09 23:12:20,288 INFO spark.SparkContext: Created broadcast 8 from broadcast at DAGScheduler.scala:1513
2026-08-09 23:12:20,288 INFO scheduler.DAGScheduler: Submitting 3 missing tasks from ResultStage 6 (MapPartitionsRDD[8] at map at HiggsLoader.scala:15) (first 15 tasks are for partitions Vector(0, 1, 2))
2026-08-09 23:12:20,288 INFO scheduler.TaskSchedulerImpl: Adding task set 6.0 with 3 tasks resource profile 0
2026-08-09 23:12:20,289 INFO scheduler.FairSchedulableBuilder: Added task set TaskSet_6.0 tasks to pool default
2026-08-09 23:12:20,289 INFO scheduler.DAGScheduler: Got job 7 (zipWithIndex at EnsembleTrainer.scala:31) with 3 output partitions
2026-08-09 23:12:20,289 INFO scheduler.DAGScheduler: Final stage: ResultStage 7 (zipWithIndex at EnsembleTrainer.scala:31)
2026-08-09 23:12:20,289 INFO scheduler.DAGScheduler: Parents of final stage: List()
2026-08-09 23:12:20,290 INFO scheduler.TaskSetManager: Starting task 0.0 in stage 6.0 (TID 14) (10.0.0.215, executor driver, partition 0, PROCESS_LOCAL, 5030 bytes) taskResourceAssignments Map()
2026-08-09 23:12:20,291 INFO scheduler.TaskSetManager: Starting task 1.0 in stage 6.0 (TID 15) (10.0.0.215, executor driver, partition 1, PROCESS_LOCAL, 5030 bytes) taskResourceAssignments Map()
2026-08-09 23:12:20,291 INFO scheduler.TaskSetManager: Starting task 2.0 in stage 6.0 (TID 16) (10.0.0.215, executor driver, partition 2, PROCESS_LOCAL, 5030 bytes) taskResourceAssignments Map()
2026-08-09 23:12:20,291 INFO scheduler.DAGScheduler: Missing parents: List()
2026-08-09 23:12:20,293 INFO executor.Executor: Running task 1.0 in stage 6.0 (TID 15)
2026-08-09 23:12:20,294 INFO executor.Executor: Running task 2.0 in stage 6.0 (TID 16)
2026-08-09 23:12:20,294 INFO scheduler.DAGScheduler: Submitting ResultStage 7 (MapPartitionsRDD[8] at map at HiggsLoader.scala:15), which has no missing parents
2026-08-09 23:12:20,294 INFO executor.Executor: Running task 0.0 in stage 6.0 (TID 14)
2026-08-09 23:12:20,297 INFO spark.SparkContext: Starting job: collect at EnsembleTrainer.scala:80
2026-08-09 23:12:20,298 INFO storage.BlockManager: Found block rdd_8_1 locally
2026-08-09 23:12:20,299 INFO executor.Executor: Finished task 1.0 in stage 6.0 (TID 15). 1748 bytes result sent to driver
2026-08-09 23:12:20,301 INFO spark.SparkContext: Starting job: collect at EnsembleTrainer.scala:80
2026-08-09 23:12:20,301 INFO spark.SparkContext: Starting job: collect at EnsembleTrainer.scala:80
2026-08-09 23:12:20,301 INFO spark.SparkContext: Starting job: collect at EnsembleTrainer.scala:80
2026-08-09 23:12:20,301 INFO memory.MemoryStore: Block broadcast_9 stored as values in memory (estimated size 37.6 KiB, free 2.2 GiB)
2026-08-09 23:12:20,301 INFO storage.BlockManager: Found block rdd_8_2 locally
2026-08-09 23:12:20,302 INFO memory.MemoryStore: Block broadcast_9_piece0 stored as bytes in memory (estimated size 11.7 KiB, free 2.2 GiB)
2026-08-09 23:12:20,302 INFO storage.BlockManagerInfo: Added broadcast_9_piece0 in memory on 10.0.0.215:64244 (size: 11.7 KiB, free: 2.2 GiB)
2026-08-09 23:12:20,302 INFO executor.Executor: Finished task 2.0 in stage 6.0 (TID 16). 1748 bytes result sent to driver
2026-08-09 23:12:20,302 INFO storage.BlockManager: Found block rdd_8_0 locally
2026-08-09 23:12:20,303 INFO scheduler.TaskSetManager: Finished task 1.0 in stage 6.0 (TID 15) in 12 ms on 10.0.0.215 (executor driver) (1/3)
2026-08-09 23:12:20,303 INFO spark.SparkContext: Created broadcast 9 from broadcast at DAGScheduler.scala:1513
2026-08-09 23:12:20,303 INFO scheduler.TaskSetManager: Finished task 2.0 in stage 6.0 (TID 16) in 12 ms on 10.0.0.215 (executor driver) (2/3)
2026-08-09 23:12:20,304 INFO scheduler.DAGScheduler: Submitting 3 missing tasks from ResultStage 7 (MapPartitionsRDD[8] at map at HiggsLoader.scala:15) (first 15 tasks are for partitions Vector(0, 1, 2))
2026-08-09 23:12:20,304 INFO scheduler.TaskSchedulerImpl: Adding task set 7.0 with 3 tasks resource profile 0
2026-08-09 23:12:20,304 INFO executor.Executor: Finished task 0.0 in stage 6.0 (TID 14). 1748 bytes result sent to driver
2026-08-09 23:12:20,303 INFO spark.SparkContext: Starting job: collect at EnsembleTrainer.scala:80
2026-08-09 23:12:20,304 INFO scheduler.FairSchedulableBuilder: Added task set TaskSet_7.0 tasks to pool default
2026-08-09 23:12:20,305 INFO spark.SparkContext: Starting job: collect at EnsembleTrainer.scala:80
2026-08-09 23:12:20,305 INFO scheduler.DAGScheduler: Got job 8 (zipWithIndex at EnsembleTrainer.scala:31) with 3 output partitions
2026-08-09 23:12:20,305 INFO scheduler.DAGScheduler: Final stage: ResultStage 8 (zipWithIndex at EnsembleTrainer.scala:31)
2026-08-09 23:12:20,305 INFO scheduler.DAGScheduler: Parents of final stage: List()
2026-08-09 23:12:20,305 INFO scheduler.DAGScheduler: Missing parents: List()
2026-08-09 23:12:20,306 INFO scheduler.TaskSetManager: Starting task 0.0 in stage 7.0 (TID 17) (10.0.0.215, executor driver, partition 0, PROCESS_LOCAL, 5030 bytes) taskResourceAssignments Map()
2026-08-09 23:12:20,306 INFO scheduler.DAGScheduler: Submitting ResultStage 8 (MapPartitionsRDD[8] at map at HiggsLoader.scala:15), which has no missing parents
2026-08-09 23:12:20,306 INFO scheduler.TaskSetManager: Starting task 1.0 in stage 7.0 (TID 18) (10.0.0.215, executor driver, partition 1, PROCESS_LOCAL, 5030 bytes) taskResourceAssignments Map()
2026-08-09 23:12:20,306 INFO scheduler.TaskSetManager: Starting task 2.0 in stage 7.0 (TID 19) (10.0.0.215, executor driver, partition 2, PROCESS_LOCAL, 5030 bytes) taskResourceAssignments Map()
2026-08-09 23:12:20,306 INFO executor.Executor: Running task 0.0 in stage 7.0 (TID 17)
2026-08-09 23:12:20,306 INFO executor.Executor: Running task 2.0 in stage 7.0 (TID 19)
2026-08-09 23:12:20,306 INFO executor.Executor: Running task 1.0 in stage 7.0 (TID 18)
2026-08-09 23:12:20,306 INFO scheduler.TaskSetManager: Finished task 0.0 in stage 6.0 (TID 14) in 16 ms on 10.0.0.215 (executor driver) (3/3)
2026-08-09 23:12:20,307 INFO scheduler.TaskSchedulerImpl: Removed TaskSet 6.0, whose tasks have all completed, from pool default
2026-08-09 23:12:20,309 INFO memory.MemoryStore: Block broadcast_10 stored as values in memory (estimated size 37.6 KiB, free 2.2 GiB)
2026-08-09 23:12:20,309 INFO storage.BlockManager: Found block rdd_8_0 locally
2026-08-09 23:12:20,310 INFO storage.BlockManager: Found block rdd_8_1 locally
2026-08-09 23:12:20,310 INFO memory.MemoryStore: Block broadcast_10_piece0 stored as bytes in memory (estimated size 11.7 KiB, free 2.2 GiB)
2026-08-09 23:12:20,310 INFO storage.BlockManagerInfo: Added broadcast_10_piece0 in memory on 10.0.0.215:64244 (size: 11.7 KiB, free: 2.2 GiB)
2026-08-09 23:12:20,311 INFO spark.SparkContext: Created broadcast 10 from broadcast at DAGScheduler.scala:1513
2026-08-09 23:12:20,311 INFO storage.BlockManager: Found block rdd_8_2 locally
2026-08-09 23:12:20,312 INFO scheduler.DAGScheduler: Submitting 3 missing tasks from ResultStage 8 (MapPartitionsRDD[8] at map at HiggsLoader.scala:15) (first 15 tasks are for partitions Vector(0, 1, 2))
2026-08-09 23:12:20,312 INFO scheduler.TaskSchedulerImpl: Adding task set 8.0 with 3 tasks resource profile 0
2026-08-09 23:12:20,313 INFO scheduler.FairSchedulableBuilder: Added task set TaskSet_8.0 tasks to pool default
2026-08-09 23:12:20,313 INFO scheduler.DAGScheduler: Got job 9 (zipWithIndex at EnsembleTrainer.scala:31) with 3 output partitions
2026-08-09 23:12:20,313 INFO scheduler.DAGScheduler: Final stage: ResultStage 9 (zipWithIndex at EnsembleTrainer.scala:31)
2026-08-09 23:12:20,313 INFO scheduler.DAGScheduler: Parents of final stage: List()
2026-08-09 23:12:20,313 INFO scheduler.TaskSetManager: Starting task 0.0 in stage 8.0 (TID 20) (10.0.0.215, executor driver, partition 0, PROCESS_LOCAL, 5030 bytes) taskResourceAssignments Map()
2026-08-09 23:12:20,314 INFO scheduler.DAGScheduler: Missing parents: List()
2026-08-09 23:12:20,314 INFO executor.Executor: Running task 0.0 in stage 8.0 (TID 20)
2026-08-09 23:12:20,314 INFO scheduler.DAGScheduler: Submitting ResultStage 9 (MapPartitionsRDD[8] at map at HiggsLoader.scala:15), which has no missing parents
2026-08-09 23:12:20,315 INFO executor.Executor: Finished task 0.0 in stage 7.0 (TID 17). 1748 bytes result sent to driver
2026-08-09 23:12:20,315 INFO scheduler.TaskSetManager: Starting task 1.0 in stage 8.0 (TID 21) (10.0.0.215, executor driver, partition 1, PROCESS_LOCAL, 5030 bytes) taskResourceAssignments Map()
2026-08-09 23:12:20,316 INFO executor.Executor: Finished task 1.0 in stage 7.0 (TID 18). 1748 bytes result sent to driver
2026-08-09 23:12:20,316 INFO scheduler.TaskSetManager: Starting task 2.0 in stage 8.0 (TID 22) (10.0.0.215, executor driver, partition 2, PROCESS_LOCAL, 5030 bytes) taskResourceAssignments Map()
2026-08-09 23:12:20,316 INFO scheduler.TaskSetManager: Finished task 0.0 in stage 7.0 (TID 17) in 11 ms on 10.0.0.215 (executor driver) (1/3)
2026-08-09 23:12:20,316 INFO executor.Executor: Running task 1.0 in stage 8.0 (TID 21)
2026-08-09 23:12:20,316 INFO scheduler.TaskSetManager: Finished task 1.0 in stage 7.0 (TID 18) in 10 ms on 10.0.0.215 (executor driver) (2/3)
2026-08-09 23:12:20,316 INFO executor.Executor: Running task 2.0 in stage 8.0 (TID 22)
2026-08-09 23:12:20,316 INFO memory.MemoryStore: Block broadcast_11 stored as values in memory (estimated size 37.6 KiB, free 2.2 GiB)
2026-08-09 23:12:20,317 INFO storage.BlockManager: Found block rdd_8_0 locally
2026-08-09 23:12:20,317 INFO memory.MemoryStore: Block broadcast_11_piece0 stored as bytes in memory (estimated size 11.7 KiB, free 2.2 GiB)
2026-08-09 23:12:20,317 INFO storage.BlockManagerInfo: Added broadcast_11_piece0 in memory on 10.0.0.215:64244 (size: 11.7 KiB, free: 2.2 GiB)
2026-08-09 23:12:20,318 INFO executor.Executor: Finished task 2.0 in stage 7.0 (TID 19). 1748 bytes result sent to driver
2026-08-09 23:12:20,318 INFO spark.SparkContext: Created broadcast 11 from broadcast at DAGScheduler.scala:1513
2026-08-09 23:12:20,319 INFO scheduler.DAGScheduler: Submitting 3 missing tasks from ResultStage 9 (MapPartitionsRDD[8] at map at HiggsLoader.scala:15) (first 15 tasks are for partitions Vector(0, 1, 2))
2026-08-09 23:12:20,319 INFO scheduler.TaskSchedulerImpl: Adding task set 9.0 with 3 tasks resource profile 0
2026-08-09 23:12:20,319 INFO executor.Executor: Finished task 0.0 in stage 8.0 (TID 20). 1748 bytes result sent to driver
2026-08-09 23:12:20,319 INFO storage.BlockManager: Found block rdd_8_1 locally
2026-08-09 23:12:20,319 INFO scheduler.FairSchedulableBuilder: Added task set TaskSet_9.0 tasks to pool default
2026-08-09 23:12:20,320 INFO scheduler.DAGScheduler: Got job 10 (zipWithIndex at EnsembleTrainer.scala:31) with 3 output partitions
2026-08-09 23:12:20,320 INFO scheduler.DAGScheduler: Final stage: ResultStage 10 (zipWithIndex at EnsembleTrainer.scala:31)
2026-08-09 23:12:20,320 INFO scheduler.DAGScheduler: Parents of final stage: List()
2026-08-09 23:12:20,320 INFO storage.BlockManager: Found block rdd_8_2 locally
2026-08-09 23:12:20,320 INFO scheduler.DAGScheduler: Missing parents: List()
2026-08-09 23:12:20,320 INFO scheduler.TaskSetManager: Starting task 0.0 in stage 9.0 (TID 23) (10.0.0.215, executor driver, partition 0, PROCESS_LOCAL, 5030 bytes) taskResourceAssignments Map()
2026-08-09 23:12:20,320 INFO scheduler.DAGScheduler: Submitting ResultStage 10 (MapPartitionsRDD[8] at map at HiggsLoader.scala:15), which has no missing parents
2026-08-09 23:12:20,320 INFO scheduler.TaskSetManager: Starting task 1.0 in stage 9.0 (TID 24) (10.0.0.215, executor driver, partition 1, PROCESS_LOCAL, 5030 bytes) taskResourceAssignments Map()
2026-08-09 23:12:20,321 INFO executor.Executor: Running task 0.0 in stage 9.0 (TID 23)
2026-08-09 23:12:20,321 INFO scheduler.TaskSetManager: Finished task 0.0 in stage 8.0 (TID 20) in 8 ms on 10.0.0.215 (executor driver) (1/3)
2026-08-09 23:12:20,321 INFO executor.Executor: Running task 1.0 in stage 9.0 (TID 24)
2026-08-09 23:12:20,321 INFO scheduler.TaskSetManager: Finished task 2.0 in stage 7.0 (TID 19) in 15 ms on 10.0.0.215 (executor driver) (3/3)
2026-08-09 23:12:20,321 INFO scheduler.TaskSchedulerImpl: Removed TaskSet 7.0, whose tasks have all completed, from pool default
2026-08-09 23:12:20,322 INFO executor.Executor: Finished task 2.0 in stage 8.0 (TID 22). 1748 bytes result sent to driver
2026-08-09 23:12:20,323 INFO executor.Executor: Finished task 1.0 in stage 8.0 (TID 21). 1748 bytes result sent to driver
2026-08-09 23:12:20,323 INFO memory.MemoryStore: Block broadcast_12 stored as values in memory (estimated size 37.6 KiB, free 2.2 GiB)
2026-08-09 23:12:20,323 INFO scheduler.TaskSetManager: Starting task 2.0 in stage 9.0 (TID 25) (10.0.0.215, executor driver, partition 2, PROCESS_LOCAL, 5030 bytes) taskResourceAssignments Map()
2026-08-09 23:12:20,323 INFO storage.BlockManager: Found block rdd_8_1 locally
2026-08-09 23:12:20,324 INFO executor.Executor: Running task 2.0 in stage 9.0 (TID 25)
2026-08-09 23:12:20,324 INFO scheduler.TaskSetManager: Finished task 2.0 in stage 8.0 (TID 22) in 8 ms on 10.0.0.215 (executor driver) (2/3)
2026-08-09 23:12:20,324 INFO memory.MemoryStore: Block broadcast_12_piece0 stored as bytes in memory (estimated size 11.7 KiB, free 2.2 GiB)
2026-08-09 23:12:20,324 INFO storage.BlockManager: Found block rdd_8_0 locally
2026-08-09 23:12:20,324 INFO scheduler.TaskSetManager: Finished task 1.0 in stage 8.0 (TID 21) in 9 ms on 10.0.0.215 (executor driver) (3/3)
2026-08-09 23:12:20,324 INFO storage.BlockManagerInfo: Added broadcast_12_piece0 in memory on 10.0.0.215:64244 (size: 11.7 KiB, free: 2.2 GiB)
2026-08-09 23:12:20,324 INFO scheduler.TaskSchedulerImpl: Removed TaskSet 8.0, whose tasks have all completed, from pool default
2026-08-09 23:12:20,325 INFO spark.SparkContext: Created broadcast 12 from broadcast at DAGScheduler.scala:1513
2026-08-09 23:12:20,325 INFO scheduler.DAGScheduler: Submitting 3 missing tasks from ResultStage 10 (MapPartitionsRDD[8] at map at HiggsLoader.scala:15) (first 15 tasks are for partitions Vector(0, 1, 2))
2026-08-09 23:12:20,325 INFO scheduler.TaskSchedulerImpl: Adding task set 10.0 with 3 tasks resource profile 0
2026-08-09 23:12:20,326 INFO storage.BlockManager: Found block rdd_8_2 locally
2026-08-09 23:12:20,326 INFO executor.Executor: Finished task 1.0 in stage 9.0 (TID 24). 1748 bytes result sent to driver
2026-08-09 23:12:20,326 INFO scheduler.FairSchedulableBuilder: Added task set TaskSet_10.0 tasks to pool default
2026-08-09 23:12:20,326 INFO scheduler.DAGScheduler: Got job 11 (zipWithIndex at EnsembleTrainer.scala:31) with 3 output partitions
2026-08-09 23:12:20,326 INFO scheduler.DAGScheduler: Final stage: ResultStage 11 (zipWithIndex at EnsembleTrainer.scala:31)
2026-08-09 23:12:20,326 INFO scheduler.DAGScheduler: Parents of final stage: List()
2026-08-09 23:12:20,327 INFO scheduler.TaskSetManager: Starting task 0.0 in stage 10.0 (TID 26) (10.0.0.215, executor driver, partition 0, PROCESS_LOCAL, 5030 bytes) taskResourceAssignments Map()
2026-08-09 23:12:20,327 INFO scheduler.TaskSetManager: Starting task 1.0 in stage 10.0 (TID 27) (10.0.0.215, executor driver, partition 1, PROCESS_LOCAL, 5030 bytes) taskResourceAssignments Map()
2026-08-09 23:12:20,327 INFO scheduler.DAGScheduler: Missing parents: List()
2026-08-09 23:12:20,327 INFO scheduler.DAGScheduler: Submitting ResultStage 11 (MapPartitionsRDD[8] at map at HiggsLoader.scala:15), which has no missing parents
2026-08-09 23:12:20,327 INFO scheduler.TaskSetManager: Finished task 1.0 in stage 9.0 (TID 24) in 7 ms on 10.0.0.215 (executor driver) (1/3)
2026-08-09 23:12:20,328 INFO executor.Executor: Running task 0.0 in stage 10.0 (TID 26)
2026-08-09 23:12:20,328 INFO executor.Executor: Running task 1.0 in stage 10.0 (TID 27)
2026-08-09 23:12:20,328 INFO executor.Executor: Finished task 0.0 in stage 9.0 (TID 23). 1748 bytes result sent to driver
2026-08-09 23:12:20,329 INFO scheduler.TaskSetManager: Starting task 2.0 in stage 10.0 (TID 28) (10.0.0.215, executor driver, partition 2, PROCESS_LOCAL, 5030 bytes) taskResourceAssignments Map()
2026-08-09 23:12:20,329 INFO scheduler.TaskSetManager: Finished task 0.0 in stage 9.0 (TID 23) in 9 ms on 10.0.0.215 (executor driver) (2/3)
2026-08-09 23:12:20,329 INFO executor.Executor: Running task 2.0 in stage 10.0 (TID 28)
2026-08-09 23:12:20,329 INFO memory.MemoryStore: Block broadcast_13 stored as values in memory (estimated size 37.6 KiB, free 2.2 GiB)
2026-08-09 23:12:20,329 INFO executor.Executor: Finished task 2.0 in stage 9.0 (TID 25). 1748 bytes result sent to driver
2026-08-09 23:12:20,329 INFO memory.MemoryStore: Block broadcast_13_piece0 stored as bytes in memory (estimated size 11.7 KiB, free 2.2 GiB)
2026-08-09 23:12:20,330 INFO storage.BlockManagerInfo: Added broadcast_13_piece0 in memory on 10.0.0.215:64244 (size: 11.7 KiB, free: 2.2 GiB)
2026-08-09 23:12:20,330 INFO storage.BlockManager: Found block rdd_8_0 locally
2026-08-09 23:12:20,330 INFO scheduler.TaskSetManager: Finished task 2.0 in stage 9.0 (TID 25) in 7 ms on 10.0.0.215 (executor driver) (3/3)
2026-08-09 23:12:20,330 INFO scheduler.TaskSchedulerImpl: Removed TaskSet 9.0, whose tasks have all completed, from pool default
2026-08-09 23:12:20,331 INFO spark.SparkContext: Created broadcast 13 from broadcast at DAGScheduler.scala:1513
2026-08-09 23:12:20,331 INFO storage.BlockManager: Found block rdd_8_1 locally
2026-08-09 23:12:20,331 INFO executor.Executor: Finished task 0.0 in stage 10.0 (TID 26). 1748 bytes result sent to driver
2026-08-09 23:12:20,331 INFO storage.BlockManager: Found block rdd_8_2 locally
2026-08-09 23:12:20,332 INFO scheduler.DAGScheduler: Submitting 3 missing tasks from ResultStage 11 (MapPartitionsRDD[8] at map at HiggsLoader.scala:15) (first 15 tasks are for partitions Vector(0, 1, 2))
2026-08-09 23:12:20,332 INFO scheduler.TaskSchedulerImpl: Adding task set 11.0 with 3 tasks resource profile 0
2026-08-09 23:12:20,332 INFO scheduler.FairSchedulableBuilder: Added task set TaskSet_11.0 tasks to pool default
2026-08-09 23:12:20,333 INFO scheduler.TaskSetManager: Starting task 0.0 in stage 11.0 (TID 29) (10.0.0.215, executor driver, partition 0, PROCESS_LOCAL, 5030 bytes) taskResourceAssignments Map()
2026-08-09 23:12:20,333 INFO scheduler.DAGScheduler: ResultStage 6 (zipWithIndex at EnsembleTrainer.scala:31) finished in 0.049 s
2026-08-09 23:12:20,333 INFO scheduler.DAGScheduler: Job 6 is finished. Cancelling potential speculative or zombie tasks for this job
2026-08-09 23:12:20,333 INFO scheduler.TaskSetManager: Starting task 1.0 in stage 11.0 (TID 30) (10.0.0.215, executor driver, partition 1, PROCESS_LOCAL, 5030 bytes) taskResourceAssignments Map()
2026-08-09 23:12:20,333 INFO scheduler.TaskSchedulerImpl: Killing all running tasks in stage 6: Stage finished
2026-08-09 23:12:20,333 INFO executor.Executor: Running task 0.0 in stage 11.0 (TID 29)
2026-08-09 23:12:20,333 INFO executor.Executor: Running task 1.0 in stage 11.0 (TID 30)
2026-08-09 23:12:20,333 INFO scheduler.DAGScheduler: Job 6 finished: zipWithIndex at EnsembleTrainer.scala:31, took 0.052490 s
2026-08-09 23:12:20,334 INFO scheduler.TaskSetManager: Finished task 0.0 in stage 10.0 (TID 26) in 8 ms on 10.0.0.215 (executor driver) (1/3)
2026-08-09 23:12:20,334 INFO executor.Executor: Finished task 2.0 in stage 10.0 (TID 28). 1748 bytes result sent to driver
2026-08-09 23:12:20,335 INFO executor.Executor: Finished task 1.0 in stage 10.0 (TID 27). 1748 bytes result sent to driver
2026-08-09 23:12:20,336 INFO scheduler.TaskSetManager: Starting task 2.0 in stage 11.0 (TID 31) (10.0.0.215, executor driver, partition 2, PROCESS_LOCAL, 5030 bytes) taskResourceAssignments Map()
2026-08-09 23:12:20,336 INFO scheduler.DAGScheduler: Registering RDD 25 (mapPartitionsWithIndex at EnsembleTrainer.scala:60) as input to shuffle 5
2026-08-09 23:12:20,336 INFO executor.Executor: Running task 2.0 in stage 11.0 (TID 31)
2026-08-09 23:12:20,336 INFO scheduler.TaskSetManager: Finished task 1.0 in stage 10.0 (TID 27) in 9 ms on 10.0.0.215 (executor driver) (2/3)
2026-08-09 23:12:20,336 INFO scheduler.TaskSetManager: Finished task 2.0 in stage 10.0 (TID 28) in 8 ms on 10.0.0.215 (executor driver) (3/3)
2026-08-09 23:12:20,336 INFO storage.BlockManager: Found block rdd_8_0 locally
2026-08-09 23:12:20,336 INFO scheduler.TaskSchedulerImpl: Removed TaskSet 10.0, whose tasks have all completed, from pool default
2026-08-09 23:12:20,336 INFO storage.BlockManager: Found block rdd_8_1 locally
2026-08-09 23:12:20,340 INFO executor.Executor: Finished task 0.0 in stage 11.0 (TID 29). 1748 bytes result sent to driver
2026-08-09 23:12:20,340 INFO executor.Executor: Finished task 1.0 in stage 11.0 (TID 30). 1748 bytes result sent to driver
2026-08-09 23:12:20,340 INFO storage.BlockManager: Found block rdd_8_2 locally
2026-08-09 23:12:20,340 INFO spark.SparkContext: Starting job: collect at EnsembleTrainer.scala:45
2026-08-09 23:12:20,340 INFO scheduler.DAGScheduler: Got job 12 (collect at EnsembleTrainer.scala:80) with 40 output partitions
2026-08-09 23:12:20,340 INFO scheduler.DAGScheduler: Final stage: ResultStage 13 (collect at EnsembleTrainer.scala:80)
2026-08-09 23:12:20,340 INFO scheduler.TaskSetManager: Finished task 1.0 in stage 11.0 (TID 30) in 7 ms on 10.0.0.215 (executor driver) (1/3)
2026-08-09 23:12:20,340 INFO scheduler.DAGScheduler: Parents of final stage: List(ShuffleMapStage 12)
2026-08-09 23:12:20,340 INFO scheduler.TaskSetManager: Finished task 0.0 in stage 11.0 (TID 29) in 7 ms on 10.0.0.215 (executor driver) (2/3)
2026-08-09 23:12:20,341 INFO scheduler.DAGScheduler: Missing parents: List(ShuffleMapStage 12)
2026-08-09 23:12:20,342 INFO executor.Executor: Finished task 2.0 in stage 11.0 (TID 31). 1748 bytes result sent to driver
2026-08-09 23:12:20,342 INFO scheduler.DAGScheduler: Submitting ShuffleMapStage 12 (MapPartitionsRDD[25] at mapPartitionsWithIndex at EnsembleTrainer.scala:60), which has no missing parents
2026-08-09 23:12:20,342 INFO scheduler.TaskSetManager: Finished task 2.0 in stage 11.0 (TID 31) in 7 ms on 10.0.0.215 (executor driver) (3/3)
2026-08-09 23:12:20,342 INFO scheduler.TaskSchedulerImpl: Removed TaskSet 11.0, whose tasks have all completed, from pool default
2026-08-09 23:12:20,346 INFO memory.MemoryStore: Block broadcast_14 stored as values in memory (estimated size 38.5 KiB, free 2.2 GiB)
2026-08-09 23:12:20,347 INFO memory.MemoryStore: Block broadcast_14_piece0 stored as bytes in memory (estimated size 12.3 KiB, free 2.2 GiB)
2026-08-09 23:12:20,347 INFO storage.BlockManagerInfo: Added broadcast_14_piece0 in memory on 10.0.0.215:64244 (size: 12.3 KiB, free: 2.2 GiB)
2026-08-09 23:12:20,347 INFO spark.SparkContext: Created broadcast 14 from broadcast at DAGScheduler.scala:1513
2026-08-09 23:12:20,348 INFO scheduler.DAGScheduler: Submitting 4 missing tasks from ShuffleMapStage 12 (MapPartitionsRDD[25] at mapPartitionsWithIndex at EnsembleTrainer.scala:60) (first 15 tasks are for partitions Vector(0, 1, 2, 3))
2026-08-09 23:12:20,348 INFO scheduler.TaskSchedulerImpl: Adding task set 12.0 with 4 tasks resource profile 0
2026-08-09 23:12:20,348 INFO scheduler.FairSchedulableBuilder: Added task set TaskSet_12.0 tasks to pool default
2026-08-09 23:12:20,348 INFO scheduler.DAGScheduler: Registering RDD 28 (mapPartitionsWithIndex at EnsembleTrainer.scala:60) as input to shuffle 3
2026-08-09 23:12:20,348 INFO scheduler.DAGScheduler: Got job 14 (collect at EnsembleTrainer.scala:80) with 40 output partitions
2026-08-09 23:12:20,348 INFO scheduler.DAGScheduler: Final stage: ResultStage 15 (collect at EnsembleTrainer.scala:80)
2026-08-09 23:12:20,349 INFO scheduler.DAGScheduler: Parents of final stage: List(ShuffleMapStage 14)
2026-08-09 23:12:20,349 INFO scheduler.DAGScheduler: Missing parents: List(ShuffleMapStage 14)
2026-08-09 23:12:20,349 INFO scheduler.TaskSetManager: Starting task 0.0 in stage 12.0 (TID 32) (10.0.0.215, executor driver, partition 0, PROCESS_LOCAL, 5019 bytes) taskResourceAssignments Map()
2026-08-09 23:12:20,349 INFO scheduler.TaskSetManager: Starting task 1.0 in stage 12.0 (TID 33) (10.0.0.215, executor driver, partition 1, PROCESS_LOCAL, 5019 bytes) taskResourceAssignments Map()
2026-08-09 23:12:20,349 INFO scheduler.TaskSetManager: Starting task 2.0 in stage 12.0 (TID 34) (10.0.0.215, executor driver, partition 2, PROCESS_LOCAL, 5019 bytes) taskResourceAssignments Map()
2026-08-09 23:12:20,349 INFO scheduler.DAGScheduler: Submitting ShuffleMapStage 14 (MapPartitionsRDD[28] at mapPartitionsWithIndex at EnsembleTrainer.scala:60), which has no missing parents
2026-08-09 23:12:20,349 INFO scheduler.TaskSetManager: Starting task 3.0 in stage 12.0 (TID 35) (10.0.0.215, executor driver, partition 3, PROCESS_LOCAL, 5019 bytes) taskResourceAssignments Map()
2026-08-09 23:12:20,350 INFO executor.Executor: Running task 2.0 in stage 12.0 (TID 34)
2026-08-09 23:12:20,350 INFO executor.Executor: Running task 3.0 in stage 12.0 (TID 35)
2026-08-09 23:12:20,350 INFO executor.Executor: Running task 0.0 in stage 12.0 (TID 32)
2026-08-09 23:12:20,350 INFO executor.Executor: Running task 1.0 in stage 12.0 (TID 33)
2026-08-09 23:12:20,351 INFO memory.MemoryStore: Block broadcast_15 stored as values in memory (estimated size 38.5 KiB, free 2.2 GiB)
2026-08-09 23:12:20,352 INFO memory.MemoryStore: Block broadcast_15_piece0 stored as bytes in memory (estimated size 12.3 KiB, free 2.2 GiB)
2026-08-09 23:12:20,352 INFO storage.BlockManagerInfo: Added broadcast_15_piece0 in memory on 10.0.0.215:64244 (size: 12.3 KiB, free: 2.2 GiB)
2026-08-09 23:12:20,353 INFO spark.SparkContext: Created broadcast 15 from broadcast at DAGScheduler.scala:1513
2026-08-09 23:12:20,354 INFO scheduler.DAGScheduler: Submitting 4 missing tasks from ShuffleMapStage 14 (MapPartitionsRDD[28] at mapPartitionsWithIndex at EnsembleTrainer.scala:60) (first 15 tasks are for partitions Vector(0, 1, 2, 3))
2026-08-09 23:12:20,354 INFO scheduler.TaskSchedulerImpl: Adding task set 14.0 with 4 tasks resource profile 0
2026-08-09 23:12:20,356 INFO scheduler.FairSchedulableBuilder: Added task set TaskSet_14.0 tasks to pool default
2026-08-09 23:12:20,356 INFO scheduler.DAGScheduler: Registering RDD 24 (mapPartitionsWithIndex at EnsembleTrainer.scala:60) as input to shuffle 2
2026-08-09 23:12:20,356 INFO scheduler.DAGScheduler: Got job 13 (collect at EnsembleTrainer.scala:80) with 20 output partitions
2026-08-09 23:12:20,356 INFO scheduler.DAGScheduler: Final stage: ResultStage 17 (collect at EnsembleTrainer.scala:80)
2026-08-09 23:12:20,356 INFO scheduler.DAGScheduler: Parents of final stage: List(ShuffleMapStage 16)
2026-08-09 23:12:20,356 INFO scheduler.DAGScheduler: Missing parents: List(ShuffleMapStage 16)
2026-08-09 23:12:20,358 INFO scheduler.DAGScheduler: Submitting ShuffleMapStage 16 (MapPartitionsRDD[24] at mapPartitionsWithIndex at EnsembleTrainer.scala:60), which has no missing parents
2026-08-09 23:12:20,360 INFO memory.MemoryStore: Block broadcast_16 stored as values in memory (estimated size 38.5 KiB, free 2.2 GiB)
2026-08-09 23:12:20,361 INFO memory.MemoryStore: Block broadcast_16_piece0 stored as bytes in memory (estimated size 12.3 KiB, free 2.2 GiB)
2026-08-09 23:12:20,361 INFO storage.BlockManagerInfo: Added broadcast_16_piece0 in memory on 10.0.0.215:64244 (size: 12.3 KiB, free: 2.2 GiB)
2026-08-09 23:12:20,361 INFO storage.BlockManager: Found block rdd_8_3 locally
2026-08-09 23:12:20,361 INFO storage.BlockManager: Found block rdd_8_1 locally
2026-08-09 23:12:20,361 INFO storage.BlockManager: Found block rdd_8_0 locally
2026-08-09 23:12:20,361 INFO storage.BlockManager: Found block rdd_8_2 locally
2026-08-09 23:12:20,361 INFO spark.SparkContext: Created broadcast 16 from broadcast at DAGScheduler.scala:1513
2026-08-09 23:12:20,362 INFO scheduler.DAGScheduler: Submitting 4 missing tasks from ShuffleMapStage 16 (MapPartitionsRDD[24] at mapPartitionsWithIndex at EnsembleTrainer.scala:60) (first 15 tasks are for partitions Vector(0, 1, 2, 3))
2026-08-09 23:12:20,362 INFO scheduler.TaskSchedulerImpl: Adding task set 16.0 with 4 tasks resource profile 0
2026-08-09 23:12:20,362 INFO scheduler.FairSchedulableBuilder: Added task set TaskSet_16.0 tasks to pool default
2026-08-09 23:12:20,363 INFO scheduler.DAGScheduler: Registering RDD 29 (mapPartitionsWithIndex at EnsembleTrainer.scala:60) as input to shuffle 4
2026-08-09 23:12:20,363 INFO scheduler.DAGScheduler: Got job 15 (collect at EnsembleTrainer.scala:80) with 20 output partitions
2026-08-09 23:12:20,363 INFO scheduler.DAGScheduler: Final stage: ResultStage 19 (collect at EnsembleTrainer.scala:80)
2026-08-09 23:12:20,363 INFO scheduler.DAGScheduler: Parents of final stage: List(ShuffleMapStage 18)
2026-08-09 23:12:20,363 INFO scheduler.DAGScheduler: Missing parents: List(ShuffleMapStage 18)
2026-08-09 23:12:20,368 INFO scheduler.DAGScheduler: Submitting ShuffleMapStage 18 (MapPartitionsRDD[29] at mapPartitionsWithIndex at EnsembleTrainer.scala:60), which has no missing parents
2026-08-09 23:12:20,370 INFO storage.BlockManagerInfo: Removed broadcast_7_piece0 on 10.0.0.215:64244 in memory (size: 11.7 KiB, free: 2.2 GiB)
2026-08-09 23:12:20,371 INFO memory.MemoryStore: Block broadcast_17 stored as values in memory (estimated size 38.5 KiB, free 2.2 GiB)
2026-08-09 23:12:20,372 INFO memory.MemoryStore: Block broadcast_17_piece0 stored as bytes in memory (estimated size 12.3 KiB, free 2.2 GiB)
2026-08-09 23:12:20,372 INFO storage.BlockManagerInfo: Added broadcast_17_piece0 in memory on 10.0.0.215:64244 (size: 12.3 KiB, free: 2.2 GiB)
2026-08-09 23:12:20,372 INFO spark.SparkContext: Created broadcast 17 from broadcast at DAGScheduler.scala:1513
2026-08-09 23:12:20,373 INFO scheduler.DAGScheduler: Submitting 4 missing tasks from ShuffleMapStage 18 (MapPartitionsRDD[29] at mapPartitionsWithIndex at EnsembleTrainer.scala:60) (first 15 tasks are for partitions Vector(0, 1, 2, 3))
2026-08-09 23:12:20,373 INFO scheduler.TaskSchedulerImpl: Adding task set 18.0 with 4 tasks resource profile 0
2026-08-09 23:12:20,374 INFO scheduler.FairSchedulableBuilder: Added task set TaskSet_18.0 tasks to pool default
2026-08-09 23:12:20,374 INFO storage.BlockManagerInfo: Removed broadcast_6_piece0 on 10.0.0.215:64244 in memory (size: 11.7 KiB, free: 2.2 GiB)
2026-08-09 23:12:20,374 INFO scheduler.DAGScheduler: Registering RDD 26 (mapPartitionsWithIndex at EnsembleTrainer.scala:60) as input to shuffle 1
2026-08-09 23:12:20,374 INFO scheduler.DAGScheduler: Got job 16 (collect at EnsembleTrainer.scala:80) with 10 output partitions
2026-08-09 23:12:20,374 INFO scheduler.DAGScheduler: Final stage: ResultStage 21 (collect at EnsembleTrainer.scala:80)
2026-08-09 23:12:20,374 INFO scheduler.DAGScheduler: Parents of final stage: List(ShuffleMapStage 20)
2026-08-09 23:12:20,374 INFO scheduler.DAGScheduler: Missing parents: List(ShuffleMapStage 20)
2026-08-09 23:12:20,375 INFO scheduler.DAGScheduler: Submitting ShuffleMapStage 20 (MapPartitionsRDD[26] at mapPartitionsWithIndex at EnsembleTrainer.scala:60), which has no missing parents
2026-08-09 23:12:20,377 INFO memory.MemoryStore: Block broadcast_18 stored as values in memory (estimated size 38.5 KiB, free 2.2 GiB)
2026-08-09 23:12:20,378 INFO storage.BlockManagerInfo: Removed broadcast_8_piece0 on 10.0.0.215:64244 in memory (size: 11.7 KiB, free: 2.2 GiB)
2026-08-09 23:12:20,378 INFO memory.MemoryStore: Block broadcast_18_piece0 stored as bytes in memory (estimated size 12.3 KiB, free 2.2 GiB)
2026-08-09 23:12:20,378 INFO storage.BlockManagerInfo: Added broadcast_18_piece0 in memory on 10.0.0.215:64244 (size: 12.3 KiB, free: 2.2 GiB)
2026-08-09 23:12:20,378 INFO spark.SparkContext: Created broadcast 18 from broadcast at DAGScheduler.scala:1513
2026-08-09 23:12:20,379 INFO scheduler.DAGScheduler: Submitting 4 missing tasks from ShuffleMapStage 20 (MapPartitionsRDD[26] at mapPartitionsWithIndex at EnsembleTrainer.scala:60) (first 15 tasks are for partitions Vector(0, 1, 2, 3))
2026-08-09 23:12:20,379 INFO scheduler.TaskSchedulerImpl: Adding task set 20.0 with 4 tasks resource profile 0
2026-08-09 23:12:20,380 INFO scheduler.FairSchedulableBuilder: Added task set TaskSet_20.0 tasks to pool default
2026-08-09 23:12:20,381 INFO scheduler.DAGScheduler: Registering RDD 27 (mapPartitionsWithIndex at EnsembleTrainer.scala:60) as input to shuffle 0
2026-08-09 23:12:20,381 INFO scheduler.DAGScheduler: Got job 17 (collect at EnsembleTrainer.scala:80) with 10 output partitions
2026-08-09 23:12:20,381 INFO scheduler.DAGScheduler: Final stage: ResultStage 23 (collect at EnsembleTrainer.scala:80)
2026-08-09 23:12:20,381 INFO scheduler.DAGScheduler: Parents of final stage: List(ShuffleMapStage 22)
2026-08-09 23:12:20,381 INFO scheduler.DAGScheduler: Missing parents: List(ShuffleMapStage 22)
2026-08-09 23:12:20,383 INFO scheduler.DAGScheduler: Submitting ShuffleMapStage 22 (MapPartitionsRDD[27] at mapPartitionsWithIndex at EnsembleTrainer.scala:60), which has no missing parents
2026-08-09 23:12:20,390 INFO memory.MemoryStore: Block broadcast_19 stored as values in memory (estimated size 38.5 KiB, free 2.2 GiB)
2026-08-09 23:12:20,391 INFO memory.MemoryStore: Block broadcast_19_piece0 stored as bytes in memory (estimated size 12.3 KiB, free 2.2 GiB)
2026-08-09 23:12:20,391 INFO storage.BlockManagerInfo: Added broadcast_19_piece0 in memory on 10.0.0.215:64244 (size: 12.3 KiB, free: 2.2 GiB)
2026-08-09 23:12:20,392 INFO spark.SparkContext: Created broadcast 19 from broadcast at DAGScheduler.scala:1513
2026-08-09 23:12:20,392 INFO scheduler.DAGScheduler: Submitting 4 missing tasks from ShuffleMapStage 22 (MapPartitionsRDD[27] at mapPartitionsWithIndex at EnsembleTrainer.scala:60) (first 15 tasks are for partitions Vector(0, 1, 2, 3))
2026-08-09 23:12:20,393 INFO scheduler.TaskSchedulerImpl: Adding task set 22.0 with 4 tasks resource profile 0
2026-08-09 23:12:20,393 INFO scheduler.FairSchedulableBuilder: Added task set TaskSet_22.0 tasks to pool default
2026-08-09 23:12:20,397 INFO scheduler.DAGScheduler: ResultStage 7 (zipWithIndex at EnsembleTrainer.scala:31) finished in 0.100 s
2026-08-09 23:12:20,397 INFO scheduler.DAGScheduler: Job 7 is finished. Cancelling potential speculative or zombie tasks for this job
2026-08-09 23:12:20,397 INFO scheduler.TaskSchedulerImpl: Killing all running tasks in stage 7: Stage finished
2026-08-09 23:12:20,397 INFO scheduler.DAGScheduler: Job 7 finished: zipWithIndex at EnsembleTrainer.scala:31, took 0.115541 s
2026-08-09 23:12:20,398 INFO scheduler.DAGScheduler: ResultStage 8 (zipWithIndex at EnsembleTrainer.scala:31) finished in 0.092 s
2026-08-09 23:12:20,398 INFO scheduler.DAGScheduler: Job 8 is finished. Cancelling potential speculative or zombie tasks for this job
2026-08-09 23:12:20,398 INFO scheduler.TaskSchedulerImpl: Killing all running tasks in stage 8: Stage finished
2026-08-09 23:12:20,399 INFO scheduler.DAGScheduler: Job 8 finished: zipWithIndex at EnsembleTrainer.scala:31, took 0.117329 s
2026-08-09 23:12:20,402 INFO scheduler.DAGScheduler: ResultStage 9 (zipWithIndex at EnsembleTrainer.scala:31) finished in 0.088 s
2026-08-09 23:12:20,403 INFO scheduler.DAGScheduler: Job 9 is finished. Cancelling potential speculative or zombie tasks for this job
2026-08-09 23:12:20,403 INFO scheduler.TaskSchedulerImpl: Killing all running tasks in stage 9: Stage finished
2026-08-09 23:12:20,404 INFO spark.SparkContext: Starting job: collect at EnsembleTrainer.scala:45
2026-08-09 23:12:20,405 INFO scheduler.DAGScheduler: Job 9 finished: zipWithIndex at EnsembleTrainer.scala:31, took 0.122597 s
2026-08-09 23:12:20,407 INFO scheduler.DAGScheduler: ResultStage 10 (zipWithIndex at EnsembleTrainer.scala:31) finished in 0.086 s
2026-08-09 23:12:20,408 INFO scheduler.DAGScheduler: Job 10 is finished. Cancelling potential speculative or zombie tasks for this job
2026-08-09 23:12:20,408 INFO scheduler.TaskSchedulerImpl: Killing all running tasks in stage 10: Stage finished
2026-08-09 23:12:20,409 INFO scheduler.DAGScheduler: Registering RDD 42 (map at EnsembleTrainer.scala:31) as input to shuffle 6
2026-08-09 23:12:20,409 INFO scheduler.DAGScheduler: Got job 18 (collect at EnsembleTrainer.scala:45) with 40 output partitions
2026-08-09 23:12:20,410 INFO scheduler.DAGScheduler: Final stage: ResultStage 25 (collect at EnsembleTrainer.scala:45)
2026-08-09 23:12:20,410 INFO scheduler.DAGScheduler: Parents of final stage: List(ShuffleMapStage 24)
2026-08-09 23:12:20,410 INFO scheduler.DAGScheduler: Missing parents: List(ShuffleMapStage 24)
2026-08-09 23:12:20,411 INFO scheduler.DAGScheduler: Job 10 finished: zipWithIndex at EnsembleTrainer.scala:31, took 0.128055 s
2026-08-09 23:12:20,414 INFO scheduler.DAGScheduler: Submitting ShuffleMapStage 24 (MapPartitionsRDD[42] at map at EnsembleTrainer.scala:31), which has no missing parents
2026-08-09 23:12:20,414 INFO spark.SparkContext: Starting job: collect at EnsembleTrainer.scala:45
2026-08-09 23:12:20,416 INFO spark.SparkContext: Starting job: collect at EnsembleTrainer.scala:45
2026-08-09 23:12:20,423 INFO memory.MemoryStore: Block broadcast_20 stored as values in memory (estimated size 38.5 KiB, free 2.2 GiB)
2026-08-09 23:12:20,423 INFO memory.MemoryStore: Block broadcast_20_piece0 stored as bytes in memory (estimated size 12.3 KiB, free 2.2 GiB)
2026-08-09 23:12:20,424 INFO spark.SparkContext: Starting job: collect at EnsembleTrainer.scala:45
2026-08-09 23:12:20,424 INFO storage.BlockManagerInfo: Added broadcast_20_piece0 in memory on 10.0.0.215:64244 (size: 12.3 KiB, free: 2.2 GiB)
2026-08-09 23:12:20,425 INFO spark.SparkContext: Created broadcast 20 from broadcast at DAGScheduler.scala:1513
2026-08-09 23:12:20,426 INFO scheduler.DAGScheduler: Submitting 4 missing tasks from ShuffleMapStage 24 (MapPartitionsRDD[42] at map at EnsembleTrainer.scala:31) (first 15 tasks are for partitions Vector(0, 1, 2, 3))
2026-08-09 23:12:20,426 INFO scheduler.TaskSchedulerImpl: Adding task set 24.0 with 4 tasks resource profile 0
2026-08-09 23:12:20,427 INFO scheduler.FairSchedulableBuilder: Added task set TaskSet_24.0 tasks to pool default
2026-08-09 23:12:20,428 INFO scheduler.DAGScheduler: ResultStage 11 (zipWithIndex at EnsembleTrainer.scala:31) finished in 0.100 s
2026-08-09 23:12:20,428 INFO scheduler.DAGScheduler: Job 11 is finished. Cancelling potential speculative or zombie tasks for this job
2026-08-09 23:12:20,428 INFO scheduler.TaskSchedulerImpl: Killing all running tasks in stage 11: Stage finished
2026-08-09 23:12:20,429 INFO scheduler.DAGScheduler: Job 11 finished: zipWithIndex at EnsembleTrainer.scala:31, took 0.146009 s
2026-08-09 23:12:20,437 INFO scheduler.DAGScheduler: Registering RDD 45 (map at EnsembleTrainer.scala:31) as input to shuffle 7
2026-08-09 23:12:20,437 INFO scheduler.DAGScheduler: Got job 19 (collect at EnsembleTrainer.scala:45) with 20 output partitions
2026-08-09 23:12:20,437 INFO scheduler.DAGScheduler: Final stage: ResultStage 27 (collect at EnsembleTrainer.scala:45)
2026-08-09 23:12:20,437 INFO scheduler.DAGScheduler: Parents of final stage: List(ShuffleMapStage 26)
2026-08-09 23:12:20,437 INFO scheduler.DAGScheduler: Missing parents: List(ShuffleMapStage 26)
2026-08-09 23:12:20,439 INFO scheduler.DAGScheduler: Submitting ShuffleMapStage 26 (MapPartitionsRDD[45] at map at EnsembleTrainer.scala:31), which has no missing parents
2026-08-09 23:12:20,441 INFO spark.SparkContext: Starting job: collect at EnsembleTrainer.scala:45
2026-08-09 23:12:20,442 INFO memory.MemoryStore: Block broadcast_21 stored as values in memory (estimated size 38.5 KiB, free 2.2 GiB)
2026-08-09 23:12:20,442 INFO memory.MemoryStore: Block broadcast_21_piece0 stored as bytes in memory (estimated size 12.3 KiB, free 2.2 GiB)
2026-08-09 23:12:20,442 INFO storage.BlockManagerInfo: Added broadcast_21_piece0 in memory on 10.0.0.215:64244 (size: 12.3 KiB, free: 2.2 GiB)
2026-08-09 23:12:20,443 INFO spark.SparkContext: Created broadcast 21 from broadcast at DAGScheduler.scala:1513
2026-08-09 23:12:20,444 INFO scheduler.DAGScheduler: Submitting 4 missing tasks from ShuffleMapStage 26 (MapPartitionsRDD[45] at map at EnsembleTrainer.scala:31) (first 15 tasks are for partitions Vector(0, 1, 2, 3))
2026-08-09 23:12:20,444 INFO scheduler.TaskSchedulerImpl: Adding task set 26.0 with 4 tasks resource profile 0
2026-08-09 23:12:20,444 INFO scheduler.FairSchedulableBuilder: Added task set TaskSet_26.0 tasks to pool default
2026-08-09 23:12:20,444 INFO scheduler.DAGScheduler: Registering RDD 48 (map at EnsembleTrainer.scala:31) as input to shuffle 8
2026-08-09 23:12:20,444 INFO scheduler.DAGScheduler: Got job 20 (collect at EnsembleTrainer.scala:45) with 10 output partitions
2026-08-09 23:12:20,444 INFO scheduler.DAGScheduler: Final stage: ResultStage 29 (collect at EnsembleTrainer.scala:45)
2026-08-09 23:12:20,444 INFO scheduler.DAGScheduler: Parents of final stage: List(ShuffleMapStage 28)
2026-08-09 23:12:20,444 INFO scheduler.DAGScheduler: Missing parents: List(ShuffleMapStage 28)
2026-08-09 23:12:20,445 INFO scheduler.DAGScheduler: Submitting ShuffleMapStage 28 (MapPartitionsRDD[48] at map at EnsembleTrainer.scala:31), which has no missing parents
2026-08-09 23:12:20,449 INFO memory.MemoryStore: Block broadcast_22 stored as values in memory (estimated size 38.5 KiB, free 2.2 GiB)
2026-08-09 23:12:20,450 INFO memory.MemoryStore: Block broadcast_22_piece0 stored as bytes in memory (estimated size 12.3 KiB, free 2.2 GiB)
2026-08-09 23:12:20,450 INFO storage.BlockManagerInfo: Added broadcast_22_piece0 in memory on 10.0.0.215:64244 (size: 12.3 KiB, free: 2.2 GiB)
2026-08-09 23:12:20,451 INFO spark.SparkContext: Created broadcast 22 from broadcast at DAGScheduler.scala:1513
2026-08-09 23:12:20,451 INFO scheduler.DAGScheduler: Submitting 4 missing tasks from ShuffleMapStage 28 (MapPartitionsRDD[48] at map at EnsembleTrainer.scala:31) (first 15 tasks are for partitions Vector(0, 1, 2, 3))
2026-08-09 23:12:20,451 INFO scheduler.TaskSchedulerImpl: Adding task set 28.0 with 4 tasks resource profile 0
2026-08-09 23:12:20,452 INFO scheduler.FairSchedulableBuilder: Added task set TaskSet_28.0 tasks to pool default
2026-08-09 23:12:20,452 INFO scheduler.DAGScheduler: Registering RDD 51 (map at EnsembleTrainer.scala:31) as input to shuffle 9
2026-08-09 23:12:20,453 INFO scheduler.DAGScheduler: Got job 21 (collect at EnsembleTrainer.scala:45) with 40 output partitions
2026-08-09 23:12:20,453 INFO scheduler.DAGScheduler: Final stage: ResultStage 31 (collect at EnsembleTrainer.scala:45)
2026-08-09 23:12:20,454 INFO scheduler.DAGScheduler: Parents of final stage: List(ShuffleMapStage 30)
2026-08-09 23:12:20,454 INFO scheduler.DAGScheduler: Missing parents: List(ShuffleMapStage 30)
2026-08-09 23:12:20,456 INFO scheduler.DAGScheduler: Submitting ShuffleMapStage 30 (MapPartitionsRDD[51] at map at EnsembleTrainer.scala:31), which has no missing parents
2026-08-09 23:12:20,460 INFO memory.MemoryStore: Block broadcast_23 stored as values in memory (estimated size 38.5 KiB, free 2.2 GiB)
2026-08-09 23:12:20,465 INFO memory.MemoryStore: Block broadcast_23_piece0 stored as bytes in memory (estimated size 12.3 KiB, free 2.2 GiB)
2026-08-09 23:12:20,468 INFO storage.BlockManagerInfo: Added broadcast_23_piece0 in memory on 10.0.0.215:64244 (size: 12.3 KiB, free: 2.2 GiB)
2026-08-09 23:12:20,473 INFO spark.SparkContext: Created broadcast 23 from broadcast at DAGScheduler.scala:1513
2026-08-09 23:12:20,474 INFO scheduler.DAGScheduler: Submitting 4 missing tasks from ShuffleMapStage 30 (MapPartitionsRDD[51] at map at EnsembleTrainer.scala:31) (first 15 tasks are for partitions Vector(0, 1, 2, 3))
2026-08-09 23:12:20,474 INFO scheduler.TaskSchedulerImpl: Adding task set 30.0 with 4 tasks resource profile 0
2026-08-09 23:12:20,475 INFO scheduler.FairSchedulableBuilder: Added task set TaskSet_30.0 tasks to pool default
2026-08-09 23:12:20,476 INFO scheduler.DAGScheduler: Registering RDD 54 (map at EnsembleTrainer.scala:31) as input to shuffle 10
2026-08-09 23:12:20,477 INFO scheduler.DAGScheduler: Got job 22 (collect at EnsembleTrainer.scala:45) with 10 output partitions
2026-08-09 23:12:20,477 INFO scheduler.DAGScheduler: Final stage: ResultStage 33 (collect at EnsembleTrainer.scala:45)
2026-08-09 23:12:20,477 INFO scheduler.DAGScheduler: Parents of final stage: List(ShuffleMapStage 32)
2026-08-09 23:12:20,477 INFO scheduler.DAGScheduler: Missing parents: List(ShuffleMapStage 32)
2026-08-09 23:12:20,480 INFO scheduler.DAGScheduler: Submitting ShuffleMapStage 32 (MapPartitionsRDD[54] at map at EnsembleTrainer.scala:31), which has no missing parents
2026-08-09 23:12:20,482 INFO memory.MemoryStore: Block broadcast_24 stored as values in memory (estimated size 38.5 KiB, free 2.2 GiB)
2026-08-09 23:12:20,482 INFO memory.MemoryStore: Block broadcast_24_piece0 stored as bytes in memory (estimated size 12.3 KiB, free 2.2 GiB)
2026-08-09 23:12:20,482 INFO storage.BlockManagerInfo: Added broadcast_24_piece0 in memory on 10.0.0.215:64244 (size: 12.3 KiB, free: 2.2 GiB)
2026-08-09 23:12:20,483 INFO spark.SparkContext: Created broadcast 24 from broadcast at DAGScheduler.scala:1513
2026-08-09 23:12:20,484 INFO scheduler.DAGScheduler: Submitting 4 missing tasks from ShuffleMapStage 32 (MapPartitionsRDD[54] at map at EnsembleTrainer.scala:31) (first 15 tasks are for partitions Vector(0, 1, 2, 3))
2026-08-09 23:12:20,484 INFO scheduler.TaskSchedulerImpl: Adding task set 32.0 with 4 tasks resource profile 0
2026-08-09 23:12:20,485 INFO scheduler.FairSchedulableBuilder: Added task set TaskSet_32.0 tasks to pool default
2026-08-09 23:12:20,485 INFO scheduler.DAGScheduler: Registering RDD 57 (map at EnsembleTrainer.scala:31) as input to shuffle 11
2026-08-09 23:12:20,485 INFO scheduler.DAGScheduler: Got job 23 (collect at EnsembleTrainer.scala:45) with 20 output partitions
2026-08-09 23:12:20,485 INFO scheduler.DAGScheduler: Final stage: ResultStage 35 (collect at EnsembleTrainer.scala:45)
2026-08-09 23:12:20,485 INFO scheduler.DAGScheduler: Parents of final stage: List(ShuffleMapStage 34)
2026-08-09 23:12:20,485 INFO scheduler.DAGScheduler: Missing parents: List(ShuffleMapStage 34)
2026-08-09 23:12:20,490 INFO scheduler.DAGScheduler: Submitting ShuffleMapStage 34 (MapPartitionsRDD[57] at map at EnsembleTrainer.scala:31), which has no missing parents
2026-08-09 23:12:20,504 INFO memory.MemoryStore: Block broadcast_25 stored as values in memory (estimated size 38.5 KiB, free 2.2 GiB)
2026-08-09 23:12:20,505 INFO memory.MemoryStore: Block broadcast_25_piece0 stored as bytes in memory (estimated size 12.3 KiB, free 2.2 GiB)
2026-08-09 23:12:20,506 INFO storage.BlockManagerInfo: Added broadcast_25_piece0 in memory on 10.0.0.215:64244 (size: 12.3 KiB, free: 2.2 GiB)
2026-08-09 23:12:20,507 INFO spark.SparkContext: Created broadcast 25 from broadcast at DAGScheduler.scala:1513
2026-08-09 23:12:20,507 INFO storage.BlockManagerInfo: Removed broadcast_12_piece0 on 10.0.0.215:64244 in memory (size: 11.7 KiB, free: 2.2 GiB)
2026-08-09 23:12:20,507 INFO scheduler.DAGScheduler: Submitting 4 missing tasks from ShuffleMapStage 34 (MapPartitionsRDD[57] at map at EnsembleTrainer.scala:31) (first 15 tasks are for partitions Vector(0, 1, 2, 3))
2026-08-09 23:12:20,507 INFO scheduler.TaskSchedulerImpl: Adding task set 34.0 with 4 tasks resource profile 0
2026-08-09 23:12:20,507 INFO scheduler.FairSchedulableBuilder: Added task set TaskSet_34.0 tasks to pool default
2026-08-09 23:12:20,511 INFO storage.BlockManagerInfo: Removed broadcast_13_piece0 on 10.0.0.215:64244 in memory (size: 11.7 KiB, free: 2.2 GiB)
2026-08-09 23:12:20,516 INFO storage.BlockManagerInfo: Removed broadcast_11_piece0 on 10.0.0.215:64244 in memory (size: 11.7 KiB, free: 2.2 GiB)
2026-08-09 23:12:20,523 INFO storage.BlockManagerInfo: Removed broadcast_9_piece0 on 10.0.0.215:64244 in memory (size: 11.7 KiB, free: 2.2 GiB)
2026-08-09 23:12:20,525 INFO storage.BlockManagerInfo: Removed broadcast_10_piece0 on 10.0.0.215:64244 in memory (size: 11.7 KiB, free: 2.2 GiB)
2026-08-09 23:12:20,781 INFO executor.Executor: Finished task 3.0 in stage 12.0 (TID 35). 2028 bytes result sent to driver
2026-08-09 23:12:20,781 INFO scheduler.TaskSetManager: Starting task 0.0 in stage 14.0 (TID 36) (10.0.0.215, executor driver, partition 0, PROCESS_LOCAL, 5019 bytes) taskResourceAssignments Map()
2026-08-09 23:12:20,783 INFO executor.Executor: Running task 0.0 in stage 14.0 (TID 36)
2026-08-09 23:12:20,784 INFO scheduler.TaskSetManager: Finished task 3.0 in stage 12.0 (TID 35) in 435 ms on 10.0.0.215 (executor driver) (1/4)
2026-08-09 23:12:20,789 INFO storage.BlockManager: Found block rdd_8_0 locally
2026-08-09 23:12:21,173 INFO executor.Executor: Finished task 2.0 in stage 12.0 (TID 34). 1985 bytes result sent to driver
2026-08-09 23:12:21,174 INFO scheduler.TaskSetManager: Starting task 0.0 in stage 16.0 (TID 37) (10.0.0.215, executor driver, partition 0, PROCESS_LOCAL, 5019 bytes) taskResourceAssignments Map()
2026-08-09 23:12:21,174 INFO scheduler.TaskSetManager: Finished task 2.0 in stage 12.0 (TID 34) in 825 ms on 10.0.0.215 (executor driver) (2/4)
2026-08-09 23:12:21,175 INFO executor.Executor: Running task 0.0 in stage 16.0 (TID 37)
2026-08-09 23:12:21,175 INFO executor.Executor: Finished task 1.0 in stage 12.0 (TID 33). 1985 bytes result sent to driver
2026-08-09 23:12:21,175 INFO scheduler.TaskSetManager: Starting task 0.0 in stage 18.0 (TID 38) (10.0.0.215, executor driver, partition 0, PROCESS_LOCAL, 5019 bytes) taskResourceAssignments Map()
2026-08-09 23:12:21,176 INFO executor.Executor: Running task 0.0 in stage 18.0 (TID 38)
2026-08-09 23:12:21,176 INFO scheduler.TaskSetManager: Finished task 1.0 in stage 12.0 (TID 33) in 827 ms on 10.0.0.215 (executor driver) (3/4)
2026-08-09 23:12:21,179 INFO storage.BlockManager: Found block rdd_8_0 locally
2026-08-09 23:12:21,179 INFO storage.BlockManager: Found block rdd_8_0 locally
2026-08-09 23:12:21,205 INFO executor.Executor: Finished task 0.0 in stage 12.0 (TID 32). 1985 bytes result sent to driver
2026-08-09 23:12:21,207 INFO scheduler.TaskSetManager: Starting task 0.0 in stage 20.0 (TID 39) (10.0.0.215, executor driver, partition 0, PROCESS_LOCAL, 5019 bytes) taskResourceAssignments Map()
2026-08-09 23:12:21,207 INFO scheduler.TaskSetManager: Finished task 0.0 in stage 12.0 (TID 32) in 859 ms on 10.0.0.215 (executor driver) (4/4)
2026-08-09 23:12:21,207 INFO executor.Executor: Running task 0.0 in stage 20.0 (TID 39)
2026-08-09 23:12:21,207 INFO scheduler.TaskSchedulerImpl: Removed TaskSet 12.0, whose tasks have all completed, from pool default
2026-08-09 23:12:21,208 INFO scheduler.DAGScheduler: ShuffleMapStage 12 (mapPartitionsWithIndex at EnsembleTrainer.scala:60) finished in 0.865 s
2026-08-09 23:12:21,209 INFO scheduler.DAGScheduler: looking for newly runnable stages
2026-08-09 23:12:21,209 INFO scheduler.DAGScheduler: running: Set(ShuffleMapStage 30, ShuffleMapStage 16, ShuffleMapStage 34, ShuffleMapStage 20, ShuffleMapStage 32, ShuffleMapStage 24, ShuffleMapStage 18, ShuffleMapStage 28, ShuffleMapStage 22, ShuffleMapStage 14, ShuffleMapStage 26)
2026-08-09 23:12:21,209 INFO scheduler.DAGScheduler: waiting: Set(ResultStage 15, ResultStage 33, ResultStage 27, ResultStage 19, ResultStage 13, ResultStage 31, ResultStage 17, ResultStage 35, ResultStage 21, ResultStage 25, ResultStage 29, ResultStage 23)
2026-08-09 23:12:21,209 INFO scheduler.DAGScheduler: failed: Set()
2026-08-09 23:12:21,212 INFO storage.BlockManager: Found block rdd_8_0 locally
2026-08-09 23:12:21,212 INFO scheduler.DAGScheduler: Submitting ResultStage 13 (MapPartitionsRDD[39] at mapPartitions at EnsembleTrainer.scala:72), which has no missing parents
2026-08-09 23:12:21,218 INFO memory.MemoryStore: Block broadcast_26 stored as values in memory (estimated size 5.4 KiB, free 2.2 GiB)
2026-08-09 23:12:21,224 INFO memory.MemoryStore: Block broadcast_26_piece0 stored as bytes in memory (estimated size 3.0 KiB, free 2.2 GiB)
2026-08-09 23:12:21,225 INFO storage.BlockManagerInfo: Added broadcast_26_piece0 in memory on 10.0.0.215:64244 (size: 3.0 KiB, free: 2.2 GiB)
2026-08-09 23:12:21,225 INFO spark.SparkContext: Created broadcast 26 from broadcast at DAGScheduler.scala:1513
2026-08-09 23:12:21,226 INFO scheduler.DAGScheduler: Submitting 40 missing tasks from ResultStage 13 (MapPartitionsRDD[39] at mapPartitions at EnsembleTrainer.scala:72) (first 15 tasks are for partitions Vector(0, 1, 2, 3, 4, 5, 6, 7, 8, 9, 10, 11, 12, 13, 14))
2026-08-09 23:12:21,226 INFO scheduler.TaskSchedulerImpl: Adding task set 13.0 with 40 tasks resource profile 0
2026-08-09 23:12:21,228 INFO scheduler.FairSchedulableBuilder: Added task set TaskSet_13.0 tasks to pool default
2026-08-09 23:12:21,351 INFO executor.Executor: Finished task 0.0 in stage 14.0 (TID 36). 1985 bytes result sent to driver
2026-08-09 23:12:21,354 INFO scheduler.TaskSetManager: Starting task 0.0 in stage 13.0 (TID 40) (10.0.0.215, executor driver, partition 0, NODE_LOCAL, 4271 bytes) taskResourceAssignments Map()
2026-08-09 23:12:21,355 INFO executor.Executor: Running task 0.0 in stage 13.0 (TID 40)
2026-08-09 23:12:21,355 INFO scheduler.TaskSetManager: Finished task 0.0 in stage 14.0 (TID 36) in 574 ms on 10.0.0.215 (executor driver) (1/4)
2026-08-09 23:12:21,374 INFO storage.ShuffleBlockFetcherIterator: Getting 4 (375.1 KiB) non-empty blocks including 4 (375.1 KiB) local and 0 (0.0 B) host-local and 0 (0.0 B) push-merged-local and 0 (0.0 B) remote blocks
2026-08-09 23:12:21,375 INFO storage.ShuffleBlockFetcherIterator: Started 0 remote fetches in 7 ms
2026-08-09 23:12:21,381 INFO executor.Executor: Finished task 0.0 in stage 20.0 (TID 39). 1955 bytes result sent to driver
2026-08-09 23:12:21,382 INFO scheduler.TaskSetManager: Starting task 1.0 in stage 14.0 (TID 41) (10.0.0.215, executor driver, partition 1, PROCESS_LOCAL, 5019 bytes) taskResourceAssignments Map()
2026-08-09 23:12:21,383 INFO scheduler.TaskSetManager: Finished task 0.0 in stage 20.0 (TID 39) in 177 ms on 10.0.0.215 (executor driver) (1/4)
2026-08-09 23:12:21,383 INFO executor.Executor: Running task 1.0 in stage 14.0 (TID 41)
2026-08-09 23:12:21,387 INFO storage.BlockManager: Found block rdd_8_1 locally
2026-08-09 23:12:21,419 INFO executor.Executor: Finished task 0.0 in stage 18.0 (TID 38). 1965 bytes result sent to driver
2026-08-09 23:12:21,419 INFO executor.Executor: Finished task 0.0 in stage 16.0 (TID 37). 1965 bytes result sent to driver
2026-08-09 23:12:21,420 INFO scheduler.TaskSetManager: Starting task 1.0 in stage 18.0 (TID 42) (10.0.0.215, executor driver, partition 1, PROCESS_LOCAL, 5019 bytes) taskResourceAssignments Map()
2026-08-09 23:12:21,420 INFO scheduler.TaskSetManager: Finished task 0.0 in stage 18.0 (TID 38) in 245 ms on 10.0.0.215 (executor driver) (1/4)
2026-08-09 23:12:21,420 INFO executor.Executor: Running task 1.0 in stage 18.0 (TID 42)
2026-08-09 23:12:21,421 INFO scheduler.TaskSetManager: Starting task 1.0 in stage 16.0 (TID 43) (10.0.0.215, executor driver, partition 1, PROCESS_LOCAL, 5019 bytes) taskResourceAssignments Map()
2026-08-09 23:12:21,421 INFO executor.Executor: Running task 1.0 in stage 16.0 (TID 43)
2026-08-09 23:12:21,421 INFO scheduler.TaskSetManager: Finished task 0.0 in stage 16.0 (TID 37) in 247 ms on 10.0.0.215 (executor driver) (1/4)
2026-08-09 23:12:21,423 INFO storage.BlockManager: Found block rdd_8_1 locally
2026-08-09 23:12:21,423 INFO storage.BlockManager: Found block rdd_8_1 locally
2026-08-09 23:12:21,518 INFO executor.Executor: Finished task 0.0 in stage 13.0 (TID 40). 6250 bytes result sent to driver
2026-08-09 23:12:21,519 INFO scheduler.TaskSetManager: Starting task 1.0 in stage 13.0 (TID 44) (10.0.0.215, executor driver, partition 1, NODE_LOCAL, 4271 bytes) taskResourceAssignments Map()
2026-08-09 23:12:21,522 INFO executor.Executor: Running task 1.0 in stage 13.0 (TID 44)
2026-08-09 23:12:21,522 INFO scheduler.TaskSetManager: Finished task 0.0 in stage 13.0 (TID 40) in 170 ms on 10.0.0.215 (executor driver) (1/40)
2026-08-09 23:12:21,523 INFO storage.ShuffleBlockFetcherIterator: Getting 4 (380.7 KiB) non-empty blocks including 4 (380.7 KiB) local and 0 (0.0 B) host-local and 0 (0.0 B) push-merged-local and 0 (0.0 B) remote blocks
2026-08-09 23:12:21,524 INFO storage.ShuffleBlockFetcherIterator: Started 0 remote fetches in 0 ms
2026-08-09 23:12:21,574 INFO executor.Executor: Finished task 1.0 in stage 16.0 (TID 43). 1965 bytes result sent to driver
2026-08-09 23:12:21,575 INFO scheduler.TaskSetManager: Starting task 2.0 in stage 16.0 (TID 45) (10.0.0.215, executor driver, partition 2, PROCESS_LOCAL, 5019 bytes) taskResourceAssignments Map()
2026-08-09 23:12:21,576 INFO scheduler.TaskSetManager: Finished task 1.0 in stage 16.0 (TID 43) in 156 ms on 10.0.0.215 (executor driver) (2/4)
2026-08-09 23:12:21,577 INFO executor.Executor: Running task 2.0 in stage 16.0 (TID 45)
2026-08-09 23:12:21,576 INFO executor.Executor: Finished task 1.0 in stage 13.0 (TID 44). 6207 bytes result sent to driver
2026-08-09 23:12:21,582 INFO executor.Executor: Finished task 1.0 in stage 18.0 (TID 42). 1965 bytes result sent to driver
2026-08-09 23:12:21,583 INFO scheduler.TaskSetManager: Starting task 2.0 in stage 13.0 (TID 46) (10.0.0.215, executor driver, partition 2, NODE_LOCAL, 4271 bytes) taskResourceAssignments Map()
2026-08-09 23:12:21,583 INFO scheduler.TaskSetManager: Starting task 2.0 in stage 18.0 (TID 47) (10.0.0.215, executor driver, partition 2, PROCESS_LOCAL, 5019 bytes) taskResourceAssignments Map()
2026-08-09 23:12:21,584 INFO executor.Executor: Running task 2.0 in stage 13.0 (TID 46)
2026-08-09 23:12:21,585 INFO storage.BlockManager: Found block rdd_8_2 locally
2026-08-09 23:12:21,585 INFO scheduler.TaskSetManager: Finished task 1.0 in stage 18.0 (TID 42) in 165 ms on 10.0.0.215 (executor driver) (2/4)
2026-08-09 23:12:21,585 INFO executor.Executor: Running task 2.0 in stage 18.0 (TID 47)
2026-08-09 23:12:21,586 INFO scheduler.TaskSetManager: Finished task 1.0 in stage 13.0 (TID 44) in 67 ms on 10.0.0.215 (executor driver) (2/40)
2026-08-09 23:12:21,588 INFO storage.ShuffleBlockFetcherIterator: Getting 4 (386.1 KiB) non-empty blocks including 4 (386.1 KiB) local and 0 (0.0 B) host-local and 0 (0.0 B) push-merged-local and 0 (0.0 B) remote blocks
2026-08-09 23:12:21,590 INFO storage.ShuffleBlockFetcherIterator: Started 0 remote fetches in 3 ms
2026-08-09 23:12:21,593 INFO storage.BlockManager: Found block rdd_8_2 locally
2026-08-09 23:12:21,644 INFO executor.Executor: Finished task 2.0 in stage 13.0 (TID 46). 6234 bytes result sent to driver
2026-08-09 23:12:21,645 INFO scheduler.TaskSetManager: Starting task 3.0 in stage 13.0 (TID 48) (10.0.0.215, executor driver, partition 3, NODE_LOCAL, 4271 bytes) taskResourceAssignments Map()
2026-08-09 23:12:21,645 INFO executor.Executor: Running task 3.0 in stage 13.0 (TID 48)
2026-08-09 23:12:21,646 INFO scheduler.TaskSetManager: Finished task 2.0 in stage 13.0 (TID 46) in 64 ms on 10.0.0.215 (executor driver) (3/40)
2026-08-09 23:12:21,648 INFO storage.ShuffleBlockFetcherIterator: Getting 4 (381.8 KiB) non-empty blocks including 4 (381.8 KiB) local and 0 (0.0 B) host-local and 0 (0.0 B) push-merged-local and 0 (0.0 B) remote blocks
2026-08-09 23:12:21,648 INFO storage.ShuffleBlockFetcherIterator: Started 0 remote fetches in 0 ms
2026-08-09 23:12:21,659 INFO executor.Executor: Finished task 1.0 in stage 14.0 (TID 41). 1985 bytes result sent to driver
2026-08-09 23:12:21,659 INFO scheduler.TaskSetManager: Starting task 2.0 in stage 14.0 (TID 49) (10.0.0.215, executor driver, partition 2, PROCESS_LOCAL, 5019 bytes) taskResourceAssignments Map()
2026-08-09 23:12:21,660 INFO scheduler.TaskSetManager: Finished task 1.0 in stage 14.0 (TID 41) in 278 ms on 10.0.0.215 (executor driver) (2/4)
2026-08-09 23:12:21,660 INFO executor.Executor: Running task 2.0 in stage 14.0 (TID 49)
2026-08-09 23:12:21,664 INFO storage.BlockManager: Found block rdd_8_2 locally
2026-08-09 23:12:21,687 INFO executor.Executor: Finished task 3.0 in stage 13.0 (TID 48). 6094 bytes result sent to driver
2026-08-09 23:12:21,688 INFO scheduler.TaskSetManager: Starting task 4.0 in stage 13.0 (TID 50) (10.0.0.215, executor driver, partition 4, NODE_LOCAL, 4271 bytes) taskResourceAssignments Map()
2026-08-09 23:12:21,689 INFO executor.Executor: Running task 4.0 in stage 13.0 (TID 50)
2026-08-09 23:12:21,689 INFO scheduler.TaskSetManager: Finished task 3.0 in stage 13.0 (TID 48) in 44 ms on 10.0.0.215 (executor driver) (4/40)
2026-08-09 23:12:21,692 INFO storage.ShuffleBlockFetcherIterator: Getting 4 (390.7 KiB) non-empty blocks including 4 (390.7 KiB) local and 0 (0.0 B) host-local and 0 (0.0 B) push-merged-local and 0 (0.0 B) remote blocks
2026-08-09 23:12:21,692 INFO storage.ShuffleBlockFetcherIterator: Started 0 remote fetches in 0 ms
2026-08-09 23:12:21,726 INFO executor.Executor: Finished task 4.0 in stage 13.0 (TID 50). 6067 bytes result sent to driver
2026-08-09 23:12:21,727 INFO scheduler.TaskSetManager: Starting task 5.0 in stage 13.0 (TID 51) (10.0.0.215, executor driver, partition 5, NODE_LOCAL, 4271 bytes) taskResourceAssignments Map()
2026-08-09 23:12:21,728 INFO executor.Executor: Running task 5.0 in stage 13.0 (TID 51)
2026-08-09 23:12:21,729 INFO scheduler.TaskSetManager: Finished task 4.0 in stage 13.0 (TID 50) in 41 ms on 10.0.0.215 (executor driver) (5/40)
2026-08-09 23:12:21,730 INFO storage.ShuffleBlockFetcherIterator: Getting 4 (375.1 KiB) non-empty blocks including 4 (375.1 KiB) local and 0 (0.0 B) host-local and 0 (0.0 B) push-merged-local and 0 (0.0 B) remote blocks
2026-08-09 23:12:21,730 INFO storage.ShuffleBlockFetcherIterator: Started 0 remote fetches in 0 ms
2026-08-09 23:12:21,755 INFO executor.Executor: Finished task 5.0 in stage 13.0 (TID 51). 6234 bytes result sent to driver
2026-08-09 23:12:21,755 INFO scheduler.TaskSetManager: Starting task 6.0 in stage 13.0 (TID 52) (10.0.0.215, executor driver, partition 6, NODE_LOCAL, 4271 bytes) taskResourceAssignments Map()
2026-08-09 23:12:21,756 INFO executor.Executor: Running task 6.0 in stage 13.0 (TID 52)
2026-08-09 23:12:21,757 INFO scheduler.TaskSetManager: Finished task 5.0 in stage 13.0 (TID 51) in 30 ms on 10.0.0.215 (executor driver) (6/40)
2026-08-09 23:12:21,758 INFO storage.ShuffleBlockFetcherIterator: Getting 4 (375.1 KiB) non-empty blocks including 4 (375.1 KiB) local and 0 (0.0 B) host-local and 0 (0.0 B) push-merged-local and 0 (0.0 B) remote blocks
2026-08-09 23:12:21,758 INFO storage.ShuffleBlockFetcherIterator: Started 0 remote fetches in 0 ms
2026-08-09 23:12:21,775 INFO executor.Executor: Finished task 2.0 in stage 16.0 (TID 45). 1965 bytes result sent to driver
2026-08-09 23:12:21,776 INFO scheduler.TaskSetManager: Starting task 3.0 in stage 16.0 (TID 53) (10.0.0.215, executor driver, partition 3, PROCESS_LOCAL, 5019 bytes) taskResourceAssignments Map()
2026-08-09 23:12:21,776 INFO scheduler.TaskSetManager: Finished task 2.0 in stage 16.0 (TID 45) in 201 ms on 10.0.0.215 (executor driver) (3/4)
2026-08-09 23:12:21,776 INFO executor.Executor: Running task 3.0 in stage 16.0 (TID 53)
2026-08-09 23:12:21,778 INFO storage.BlockManager: Found block rdd_8_3 locally
2026-08-09 23:12:21,780 INFO executor.Executor: Finished task 6.0 in stage 13.0 (TID 52). 6164 bytes result sent to driver
2026-08-09 23:12:21,782 INFO scheduler.TaskSetManager: Starting task 7.0 in stage 13.0 (TID 54) (10.0.0.215, executor driver, partition 7, NODE_LOCAL, 4271 bytes) taskResourceAssignments Map()
2026-08-09 23:12:21,782 INFO scheduler.TaskSetManager: Finished task 6.0 in stage 13.0 (TID 52) in 27 ms on 10.0.0.215 (executor driver) (7/40)
2026-08-09 23:12:21,782 INFO executor.Executor: Running task 7.0 in stage 13.0 (TID 54)
2026-08-09 23:12:21,783 INFO executor.Executor: Finished task 2.0 in stage 18.0 (TID 47). 1965 bytes result sent to driver
2026-08-09 23:12:21,784 INFO scheduler.TaskSetManager: Starting task 3.0 in stage 18.0 (TID 55) (10.0.0.215, executor driver, partition 3, PROCESS_LOCAL, 5019 bytes) taskResourceAssignments Map()
2026-08-09 23:12:21,784 INFO storage.ShuffleBlockFetcherIterator: Getting 4 (390.7 KiB) non-empty blocks including 4 (390.7 KiB) local and 0 (0.0 B) host-local and 0 (0.0 B) push-merged-local and 0 (0.0 B) remote blocks
2026-08-09 23:12:21,784 INFO storage.ShuffleBlockFetcherIterator: Started 0 remote fetches in 0 ms
2026-08-09 23:12:21,784 INFO scheduler.TaskSetManager: Finished task 2.0 in stage 18.0 (TID 47) in 201 ms on 10.0.0.215 (executor driver) (3/4)
2026-08-09 23:12:21,784 INFO executor.Executor: Running task 3.0 in stage 18.0 (TID 55)
2026-08-09 23:12:21,790 INFO storage.BlockManager: Found block rdd_8_3 locally
2026-08-09 23:12:21,803 INFO executor.Executor: Finished task 7.0 in stage 13.0 (TID 54). 6191 bytes result sent to driver
2026-08-09 23:12:21,804 INFO scheduler.TaskSetManager: Starting task 8.0 in stage 13.0 (TID 56) (10.0.0.215, executor driver, partition 8, NODE_LOCAL, 4271 bytes) taskResourceAssignments Map()
2026-08-09 23:12:21,804 INFO executor.Executor: Running task 8.0 in stage 13.0 (TID 56)
2026-08-09 23:12:21,805 INFO scheduler.TaskSetManager: Finished task 7.0 in stage 13.0 (TID 54) in 24 ms on 10.0.0.215 (executor driver) (8/40)
2026-08-09 23:12:21,806 INFO storage.ShuffleBlockFetcherIterator: Getting 4 (375.1 KiB) non-empty blocks including 4 (375.1 KiB) local and 0 (0.0 B) host-local and 0 (0.0 B) push-merged-local and 0 (0.0 B) remote blocks
2026-08-09 23:12:21,806 INFO storage.ShuffleBlockFetcherIterator: Started 0 remote fetches in 0 ms
2026-08-09 23:12:21,824 INFO executor.Executor: Finished task 8.0 in stage 13.0 (TID 56). 6263 bytes result sent to driver
2026-08-09 23:12:21,825 INFO scheduler.TaskSetManager: Starting task 9.0 in stage 13.0 (TID 57) (10.0.0.215, executor driver, partition 9, NODE_LOCAL, 4271 bytes) taskResourceAssignments Map()
2026-08-09 23:12:21,825 INFO executor.Executor: Running task 9.0 in stage 13.0 (TID 57)
2026-08-09 23:12:21,826 INFO scheduler.TaskSetManager: Finished task 8.0 in stage 13.0 (TID 56) in 22 ms on 10.0.0.215 (executor driver) (9/40)
2026-08-09 23:12:21,828 INFO storage.ShuffleBlockFetcherIterator: Getting 4 (386.1 KiB) non-empty blocks including 4 (386.1 KiB) local and 0 (0.0 B) host-local and 0 (0.0 B) push-merged-local and 0 (0.0 B) remote blocks
2026-08-09 23:12:21,828 INFO storage.ShuffleBlockFetcherIterator: Started 0 remote fetches in 0 ms
2026-08-09 23:12:21,839 INFO executor.Executor: Finished task 3.0 in stage 16.0 (TID 53). 1965 bytes result sent to driver
2026-08-09 23:12:21,840 INFO scheduler.TaskSetManager: Starting task 1.0 in stage 20.0 (TID 58) (10.0.0.215, executor driver, partition 1, PROCESS_LOCAL, 5019 bytes) taskResourceAssignments Map()
2026-08-09 23:12:21,840 INFO scheduler.TaskSetManager: Finished task 3.0 in stage 16.0 (TID 53) in 65 ms on 10.0.0.215 (executor driver) (4/4)
2026-08-09 23:12:21,840 INFO scheduler.TaskSchedulerImpl: Removed TaskSet 16.0, whose tasks have all completed, from pool default
2026-08-09 23:12:21,840 INFO executor.Executor: Running task 1.0 in stage 20.0 (TID 58)
2026-08-09 23:12:21,841 INFO scheduler.DAGScheduler: ShuffleMapStage 16 (mapPartitionsWithIndex at EnsembleTrainer.scala:60) finished in 1.483 s
2026-08-09 23:12:21,841 INFO scheduler.DAGScheduler: looking for newly runnable stages
2026-08-09 23:12:21,841 INFO scheduler.DAGScheduler: running: Set(ShuffleMapStage 30, ShuffleMapStage 34, ResultStage 13, ShuffleMapStage 20, ShuffleMapStage 32, ShuffleMapStage 24, ShuffleMapStage 18, ShuffleMapStage 28, ShuffleMapStage 22, ShuffleMapStage 14, ShuffleMapStage 26)
2026-08-09 23:12:21,841 INFO scheduler.DAGScheduler: waiting: Set(ResultStage 15, ResultStage 33, ResultStage 27, ResultStage 19, ResultStage 31, ResultStage 17, ResultStage 35, ResultStage 21, ResultStage 25, ResultStage 29, ResultStage 23)
2026-08-09 23:12:21,841 INFO scheduler.DAGScheduler: failed: Set()
2026-08-09 23:12:21,842 INFO scheduler.DAGScheduler: Submitting ResultStage 17 (MapPartitionsRDD[41] at mapPartitions at EnsembleTrainer.scala:72), which has no missing parents
2026-08-09 23:12:21,843 INFO storage.BlockManager: Found block rdd_8_1 locally
2026-08-09 23:12:21,844 INFO memory.MemoryStore: Block broadcast_27 stored as values in memory (estimated size 5.4 KiB, free 2.2 GiB)
2026-08-09 23:12:21,844 INFO memory.MemoryStore: Block broadcast_27_piece0 stored as bytes in memory (estimated size 3.0 KiB, free 2.2 GiB)
2026-08-09 23:12:21,845 INFO storage.BlockManagerInfo: Added broadcast_27_piece0 in memory on 10.0.0.215:64244 (size: 3.0 KiB, free: 2.2 GiB)
2026-08-09 23:12:21,845 INFO spark.SparkContext: Created broadcast 27 from broadcast at DAGScheduler.scala:1513
2026-08-09 23:12:21,846 INFO scheduler.DAGScheduler: Submitting 20 missing tasks from ResultStage 17 (MapPartitionsRDD[41] at mapPartitions at EnsembleTrainer.scala:72) (first 15 tasks are for partitions Vector(0, 1, 2, 3, 4, 5, 6, 7, 8, 9, 10, 11, 12, 13, 14))
2026-08-09 23:12:21,846 INFO scheduler.TaskSchedulerImpl: Adding task set 17.0 with 20 tasks resource profile 0
2026-08-09 23:12:21,846 INFO scheduler.FairSchedulableBuilder: Added task set TaskSet_17.0 tasks to pool default
2026-08-09 23:12:21,850 INFO executor.Executor: Finished task 9.0 in stage 13.0 (TID 57). 6349 bytes result sent to driver
2026-08-09 23:12:21,851 INFO scheduler.TaskSetManager: Starting task 10.0 in stage 13.0 (TID 59) (10.0.0.215, executor driver, partition 10, NODE_LOCAL, 4271 bytes) taskResourceAssignments Map()
2026-08-09 23:12:21,851 INFO executor.Executor: Running task 10.0 in stage 13.0 (TID 59)
2026-08-09 23:12:21,852 INFO scheduler.TaskSetManager: Finished task 9.0 in stage 13.0 (TID 57) in 27 ms on 10.0.0.215 (executor driver) (10/40)
2026-08-09 23:12:21,854 INFO storage.ShuffleBlockFetcherIterator: Getting 4 (386.1 KiB) non-empty blocks including 4 (386.1 KiB) local and 0 (0.0 B) host-local and 0 (0.0 B) push-merged-local and 0 (0.0 B) remote blocks
2026-08-09 23:12:21,854 INFO storage.ShuffleBlockFetcherIterator: Started 0 remote fetches in 0 ms
2026-08-09 23:12:21,857 INFO executor.Executor: Finished task 3.0 in stage 18.0 (TID 55). 1965 bytes result sent to driver
2026-08-09 23:12:21,858 INFO scheduler.TaskSetManager: Starting task 0.0 in stage 17.0 (TID 60) (10.0.0.215, executor driver, partition 0, NODE_LOCAL, 4271 bytes) taskResourceAssignments Map()
2026-08-09 23:12:21,858 INFO executor.Executor: Running task 0.0 in stage 17.0 (TID 60)
2026-08-09 23:12:21,858 INFO scheduler.TaskSetManager: Finished task 3.0 in stage 18.0 (TID 55) in 75 ms on 10.0.0.215 (executor driver) (4/4)
2026-08-09 23:12:21,858 INFO scheduler.TaskSchedulerImpl: Removed TaskSet 18.0, whose tasks have all completed, from pool default
2026-08-09 23:12:21,859 INFO scheduler.DAGScheduler: ShuffleMapStage 18 (mapPartitionsWithIndex at EnsembleTrainer.scala:60) finished in 1.489 s
2026-08-09 23:12:21,859 INFO scheduler.DAGScheduler: looking for newly runnable stages
2026-08-09 23:12:21,859 INFO scheduler.DAGScheduler: running: Set(ShuffleMapStage 30, ShuffleMapStage 34, ResultStage 13, ShuffleMapStage 20, ResultStage 17, ShuffleMapStage 32, ShuffleMapStage 24, ShuffleMapStage 28, ShuffleMapStage 22, ShuffleMapStage 14, ShuffleMapStage 26)
2026-08-09 23:12:21,859 INFO scheduler.DAGScheduler: waiting: Set(ResultStage 15, ResultStage 33, ResultStage 27, ResultStage 19, ResultStage 31, ResultStage 35, ResultStage 21, ResultStage 25, ResultStage 29, ResultStage 23)
2026-08-09 23:12:21,859 INFO scheduler.DAGScheduler: failed: Set()
2026-08-09 23:12:21,859 INFO scheduler.DAGScheduler: Submitting ResultStage 19 (MapPartitionsRDD[37] at mapPartitions at EnsembleTrainer.scala:72), which has no missing parents
2026-08-09 23:12:21,861 INFO storage.ShuffleBlockFetcherIterator: Getting 4 (795.0 KiB) non-empty blocks including 4 (795.0 KiB) local and 0 (0.0 B) host-local and 0 (0.0 B) push-merged-local and 0 (0.0 B) remote blocks
2026-08-09 23:12:21,862 INFO memory.MemoryStore: Block broadcast_28 stored as values in memory (estimated size 5.4 KiB, free 2.2 GiB)
2026-08-09 23:12:21,862 INFO memory.MemoryStore: Block broadcast_28_piece0 stored as bytes in memory (estimated size 3.0 KiB, free 2.2 GiB)
2026-08-09 23:12:21,862 INFO storage.ShuffleBlockFetcherIterator: Started 0 remote fetches in 1 ms
2026-08-09 23:12:21,863 INFO storage.BlockManagerInfo: Added broadcast_28_piece0 in memory on 10.0.0.215:64244 (size: 3.0 KiB, free: 2.2 GiB)
2026-08-09 23:12:21,863 INFO spark.SparkContext: Created broadcast 28 from broadcast at DAGScheduler.scala:1513
2026-08-09 23:12:21,863 INFO scheduler.DAGScheduler: Submitting 20 missing tasks from ResultStage 19 (MapPartitionsRDD[37] at mapPartitions at EnsembleTrainer.scala:72) (first 15 tasks are for partitions Vector(0, 1, 2, 3, 4, 5, 6, 7, 8, 9, 10, 11, 12, 13, 14))
2026-08-09 23:12:21,863 INFO scheduler.TaskSchedulerImpl: Adding task set 19.0 with 20 tasks resource profile 0
2026-08-09 23:12:21,864 INFO scheduler.FairSchedulableBuilder: Added task set TaskSet_19.0 tasks to pool default
2026-08-09 23:12:21,872 INFO executor.Executor: Finished task 10.0 in stage 13.0 (TID 59). 6234 bytes result sent to driver
2026-08-09 23:12:21,873 INFO scheduler.TaskSetManager: Starting task 11.0 in stage 13.0 (TID 61) (10.0.0.215, executor driver, partition 11, NODE_LOCAL, 4271 bytes) taskResourceAssignments Map()
2026-08-09 23:12:21,874 INFO executor.Executor: Running task 11.0 in stage 13.0 (TID 61)
2026-08-09 23:12:21,874 INFO scheduler.TaskSetManager: Finished task 10.0 in stage 13.0 (TID 59) in 23 ms on 10.0.0.215 (executor driver) (11/40)
2026-08-09 23:12:21,877 INFO storage.ShuffleBlockFetcherIterator: Getting 4 (375.1 KiB) non-empty blocks including 4 (375.1 KiB) local and 0 (0.0 B) host-local and 0 (0.0 B) push-merged-local and 0 (0.0 B) remote blocks
2026-08-09 23:12:21,877 INFO storage.ShuffleBlockFetcherIterator: Started 0 remote fetches in 0 ms
2026-08-09 23:12:21,894 INFO executor.Executor: Finished task 2.0 in stage 14.0 (TID 49). 1985 bytes result sent to driver
2026-08-09 23:12:21,894 INFO scheduler.TaskSetManager: Starting task 3.0 in stage 14.0 (TID 62) (10.0.0.215, executor driver, partition 3, PROCESS_LOCAL, 5019 bytes) taskResourceAssignments Map()
2026-08-09 23:12:21,895 INFO executor.Executor: Running task 3.0 in stage 14.0 (TID 62)
2026-08-09 23:12:21,895 INFO scheduler.TaskSetManager: Finished task 2.0 in stage 14.0 (TID 49) in 236 ms on 10.0.0.215 (executor driver) (3/4)
2026-08-09 23:12:21,896 INFO storage.BlockManager: Found block rdd_8_3 locally
2026-08-09 23:12:21,903 INFO executor.Executor: Finished task 0.0 in stage 17.0 (TID 60). 12284 bytes result sent to driver
2026-08-09 23:12:21,903 INFO scheduler.TaskSetManager: Starting task 1.0 in stage 17.0 (TID 63) (10.0.0.215, executor driver, partition 1, NODE_LOCAL, 4271 bytes) taskResourceAssignments Map()
2026-08-09 23:12:21,904 INFO executor.Executor: Running task 1.0 in stage 17.0 (TID 63)
2026-08-09 23:12:21,904 INFO scheduler.TaskSetManager: Finished task 0.0 in stage 17.0 (TID 60) in 46 ms on 10.0.0.215 (executor driver) (1/20)
2026-08-09 23:12:21,906 INFO storage.ShuffleBlockFetcherIterator: Getting 4 (765.4 KiB) non-empty blocks including 4 (765.4 KiB) local and 0 (0.0 B) host-local and 0 (0.0 B) push-merged-local and 0 (0.0 B) remote blocks
2026-08-09 23:12:21,906 INFO storage.ShuffleBlockFetcherIterator: Started 0 remote fetches in 0 ms
2026-08-09 23:12:21,914 INFO executor.Executor: Finished task 11.0 in stage 13.0 (TID 61). 6164 bytes result sent to driver
2026-08-09 23:12:21,915 INFO scheduler.TaskSetManager: Starting task 12.0 in stage 13.0 (TID 64) (10.0.0.215, executor driver, partition 12, NODE_LOCAL, 4271 bytes) taskResourceAssignments Map()
2026-08-09 23:12:21,915 INFO executor.Executor: Running task 12.0 in stage 13.0 (TID 64)
2026-08-09 23:12:21,916 INFO scheduler.TaskSetManager: Finished task 11.0 in stage 13.0 (TID 61) in 43 ms on 10.0.0.215 (executor driver) (12/40)
2026-08-09 23:12:21,918 INFO storage.ShuffleBlockFetcherIterator: Getting 4 (365.1 KiB) non-empty blocks including 4 (365.1 KiB) local and 0 (0.0 B) host-local and 0 (0.0 B) push-merged-local and 0 (0.0 B) remote blocks
2026-08-09 23:12:21,918 INFO storage.ShuffleBlockFetcherIterator: Started 0 remote fetches in 0 ms
2026-08-09 23:12:21,935 INFO executor.Executor: Finished task 1.0 in stage 20.0 (TID 58). 1912 bytes result sent to driver
2026-08-09 23:12:21,936 INFO scheduler.TaskSetManager: Starting task 0.0 in stage 19.0 (TID 65) (10.0.0.215, executor driver, partition 0, NODE_LOCAL, 4271 bytes) taskResourceAssignments Map()
2026-08-09 23:12:21,936 INFO scheduler.TaskSetManager: Finished task 1.0 in stage 20.0 (TID 58) in 96 ms on 10.0.0.215 (executor driver) (2/4)
2026-08-09 23:12:21,936 INFO executor.Executor: Running task 0.0 in stage 19.0 (TID 65)
2026-08-09 23:12:21,938 INFO storage.ShuffleBlockFetcherIterator: Getting 4 (795.0 KiB) non-empty blocks including 4 (795.0 KiB) local and 0 (0.0 B) host-local and 0 (0.0 B) push-merged-local and 0 (0.0 B) remote blocks
2026-08-09 23:12:21,938 INFO storage.ShuffleBlockFetcherIterator: Started 0 remote fetches in 0 ms
2026-08-09 23:12:21,941 INFO executor.Executor: Finished task 12.0 in stage 13.0 (TID 64). 6234 bytes result sent to driver
2026-08-09 23:12:21,942 INFO scheduler.TaskSetManager: Starting task 13.0 in stage 13.0 (TID 66) (10.0.0.215, executor driver, partition 13, NODE_LOCAL, 4271 bytes) taskResourceAssignments Map()
2026-08-09 23:12:21,943 INFO scheduler.TaskSetManager: Finished task 12.0 in stage 13.0 (TID 64) in 28 ms on 10.0.0.215 (executor driver) (13/40)
2026-08-09 23:12:21,943 INFO executor.Executor: Running task 13.0 in stage 13.0 (TID 66)
2026-08-09 23:12:21,946 INFO storage.ShuffleBlockFetcherIterator: Getting 4 (392.8 KiB) non-empty blocks including 4 (392.8 KiB) local and 0 (0.0 B) host-local and 0 (0.0 B) push-merged-local and 0 (0.0 B) remote blocks
2026-08-09 23:12:21,946 INFO storage.ShuffleBlockFetcherIterator: Started 0 remote fetches in 0 ms
2026-08-09 23:12:21,969 INFO executor.Executor: Finished task 1.0 in stage 17.0 (TID 63). 12397 bytes result sent to driver
2026-08-09 23:12:21,969 INFO scheduler.TaskSetManager: Starting task 2.0 in stage 17.0 (TID 67) (10.0.0.215, executor driver, partition 2, NODE_LOCAL, 4271 bytes) taskResourceAssignments Map()
2026-08-09 23:12:21,970 INFO executor.Executor: Running task 2.0 in stage 17.0 (TID 67)
2026-08-09 23:12:21,971 INFO scheduler.TaskSetManager: Finished task 1.0 in stage 17.0 (TID 63) in 68 ms on 10.0.0.215 (executor driver) (2/20)
2026-08-09 23:12:21,971 INFO executor.Executor: Finished task 13.0 in stage 13.0 (TID 66). 6349 bytes result sent to driver
2026-08-09 23:12:21,971 INFO storage.ShuffleBlockFetcherIterator: Getting 4 (731.0 KiB) non-empty blocks including 4 (731.0 KiB) local and 0 (0.0 B) host-local and 0 (0.0 B) push-merged-local and 0 (0.0 B) remote blocks
2026-08-09 23:12:21,971 INFO storage.ShuffleBlockFetcherIterator: Started 0 remote fetches in 0 ms
2026-08-09 23:12:21,972 INFO scheduler.TaskSetManager: Starting task 14.0 in stage 13.0 (TID 68) (10.0.0.215, executor driver, partition 14, NODE_LOCAL, 4271 bytes) taskResourceAssignments Map()
2026-08-09 23:12:21,972 INFO executor.Executor: Running task 14.0 in stage 13.0 (TID 68)
2026-08-09 23:12:21,973 INFO scheduler.TaskSetManager: Finished task 13.0 in stage 13.0 (TID 66) in 31 ms on 10.0.0.215 (executor driver) (14/40)
2026-08-09 23:12:21,973 INFO storage.ShuffleBlockFetcherIterator: Getting 4 (397.0 KiB) non-empty blocks including 4 (397.0 KiB) local and 0 (0.0 B) host-local and 0 (0.0 B) push-merged-local and 0 (0.0 B) remote blocks
2026-08-09 23:12:21,973 INFO storage.ShuffleBlockFetcherIterator: Started 0 remote fetches in 0 ms
2026-08-09 23:12:21,977 INFO executor.Executor: Finished task 0.0 in stage 19.0 (TID 65). 6067 bytes result sent to driver
2026-08-09 23:12:21,977 INFO scheduler.TaskSetManager: Starting task 1.0 in stage 19.0 (TID 69) (10.0.0.215, executor driver, partition 1, NODE_LOCAL, 4271 bytes) taskResourceAssignments Map()
2026-08-09 23:12:21,978 INFO executor.Executor: Running task 1.0 in stage 19.0 (TID 69)
2026-08-09 23:12:21,978 INFO scheduler.TaskSetManager: Finished task 0.0 in stage 19.0 (TID 65) in 42 ms on 10.0.0.215 (executor driver) (1/20)
2026-08-09 23:12:21,981 INFO storage.ShuffleBlockFetcherIterator: Getting 4 (765.4 KiB) non-empty blocks including 4 (765.4 KiB) local and 0 (0.0 B) host-local and 0 (0.0 B) push-merged-local and 0 (0.0 B) remote blocks
2026-08-09 23:12:21,981 INFO storage.ShuffleBlockFetcherIterator: Started 0 remote fetches in 0 ms
2026-08-09 23:12:22,001 INFO executor.Executor: Finished task 14.0 in stage 13.0 (TID 68). 6121 bytes result sent to driver
2026-08-09 23:12:22,002 INFO scheduler.TaskSetManager: Starting task 15.0 in stage 13.0 (TID 70) (10.0.0.215, executor driver, partition 15, NODE_LOCAL, 4271 bytes) taskResourceAssignments Map()
2026-08-09 23:12:22,003 INFO executor.Executor: Running task 15.0 in stage 13.0 (TID 70)
2026-08-09 23:12:22,003 INFO executor.Executor: Finished task 3.0 in stage 14.0 (TID 62). 1985 bytes result sent to driver
2026-08-09 23:12:22,004 INFO scheduler.TaskSetManager: Starting task 2.0 in stage 20.0 (TID 71) (10.0.0.215, executor driver, partition 2, PROCESS_LOCAL, 5019 bytes) taskResourceAssignments Map()
2026-08-09 23:12:22,005 INFO scheduler.TaskSetManager: Finished task 14.0 in stage 13.0 (TID 68) in 34 ms on 10.0.0.215 (executor driver) (15/40)
2026-08-09 23:12:22,005 INFO scheduler.TaskSetManager: Finished task 3.0 in stage 14.0 (TID 62) in 111 ms on 10.0.0.215 (executor driver) (4/4)
2026-08-09 23:12:22,005 INFO executor.Executor: Running task 2.0 in stage 20.0 (TID 71)
2026-08-09 23:12:22,005 INFO scheduler.TaskSchedulerImpl: Removed TaskSet 14.0, whose tasks have all completed, from pool default
2026-08-09 23:12:22,005 INFO storage.ShuffleBlockFetcherIterator: Getting 4 (386.1 KiB) non-empty blocks including 4 (386.1 KiB) local and 0 (0.0 B) host-local and 0 (0.0 B) push-merged-local and 0 (0.0 B) remote blocks
2026-08-09 23:12:22,005 INFO storage.ShuffleBlockFetcherIterator: Started 0 remote fetches in 1 ms
2026-08-09 23:12:22,005 INFO scheduler.DAGScheduler: ShuffleMapStage 14 (mapPartitionsWithIndex at EnsembleTrainer.scala:60) finished in 1.655 s
2026-08-09 23:12:22,005 INFO scheduler.DAGScheduler: looking for newly runnable stages
2026-08-09 23:12:22,005 INFO scheduler.DAGScheduler: running: Set(ShuffleMapStage 30, ResultStage 19, ShuffleMapStage 34, ResultStage 13, ShuffleMapStage 20, ResultStage 17, ShuffleMapStage 32, ShuffleMapStage 24, ShuffleMapStage 28, ShuffleMapStage 22, ShuffleMapStage 26)
2026-08-09 23:12:22,005 INFO scheduler.DAGScheduler: waiting: Set(ResultStage 15, ResultStage 33, ResultStage 27, ResultStage 31, ResultStage 35, ResultStage 21, ResultStage 25, ResultStage 29, ResultStage 23)
2026-08-09 23:12:22,005 INFO scheduler.DAGScheduler: failed: Set()
2026-08-09 23:12:22,006 INFO scheduler.DAGScheduler: Submitting ResultStage 15 (MapPartitionsRDD[38] at mapPartitions at EnsembleTrainer.scala:72), which has no missing parents
2026-08-09 23:12:22,007 INFO memory.MemoryStore: Block broadcast_29 stored as values in memory (estimated size 5.4 KiB, free 2.2 GiB)
2026-08-09 23:12:22,008 INFO memory.MemoryStore: Block broadcast_29_piece0 stored as bytes in memory (estimated size 3.0 KiB, free 2.2 GiB)
2026-08-09 23:12:22,008 INFO storage.BlockManager: Found block rdd_8_2 locally
2026-08-09 23:12:22,008 INFO storage.BlockManagerInfo: Added broadcast_29_piece0 in memory on 10.0.0.215:64244 (size: 3.0 KiB, free: 2.2 GiB)
2026-08-09 23:12:22,008 INFO spark.SparkContext: Created broadcast 29 from broadcast at DAGScheduler.scala:1513
2026-08-09 23:12:22,009 INFO scheduler.DAGScheduler: Submitting 40 missing tasks from ResultStage 15 (MapPartitionsRDD[38] at mapPartitions at EnsembleTrainer.scala:72) (first 15 tasks are for partitions Vector(0, 1, 2, 3, 4, 5, 6, 7, 8, 9, 10, 11, 12, 13, 14))
2026-08-09 23:12:22,009 INFO scheduler.TaskSchedulerImpl: Adding task set 15.0 with 40 tasks resource profile 0
2026-08-09 23:12:22,010 INFO scheduler.FairSchedulableBuilder: Added task set TaskSet_15.0 tasks to pool default
2026-08-09 23:12:22,019 INFO executor.Executor: Finished task 1.0 in stage 19.0 (TID 69). 6306 bytes result sent to driver
2026-08-09 23:12:22,019 INFO scheduler.TaskSetManager: Starting task 0.0 in stage 15.0 (TID 72) (10.0.0.215, executor driver, partition 0, NODE_LOCAL, 4271 bytes) taskResourceAssignments Map()
2026-08-09 23:12:22,019 INFO executor.Executor: Running task 0.0 in stage 15.0 (TID 72)
2026-08-09 23:12:22,020 INFO scheduler.TaskSetManager: Finished task 1.0 in stage 19.0 (TID 69) in 43 ms on 10.0.0.215 (executor driver) (2/20)
2026-08-09 23:12:22,021 INFO storage.ShuffleBlockFetcherIterator: Getting 4 (375.1 KiB) non-empty blocks including 4 (375.1 KiB) local and 0 (0.0 B) host-local and 0 (0.0 B) push-merged-local and 0 (0.0 B) remote blocks
2026-08-09 23:12:22,021 INFO storage.ShuffleBlockFetcherIterator: Started 0 remote fetches in 0 ms
2026-08-09 23:12:22,026 INFO executor.Executor: Finished task 2.0 in stage 17.0 (TID 67). 12171 bytes result sent to driver
2026-08-09 23:12:22,026 INFO executor.Executor: Finished task 15.0 in stage 13.0 (TID 70). 6051 bytes result sent to driver
2026-08-09 23:12:22,027 INFO scheduler.TaskSetManager: Starting task 3.0 in stage 17.0 (TID 73) (10.0.0.215, executor driver, partition 3, NODE_LOCAL, 4271 bytes) taskResourceAssignments Map()
2026-08-09 23:12:22,028 INFO scheduler.TaskSetManager: Starting task 16.0 in stage 13.0 (TID 74) (10.0.0.215, executor driver, partition 16, NODE_LOCAL, 4271 bytes) taskResourceAssignments Map()
2026-08-09 23:12:22,028 INFO executor.Executor: Running task 3.0 in stage 17.0 (TID 73)
2026-08-09 23:12:22,028 INFO executor.Executor: Running task 16.0 in stage 13.0 (TID 74)
2026-08-09 23:12:22,028 INFO scheduler.TaskSetManager: Finished task 2.0 in stage 17.0 (TID 67) in 59 ms on 10.0.0.215 (executor driver) (3/20)
2026-08-09 23:12:22,028 INFO scheduler.TaskSetManager: Finished task 15.0 in stage 13.0 (TID 70) in 26 ms on 10.0.0.215 (executor driver) (16/40)
2026-08-09 23:12:22,029 INFO storage.ShuffleBlockFetcherIterator: Getting 4 (381.8 KiB) non-empty blocks including 4 (381.8 KiB) local and 0 (0.0 B) host-local and 0 (0.0 B) push-merged-local and 0 (0.0 B) remote blocks
2026-08-09 23:12:22,029 INFO storage.ShuffleBlockFetcherIterator: Started 0 remote fetches in 0 ms
2026-08-09 23:12:22,030 INFO storage.ShuffleBlockFetcherIterator: Getting 4 (744.1 KiB) non-empty blocks including 4 (744.1 KiB) local and 0 (0.0 B) host-local and 0 (0.0 B) push-merged-local and 0 (0.0 B) remote blocks
2026-08-09 23:12:22,030 INFO storage.ShuffleBlockFetcherIterator: Started 0 remote fetches in 0 ms
2026-08-09 23:12:22,048 INFO executor.Executor: Finished task 16.0 in stage 13.0 (TID 74). 6121 bytes result sent to driver
2026-08-09 23:12:22,048 INFO scheduler.TaskSetManager: Starting task 17.0 in stage 13.0 (TID 75) (10.0.0.215, executor driver, partition 17, NODE_LOCAL, 4271 bytes) taskResourceAssignments Map()
2026-08-09 23:12:22,048 INFO executor.Executor: Running task 17.0 in stage 13.0 (TID 75)
2026-08-09 23:12:22,049 INFO scheduler.TaskSetManager: Finished task 16.0 in stage 13.0 (TID 74) in 21 ms on 10.0.0.215 (executor driver) (17/40)
2026-08-09 23:12:22,050 INFO storage.ShuffleBlockFetcherIterator: Getting 4 (381.8 KiB) non-empty blocks including 4 (381.8 KiB) local and 0 (0.0 B) host-local and 0 (0.0 B) push-merged-local and 0 (0.0 B) remote blocks
2026-08-09 23:12:22,050 INFO storage.ShuffleBlockFetcherIterator: Started 0 remote fetches in 0 ms
2026-08-09 23:12:22,052 INFO executor.Executor: Finished task 0.0 in stage 15.0 (TID 72). 11961 bytes result sent to driver
2026-08-09 23:12:22,053 INFO scheduler.TaskSetManager: Starting task 1.0 in stage 15.0 (TID 76) (10.0.0.215, executor driver, partition 1, NODE_LOCAL, 4271 bytes) taskResourceAssignments Map()
2026-08-09 23:12:22,053 INFO executor.Executor: Running task 1.0 in stage 15.0 (TID 76)
2026-08-09 23:12:22,054 INFO scheduler.TaskSetManager: Finished task 0.0 in stage 15.0 (TID 72) in 35 ms on 10.0.0.215 (executor driver) (1/40)
2026-08-09 23:12:22,054 INFO storage.ShuffleBlockFetcherIterator: Getting 4 (380.7 KiB) non-empty blocks including 4 (380.7 KiB) local and 0 (0.0 B) host-local and 0 (0.0 B) push-merged-local and 0 (0.0 B) remote blocks
2026-08-09 23:12:22,054 INFO storage.ShuffleBlockFetcherIterator: Started 0 remote fetches in 0 ms
2026-08-09 23:12:22,071 INFO executor.Executor: Finished task 17.0 in stage 13.0 (TID 75). 6137 bytes result sent to driver
2026-08-09 23:12:22,072 INFO scheduler.TaskSetManager: Starting task 18.0 in stage 13.0 (TID 77) (10.0.0.215, executor driver, partition 18, NODE_LOCAL, 4271 bytes) taskResourceAssignments Map()
2026-08-09 23:12:22,072 INFO scheduler.TaskSetManager: Finished task 17.0 in stage 13.0 (TID 75) in 24 ms on 10.0.0.215 (executor driver) (18/40)
2026-08-09 23:12:22,072 INFO executor.Executor: Running task 18.0 in stage 13.0 (TID 77)
2026-08-09 23:12:22,074 INFO storage.ShuffleBlockFetcherIterator: Getting 4 (386.1 KiB) non-empty blocks including 4 (386.1 KiB) local and 0 (0.0 B) host-local and 0 (0.0 B) push-merged-local and 0 (0.0 B) remote blocks
2026-08-09 23:12:22,074 INFO storage.ShuffleBlockFetcherIterator: Started 0 remote fetches in 0 ms
2026-08-09 23:12:22,079 INFO executor.Executor: Finished task 3.0 in stage 17.0 (TID 73). 12327 bytes result sent to driver
2026-08-09 23:12:22,079 INFO scheduler.TaskSetManager: Starting task 4.0 in stage 17.0 (TID 78) (10.0.0.215, executor driver, partition 4, NODE_LOCAL, 4271 bytes) taskResourceAssignments Map()
2026-08-09 23:12:22,080 INFO executor.Executor: Running task 4.0 in stage 17.0 (TID 78)
2026-08-09 23:12:22,080 INFO scheduler.TaskSetManager: Finished task 3.0 in stage 17.0 (TID 73) in 53 ms on 10.0.0.215 (executor driver) (4/20)
2026-08-09 23:12:22,081 INFO storage.ShuffleBlockFetcherIterator: Getting 4 (752.3 KiB) non-empty blocks including 4 (752.3 KiB) local and 0 (0.0 B) host-local and 0 (0.0 B) push-merged-local and 0 (0.0 B) remote blocks
2026-08-09 23:12:22,081 INFO storage.ShuffleBlockFetcherIterator: Started 0 remote fetches in 0 ms
2026-08-09 23:12:22,084 INFO executor.Executor: Finished task 1.0 in stage 15.0 (TID 76). 11794 bytes result sent to driver
2026-08-09 23:12:22,085 INFO scheduler.TaskSetManager: Starting task 2.0 in stage 15.0 (TID 79) (10.0.0.215, executor driver, partition 2, NODE_LOCAL, 4271 bytes) taskResourceAssignments Map()
2026-08-09 23:12:22,085 INFO executor.Executor: Running task 2.0 in stage 15.0 (TID 79)
2026-08-09 23:12:22,085 INFO scheduler.TaskSetManager: Finished task 1.0 in stage 15.0 (TID 76) in 32 ms on 10.0.0.215 (executor driver) (2/40)
2026-08-09 23:12:22,087 INFO storage.ShuffleBlockFetcherIterator: Getting 4 (386.1 KiB) non-empty blocks including 4 (386.1 KiB) local and 0 (0.0 B) host-local and 0 (0.0 B) push-merged-local and 0 (0.0 B) remote blocks
2026-08-09 23:12:22,087 INFO storage.ShuffleBlockFetcherIterator: Started 0 remote fetches in 0 ms
2026-08-09 23:12:22,093 INFO executor.Executor: Finished task 18.0 in stage 13.0 (TID 77). 6121 bytes result sent to driver
2026-08-09 23:12:22,093 INFO scheduler.TaskSetManager: Starting task 19.0 in stage 13.0 (TID 80) (10.0.0.215, executor driver, partition 19, NODE_LOCAL, 4271 bytes) taskResourceAssignments Map()
2026-08-09 23:12:22,094 INFO executor.Executor: Running task 19.0 in stage 13.0 (TID 80)
2026-08-09 23:12:22,094 INFO scheduler.TaskSetManager: Finished task 18.0 in stage 13.0 (TID 77) in 22 ms on 10.0.0.215 (executor driver) (19/40)
2026-08-09 23:12:22,096 INFO storage.ShuffleBlockFetcherIterator: Getting 4 (381.8 KiB) non-empty blocks including 4 (381.8 KiB) local and 0 (0.0 B) host-local and 0 (0.0 B) push-merged-local and 0 (0.0 B) remote blocks
2026-08-09 23:12:22,096 INFO storage.ShuffleBlockFetcherIterator: Started 0 remote fetches in 0 ms
2026-08-09 23:12:22,109 INFO executor.Executor: Finished task 2.0 in stage 20.0 (TID 71). 1955 bytes result sent to driver
2026-08-09 23:12:22,109 INFO scheduler.TaskSetManager: Starting task 2.0 in stage 19.0 (TID 81) (10.0.0.215, executor driver, partition 2, NODE_LOCAL, 4271 bytes) taskResourceAssignments Map()
2026-08-09 23:12:22,109 INFO executor.Executor: Running task 2.0 in stage 19.0 (TID 81)
2026-08-09 23:12:22,109 INFO scheduler.TaskSetManager: Finished task 2.0 in stage 20.0 (TID 71) in 106 ms on 10.0.0.215 (executor driver) (3/4)
2026-08-09 23:12:22,112 INFO storage.ShuffleBlockFetcherIterator: Getting 4 (731.0 KiB) non-empty blocks including 4 (731.0 KiB) local and 0 (0.0 B) host-local and 0 (0.0 B) push-merged-local and 0 (0.0 B) remote blocks
2026-08-09 23:12:22,112 INFO storage.ShuffleBlockFetcherIterator: Started 0 remote fetches in 0 ms
2026-08-09 23:12:22,123 INFO executor.Executor: Finished task 19.0 in stage 13.0 (TID 80). 6306 bytes result sent to driver
2026-08-09 23:12:22,124 INFO scheduler.TaskSetManager: Starting task 20.0 in stage 13.0 (TID 82) (10.0.0.215, executor driver, partition 20, NODE_LOCAL, 4271 bytes) taskResourceAssignments Map()
2026-08-09 23:12:22,124 INFO executor.Executor: Running task 20.0 in stage 13.0 (TID 82)
2026-08-09 23:12:22,124 INFO scheduler.TaskSetManager: Finished task 19.0 in stage 13.0 (TID 80) in 31 ms on 10.0.0.215 (executor driver) (20/40)
2026-08-09 23:12:22,126 INFO storage.ShuffleBlockFetcherIterator: Getting 4 (371.9 KiB) non-empty blocks including 4 (371.9 KiB) local and 0 (0.0 B) host-local and 0 (0.0 B) push-merged-local and 0 (0.0 B) remote blocks
2026-08-09 23:12:22,126 INFO storage.ShuffleBlockFetcherIterator: Started 0 remote fetches in 0 ms
2026-08-09 23:12:22,132 INFO executor.Executor: Finished task 2.0 in stage 15.0 (TID 79). 12284 bytes result sent to driver
2026-08-09 23:12:22,132 INFO scheduler.TaskSetManager: Starting task 3.0 in stage 15.0 (TID 83) (10.0.0.215, executor driver, partition 3, NODE_LOCAL, 4271 bytes) taskResourceAssignments Map()
2026-08-09 23:12:22,133 INFO executor.Executor: Running task 3.0 in stage 15.0 (TID 83)
2026-08-09 23:12:22,133 INFO scheduler.TaskSetManager: Finished task 2.0 in stage 15.0 (TID 79) in 48 ms on 10.0.0.215 (executor driver) (3/40)
2026-08-09 23:12:22,134 INFO storage.ShuffleBlockFetcherIterator: Getting 4 (381.8 KiB) non-empty blocks including 4 (381.8 KiB) local and 0 (0.0 B) host-local and 0 (0.0 B) push-merged-local and 0 (0.0 B) remote blocks
2026-08-09 23:12:22,134 INFO storage.ShuffleBlockFetcherIterator: Started 0 remote fetches in 0 ms
2026-08-09 23:12:22,141 INFO executor.Executor: Finished task 2.0 in stage 19.0 (TID 81). 6234 bytes result sent to driver
2026-08-09 23:12:22,141 INFO executor.Executor: Finished task 20.0 in stage 13.0 (TID 82). 6306 bytes result sent to driver
2026-08-09 23:12:22,141 INFO scheduler.TaskSetManager: Starting task 3.0 in stage 19.0 (TID 84) (10.0.0.215, executor driver, partition 3, NODE_LOCAL, 4271 bytes) taskResourceAssignments Map()
2026-08-09 23:12:22,141 INFO scheduler.TaskSetManager: Starting task 21.0 in stage 13.0 (TID 85) (10.0.0.215, executor driver, partition 21, NODE_LOCAL, 4271 bytes) taskResourceAssignments Map()
2026-08-09 23:12:22,142 INFO executor.Executor: Running task 3.0 in stage 19.0 (TID 84)
2026-08-09 23:12:22,142 INFO executor.Executor: Running task 21.0 in stage 13.0 (TID 85)
2026-08-09 23:12:22,142 INFO scheduler.TaskSetManager: Finished task 2.0 in stage 19.0 (TID 81) in 33 ms on 10.0.0.215 (executor driver) (3/20)
2026-08-09 23:12:22,143 INFO scheduler.TaskSetManager: Finished task 20.0 in stage 13.0 (TID 82) in 19 ms on 10.0.0.215 (executor driver) (21/40)
2026-08-09 23:12:22,143 INFO storage.ShuffleBlockFetcherIterator: Getting 4 (386.1 KiB) non-empty blocks including 4 (386.1 KiB) local and 0 (0.0 B) host-local and 0 (0.0 B) push-merged-local and 0 (0.0 B) remote blocks
2026-08-09 23:12:22,143 INFO storage.ShuffleBlockFetcherIterator: Getting 4 (744.1 KiB) non-empty blocks including 4 (744.1 KiB) local and 0 (0.0 B) host-local and 0 (0.0 B) push-merged-local and 0 (0.0 B) remote blocks
2026-08-09 23:12:22,143 INFO storage.ShuffleBlockFetcherIterator: Started 0 remote fetches in 0 ms
2026-08-09 23:12:22,143 INFO storage.ShuffleBlockFetcherIterator: Started 0 remote fetches in 0 ms
2026-08-09 23:12:22,146 INFO executor.Executor: Finished task 4.0 in stage 17.0 (TID 78). 12241 bytes result sent to driver
2026-08-09 23:12:22,146 INFO scheduler.TaskSetManager: Starting task 5.0 in stage 17.0 (TID 86) (10.0.0.215, executor driver, partition 5, NODE_LOCAL, 4271 bytes) taskResourceAssignments Map()
2026-08-09 23:12:22,147 INFO executor.Executor: Running task 5.0 in stage 17.0 (TID 86)
2026-08-09 23:12:22,147 INFO scheduler.TaskSetManager: Finished task 4.0 in stage 17.0 (TID 78) in 68 ms on 10.0.0.215 (executor driver) (5/20)
2026-08-09 23:12:22,148 INFO storage.ShuffleBlockFetcherIterator: Getting 4 (752.3 KiB) non-empty blocks including 4 (752.3 KiB) local and 0 (0.0 B) host-local and 0 (0.0 B) push-merged-local and 0 (0.0 B) remote blocks
2026-08-09 23:12:22,148 INFO storage.ShuffleBlockFetcherIterator: Started 0 remote fetches in 0 ms
2026-08-09 23:12:22,159 INFO executor.Executor: Finished task 21.0 in stage 13.0 (TID 85). 6333 bytes result sent to driver
2026-08-09 23:12:22,160 INFO scheduler.TaskSetManager: Starting task 22.0 in stage 13.0 (TID 87) (10.0.0.215, executor driver, partition 22, NODE_LOCAL, 4271 bytes) taskResourceAssignments Map()
2026-08-09 23:12:22,160 INFO scheduler.TaskSetManager: Finished task 21.0 in stage 13.0 (TID 85) in 19 ms on 10.0.0.215 (executor driver) (22/40)
2026-08-09 23:12:22,161 INFO executor.Executor: Running task 22.0 in stage 13.0 (TID 87)
2026-08-09 23:12:22,163 INFO storage.ShuffleBlockFetcherIterator: Getting 4 (386.1 KiB) non-empty blocks including 4 (386.1 KiB) local and 0 (0.0 B) host-local and 0 (0.0 B) push-merged-local and 0 (0.0 B) remote blocks
2026-08-09 23:12:22,163 INFO storage.ShuffleBlockFetcherIterator: Started 0 remote fetches in 0 ms
2026-08-09 23:12:22,163 INFO executor.Executor: Finished task 3.0 in stage 15.0 (TID 83). 11961 bytes result sent to driver
2026-08-09 23:12:22,164 INFO scheduler.TaskSetManager: Starting task 4.0 in stage 15.0 (TID 88) (10.0.0.215, executor driver, partition 4, NODE_LOCAL, 4271 bytes) taskResourceAssignments Map()
2026-08-09 23:12:22,164 INFO executor.Executor: Running task 4.0 in stage 15.0 (TID 88)
2026-08-09 23:12:22,165 INFO scheduler.TaskSetManager: Finished task 3.0 in stage 15.0 (TID 83) in 33 ms on 10.0.0.215 (executor driver) (4/40)
2026-08-09 23:12:22,166 INFO storage.ShuffleBlockFetcherIterator: Getting 4 (390.7 KiB) non-empty blocks including 4 (390.7 KiB) local and 0 (0.0 B) host-local and 0 (0.0 B) push-merged-local and 0 (0.0 B) remote blocks
2026-08-09 23:12:22,166 INFO storage.ShuffleBlockFetcherIterator: Started 0 remote fetches in 0 ms
2026-08-09 23:12:22,171 INFO executor.Executor: Finished task 3.0 in stage 19.0 (TID 84). 6121 bytes result sent to driver
2026-08-09 23:12:22,172 INFO scheduler.TaskSetManager: Starting task 4.0 in stage 19.0 (TID 89) (10.0.0.215, executor driver, partition 4, NODE_LOCAL, 4271 bytes) taskResourceAssignments Map()
2026-08-09 23:12:22,172 INFO executor.Executor: Running task 4.0 in stage 19.0 (TID 89)
2026-08-09 23:12:22,172 INFO scheduler.TaskSetManager: Finished task 3.0 in stage 19.0 (TID 84) in 31 ms on 10.0.0.215 (executor driver) (4/20)
2026-08-09 23:12:22,173 INFO storage.ShuffleBlockFetcherIterator: Getting 4 (752.3 KiB) non-empty blocks including 4 (752.3 KiB) local and 0 (0.0 B) host-local and 0 (0.0 B) push-merged-local and 0 (0.0 B) remote blocks
2026-08-09 23:12:22,173 INFO storage.ShuffleBlockFetcherIterator: Started 0 remote fetches in 0 ms
2026-08-09 23:12:22,179 INFO executor.Executor: Finished task 22.0 in stage 13.0 (TID 87). 6164 bytes result sent to driver
2026-08-09 23:12:22,180 INFO scheduler.TaskSetManager: Starting task 23.0 in stage 13.0 (TID 90) (10.0.0.215, executor driver, partition 23, NODE_LOCAL, 4271 bytes) taskResourceAssignments Map()
2026-08-09 23:12:22,180 INFO executor.Executor: Running task 23.0 in stage 13.0 (TID 90)
2026-08-09 23:12:22,181 INFO scheduler.TaskSetManager: Finished task 22.0 in stage 13.0 (TID 87) in 21 ms on 10.0.0.215 (executor driver) (23/40)
2026-08-09 23:12:22,181 INFO storage.ShuffleBlockFetcherIterator: Getting 4 (390.7 KiB) non-empty blocks including 4 (390.7 KiB) local and 0 (0.0 B) host-local and 0 (0.0 B) push-merged-local and 0 (0.0 B) remote blocks
2026-08-09 23:12:22,182 INFO storage.ShuffleBlockFetcherIterator: Started 0 remote fetches in 0 ms
2026-08-09 23:12:22,186 INFO executor.Executor: Finished task 5.0 in stage 17.0 (TID 86). 11961 bytes result sent to driver
2026-08-09 23:12:22,186 INFO scheduler.TaskSetManager: Starting task 6.0 in stage 17.0 (TID 91) (10.0.0.215, executor driver, partition 6, NODE_LOCAL, 4271 bytes) taskResourceAssignments Map()
2026-08-09 23:12:22,186 INFO executor.Executor: Running task 6.0 in stage 17.0 (TID 91)
2026-08-09 23:12:22,187 INFO scheduler.TaskSetManager: Finished task 5.0 in stage 17.0 (TID 86) in 41 ms on 10.0.0.215 (executor driver) (6/20)
2026-08-09 23:12:22,187 INFO storage.ShuffleBlockFetcherIterator: Getting 4 (752.3 KiB) non-empty blocks including 4 (752.3 KiB) local and 0 (0.0 B) host-local and 0 (0.0 B) push-merged-local and 0 (0.0 B) remote blocks
2026-08-09 23:12:22,187 INFO storage.ShuffleBlockFetcherIterator: Started 0 remote fetches in 0 ms
2026-08-09 23:12:22,191 INFO executor.Executor: Finished task 4.0 in stage 15.0 (TID 88). 12031 bytes result sent to driver
2026-08-09 23:12:22,192 INFO scheduler.TaskSetManager: Starting task 5.0 in stage 15.0 (TID 92) (10.0.0.215, executor driver, partition 5, NODE_LOCAL, 4271 bytes) taskResourceAssignments Map()
2026-08-09 23:12:22,192 INFO executor.Executor: Running task 5.0 in stage 15.0 (TID 92)
2026-08-09 23:12:22,193 INFO scheduler.TaskSetManager: Finished task 4.0 in stage 15.0 (TID 88) in 28 ms on 10.0.0.215 (executor driver) (5/40)
2026-08-09 23:12:22,193 INFO storage.ShuffleBlockFetcherIterator: Getting 4 (375.1 KiB) non-empty blocks including 4 (375.1 KiB) local and 0 (0.0 B) host-local and 0 (0.0 B) push-merged-local and 0 (0.0 B) remote blocks
2026-08-09 23:12:22,193 INFO storage.ShuffleBlockFetcherIterator: Started 0 remote fetches in 0 ms
2026-08-09 23:12:22,199 INFO executor.Executor: Finished task 23.0 in stage 13.0 (TID 90). 6191 bytes result sent to driver
2026-08-09 23:12:22,199 INFO scheduler.TaskSetManager: Starting task 24.0 in stage 13.0 (TID 93) (10.0.0.215, executor driver, partition 24, NODE_LOCAL, 4271 bytes) taskResourceAssignments Map()
2026-08-09 23:12:22,200 INFO executor.Executor: Running task 24.0 in stage 13.0 (TID 93)
2026-08-09 23:12:22,200 INFO scheduler.TaskSetManager: Finished task 23.0 in stage 13.0 (TID 90) in 20 ms on 10.0.0.215 (executor driver) (24/40)
2026-08-09 23:12:22,201 INFO executor.Executor: Finished task 4.0 in stage 19.0 (TID 89). 6121 bytes result sent to driver
2026-08-09 23:12:22,201 INFO scheduler.TaskSetManager: Starting task 5.0 in stage 19.0 (TID 94) (10.0.0.215, executor driver, partition 5, NODE_LOCAL, 4271 bytes) taskResourceAssignments Map()
2026-08-09 23:12:22,202 INFO executor.Executor: Running task 5.0 in stage 19.0 (TID 94)
2026-08-09 23:12:22,202 INFO scheduler.TaskSetManager: Finished task 4.0 in stage 19.0 (TID 89) in 30 ms on 10.0.0.215 (executor driver) (5/20)
2026-08-09 23:12:22,202 INFO storage.ShuffleBlockFetcherIterator: Getting 4 (386.1 KiB) non-empty blocks including 4 (386.1 KiB) local and 0 (0.0 B) host-local and 0 (0.0 B) push-merged-local and 0 (0.0 B) remote blocks
2026-08-09 23:12:22,202 INFO storage.ShuffleBlockFetcherIterator: Started 0 remote fetches in 0 ms
2026-08-09 23:12:22,203 INFO storage.ShuffleBlockFetcherIterator: Getting 4 (752.3 KiB) non-empty blocks including 4 (752.3 KiB) local and 0 (0.0 B) host-local and 0 (0.0 B) push-merged-local and 0 (0.0 B) remote blocks
2026-08-09 23:12:22,203 INFO storage.ShuffleBlockFetcherIterator: Started 0 remote fetches in 0 ms
2026-08-09 23:12:22,216 INFO executor.Executor: Finished task 24.0 in stage 13.0 (TID 93). 6234 bytes result sent to driver
2026-08-09 23:12:22,216 INFO scheduler.TaskSetManager: Starting task 25.0 in stage 13.0 (TID 95) (10.0.0.215, executor driver, partition 25, NODE_LOCAL, 4271 bytes) taskResourceAssignments Map()
2026-08-09 23:12:22,216 INFO executor.Executor: Running task 25.0 in stage 13.0 (TID 95)
2026-08-09 23:12:22,217 INFO scheduler.TaskSetManager: Finished task 24.0 in stage 13.0 (TID 93) in 17 ms on 10.0.0.215 (executor driver) (25/40)
2026-08-09 23:12:22,218 INFO storage.ShuffleBlockFetcherIterator: Getting 4 (379.7 KiB) non-empty blocks including 4 (379.7 KiB) local and 0 (0.0 B) host-local and 0 (0.0 B) push-merged-local and 0 (0.0 B) remote blocks
2026-08-09 23:12:22,218 INFO storage.ShuffleBlockFetcherIterator: Started 0 remote fetches in 0 ms
2026-08-09 23:12:22,219 INFO executor.Executor: Finished task 5.0 in stage 15.0 (TID 92). 12101 bytes result sent to driver
2026-08-09 23:12:22,219 INFO scheduler.TaskSetManager: Starting task 6.0 in stage 15.0 (TID 96) (10.0.0.215, executor driver, partition 6, NODE_LOCAL, 4271 bytes) taskResourceAssignments Map()
2026-08-09 23:12:22,220 INFO executor.Executor: Running task 6.0 in stage 15.0 (TID 96)
2026-08-09 23:12:22,220 INFO scheduler.TaskSetManager: Finished task 5.0 in stage 15.0 (TID 92) in 29 ms on 10.0.0.215 (executor driver) (6/40)
2026-08-09 23:12:22,221 INFO storage.ShuffleBlockFetcherIterator: Getting 4 (375.1 KiB) non-empty blocks including 4 (375.1 KiB) local and 0 (0.0 B) host-local and 0 (0.0 B) push-merged-local and 0 (0.0 B) remote blocks
2026-08-09 23:12:22,221 INFO storage.ShuffleBlockFetcherIterator: Started 0 remote fetches in 0 ms
2026-08-09 23:12:22,229 INFO executor.Executor: Finished task 6.0 in stage 17.0 (TID 91). 12214 bytes result sent to driver
2026-08-09 23:12:22,229 INFO scheduler.TaskSetManager: Starting task 7.0 in stage 17.0 (TID 97) (10.0.0.215, executor driver, partition 7, NODE_LOCAL, 4271 bytes) taskResourceAssignments Map()
2026-08-09 23:12:22,230 INFO executor.Executor: Running task 7.0 in stage 17.0 (TID 97)
2026-08-09 23:12:22,230 INFO scheduler.TaskSetManager: Finished task 6.0 in stage 17.0 (TID 91) in 44 ms on 10.0.0.215 (executor driver) (7/20)
2026-08-09 23:12:22,230 INFO executor.Executor: Finished task 5.0 in stage 19.0 (TID 94). 6094 bytes result sent to driver
2026-08-09 23:12:22,230 INFO scheduler.TaskSetManager: Starting task 6.0 in stage 19.0 (TID 98) (10.0.0.215, executor driver, partition 6, NODE_LOCAL, 4271 bytes) taskResourceAssignments Map()
2026-08-09 23:12:22,230 INFO executor.Executor: Running task 6.0 in stage 19.0 (TID 98)
2026-08-09 23:12:22,231 INFO scheduler.TaskSetManager: Finished task 5.0 in stage 19.0 (TID 94) in 30 ms on 10.0.0.215 (executor driver) (6/20)
2026-08-09 23:12:22,231 INFO storage.ShuffleBlockFetcherIterator: Getting 4 (744.1 KiB) non-empty blocks including 4 (744.1 KiB) local and 0 (0.0 B) host-local and 0 (0.0 B) push-merged-local and 0 (0.0 B) remote blocks
2026-08-09 23:12:22,232 INFO storage.ShuffleBlockFetcherIterator: Started 0 remote fetches in 0 ms
2026-08-09 23:12:22,232 INFO storage.ShuffleBlockFetcherIterator: Getting 4 (752.3 KiB) non-empty blocks including 4 (752.3 KiB) local and 0 (0.0 B) host-local and 0 (0.0 B) push-merged-local and 0 (0.0 B) remote blocks
2026-08-09 23:12:22,232 INFO storage.ShuffleBlockFetcherIterator: Started 0 remote fetches in 0 ms
2026-08-09 23:12:22,237 INFO executor.Executor: Finished task 25.0 in stage 13.0 (TID 95). 6234 bytes result sent to driver
2026-08-09 23:12:22,238 INFO scheduler.TaskSetManager: Starting task 26.0 in stage 13.0 (TID 99) (10.0.0.215, executor driver, partition 26, NODE_LOCAL, 4271 bytes) taskResourceAssignments Map()
2026-08-09 23:12:22,238 INFO executor.Executor: Running task 26.0 in stage 13.0 (TID 99)
2026-08-09 23:12:22,238 INFO scheduler.TaskSetManager: Finished task 25.0 in stage 13.0 (TID 95) in 22 ms on 10.0.0.215 (executor driver) (26/40)
2026-08-09 23:12:22,240 INFO storage.ShuffleBlockFetcherIterator: Getting 4 (386.1 KiB) non-empty blocks including 4 (386.1 KiB) local and 0 (0.0 B) host-local and 0 (0.0 B) push-merged-local and 0 (0.0 B) remote blocks
2026-08-09 23:12:22,240 INFO storage.ShuffleBlockFetcherIterator: Started 0 remote fetches in 0 ms
2026-08-09 23:12:22,250 INFO executor.Executor: Finished task 6.0 in stage 15.0 (TID 96). 12354 bytes result sent to driver
2026-08-09 23:12:22,250 INFO scheduler.TaskSetManager: Starting task 7.0 in stage 15.0 (TID 100) (10.0.0.215, executor driver, partition 7, NODE_LOCAL, 4271 bytes) taskResourceAssignments Map()
2026-08-09 23:12:22,251 INFO executor.Executor: Running task 7.0 in stage 15.0 (TID 100)
2026-08-09 23:12:22,251 INFO scheduler.TaskSetManager: Finished task 6.0 in stage 15.0 (TID 96) in 32 ms on 10.0.0.215 (executor driver) (7/40)
2026-08-09 23:12:22,252 INFO storage.ShuffleBlockFetcherIterator: Getting 4 (390.7 KiB) non-empty blocks including 4 (390.7 KiB) local and 0 (0.0 B) host-local and 0 (0.0 B) push-merged-local and 0 (0.0 B) remote blocks
2026-08-09 23:12:22,252 INFO storage.ShuffleBlockFetcherIterator: Started 0 remote fetches in 0 ms
2026-08-09 23:12:22,257 INFO executor.Executor: Finished task 26.0 in stage 13.0 (TID 99). 6094 bytes result sent to driver
2026-08-09 23:12:22,257 INFO scheduler.TaskSetManager: Starting task 27.0 in stage 13.0 (TID 101) (10.0.0.215, executor driver, partition 27, NODE_LOCAL, 4271 bytes) taskResourceAssignments Map()
2026-08-09 23:12:22,258 INFO executor.Executor: Finished task 6.0 in stage 19.0 (TID 98). 6191 bytes result sent to driver
2026-08-09 23:12:22,258 INFO executor.Executor: Running task 27.0 in stage 13.0 (TID 101)
2026-08-09 23:12:22,258 INFO scheduler.TaskSetManager: Starting task 7.0 in stage 19.0 (TID 102) (10.0.0.215, executor driver, partition 7, NODE_LOCAL, 4271 bytes) taskResourceAssignments Map()
2026-08-09 23:12:22,258 INFO scheduler.TaskSetManager: Finished task 26.0 in stage 13.0 (TID 99) in 20 ms on 10.0.0.215 (executor driver) (27/40)
2026-08-09 23:12:22,258 INFO executor.Executor: Running task 7.0 in stage 19.0 (TID 102)
2026-08-09 23:12:22,258 INFO scheduler.TaskSetManager: Finished task 6.0 in stage 19.0 (TID 98) in 28 ms on 10.0.0.215 (executor driver) (7/20)
2026-08-09 23:12:22,260 INFO storage.ShuffleBlockFetcherIterator: Getting 4 (744.1 KiB) non-empty blocks including 4 (744.1 KiB) local and 0 (0.0 B) host-local and 0 (0.0 B) push-merged-local and 0 (0.0 B) remote blocks
2026-08-09 23:12:22,260 INFO storage.ShuffleBlockFetcherIterator: Started 0 remote fetches in 0 ms
2026-08-09 23:12:22,260 INFO storage.ShuffleBlockFetcherIterator: Getting 4 (375.1 KiB) non-empty blocks including 4 (375.1 KiB) local and 0 (0.0 B) host-local and 0 (0.0 B) push-merged-local and 0 (0.0 B) remote blocks
2026-08-09 23:12:22,260 INFO storage.ShuffleBlockFetcherIterator: Started 0 remote fetches in 0 ms
2026-08-09 23:12:22,271 INFO executor.Executor: Finished task 7.0 in stage 17.0 (TID 97). 12214 bytes result sent to driver
2026-08-09 23:12:22,271 INFO scheduler.TaskSetManager: Starting task 8.0 in stage 17.0 (TID 103) (10.0.0.215, executor driver, partition 8, NODE_LOCAL, 4271 bytes) taskResourceAssignments Map()
2026-08-09 23:12:22,272 INFO scheduler.TaskSetManager: Finished task 7.0 in stage 17.0 (TID 97) in 43 ms on 10.0.0.215 (executor driver) (8/20)
2026-08-09 23:12:22,272 INFO executor.Executor: Running task 8.0 in stage 17.0 (TID 103)
2026-08-09 23:12:22,273 INFO storage.ShuffleBlockFetcherIterator: Getting 4 (761.4 KiB) non-empty blocks including 4 (761.4 KiB) local and 0 (0.0 B) host-local and 0 (0.0 B) push-merged-local and 0 (0.0 B) remote blocks
2026-08-09 23:12:22,273 INFO storage.ShuffleBlockFetcherIterator: Started 0 remote fetches in 0 ms
2026-08-09 23:12:22,275 INFO executor.Executor: Finished task 27.0 in stage 13.0 (TID 101). 6094 bytes result sent to driver
2026-08-09 23:12:22,275 INFO scheduler.TaskSetManager: Starting task 28.0 in stage 13.0 (TID 104) (10.0.0.215, executor driver, partition 28, NODE_LOCAL, 4271 bytes) taskResourceAssignments Map()
2026-08-09 23:12:22,276 INFO scheduler.TaskSetManager: Finished task 27.0 in stage 13.0 (TID 101) in 19 ms on 10.0.0.215 (executor driver) (28/40)
2026-08-09 23:12:22,276 INFO executor.Executor: Running task 28.0 in stage 13.0 (TID 104)
2026-08-09 23:12:22,277 INFO storage.ShuffleBlockFetcherIterator: Getting 4 (375.1 KiB) non-empty blocks including 4 (375.1 KiB) local and 0 (0.0 B) host-local and 0 (0.0 B) push-merged-local and 0 (0.0 B) remote blocks
2026-08-09 23:12:22,277 INFO storage.ShuffleBlockFetcherIterator: Started 0 remote fetches in 0 ms
2026-08-09 23:12:22,284 INFO executor.Executor: Finished task 7.0 in stage 15.0 (TID 100). 12101 bytes result sent to driver
2026-08-09 23:12:22,284 INFO executor.Executor: Finished task 7.0 in stage 19.0 (TID 102). 6051 bytes result sent to driver
2026-08-09 23:12:22,284 INFO scheduler.TaskSetManager: Starting task 8.0 in stage 15.0 (TID 105) (10.0.0.215, executor driver, partition 8, NODE_LOCAL, 4271 bytes) taskResourceAssignments Map()
2026-08-09 23:12:22,284 INFO executor.Executor: Running task 8.0 in stage 15.0 (TID 105)
2026-08-09 23:12:22,284 INFO scheduler.TaskSetManager: Starting task 8.0 in stage 19.0 (TID 106) (10.0.0.215, executor driver, partition 8, NODE_LOCAL, 4271 bytes) taskResourceAssignments Map()
2026-08-09 23:12:22,285 INFO executor.Executor: Running task 8.0 in stage 19.0 (TID 106)
2026-08-09 23:12:22,285 INFO scheduler.TaskSetManager: Finished task 7.0 in stage 19.0 (TID 102) in 27 ms on 10.0.0.215 (executor driver) (8/20)
2026-08-09 23:12:22,285 INFO scheduler.TaskSetManager: Finished task 7.0 in stage 15.0 (TID 100) in 35 ms on 10.0.0.215 (executor driver) (8/40)
2026-08-09 23:12:22,286 INFO storage.ShuffleBlockFetcherIterator: Getting 4 (761.4 KiB) non-empty blocks including 4 (761.4 KiB) local and 0 (0.0 B) host-local and 0 (0.0 B) push-merged-local and 0 (0.0 B) remote blocks
2026-08-09 23:12:22,286 INFO storage.ShuffleBlockFetcherIterator: Started 0 remote fetches in 0 ms
2026-08-09 23:12:22,286 INFO storage.ShuffleBlockFetcherIterator: Getting 4 (375.1 KiB) non-empty blocks including 4 (375.1 KiB) local and 0 (0.0 B) host-local and 0 (0.0 B) push-merged-local and 0 (0.0 B) remote blocks
2026-08-09 23:12:22,286 INFO storage.ShuffleBlockFetcherIterator: Started 0 remote fetches in 0 ms
2026-08-09 23:12:22,294 INFO executor.Executor: Finished task 28.0 in stage 13.0 (TID 104). 6263 bytes result sent to driver
2026-08-09 23:12:22,294 INFO scheduler.TaskSetManager: Starting task 29.0 in stage 13.0 (TID 107) (10.0.0.215, executor driver, partition 29, NODE_LOCAL, 4271 bytes) taskResourceAssignments Map()
2026-08-09 23:12:22,294 INFO executor.Executor: Running task 29.0 in stage 13.0 (TID 107)
2026-08-09 23:12:22,295 INFO scheduler.TaskSetManager: Finished task 28.0 in stage 13.0 (TID 104) in 20 ms on 10.0.0.215 (executor driver) (29/40)
2026-08-09 23:12:22,296 INFO storage.ShuffleBlockFetcherIterator: Getting 4 (375.1 KiB) non-empty blocks including 4 (375.1 KiB) local and 0 (0.0 B) host-local and 0 (0.0 B) push-merged-local and 0 (0.0 B) remote blocks
2026-08-09 23:12:22,296 INFO storage.ShuffleBlockFetcherIterator: Started 0 remote fetches in 0 ms
2026-08-09 23:12:22,310 INFO executor.Executor: Finished task 8.0 in stage 15.0 (TID 105). 12074 bytes result sent to driver
2026-08-09 23:12:22,310 INFO scheduler.TaskSetManager: Starting task 9.0 in stage 15.0 (TID 108) (10.0.0.215, executor driver, partition 9, NODE_LOCAL, 4271 bytes) taskResourceAssignments Map()
2026-08-09 23:12:22,311 INFO executor.Executor: Running task 9.0 in stage 15.0 (TID 108)
2026-08-09 23:12:22,311 INFO executor.Executor: Finished task 29.0 in stage 13.0 (TID 107). 6164 bytes result sent to driver
2026-08-09 23:12:22,311 INFO executor.Executor: Finished task 8.0 in stage 19.0 (TID 106). 5981 bytes result sent to driver
2026-08-09 23:12:22,311 INFO scheduler.TaskSetManager: Starting task 30.0 in stage 13.0 (TID 109) (10.0.0.215, executor driver, partition 30, NODE_LOCAL, 4271 bytes) taskResourceAssignments Map()
2026-08-09 23:12:22,311 INFO executor.Executor: Running task 30.0 in stage 13.0 (TID 109)
2026-08-09 23:12:22,311 INFO scheduler.TaskSetManager: Starting task 9.0 in stage 19.0 (TID 110) (10.0.0.215, executor driver, partition 9, NODE_LOCAL, 4271 bytes) taskResourceAssignments Map()
2026-08-09 23:12:22,312 INFO scheduler.TaskSetManager: Finished task 8.0 in stage 15.0 (TID 105) in 28 ms on 10.0.0.215 (executor driver) (9/40)
2026-08-09 23:12:22,312 INFO executor.Executor: Running task 9.0 in stage 19.0 (TID 110)
2026-08-09 23:12:22,312 INFO scheduler.TaskSetManager: Finished task 29.0 in stage 13.0 (TID 107) in 18 ms on 10.0.0.215 (executor driver) (30/40)
2026-08-09 23:12:22,312 INFO storage.ShuffleBlockFetcherIterator: Getting 4 (386.1 KiB) non-empty blocks including 4 (386.1 KiB) local and 0 (0.0 B) host-local and 0 (0.0 B) push-merged-local and 0 (0.0 B) remote blocks
2026-08-09 23:12:22,312 INFO scheduler.TaskSetManager: Finished task 8.0 in stage 19.0 (TID 106) in 28 ms on 10.0.0.215 (executor driver) (9/20)
2026-08-09 23:12:22,312 INFO storage.ShuffleBlockFetcherIterator: Started 0 remote fetches in 0 ms
2026-08-09 23:12:22,312 INFO storage.ShuffleBlockFetcherIterator: Getting 4 (376.1 KiB) non-empty blocks including 4 (376.1 KiB) local and 0 (0.0 B) host-local and 0 (0.0 B) push-merged-local and 0 (0.0 B) remote blocks
2026-08-09 23:12:22,312 INFO storage.ShuffleBlockFetcherIterator: Started 0 remote fetches in 0 ms
2026-08-09 23:12:22,313 INFO storage.ShuffleBlockFetcherIterator: Getting 4 (731.0 KiB) non-empty blocks including 4 (731.0 KiB) local and 0 (0.0 B) host-local and 0 (0.0 B) push-merged-local and 0 (0.0 B) remote blocks
2026-08-09 23:12:22,313 INFO storage.ShuffleBlockFetcherIterator: Started 0 remote fetches in 0 ms
2026-08-09 23:12:22,316 INFO executor.Executor: Finished task 8.0 in stage 17.0 (TID 103). 11961 bytes result sent to driver
2026-08-09 23:12:22,318 INFO scheduler.TaskSetManager: Starting task 9.0 in stage 17.0 (TID 111) (10.0.0.215, executor driver, partition 9, NODE_LOCAL, 4271 bytes) taskResourceAssignments Map()
2026-08-09 23:12:22,318 INFO executor.Executor: Running task 9.0 in stage 17.0 (TID 111)
2026-08-09 23:12:22,318 INFO scheduler.TaskSetManager: Finished task 8.0 in stage 17.0 (TID 103) in 47 ms on 10.0.0.215 (executor driver) (9/20)
2026-08-09 23:12:22,320 INFO storage.ShuffleBlockFetcherIterator: Getting 4 (731.0 KiB) non-empty blocks including 4 (731.0 KiB) local and 0 (0.0 B) host-local and 0 (0.0 B) push-merged-local and 0 (0.0 B) remote blocks
2026-08-09 23:12:22,320 INFO storage.ShuffleBlockFetcherIterator: Started 0 remote fetches in 0 ms
2026-08-09 23:12:22,327 INFO executor.Executor: Finished task 30.0 in stage 13.0 (TID 109). 6263 bytes result sent to driver
2026-08-09 23:12:22,328 INFO scheduler.TaskSetManager: Starting task 31.0 in stage 13.0 (TID 112) (10.0.0.215, executor driver, partition 31, NODE_LOCAL, 4271 bytes) taskResourceAssignments Map()
2026-08-09 23:12:22,328 INFO scheduler.TaskSetManager: Finished task 30.0 in stage 13.0 (TID 109) in 17 ms on 10.0.0.215 (executor driver) (31/40)
2026-08-09 23:12:22,328 INFO executor.Executor: Running task 31.0 in stage 13.0 (TID 112)
2026-08-09 23:12:22,329 INFO storage.ShuffleBlockFetcherIterator: Getting 4 (392.8 KiB) non-empty blocks including 4 (392.8 KiB) local and 0 (0.0 B) host-local and 0 (0.0 B) push-merged-local and 0 (0.0 B) remote blocks
2026-08-09 23:12:22,329 INFO storage.ShuffleBlockFetcherIterator: Started 0 remote fetches in 0 ms
2026-08-09 23:12:22,339 INFO executor.Executor: Finished task 9.0 in stage 15.0 (TID 108). 11891 bytes result sent to driver
2026-08-09 23:12:22,339 INFO scheduler.TaskSetManager: Starting task 10.0 in stage 15.0 (TID 113) (10.0.0.215, executor driver, partition 10, NODE_LOCAL, 4271 bytes) taskResourceAssignments Map()
2026-08-09 23:12:22,339 INFO executor.Executor: Running task 10.0 in stage 15.0 (TID 113)
2026-08-09 23:12:22,340 INFO scheduler.TaskSetManager: Finished task 9.0 in stage 15.0 (TID 108) in 29 ms on 10.0.0.215 (executor driver) (10/40)
2026-08-09 23:12:22,341 INFO storage.ShuffleBlockFetcherIterator: Getting 4 (386.1 KiB) non-empty blocks including 4 (386.1 KiB) local and 0 (0.0 B) host-local and 0 (0.0 B) push-merged-local and 0 (0.0 B) remote blocks
2026-08-09 23:12:22,341 INFO storage.ShuffleBlockFetcherIterator: Started 0 remote fetches in 0 ms
2026-08-09 23:12:22,341 INFO executor.Executor: Finished task 9.0 in stage 19.0 (TID 110). 6191 bytes result sent to driver
2026-08-09 23:12:22,342 INFO scheduler.TaskSetManager: Starting task 10.0 in stage 19.0 (TID 114) (10.0.0.215, executor driver, partition 10, NODE_LOCAL, 4271 bytes) taskResourceAssignments Map()
2026-08-09 23:12:22,342 INFO scheduler.TaskSetManager: Finished task 9.0 in stage 19.0 (TID 110) in 31 ms on 10.0.0.215 (executor driver) (10/20)
2026-08-09 23:12:22,342 INFO executor.Executor: Running task 10.0 in stage 19.0 (TID 114)
2026-08-09 23:12:22,342 INFO executor.Executor: Finished task 31.0 in stage 13.0 (TID 112). 6121 bytes result sent to driver
2026-08-09 23:12:22,343 INFO scheduler.TaskSetManager: Starting task 32.0 in stage 13.0 (TID 115) (10.0.0.215, executor driver, partition 32, NODE_LOCAL, 4271 bytes) taskResourceAssignments Map()
2026-08-09 23:12:22,343 INFO executor.Executor: Running task 32.0 in stage 13.0 (TID 115)
2026-08-09 23:12:22,343 INFO storage.ShuffleBlockFetcherIterator: Getting 4 (804.1 KiB) non-empty blocks including 4 (804.1 KiB) local and 0 (0.0 B) host-local and 0 (0.0 B) push-merged-local and 0 (0.0 B) remote blocks
2026-08-09 23:12:22,343 INFO storage.ShuffleBlockFetcherIterator: Started 0 remote fetches in 0 ms
2026-08-09 23:12:22,343 INFO scheduler.TaskSetManager: Finished task 31.0 in stage 13.0 (TID 112) in 15 ms on 10.0.0.215 (executor driver) (32/40)
2026-08-09 23:12:22,344 INFO storage.ShuffleBlockFetcherIterator: Getting 4 (375.1 KiB) non-empty blocks including 4 (375.1 KiB) local and 0 (0.0 B) host-local and 0 (0.0 B) push-merged-local and 0 (0.0 B) remote blocks
2026-08-09 23:12:22,344 INFO storage.ShuffleBlockFetcherIterator: Started 0 remote fetches in 0 ms
2026-08-09 23:12:22,356 INFO executor.Executor: Finished task 9.0 in stage 17.0 (TID 111). 11934 bytes result sent to driver
2026-08-09 23:12:22,357 INFO scheduler.TaskSetManager: Starting task 10.0 in stage 17.0 (TID 116) (10.0.0.215, executor driver, partition 10, NODE_LOCAL, 4271 bytes) taskResourceAssignments Map()
2026-08-09 23:12:22,357 INFO executor.Executor: Running task 10.0 in stage 17.0 (TID 116)
2026-08-09 23:12:22,357 INFO scheduler.TaskSetManager: Finished task 9.0 in stage 17.0 (TID 111) in 39 ms on 10.0.0.215 (executor driver) (10/20)
2026-08-09 23:12:22,358 INFO storage.ShuffleBlockFetcherIterator: Getting 4 (804.1 KiB) non-empty blocks including 4 (804.1 KiB) local and 0 (0.0 B) host-local and 0 (0.0 B) push-merged-local and 0 (0.0 B) remote blocks
2026-08-09 23:12:22,358 INFO storage.ShuffleBlockFetcherIterator: Started 0 remote fetches in 0 ms
2026-08-09 23:12:22,362 INFO executor.Executor: Finished task 32.0 in stage 13.0 (TID 115). 6234 bytes result sent to driver
2026-08-09 23:12:22,362 INFO scheduler.TaskSetManager: Starting task 33.0 in stage 13.0 (TID 117) (10.0.0.215, executor driver, partition 33, NODE_LOCAL, 4271 bytes) taskResourceAssignments Map()
2026-08-09 23:12:22,363 INFO scheduler.TaskSetManager: Finished task 32.0 in stage 13.0 (TID 115) in 20 ms on 10.0.0.215 (executor driver) (33/40)
2026-08-09 23:12:22,363 INFO executor.Executor: Running task 33.0 in stage 13.0 (TID 117)
2026-08-09 23:12:22,364 INFO storage.ShuffleBlockFetcherIterator: Getting 4 (375.1 KiB) non-empty blocks including 4 (375.1 KiB) local and 0 (0.0 B) host-local and 0 (0.0 B) push-merged-local and 0 (0.0 B) remote blocks
2026-08-09 23:12:22,364 INFO storage.ShuffleBlockFetcherIterator: Started 0 remote fetches in 0 ms
2026-08-09 23:12:22,369 INFO executor.Executor: Finished task 10.0 in stage 15.0 (TID 113). 12074 bytes result sent to driver
2026-08-09 23:12:22,370 INFO scheduler.TaskSetManager: Starting task 11.0 in stage 15.0 (TID 118) (10.0.0.215, executor driver, partition 11, NODE_LOCAL, 4271 bytes) taskResourceAssignments Map()
2026-08-09 23:12:22,370 INFO executor.Executor: Running task 11.0 in stage 15.0 (TID 118)
2026-08-09 23:12:22,371 INFO scheduler.TaskSetManager: Finished task 10.0 in stage 15.0 (TID 113) in 31 ms on 10.0.0.215 (executor driver) (11/40)
2026-08-09 23:12:22,371 INFO storage.ShuffleBlockFetcherIterator: Getting 4 (375.1 KiB) non-empty blocks including 4 (375.1 KiB) local and 0 (0.0 B) host-local and 0 (0.0 B) push-merged-local and 0 (0.0 B) remote blocks
2026-08-09 23:12:22,371 INFO storage.ShuffleBlockFetcherIterator: Started 0 remote fetches in 0 ms
2026-08-09 23:12:22,373 INFO executor.Executor: Finished task 10.0 in stage 19.0 (TID 114). 6234 bytes result sent to driver
2026-08-09 23:12:22,373 INFO scheduler.TaskSetManager: Starting task 11.0 in stage 19.0 (TID 119) (10.0.0.215, executor driver, partition 11, NODE_LOCAL, 4271 bytes) taskResourceAssignments Map()
2026-08-09 23:12:22,373 INFO executor.Executor: Running task 11.0 in stage 19.0 (TID 119)
2026-08-09 23:12:22,374 INFO scheduler.TaskSetManager: Finished task 10.0 in stage 19.0 (TID 114) in 32 ms on 10.0.0.215 (executor driver) (11/20)
2026-08-09 23:12:22,374 INFO storage.ShuffleBlockFetcherIterator: Getting 4 (795.0 KiB) non-empty blocks including 4 (795.0 KiB) local and 0 (0.0 B) host-local and 0 (0.0 B) push-merged-local and 0 (0.0 B) remote blocks
2026-08-09 23:12:22,374 INFO storage.ShuffleBlockFetcherIterator: Started 0 remote fetches in 0 ms
2026-08-09 23:12:22,379 INFO executor.Executor: Finished task 33.0 in stage 13.0 (TID 117). 6191 bytes result sent to driver
2026-08-09 23:12:22,379 INFO scheduler.TaskSetManager: Starting task 34.0 in stage 13.0 (TID 120) (10.0.0.215, executor driver, partition 34, NODE_LOCAL, 4271 bytes) taskResourceAssignments Map()
2026-08-09 23:12:22,380 INFO scheduler.TaskSetManager: Finished task 33.0 in stage 13.0 (TID 117) in 18 ms on 10.0.0.215 (executor driver) (34/40)
2026-08-09 23:12:22,380 INFO executor.Executor: Running task 34.0 in stage 13.0 (TID 120)
2026-08-09 23:12:22,381 INFO storage.ShuffleBlockFetcherIterator: Getting 4 (375.1 KiB) non-empty blocks including 4 (375.1 KiB) local and 0 (0.0 B) host-local and 0 (0.0 B) push-merged-local and 0 (0.0 B) remote blocks
2026-08-09 23:12:22,381 INFO storage.ShuffleBlockFetcherIterator: Started 0 remote fetches in 0 ms
2026-08-09 23:12:22,394 INFO executor.Executor: Finished task 34.0 in stage 13.0 (TID 120). 6191 bytes result sent to driver
2026-08-09 23:12:22,394 INFO executor.Executor: Finished task 11.0 in stage 15.0 (TID 118). 11961 bytes result sent to driver
2026-08-09 23:12:22,395 INFO scheduler.TaskSetManager: Starting task 35.0 in stage 13.0 (TID 121) (10.0.0.215, executor driver, partition 35, NODE_LOCAL, 4271 bytes) taskResourceAssignments Map()
2026-08-09 23:12:22,395 INFO scheduler.TaskSetManager: Starting task 12.0 in stage 15.0 (TID 122) (10.0.0.215, executor driver, partition 12, NODE_LOCAL, 4271 bytes) taskResourceAssignments Map()
2026-08-09 23:12:22,395 INFO executor.Executor: Finished task 10.0 in stage 17.0 (TID 116). 12031 bytes result sent to driver
2026-08-09 23:12:22,395 INFO scheduler.TaskSetManager: Starting task 11.0 in stage 17.0 (TID 123) (10.0.0.215, executor driver, partition 11, NODE_LOCAL, 4271 bytes) taskResourceAssignments Map()
2026-08-09 23:12:22,395 INFO scheduler.TaskSetManager: Finished task 34.0 in stage 13.0 (TID 120) in 16 ms on 10.0.0.215 (executor driver) (35/40)
2026-08-09 23:12:22,395 INFO executor.Executor: Running task 12.0 in stage 15.0 (TID 122)
2026-08-09 23:12:22,395 INFO executor.Executor: Running task 11.0 in stage 17.0 (TID 123)
2026-08-09 23:12:22,395 INFO scheduler.TaskSetManager: Finished task 11.0 in stage 15.0 (TID 118) in 25 ms on 10.0.0.215 (executor driver) (12/40)
2026-08-09 23:12:22,395 INFO scheduler.TaskSetManager: Finished task 10.0 in stage 17.0 (TID 116) in 38 ms on 10.0.0.215 (executor driver) (11/20)
2026-08-09 23:12:22,395 INFO executor.Executor: Running task 35.0 in stage 13.0 (TID 121)
2026-08-09 23:12:22,396 INFO storage.ShuffleBlockFetcherIterator: Getting 4 (365.1 KiB) non-empty blocks including 4 (365.1 KiB) local and 0 (0.0 B) host-local and 0 (0.0 B) push-merged-local and 0 (0.0 B) remote blocks
2026-08-09 23:12:22,396 INFO storage.ShuffleBlockFetcherIterator: Started 0 remote fetches in 0 ms
2026-08-09 23:12:22,396 INFO storage.ShuffleBlockFetcherIterator: Getting 4 (795.0 KiB) non-empty blocks including 4 (795.0 KiB) local and 0 (0.0 B) host-local and 0 (0.0 B) push-merged-local and 0 (0.0 B) remote blocks
2026-08-09 23:12:22,396 INFO storage.ShuffleBlockFetcherIterator: Getting 4 (386.1 KiB) non-empty blocks including 4 (386.1 KiB) local and 0 (0.0 B) host-local and 0 (0.0 B) push-merged-local and 0 (0.0 B) remote blocks
2026-08-09 23:12:22,396 INFO storage.ShuffleBlockFetcherIterator: Started 0 remote fetches in 0 ms
2026-08-09 23:12:22,396 INFO storage.ShuffleBlockFetcherIterator: Started 0 remote fetches in 0 ms
2026-08-09 23:12:22,402 INFO executor.Executor: Finished task 11.0 in stage 19.0 (TID 119). 6191 bytes result sent to driver
2026-08-09 23:12:22,403 INFO scheduler.TaskSetManager: Starting task 12.0 in stage 19.0 (TID 124) (10.0.0.215, executor driver, partition 12, NODE_LOCAL, 4271 bytes) taskResourceAssignments Map()
2026-08-09 23:12:22,403 INFO executor.Executor: Running task 12.0 in stage 19.0 (TID 124)
2026-08-09 23:12:22,403 INFO scheduler.TaskSetManager: Finished task 11.0 in stage 19.0 (TID 119) in 30 ms on 10.0.0.215 (executor driver) (12/20)
2026-08-09 23:12:22,405 INFO storage.ShuffleBlockFetcherIterator: Getting 4 (752.3 KiB) non-empty blocks including 4 (752.3 KiB) local and 0 (0.0 B) host-local and 0 (0.0 B) push-merged-local and 0 (0.0 B) remote blocks
2026-08-09 23:12:22,405 INFO storage.ShuffleBlockFetcherIterator: Started 0 remote fetches in 0 ms
2026-08-09 23:12:22,412 INFO executor.Executor: Finished task 35.0 in stage 13.0 (TID 121). 6263 bytes result sent to driver
2026-08-09 23:12:22,412 INFO scheduler.TaskSetManager: Starting task 36.0 in stage 13.0 (TID 125) (10.0.0.215, executor driver, partition 36, NODE_LOCAL, 4271 bytes) taskResourceAssignments Map()
2026-08-09 23:12:22,412 INFO executor.Executor: Running task 36.0 in stage 13.0 (TID 125)
2026-08-09 23:12:22,412 INFO scheduler.TaskSetManager: Finished task 35.0 in stage 13.0 (TID 121) in 18 ms on 10.0.0.215 (executor driver) (36/40)
2026-08-09 23:12:22,413 INFO storage.ShuffleBlockFetcherIterator: Getting 4 (370.9 KiB) non-empty blocks including 4 (370.9 KiB) local and 0 (0.0 B) host-local and 0 (0.0 B) push-merged-local and 0 (0.0 B) remote blocks
2026-08-09 23:12:22,413 INFO storage.ShuffleBlockFetcherIterator: Started 0 remote fetches in 0 ms
2026-08-09 23:12:22,426 INFO executor.Executor: Finished task 12.0 in stage 15.0 (TID 122). 12031 bytes result sent to driver
2026-08-09 23:12:22,427 INFO scheduler.TaskSetManager: Starting task 13.0 in stage 15.0 (TID 126) (10.0.0.215, executor driver, partition 13, NODE_LOCAL, 4271 bytes) taskResourceAssignments Map()
2026-08-09 23:12:22,427 INFO executor.Executor: Running task 13.0 in stage 15.0 (TID 126)
2026-08-09 23:12:22,427 INFO scheduler.TaskSetManager: Finished task 12.0 in stage 15.0 (TID 122) in 32 ms on 10.0.0.215 (executor driver) (13/40)
2026-08-09 23:12:22,427 INFO executor.Executor: Finished task 36.0 in stage 13.0 (TID 125). 6121 bytes result sent to driver
2026-08-09 23:12:22,428 INFO scheduler.TaskSetManager: Starting task 37.0 in stage 13.0 (TID 127) (10.0.0.215, executor driver, partition 37, NODE_LOCAL, 4271 bytes) taskResourceAssignments Map()
2026-08-09 23:12:22,428 INFO executor.Executor: Running task 37.0 in stage 13.0 (TID 127)
2026-08-09 23:12:22,428 INFO storage.ShuffleBlockFetcherIterator: Getting 4 (392.8 KiB) non-empty blocks including 4 (392.8 KiB) local and 0 (0.0 B) host-local and 0 (0.0 B) push-merged-local and 0 (0.0 B) remote blocks
2026-08-09 23:12:22,428 INFO scheduler.TaskSetManager: Finished task 36.0 in stage 13.0 (TID 125) in 16 ms on 10.0.0.215 (executor driver) (37/40)
2026-08-09 23:12:22,428 INFO storage.ShuffleBlockFetcherIterator: Started 0 remote fetches in 0 ms
2026-08-09 23:12:22,431 INFO storage.ShuffleBlockFetcherIterator: Getting 4 (375.1 KiB) non-empty blocks including 4 (375.1 KiB) local and 0 (0.0 B) host-local and 0 (0.0 B) push-merged-local and 0 (0.0 B) remote blocks
2026-08-09 23:12:22,431 INFO storage.ShuffleBlockFetcherIterator: Started 0 remote fetches in 0 ms
2026-08-09 23:12:22,436 INFO executor.Executor: Finished task 12.0 in stage 19.0 (TID 124). 6306 bytes result sent to driver
2026-08-09 23:12:22,437 INFO scheduler.TaskSetManager: Starting task 13.0 in stage 19.0 (TID 128) (10.0.0.215, executor driver, partition 13, NODE_LOCAL, 4271 bytes) taskResourceAssignments Map()
2026-08-09 23:12:22,437 INFO executor.Executor: Running task 13.0 in stage 19.0 (TID 128)
2026-08-09 23:12:22,437 INFO scheduler.TaskSetManager: Finished task 12.0 in stage 19.0 (TID 124) in 34 ms on 10.0.0.215 (executor driver) (13/20)
2026-08-09 23:12:22,439 INFO storage.ShuffleBlockFetcherIterator: Getting 4 (744.1 KiB) non-empty blocks including 4 (744.1 KiB) local and 0 (0.0 B) host-local and 0 (0.0 B) push-merged-local and 0 (0.0 B) remote blocks
2026-08-09 23:12:22,439 INFO storage.ShuffleBlockFetcherIterator: Started 0 remote fetches in 0 ms
2026-08-09 23:12:22,439 INFO executor.Executor: Finished task 11.0 in stage 17.0 (TID 123). 11961 bytes result sent to driver
2026-08-09 23:12:22,440 INFO scheduler.TaskSetManager: Starting task 12.0 in stage 17.0 (TID 129) (10.0.0.215, executor driver, partition 12, NODE_LOCAL, 4271 bytes) taskResourceAssignments Map()
2026-08-09 23:12:22,440 INFO executor.Executor: Running task 12.0 in stage 17.0 (TID 129)
2026-08-09 23:12:22,440 INFO scheduler.TaskSetManager: Finished task 11.0 in stage 17.0 (TID 123) in 45 ms on 10.0.0.215 (executor driver) (12/20)
2026-08-09 23:12:22,441 INFO storage.ShuffleBlockFetcherIterator: Getting 4 (752.3 KiB) non-empty blocks including 4 (752.3 KiB) local and 0 (0.0 B) host-local and 0 (0.0 B) push-merged-local and 0 (0.0 B) remote blocks
2026-08-09 23:12:22,441 INFO storage.ShuffleBlockFetcherIterator: Started 0 remote fetches in 0 ms
2026-08-09 23:12:22,448 INFO executor.Executor: Finished task 13.0 in stage 15.0 (TID 126). 11961 bytes result sent to driver
2026-08-09 23:12:22,449 INFO scheduler.TaskSetManager: Starting task 14.0 in stage 15.0 (TID 130) (10.0.0.215, executor driver, partition 14, NODE_LOCAL, 4271 bytes) taskResourceAssignments Map()
2026-08-09 23:12:22,449 INFO scheduler.TaskSetManager: Finished task 13.0 in stage 15.0 (TID 126) in 22 ms on 10.0.0.215 (executor driver) (14/40)
2026-08-09 23:12:22,450 INFO executor.Executor: Running task 14.0 in stage 15.0 (TID 130)
2026-08-09 23:12:22,451 INFO executor.Executor: Finished task 37.0 in stage 13.0 (TID 127). 6306 bytes result sent to driver
2026-08-09 23:12:22,451 INFO storage.ShuffleBlockFetcherIterator: Getting 4 (397.0 KiB) non-empty blocks including 4 (397.0 KiB) local and 0 (0.0 B) host-local and 0 (0.0 B) push-merged-local and 0 (0.0 B) remote blocks
2026-08-09 23:12:22,451 INFO storage.ShuffleBlockFetcherIterator: Started 0 remote fetches in 0 ms
2026-08-09 23:12:22,451 INFO scheduler.TaskSetManager: Starting task 38.0 in stage 13.0 (TID 131) (10.0.0.215, executor driver, partition 38, NODE_LOCAL, 4271 bytes) taskResourceAssignments Map()
2026-08-09 23:12:22,452 INFO scheduler.TaskSetManager: Finished task 37.0 in stage 13.0 (TID 127) in 24 ms on 10.0.0.215 (executor driver) (38/40)
2026-08-09 23:12:22,452 INFO executor.Executor: Running task 38.0 in stage 13.0 (TID 131)
2026-08-09 23:12:22,453 INFO storage.ShuffleBlockFetcherIterator: Getting 4 (401.7 KiB) non-empty blocks including 4 (401.7 KiB) local and 0 (0.0 B) host-local and 0 (0.0 B) push-merged-local and 0 (0.0 B) remote blocks
2026-08-09 23:12:22,454 INFO storage.ShuffleBlockFetcherIterator: Started 0 remote fetches in 0 ms
2026-08-09 23:12:22,469 INFO executor.Executor: Finished task 13.0 in stage 19.0 (TID 128). 6234 bytes result sent to driver
2026-08-09 23:12:22,470 INFO scheduler.TaskSetManager: Starting task 14.0 in stage 19.0 (TID 132) (10.0.0.215, executor driver, partition 14, NODE_LOCAL, 4271 bytes) taskResourceAssignments Map()
2026-08-09 23:12:22,470 INFO scheduler.TaskSetManager: Finished task 13.0 in stage 19.0 (TID 128) in 33 ms on 10.0.0.215 (executor driver) (14/20)
2026-08-09 23:12:22,470 INFO executor.Executor: Running task 14.0 in stage 19.0 (TID 132)
2026-08-09 23:12:22,472 INFO executor.Executor: Finished task 38.0 in stage 13.0 (TID 131). 6191 bytes result sent to driver
2026-08-09 23:12:22,472 INFO storage.ShuffleBlockFetcherIterator: Getting 4 (761.4 KiB) non-empty blocks including 4 (761.4 KiB) local and 0 (0.0 B) host-local and 0 (0.0 B) push-merged-local and 0 (0.0 B) remote blocks
2026-08-09 23:12:22,472 INFO storage.ShuffleBlockFetcherIterator: Started 0 remote fetches in 0 ms
2026-08-09 23:12:22,472 INFO scheduler.TaskSetManager: Starting task 39.0 in stage 13.0 (TID 133) (10.0.0.215, executor driver, partition 39, NODE_LOCAL, 4271 bytes) taskResourceAssignments Map()
2026-08-09 23:12:22,472 INFO scheduler.TaskSetManager: Finished task 38.0 in stage 13.0 (TID 131) in 21 ms on 10.0.0.215 (executor driver) (39/40)
2026-08-09 23:12:22,472 INFO executor.Executor: Running task 39.0 in stage 13.0 (TID 133)
2026-08-09 23:12:22,473 INFO storage.ShuffleBlockFetcherIterator: Getting 4 (370.9 KiB) non-empty blocks including 4 (370.9 KiB) local and 0 (0.0 B) host-local and 0 (0.0 B) push-merged-local and 0 (0.0 B) remote blocks
2026-08-09 23:12:22,473 INFO storage.ShuffleBlockFetcherIterator: Started 0 remote fetches in 0 ms
2026-08-09 23:12:22,475 INFO executor.Executor: Finished task 14.0 in stage 15.0 (TID 130). 11961 bytes result sent to driver
2026-08-09 23:12:22,476 INFO scheduler.TaskSetManager: Starting task 15.0 in stage 15.0 (TID 134) (10.0.0.215, executor driver, partition 15, NODE_LOCAL, 4271 bytes) taskResourceAssignments Map()
2026-08-09 23:12:22,476 INFO executor.Executor: Running task 15.0 in stage 15.0 (TID 134)
2026-08-09 23:12:22,476 INFO scheduler.TaskSetManager: Finished task 14.0 in stage 15.0 (TID 130) in 27 ms on 10.0.0.215 (executor driver) (15/40)
2026-08-09 23:12:22,477 INFO storage.ShuffleBlockFetcherIterator: Getting 4 (386.1 KiB) non-empty blocks including 4 (386.1 KiB) local and 0 (0.0 B) host-local and 0 (0.0 B) push-merged-local and 0 (0.0 B) remote blocks
2026-08-09 23:12:22,477 INFO storage.ShuffleBlockFetcherIterator: Started 0 remote fetches in 0 ms
2026-08-09 23:12:22,485 INFO executor.Executor: Finished task 12.0 in stage 17.0 (TID 129). 12214 bytes result sent to driver
2026-08-09 23:12:22,486 INFO scheduler.TaskSetManager: Starting task 13.0 in stage 17.0 (TID 135) (10.0.0.215, executor driver, partition 13, NODE_LOCAL, 4271 bytes) taskResourceAssignments Map()
2026-08-09 23:12:22,486 INFO scheduler.TaskSetManager: Finished task 12.0 in stage 17.0 (TID 129) in 47 ms on 10.0.0.215 (executor driver) (13/20)
2026-08-09 23:12:22,487 INFO executor.Executor: Running task 13.0 in stage 17.0 (TID 135)
2026-08-09 23:12:22,488 INFO storage.ShuffleBlockFetcherIterator: Getting 4 (744.1 KiB) non-empty blocks including 4 (744.1 KiB) local and 0 (0.0 B) host-local and 0 (0.0 B) push-merged-local and 0 (0.0 B) remote blocks
2026-08-09 23:12:22,488 INFO storage.ShuffleBlockFetcherIterator: Started 0 remote fetches in 0 ms
2026-08-09 23:12:22,493 INFO executor.Executor: Finished task 39.0 in stage 13.0 (TID 133). 6164 bytes result sent to driver
2026-08-09 23:12:22,493 INFO scheduler.TaskSetManager: Starting task 3.0 in stage 20.0 (TID 136) (10.0.0.215, executor driver, partition 3, PROCESS_LOCAL, 5019 bytes) taskResourceAssignments Map()
2026-08-09 23:12:22,494 INFO scheduler.TaskSetManager: Finished task 39.0 in stage 13.0 (TID 133) in 22 ms on 10.0.0.215 (executor driver) (40/40)
2026-08-09 23:12:22,494 INFO scheduler.TaskSchedulerImpl: Removed TaskSet 13.0, whose tasks have all completed, from pool default
2026-08-09 23:12:22,494 INFO executor.Executor: Running task 3.0 in stage 20.0 (TID 136)
2026-08-09 23:12:22,494 INFO scheduler.DAGScheduler: ResultStage 13 (collect at EnsembleTrainer.scala:80) finished in 1.276 s
2026-08-09 23:12:22,495 INFO scheduler.DAGScheduler: Job 12 is finished. Cancelling potential speculative or zombie tasks for this job
2026-08-09 23:12:22,495 INFO scheduler.TaskSchedulerImpl: Killing all running tasks in stage 13: Stage finished
2026-08-09 23:12:22,495 INFO scheduler.DAGScheduler: Job 12 finished: collect at EnsembleTrainer.scala:80, took 2.190026 s
2026-08-09 23:12:22,496 INFO storage.BlockManager: Found block rdd_8_3 locally
2026-08-09 23:12:22,504 INFO executor.Executor: Finished task 15.0 in stage 15.0 (TID 134). 12144 bytes result sent to driver
2026-08-09 23:12:22,505 INFO scheduler.TaskSetManager: Starting task 16.0 in stage 15.0 (TID 137) (10.0.0.215, executor driver, partition 16, NODE_LOCAL, 4271 bytes) taskResourceAssignments Map()
2026-08-09 23:12:22,506 INFO executor.Executor: Running task 16.0 in stage 15.0 (TID 137)
2026-08-09 23:12:22,506 INFO scheduler.TaskSetManager: Finished task 15.0 in stage 15.0 (TID 134) in 30 ms on 10.0.0.215 (executor driver) (16/40)
2026-08-09 23:12:22,507 INFO executor.Executor: Finished task 14.0 in stage 19.0 (TID 132). 6234 bytes result sent to driver
2026-08-09 23:12:22,507 INFO storage.ShuffleBlockFetcherIterator: Getting 4 (381.8 KiB) non-empty blocks including 4 (381.8 KiB) local and 0 (0.0 B) host-local and 0 (0.0 B) push-merged-local and 0 (0.0 B) remote blocks
2026-08-09 23:12:22,507 INFO storage.ShuffleBlockFetcherIterator: Started 0 remote fetches in 0 ms
2026-08-09 23:12:22,507 INFO scheduler.TaskSetManager: Starting task 15.0 in stage 19.0 (TID 138) (10.0.0.215, executor driver, partition 15, NODE_LOCAL, 4271 bytes) taskResourceAssignments Map()
2026-08-09 23:12:22,507 INFO executor.Executor: Running task 15.0 in stage 19.0 (TID 138)
2026-08-09 23:12:22,508 INFO scheduler.TaskSetManager: Finished task 14.0 in stage 19.0 (TID 132) in 38 ms on 10.0.0.215 (executor driver) (15/20)
2026-08-09 23:12:22,510 INFO storage.ShuffleBlockFetcherIterator: Getting 4 (731.0 KiB) non-empty blocks including 4 (731.0 KiB) local and 0 (0.0 B) host-local and 0 (0.0 B) push-merged-local and 0 (0.0 B) remote blocks
2026-08-09 23:12:22,510 INFO storage.ShuffleBlockFetcherIterator: Started 0 remote fetches in 0 ms
2026-08-09 23:12:22,513 INFO memory.MemoryStore: Block broadcast_30 stored as values in memory (estimated size 333.5 KiB, free 2.2 GiB)
2026-08-09 23:12:22,519 INFO memory.MemoryStore: Block broadcast_30_piece0 stored as bytes in memory (estimated size 63.6 KiB, free 2.2 GiB)
2026-08-09 23:12:22,520 INFO storage.BlockManagerInfo: Added broadcast_30_piece0 in memory on 10.0.0.215:64244 (size: 63.6 KiB, free: 2.2 GiB)
2026-08-09 23:12:22,520 INFO spark.SparkContext: Created broadcast 30 from broadcast at EnsemblePredictor.scala:28
2026-08-09 23:12:22,528 INFO spark.SparkContext: Starting job: count at Metrics.scala:12
2026-08-09 23:12:22,529 INFO scheduler.DAGScheduler: Got job 24 (count at Metrics.scala:12) with 2 output partitions
2026-08-09 23:12:22,529 INFO scheduler.DAGScheduler: Final stage: ResultStage 36 (count at Metrics.scala:12)
2026-08-09 23:12:22,529 INFO scheduler.DAGScheduler: Parents of final stage: List()
2026-08-09 23:12:22,531 INFO scheduler.DAGScheduler: Missing parents: List()
2026-08-09 23:12:22,531 INFO scheduler.DAGScheduler: Submitting ResultStage 36 (MapPartitionsRDD[61] at map at EnsembleExperiment.scala:28), which has no missing parents
2026-08-09 23:12:22,532 INFO memory.MemoryStore: Block broadcast_31 stored as values in memory (estimated size 38.2 KiB, free 2.2 GiB)
2026-08-09 23:12:22,534 INFO memory.MemoryStore: Block broadcast_31_piece0 stored as bytes in memory (estimated size 12.0 KiB, free 2.2 GiB)
2026-08-09 23:12:22,534 INFO storage.BlockManagerInfo: Added broadcast_31_piece0 in memory on 10.0.0.215:64244 (size: 12.0 KiB, free: 2.2 GiB)
2026-08-09 23:12:22,534 INFO spark.SparkContext: Created broadcast 31 from broadcast at DAGScheduler.scala:1513
2026-08-09 23:12:22,534 INFO scheduler.DAGScheduler: Submitting 2 missing tasks from ResultStage 36 (MapPartitionsRDD[61] at map at EnsembleExperiment.scala:28) (first 15 tasks are for partitions Vector(0, 1))
2026-08-09 23:12:22,534 INFO scheduler.TaskSchedulerImpl: Adding task set 36.0 with 2 tasks resource profile 0
2026-08-09 23:12:22,534 INFO executor.Executor: Finished task 3.0 in stage 20.0 (TID 136). 1912 bytes result sent to driver
2026-08-09 23:12:22,535 INFO scheduler.FairSchedulableBuilder: Added task set TaskSet_36.0 tasks to pool default
2026-08-09 23:12:22,535 INFO executor.Executor: Finished task 16.0 in stage 15.0 (TID 137). 12101 bytes result sent to driver
2026-08-09 23:12:22,535 INFO scheduler.TaskSetManager: Starting task 0.0 in stage 22.0 (TID 139) (10.0.0.215, executor driver, partition 0, PROCESS_LOCAL, 5019 bytes) taskResourceAssignments Map()
2026-08-09 23:12:22,535 INFO executor.Executor: Running task 0.0 in stage 22.0 (TID 139)
2026-08-09 23:12:22,535 INFO scheduler.TaskSetManager: Starting task 17.0 in stage 15.0 (TID 140) (10.0.0.215, executor driver, partition 17, NODE_LOCAL, 4271 bytes) taskResourceAssignments Map()
2026-08-09 23:12:22,535 INFO scheduler.TaskSetManager: Finished task 3.0 in stage 20.0 (TID 136) in 42 ms on 10.0.0.215 (executor driver) (4/4)
2026-08-09 23:12:22,535 INFO executor.Executor: Running task 17.0 in stage 15.0 (TID 140)
2026-08-09 23:12:22,536 INFO scheduler.TaskSchedulerImpl: Removed TaskSet 20.0, whose tasks have all completed, from pool default
2026-08-09 23:12:22,536 INFO scheduler.DAGScheduler: ShuffleMapStage 20 (mapPartitionsWithIndex at EnsembleTrainer.scala:60) finished in 2.161 s
2026-08-09 23:12:22,536 INFO scheduler.DAGScheduler: looking for newly runnable stages
2026-08-09 23:12:22,536 INFO scheduler.DAGScheduler: running: Set(ResultStage 15, ShuffleMapStage 30, ResultStage 19, ShuffleMapStage 34, ResultStage 17, ShuffleMapStage 32, ShuffleMapStage 24, ResultStage 36, ShuffleMapStage 28, ShuffleMapStage 22, ShuffleMapStage 26)
2026-08-09 23:12:22,536 INFO scheduler.DAGScheduler: waiting: Set(ResultStage 33, ResultStage 27, ResultStage 31, ResultStage 35, ResultStage 21, ResultStage 25, ResultStage 29, ResultStage 23)
2026-08-09 23:12:22,536 INFO scheduler.DAGScheduler: failed: Set()
2026-08-09 23:12:22,536 INFO scheduler.TaskSetManager: Finished task 16.0 in stage 15.0 (TID 137) in 31 ms on 10.0.0.215 (executor driver) (17/40)
2026-08-09 23:12:22,536 INFO scheduler.DAGScheduler: Submitting ResultStage 21 (MapPartitionsRDD[40] at mapPartitions at EnsembleTrainer.scala:72), which has no missing parents
2026-08-09 23:12:22,537 INFO storage.BlockManager: Found block rdd_8_0 locally
2026-08-09 23:12:22,537 INFO memory.MemoryStore: Block broadcast_32 stored as values in memory (estimated size 5.4 KiB, free 2.2 GiB)
2026-08-09 23:12:22,537 INFO storage.ShuffleBlockFetcherIterator: Getting 4 (381.8 KiB) non-empty blocks including 4 (381.8 KiB) local and 0 (0.0 B) host-local and 0 (0.0 B) push-merged-local and 0 (0.0 B) remote blocks
2026-08-09 23:12:22,538 INFO storage.ShuffleBlockFetcherIterator: Started 0 remote fetches in 0 ms
2026-08-09 23:12:22,538 INFO memory.MemoryStore: Block broadcast_32_piece0 stored as bytes in memory (estimated size 3.0 KiB, free 2.2 GiB)
2026-08-09 23:12:22,538 INFO storage.BlockManagerInfo: Added broadcast_32_piece0 in memory on 10.0.0.215:64244 (size: 3.0 KiB, free: 2.2 GiB)
2026-08-09 23:12:22,538 INFO executor.Executor: Finished task 13.0 in stage 17.0 (TID 135). 11907 bytes result sent to driver
2026-08-09 23:12:22,538 INFO spark.SparkContext: Created broadcast 32 from broadcast at DAGScheduler.scala:1513
2026-08-09 23:12:22,539 INFO scheduler.TaskSetManager: Starting task 14.0 in stage 17.0 (TID 141) (10.0.0.215, executor driver, partition 14, NODE_LOCAL, 4271 bytes) taskResourceAssignments Map()
2026-08-09 23:12:22,539 INFO scheduler.DAGScheduler: Submitting 10 missing tasks from ResultStage 21 (MapPartitionsRDD[40] at mapPartitions at EnsembleTrainer.scala:72) (first 15 tasks are for partitions Vector(0, 1, 2, 3, 4, 5, 6, 7, 8, 9))
2026-08-09 23:12:22,539 INFO scheduler.TaskSchedulerImpl: Adding task set 21.0 with 10 tasks resource profile 0
2026-08-09 23:12:22,539 INFO scheduler.FairSchedulableBuilder: Added task set TaskSet_21.0 tasks to pool default
2026-08-09 23:12:22,539 INFO executor.Executor: Running task 14.0 in stage 17.0 (TID 141)
2026-08-09 23:12:22,539 INFO scheduler.TaskSetManager: Finished task 13.0 in stage 17.0 (TID 135) in 53 ms on 10.0.0.215 (executor driver) (14/20)
2026-08-09 23:12:22,540 INFO storage.ShuffleBlockFetcherIterator: Getting 4 (761.4 KiB) non-empty blocks including 4 (761.4 KiB) local and 0 (0.0 B) host-local and 0 (0.0 B) push-merged-local and 0 (0.0 B) remote blocks
2026-08-09 23:12:22,540 INFO storage.ShuffleBlockFetcherIterator: Started 0 remote fetches in 0 ms
2026-08-09 23:12:22,542 INFO executor.Executor: Finished task 15.0 in stage 19.0 (TID 138). 6164 bytes result sent to driver
2026-08-09 23:12:22,542 INFO scheduler.TaskSetManager: Starting task 16.0 in stage 19.0 (TID 142) (10.0.0.215, executor driver, partition 16, NODE_LOCAL, 4271 bytes) taskResourceAssignments Map()
2026-08-09 23:12:22,542 INFO executor.Executor: Running task 16.0 in stage 19.0 (TID 142)
2026-08-09 23:12:22,543 INFO scheduler.TaskSetManager: Finished task 15.0 in stage 19.0 (TID 138) in 36 ms on 10.0.0.215 (executor driver) (16/20)
2026-08-09 23:12:22,546 INFO storage.ShuffleBlockFetcherIterator: Getting 4 (731.0 KiB) non-empty blocks including 4 (731.0 KiB) local and 0 (0.0 B) host-local and 0 (0.0 B) push-merged-local and 0 (0.0 B) remote blocks
2026-08-09 23:12:22,546 INFO storage.ShuffleBlockFetcherIterator: Started 0 remote fetches in 0 ms
2026-08-09 23:12:22,556 INFO executor.Executor: Finished task 17.0 in stage 15.0 (TID 140). 12144 bytes result sent to driver
2026-08-09 23:12:22,557 INFO scheduler.TaskSetManager: Starting task 18.0 in stage 15.0 (TID 143) (10.0.0.215, executor driver, partition 18, NODE_LOCAL, 4271 bytes) taskResourceAssignments Map()
2026-08-09 23:12:22,557 INFO scheduler.TaskSetManager: Finished task 17.0 in stage 15.0 (TID 140) in 22 ms on 10.0.0.215 (executor driver) (18/40)
2026-08-09 23:12:22,557 INFO executor.Executor: Running task 18.0 in stage 15.0 (TID 143)
2026-08-09 23:12:22,559 INFO storage.ShuffleBlockFetcherIterator: Getting 4 (386.1 KiB) non-empty blocks including 4 (386.1 KiB) local and 0 (0.0 B) host-local and 0 (0.0 B) push-merged-local and 0 (0.0 B) remote blocks
2026-08-09 23:12:22,559 INFO storage.ShuffleBlockFetcherIterator: Started 0 remote fetches in 0 ms
2026-08-09 23:12:22,583 INFO executor.Executor: Finished task 16.0 in stage 19.0 (TID 142). 6094 bytes result sent to driver
2026-08-09 23:12:22,583 INFO scheduler.TaskSetManager: Starting task 17.0 in stage 19.0 (TID 144) (10.0.0.215, executor driver, partition 17, NODE_LOCAL, 4271 bytes) taskResourceAssignments Map()
2026-08-09 23:12:22,583 INFO executor.Executor: Running task 17.0 in stage 19.0 (TID 144)
2026-08-09 23:12:22,584 INFO scheduler.TaskSetManager: Finished task 16.0 in stage 19.0 (TID 142) in 42 ms on 10.0.0.215 (executor driver) (17/20)
2026-08-09 23:12:22,585 INFO storage.ShuffleBlockFetcherIterator: Getting 4 (773.7 KiB) non-empty blocks including 4 (773.7 KiB) local and 0 (0.0 B) host-local and 0 (0.0 B) push-merged-local and 0 (0.0 B) remote blocks
2026-08-09 23:12:22,585 INFO storage.ShuffleBlockFetcherIterator: Started 0 remote fetches in 0 ms
2026-08-09 23:12:22,588 INFO executor.Executor: Finished task 18.0 in stage 15.0 (TID 143). 12101 bytes result sent to driver
2026-08-09 23:12:22,589 INFO scheduler.TaskSetManager: Starting task 19.0 in stage 15.0 (TID 145) (10.0.0.215, executor driver, partition 19, NODE_LOCAL, 4271 bytes) taskResourceAssignments Map()
2026-08-09 23:12:22,589 INFO executor.Executor: Running task 19.0 in stage 15.0 (TID 145)
2026-08-09 23:12:22,589 INFO scheduler.TaskSetManager: Finished task 18.0 in stage 15.0 (TID 143) in 32 ms on 10.0.0.215 (executor driver) (19/40)
2026-08-09 23:12:22,590 INFO storage.ShuffleBlockFetcherIterator: Getting 4 (381.8 KiB) non-empty blocks including 4 (381.8 KiB) local and 0 (0.0 B) host-local and 0 (0.0 B) push-merged-local and 0 (0.0 B) remote blocks
2026-08-09 23:12:22,590 INFO storage.ShuffleBlockFetcherIterator: Started 0 remote fetches in 0 ms
2026-08-09 23:12:22,594 INFO executor.Executor: Finished task 14.0 in stage 17.0 (TID 141). 11961 bytes result sent to driver
2026-08-09 23:12:22,595 INFO scheduler.TaskSetManager: Starting task 15.0 in stage 17.0 (TID 146) (10.0.0.215, executor driver, partition 15, NODE_LOCAL, 4271 bytes) taskResourceAssignments Map()
2026-08-09 23:12:22,595 INFO executor.Executor: Running task 15.0 in stage 17.0 (TID 146)
2026-08-09 23:12:22,596 INFO scheduler.TaskSetManager: Finished task 14.0 in stage 17.0 (TID 141) in 57 ms on 10.0.0.215 (executor driver) (15/20)
2026-08-09 23:12:22,596 INFO storage.ShuffleBlockFetcherIterator: Getting 4 (731.0 KiB) non-empty blocks including 4 (731.0 KiB) local and 0 (0.0 B) host-local and 0 (0.0 B) push-merged-local and 0 (0.0 B) remote blocks
2026-08-09 23:12:22,596 INFO storage.ShuffleBlockFetcherIterator: Started 0 remote fetches in 0 ms
2026-08-09 23:12:22,612 INFO executor.Executor: Finished task 17.0 in stage 19.0 (TID 144). 6263 bytes result sent to driver
2026-08-09 23:12:22,612 INFO scheduler.TaskSetManager: Starting task 18.0 in stage 19.0 (TID 147) (10.0.0.215, executor driver, partition 18, NODE_LOCAL, 4271 bytes) taskResourceAssignments Map()
2026-08-09 23:12:22,613 INFO executor.Executor: Running task 18.0 in stage 19.0 (TID 147)
2026-08-09 23:12:22,613 INFO scheduler.TaskSetManager: Finished task 17.0 in stage 19.0 (TID 144) in 30 ms on 10.0.0.215 (executor driver) (18/20)
2026-08-09 23:12:22,614 INFO storage.ShuffleBlockFetcherIterator: Getting 4 (752.3 KiB) non-empty blocks including 4 (752.3 KiB) local and 0 (0.0 B) host-local and 0 (0.0 B) push-merged-local and 0 (0.0 B) remote blocks
2026-08-09 23:12:22,614 INFO storage.ShuffleBlockFetcherIterator: Started 0 remote fetches in 0 ms
2026-08-09 23:12:22,618 INFO executor.Executor: Finished task 19.0 in stage 15.0 (TID 145). 12031 bytes result sent to driver
2026-08-09 23:12:22,618 INFO scheduler.TaskSetManager: Starting task 20.0 in stage 15.0 (TID 148) (10.0.0.215, executor driver, partition 20, NODE_LOCAL, 4271 bytes) taskResourceAssignments Map()
2026-08-09 23:12:22,619 INFO executor.Executor: Running task 20.0 in stage 15.0 (TID 148)
2026-08-09 23:12:22,619 INFO scheduler.TaskSetManager: Finished task 19.0 in stage 15.0 (TID 145) in 31 ms on 10.0.0.215 (executor driver) (20/40)
2026-08-09 23:12:22,620 INFO storage.ShuffleBlockFetcherIterator: Getting 4 (371.9 KiB) non-empty blocks including 4 (371.9 KiB) local and 0 (0.0 B) host-local and 0 (0.0 B) push-merged-local and 0 (0.0 B) remote blocks
2026-08-09 23:12:22,620 INFO storage.ShuffleBlockFetcherIterator: Started 0 remote fetches in 0 ms
2026-08-09 23:12:22,635 INFO executor.Executor: Finished task 15.0 in stage 17.0 (TID 146). 12031 bytes result sent to driver
2026-08-09 23:12:22,635 INFO scheduler.TaskSetManager: Starting task 16.0 in stage 17.0 (TID 149) (10.0.0.215, executor driver, partition 16, NODE_LOCAL, 4271 bytes) taskResourceAssignments Map()
2026-08-09 23:12:22,635 INFO executor.Executor: Running task 16.0 in stage 17.0 (TID 149)
2026-08-09 23:12:22,636 INFO scheduler.TaskSetManager: Finished task 15.0 in stage 17.0 (TID 146) in 41 ms on 10.0.0.215 (executor driver) (16/20)
2026-08-09 23:12:22,636 INFO storage.ShuffleBlockFetcherIterator: Getting 4 (731.0 KiB) non-empty blocks including 4 (731.0 KiB) local and 0 (0.0 B) host-local and 0 (0.0 B) push-merged-local and 0 (0.0 B) remote blocks
2026-08-09 23:12:22,636 INFO storage.ShuffleBlockFetcherIterator: Started 0 remote fetches in 0 ms
2026-08-09 23:12:22,645 INFO executor.Executor: Finished task 18.0 in stage 19.0 (TID 147). 6051 bytes result sent to driver
2026-08-09 23:12:22,646 INFO scheduler.TaskSetManager: Starting task 19.0 in stage 19.0 (TID 150) (10.0.0.215, executor driver, partition 19, NODE_LOCAL, 4271 bytes) taskResourceAssignments Map()
2026-08-09 23:12:22,646 INFO executor.Executor: Running task 19.0 in stage 19.0 (TID 150)
2026-08-09 23:12:22,646 INFO scheduler.TaskSetManager: Finished task 18.0 in stage 19.0 (TID 147) in 34 ms on 10.0.0.215 (executor driver) (19/20)
2026-08-09 23:12:22,647 INFO executor.Executor: Finished task 20.0 in stage 15.0 (TID 148). 12031 bytes result sent to driver
2026-08-09 23:12:22,647 INFO storage.ShuffleBlockFetcherIterator: Getting 4 (773.7 KiB) non-empty blocks including 4 (773.7 KiB) local and 0 (0.0 B) host-local and 0 (0.0 B) push-merged-local and 0 (0.0 B) remote blocks
2026-08-09 23:12:22,648 INFO storage.ShuffleBlockFetcherIterator: Started 0 remote fetches in 0 ms
2026-08-09 23:12:22,648 INFO scheduler.TaskSetManager: Starting task 21.0 in stage 15.0 (TID 151) (10.0.0.215, executor driver, partition 21, NODE_LOCAL, 4271 bytes) taskResourceAssignments Map()
2026-08-09 23:12:22,648 INFO executor.Executor: Running task 21.0 in stage 15.0 (TID 151)
2026-08-09 23:12:22,648 INFO executor.Executor: Finished task 0.0 in stage 22.0 (TID 139). 1912 bytes result sent to driver
2026-08-09 23:12:22,649 INFO scheduler.TaskSetManager: Starting task 0.0 in stage 21.0 (TID 152) (10.0.0.215, executor driver, partition 0, NODE_LOCAL, 4271 bytes) taskResourceAssignments Map()
2026-08-09 23:12:22,649 INFO scheduler.TaskSetManager: Finished task 20.0 in stage 15.0 (TID 148) in 31 ms on 10.0.0.215 (executor driver) (21/40)
2026-08-09 23:12:22,649 INFO scheduler.TaskSetManager: Finished task 0.0 in stage 22.0 (TID 139) in 114 ms on 10.0.0.215 (executor driver) (1/4)
2026-08-09 23:12:22,649 INFO executor.Executor: Running task 0.0 in stage 21.0 (TID 152)
2026-08-09 23:12:22,650 INFO storage.ShuffleBlockFetcherIterator: Getting 4 (386.1 KiB) non-empty blocks including 4 (386.1 KiB) local and 0 (0.0 B) host-local and 0 (0.0 B) push-merged-local and 0 (0.0 B) remote blocks
2026-08-09 23:12:22,651 INFO storage.ShuffleBlockFetcherIterator: Getting 4 (1507.7 KiB) non-empty blocks including 4 (1507.7 KiB) local and 0 (0.0 B) host-local and 0 (0.0 B) push-merged-local and 0 (0.0 B) remote blocks
2026-08-09 23:12:22,651 INFO storage.ShuffleBlockFetcherIterator: Started 0 remote fetches in 0 ms
2026-08-09 23:12:22,651 INFO storage.ShuffleBlockFetcherIterator: Started 0 remote fetches in 0 ms
2026-08-09 23:12:22,680 INFO executor.Executor: Finished task 16.0 in stage 17.0 (TID 149). 12284 bytes result sent to driver
2026-08-09 23:12:22,680 INFO executor.Executor: Finished task 21.0 in stage 15.0 (TID 151). 12257 bytes result sent to driver
2026-08-09 23:12:22,681 INFO scheduler.TaskSetManager: Starting task 17.0 in stage 17.0 (TID 153) (10.0.0.215, executor driver, partition 17, NODE_LOCAL, 4271 bytes) taskResourceAssignments Map()
2026-08-09 23:12:22,681 INFO scheduler.TaskSetManager: Starting task 22.0 in stage 15.0 (TID 154) (10.0.0.215, executor driver, partition 22, NODE_LOCAL, 4271 bytes) taskResourceAssignments Map()
2026-08-09 23:12:22,681 INFO scheduler.TaskSetManager: Finished task 16.0 in stage 17.0 (TID 149) in 46 ms on 10.0.0.215 (executor driver) (17/20)
2026-08-09 23:12:22,681 INFO scheduler.TaskSetManager: Finished task 21.0 in stage 15.0 (TID 151) in 33 ms on 10.0.0.215 (executor driver) (22/40)
2026-08-09 23:12:22,682 INFO executor.Executor: Running task 17.0 in stage 17.0 (TID 153)
2026-08-09 23:12:22,682 INFO executor.Executor: Running task 22.0 in stage 15.0 (TID 154)
2026-08-09 23:12:22,684 INFO storage.ShuffleBlockFetcherIterator: Getting 4 (773.7 KiB) non-empty blocks including 4 (773.7 KiB) local and 0 (0.0 B) host-local and 0 (0.0 B) push-merged-local and 0 (0.0 B) remote blocks
2026-08-09 23:12:22,684 INFO storage.ShuffleBlockFetcherIterator: Started 0 remote fetches in 0 ms
2026-08-09 23:12:22,684 INFO storage.ShuffleBlockFetcherIterator: Getting 4 (386.1 KiB) non-empty blocks including 4 (386.1 KiB) local and 0 (0.0 B) host-local and 0 (0.0 B) push-merged-local and 0 (0.0 B) remote blocks
2026-08-09 23:12:22,684 INFO storage.ShuffleBlockFetcherIterator: Started 0 remote fetches in 0 ms
2026-08-09 23:12:22,685 INFO executor.Executor: Finished task 19.0 in stage 19.0 (TID 150). 6094 bytes result sent to driver
2026-08-09 23:12:22,686 INFO scheduler.TaskSetManager: Starting task 1.0 in stage 22.0 (TID 155) (10.0.0.215, executor driver, partition 1, PROCESS_LOCAL, 5019 bytes) taskResourceAssignments Map()
2026-08-09 23:12:22,686 INFO scheduler.TaskSetManager: Finished task 19.0 in stage 19.0 (TID 150) in 40 ms on 10.0.0.215 (executor driver) (20/20)
2026-08-09 23:12:22,686 INFO scheduler.TaskSchedulerImpl: Removed TaskSet 19.0, whose tasks have all completed, from pool default
2026-08-09 23:12:22,687 INFO scheduler.DAGScheduler: ResultStage 19 (collect at EnsembleTrainer.scala:80) finished in 0.825 s
2026-08-09 23:12:22,687 INFO scheduler.DAGScheduler: Job 15 is finished. Cancelling potential speculative or zombie tasks for this job
2026-08-09 23:12:22,687 INFO scheduler.TaskSchedulerImpl: Killing all running tasks in stage 19: Stage finished
2026-08-09 23:12:22,687 INFO scheduler.DAGScheduler: Job 15 finished: collect at EnsembleTrainer.scala:80, took 2.382912 s
2026-08-09 23:12:22,687 INFO executor.Executor: Running task 1.0 in stage 22.0 (TID 155)
2026-08-09 23:12:22,690 INFO storage.BlockManager: Found block rdd_8_1 locally
2026-08-09 23:12:22,691 INFO memory.MemoryStore: Block broadcast_33 stored as values in memory (estimated size 165.9 KiB, free 2.2 GiB)
2026-08-09 23:12:22,694 INFO memory.MemoryStore: Block broadcast_33_piece0 stored as bytes in memory (estimated size 32.2 KiB, free 2.2 GiB)
2026-08-09 23:12:22,695 INFO storage.BlockManagerInfo: Added broadcast_33_piece0 in memory on 10.0.0.215:64244 (size: 32.2 KiB, free: 2.2 GiB)
2026-08-09 23:12:22,695 INFO spark.SparkContext: Created broadcast 33 from broadcast at EnsemblePredictor.scala:28
2026-08-09 23:12:22,700 INFO spark.SparkContext: Starting job: count at Metrics.scala:12
2026-08-09 23:12:22,701 INFO scheduler.DAGScheduler: Got job 25 (count at Metrics.scala:12) with 2 output partitions
2026-08-09 23:12:22,701 INFO scheduler.DAGScheduler: Final stage: ResultStage 37 (count at Metrics.scala:12)
2026-08-09 23:12:22,701 INFO scheduler.DAGScheduler: Parents of final stage: List()
2026-08-09 23:12:22,702 INFO scheduler.DAGScheduler: Missing parents: List()
2026-08-09 23:12:22,702 INFO scheduler.DAGScheduler: Submitting ResultStage 37 (MapPartitionsRDD[63] at map at EnsembleExperiment.scala:28), which has no missing parents
2026-08-09 23:12:22,705 INFO memory.MemoryStore: Block broadcast_34 stored as values in memory (estimated size 38.2 KiB, free 2.2 GiB)
2026-08-09 23:12:22,705 INFO memory.MemoryStore: Block broadcast_34_piece0 stored as bytes in memory (estimated size 12.0 KiB, free 2.2 GiB)
2026-08-09 23:12:22,706 INFO storage.BlockManagerInfo: Added broadcast_34_piece0 in memory on 10.0.0.215:64244 (size: 12.0 KiB, free: 2.2 GiB)
2026-08-09 23:12:22,706 INFO spark.SparkContext: Created broadcast 34 from broadcast at DAGScheduler.scala:1513
2026-08-09 23:12:22,706 INFO scheduler.DAGScheduler: Submitting 2 missing tasks from ResultStage 37 (MapPartitionsRDD[63] at map at EnsembleExperiment.scala:28) (first 15 tasks are for partitions Vector(0, 1))
2026-08-09 23:12:22,706 INFO scheduler.TaskSchedulerImpl: Adding task set 37.0 with 2 tasks resource profile 0
2026-08-09 23:12:22,706 INFO scheduler.FairSchedulableBuilder: Added task set TaskSet_37.0 tasks to pool default
2026-08-09 23:12:22,709 INFO executor.Executor: Finished task 22.0 in stage 15.0 (TID 154). 12144 bytes result sent to driver
2026-08-09 23:12:22,710 INFO scheduler.TaskSetManager: Starting task 23.0 in stage 15.0 (TID 156) (10.0.0.215, executor driver, partition 23, NODE_LOCAL, 4271 bytes) taskResourceAssignments Map()
2026-08-09 23:12:22,710 INFO executor.Executor: Running task 23.0 in stage 15.0 (TID 156)
2026-08-09 23:12:22,710 INFO scheduler.TaskSetManager: Finished task 22.0 in stage 15.0 (TID 154) in 29 ms on 10.0.0.215 (executor driver) (23/40)
2026-08-09 23:12:22,711 INFO storage.ShuffleBlockFetcherIterator: Getting 4 (390.7 KiB) non-empty blocks including 4 (390.7 KiB) local and 0 (0.0 B) host-local and 0 (0.0 B) push-merged-local and 0 (0.0 B) remote blocks
2026-08-09 23:12:22,711 INFO storage.ShuffleBlockFetcherIterator: Started 0 remote fetches in 0 ms
2026-08-09 23:12:22,728 INFO executor.Executor: Finished task 17.0 in stage 17.0 (TID 153). 11934 bytes result sent to driver
2026-08-09 23:12:22,728 INFO scheduler.TaskSetManager: Starting task 18.0 in stage 17.0 (TID 157) (10.0.0.215, executor driver, partition 18, NODE_LOCAL, 4271 bytes) taskResourceAssignments Map()
2026-08-09 23:12:22,729 INFO executor.Executor: Running task 18.0 in stage 17.0 (TID 157)
2026-08-09 23:12:22,729 INFO scheduler.TaskSetManager: Finished task 17.0 in stage 17.0 (TID 153) in 49 ms on 10.0.0.215 (executor driver) (18/20)
2026-08-09 23:12:22,730 INFO storage.ShuffleBlockFetcherIterator: Getting 4 (752.3 KiB) non-empty blocks including 4 (752.3 KiB) local and 0 (0.0 B) host-local and 0 (0.0 B) push-merged-local and 0 (0.0 B) remote blocks
2026-08-09 23:12:22,730 INFO storage.ShuffleBlockFetcherIterator: Started 0 remote fetches in 0 ms
2026-08-09 23:12:22,732 INFO executor.Executor: Finished task 0.0 in stage 21.0 (TID 152). 6094 bytes result sent to driver
2026-08-09 23:12:22,732 INFO scheduler.TaskSetManager: Starting task 1.0 in stage 21.0 (TID 158) (10.0.0.215, executor driver, partition 1, NODE_LOCAL, 4271 bytes) taskResourceAssignments Map()
2026-08-09 23:12:22,732 INFO executor.Executor: Running task 1.0 in stage 21.0 (TID 158)
2026-08-09 23:12:22,733 INFO scheduler.TaskSetManager: Finished task 0.0 in stage 21.0 (TID 152) in 84 ms on 10.0.0.215 (executor driver) (1/10)
2026-08-09 23:12:22,734 INFO storage.ShuffleBlockFetcherIterator: Getting 4 (1466.1 KiB) non-empty blocks including 4 (1466.1 KiB) local and 0 (0.0 B) host-local and 0 (0.0 B) push-merged-local and 0 (0.0 B) remote blocks
2026-08-09 23:12:22,734 INFO storage.ShuffleBlockFetcherIterator: Started 0 remote fetches in 0 ms
2026-08-09 23:12:22,736 INFO executor.Executor: Finished task 23.0 in stage 15.0 (TID 156). 11821 bytes result sent to driver
2026-08-09 23:12:22,737 INFO scheduler.TaskSetManager: Starting task 24.0 in stage 15.0 (TID 159) (10.0.0.215, executor driver, partition 24, NODE_LOCAL, 4271 bytes) taskResourceAssignments Map()
2026-08-09 23:12:22,737 INFO executor.Executor: Running task 24.0 in stage 15.0 (TID 159)
2026-08-09 23:12:22,737 INFO scheduler.TaskSetManager: Finished task 23.0 in stage 15.0 (TID 156) in 28 ms on 10.0.0.215 (executor driver) (24/40)
2026-08-09 23:12:22,738 INFO storage.ShuffleBlockFetcherIterator: Getting 4 (386.1 KiB) non-empty blocks including 4 (386.1 KiB) local and 0 (0.0 B) host-local and 0 (0.0 B) push-merged-local and 0 (0.0 B) remote blocks
2026-08-09 23:12:22,738 INFO storage.ShuffleBlockFetcherIterator: Started 0 remote fetches in 0 ms
2026-08-09 23:12:22,764 INFO executor.Executor: Finished task 24.0 in stage 15.0 (TID 159). 12101 bytes result sent to driver
2026-08-09 23:12:22,764 INFO scheduler.TaskSetManager: Starting task 25.0 in stage 15.0 (TID 160) (10.0.0.215, executor driver, partition 25, NODE_LOCAL, 4271 bytes) taskResourceAssignments Map()
2026-08-09 23:12:22,765 INFO executor.Executor: Running task 25.0 in stage 15.0 (TID 160)
2026-08-09 23:12:22,765 INFO scheduler.TaskSetManager: Finished task 24.0 in stage 15.0 (TID 159) in 29 ms on 10.0.0.215 (executor driver) (25/40)
2026-08-09 23:12:22,766 INFO storage.ShuffleBlockFetcherIterator: Getting 4 (379.7 KiB) non-empty blocks including 4 (379.7 KiB) local and 0 (0.0 B) host-local and 0 (0.0 B) push-merged-local and 0 (0.0 B) remote blocks
2026-08-09 23:12:22,766 INFO storage.ShuffleBlockFetcherIterator: Started 0 remote fetches in 0 ms
2026-08-09 23:12:22,769 INFO executor.Executor: Finished task 18.0 in stage 17.0 (TID 157). 11961 bytes result sent to driver
2026-08-09 23:12:22,770 INFO scheduler.TaskSetManager: Starting task 19.0 in stage 17.0 (TID 161) (10.0.0.215, executor driver, partition 19, NODE_LOCAL, 4271 bytes) taskResourceAssignments Map()
2026-08-09 23:12:22,770 INFO executor.Executor: Running task 19.0 in stage 17.0 (TID 161)
2026-08-09 23:12:22,770 INFO scheduler.TaskSetManager: Finished task 18.0 in stage 17.0 (TID 157) in 42 ms on 10.0.0.215 (executor driver) (19/20)
2026-08-09 23:12:22,772 INFO storage.ShuffleBlockFetcherIterator: Getting 4 (773.7 KiB) non-empty blocks including 4 (773.7 KiB) local and 0 (0.0 B) host-local and 0 (0.0 B) push-merged-local and 0 (0.0 B) remote blocks
2026-08-09 23:12:22,772 INFO storage.ShuffleBlockFetcherIterator: Started 0 remote fetches in 0 ms
2026-08-09 23:12:22,782 INFO executor.Executor: Finished task 1.0 in stage 21.0 (TID 158). 6121 bytes result sent to driver
2026-08-09 23:12:22,782 INFO scheduler.TaskSetManager: Starting task 2.0 in stage 21.0 (TID 162) (10.0.0.215, executor driver, partition 2, NODE_LOCAL, 4271 bytes) taskResourceAssignments Map()
2026-08-09 23:12:22,782 INFO executor.Executor: Running task 2.0 in stage 21.0 (TID 162)
2026-08-09 23:12:22,783 INFO scheduler.TaskSetManager: Finished task 1.0 in stage 21.0 (TID 158) in 51 ms on 10.0.0.215 (executor driver) (2/10)
2026-08-09 23:12:22,783 INFO storage.ShuffleBlockFetcherIterator: Getting 4 (1507.7 KiB) non-empty blocks including 4 (1507.7 KiB) local and 0 (0.0 B) host-local and 0 (0.0 B) push-merged-local and 0 (0.0 B) remote blocks
2026-08-09 23:12:22,783 INFO storage.ShuffleBlockFetcherIterator: Started 0 remote fetches in 0 ms
2026-08-09 23:12:22,787 INFO executor.Executor: Finished task 1.0 in stage 22.0 (TID 155). 1912 bytes result sent to driver
2026-08-09 23:12:22,787 INFO scheduler.TaskSetManager: Starting task 2.0 in stage 22.0 (TID 163) (10.0.0.215, executor driver, partition 2, PROCESS_LOCAL, 5019 bytes) taskResourceAssignments Map()
2026-08-09 23:12:22,787 INFO scheduler.TaskSetManager: Finished task 1.0 in stage 22.0 (TID 155) in 101 ms on 10.0.0.215 (executor driver) (2/4)
2026-08-09 23:12:22,787 INFO executor.Executor: Running task 2.0 in stage 22.0 (TID 163)
2026-08-09 23:12:22,789 INFO storage.BlockManager: Found block rdd_8_2 locally
2026-08-09 23:12:22,792 INFO executor.Executor: Finished task 25.0 in stage 15.0 (TID 160). 11961 bytes result sent to driver
2026-08-09 23:12:22,793 INFO scheduler.TaskSetManager: Starting task 26.0 in stage 15.0 (TID 164) (10.0.0.215, executor driver, partition 26, NODE_LOCAL, 4271 bytes) taskResourceAssignments Map()
2026-08-09 23:12:22,793 INFO executor.Executor: Running task 26.0 in stage 15.0 (TID 164)
2026-08-09 23:12:22,793 INFO scheduler.TaskSetManager: Finished task 25.0 in stage 15.0 (TID 160) in 29 ms on 10.0.0.215 (executor driver) (26/40)
2026-08-09 23:12:22,794 INFO storage.ShuffleBlockFetcherIterator: Getting 4 (386.1 KiB) non-empty blocks including 4 (386.1 KiB) local and 0 (0.0 B) host-local and 0 (0.0 B) push-merged-local and 0 (0.0 B) remote blocks
2026-08-09 23:12:22,794 INFO storage.ShuffleBlockFetcherIterator: Started 0 remote fetches in 0 ms
2026-08-09 23:12:22,813 INFO executor.Executor: Finished task 19.0 in stage 17.0 (TID 161). 12047 bytes result sent to driver
2026-08-09 23:12:22,814 INFO scheduler.TaskSetManager: Starting task 0.0 in stage 24.0 (TID 165) (10.0.0.215, executor driver, partition 0, PROCESS_LOCAL, 5129 bytes) taskResourceAssignments Map()
2026-08-09 23:12:22,814 INFO executor.Executor: Running task 0.0 in stage 24.0 (TID 165)
2026-08-09 23:12:22,815 INFO scheduler.TaskSetManager: Finished task 19.0 in stage 17.0 (TID 161) in 45 ms on 10.0.0.215 (executor driver) (20/20)
2026-08-09 23:12:22,815 INFO scheduler.TaskSchedulerImpl: Removed TaskSet 17.0, whose tasks have all completed, from pool default
2026-08-09 23:12:22,815 INFO scheduler.DAGScheduler: ResultStage 17 (collect at EnsembleTrainer.scala:80) finished in 0.971 s
2026-08-09 23:12:22,815 INFO scheduler.DAGScheduler: Job 13 is finished. Cancelling potential speculative or zombie tasks for this job
2026-08-09 23:12:22,815 INFO scheduler.TaskSchedulerImpl: Killing all running tasks in stage 17: Stage finished
2026-08-09 23:12:22,816 INFO scheduler.DAGScheduler: Job 13 finished: collect at EnsembleTrainer.scala:80, took 2.514993 s
2026-08-09 23:12:22,816 INFO storage.BlockManager: Found block rdd_8_0 locally
2026-08-09 23:12:22,820 INFO memory.MemoryStore: Block broadcast_35 stored as values in memory (estimated size 337.2 KiB, free 2.2 GiB)
2026-08-09 23:12:22,821 INFO executor.Executor: Finished task 26.0 in stage 15.0 (TID 164). 12144 bytes result sent to driver
2026-08-09 23:12:22,822 INFO scheduler.TaskSetManager: Starting task 27.0 in stage 15.0 (TID 166) (10.0.0.215, executor driver, partition 27, NODE_LOCAL, 4271 bytes) taskResourceAssignments Map()
2026-08-09 23:12:22,822 INFO executor.Executor: Running task 27.0 in stage 15.0 (TID 166)
2026-08-09 23:12:22,823 INFO scheduler.TaskSetManager: Finished task 26.0 in stage 15.0 (TID 164) in 31 ms on 10.0.0.215 (executor driver) (27/40)
2026-08-09 23:12:22,823 INFO storage.ShuffleBlockFetcherIterator: Getting 4 (375.1 KiB) non-empty blocks including 4 (375.1 KiB) local and 0 (0.0 B) host-local and 0 (0.0 B) push-merged-local and 0 (0.0 B) remote blocks
2026-08-09 23:12:22,824 INFO storage.ShuffleBlockFetcherIterator: Started 0 remote fetches in 0 ms
2026-08-09 23:12:22,825 INFO memory.MemoryStore: Block broadcast_35_piece0 stored as bytes in memory (estimated size 100.8 KiB, free 2.2 GiB)
2026-08-09 23:12:22,825 INFO storage.BlockManagerInfo: Added broadcast_35_piece0 in memory on 10.0.0.215:64244 (size: 100.8 KiB, free: 2.2 GiB)
2026-08-09 23:12:22,825 INFO spark.SparkContext: Created broadcast 35 from broadcast at EnsemblePredictor.scala:28
2026-08-09 23:12:22,832 INFO spark.SparkContext: Starting job: count at Metrics.scala:12
2026-08-09 23:12:22,833 INFO scheduler.DAGScheduler: Got job 26 (count at Metrics.scala:12) with 2 output partitions
2026-08-09 23:12:22,833 INFO scheduler.DAGScheduler: Final stage: ResultStage 38 (count at Metrics.scala:12)
2026-08-09 23:12:22,833 INFO scheduler.DAGScheduler: Parents of final stage: List()
2026-08-09 23:12:22,834 INFO scheduler.DAGScheduler: Missing parents: List()
2026-08-09 23:12:22,834 INFO scheduler.DAGScheduler: Submitting ResultStage 38 (MapPartitionsRDD[65] at map at EnsembleExperiment.scala:28), which has no missing parents
2026-08-09 23:12:22,836 INFO memory.MemoryStore: Block broadcast_36 stored as values in memory (estimated size 38.2 KiB, free 2.2 GiB)
2026-08-09 23:12:22,836 INFO memory.MemoryStore: Block broadcast_36_piece0 stored as bytes in memory (estimated size 12.0 KiB, free 2.2 GiB)
2026-08-09 23:12:22,837 INFO storage.BlockManagerInfo: Added broadcast_36_piece0 in memory on 10.0.0.215:64244 (size: 12.0 KiB, free: 2.2 GiB)
2026-08-09 23:12:22,837 INFO spark.SparkContext: Created broadcast 36 from broadcast at DAGScheduler.scala:1513
2026-08-09 23:12:22,837 INFO scheduler.DAGScheduler: Submitting 2 missing tasks from ResultStage 38 (MapPartitionsRDD[65] at map at EnsembleExperiment.scala:28) (first 15 tasks are for partitions Vector(0, 1))
2026-08-09 23:12:22,837 INFO scheduler.TaskSchedulerImpl: Adding task set 38.0 with 2 tasks resource profile 0
2026-08-09 23:12:22,837 INFO scheduler.FairSchedulableBuilder: Added task set TaskSet_38.0 tasks to pool default
2026-08-09 23:12:22,844 INFO executor.Executor: Finished task 2.0 in stage 21.0 (TID 162). 6306 bytes result sent to driver
2026-08-09 23:12:22,845 INFO scheduler.TaskSetManager: Starting task 3.0 in stage 21.0 (TID 167) (10.0.0.215, executor driver, partition 3, NODE_LOCAL, 4271 bytes) taskResourceAssignments Map()
2026-08-09 23:12:22,846 INFO executor.Executor: Running task 3.0 in stage 21.0 (TID 167)
2026-08-09 23:12:22,846 INFO scheduler.TaskSetManager: Finished task 2.0 in stage 21.0 (TID 162) in 64 ms on 10.0.0.215 (executor driver) (3/10)
2026-08-09 23:12:22,847 INFO storage.ShuffleBlockFetcherIterator: Getting 4 (1424.5 KiB) non-empty blocks including 4 (1424.5 KiB) local and 0 (0.0 B) host-local and 0 (0.0 B) push-merged-local and 0 (0.0 B) remote blocks
2026-08-09 23:12:22,847 INFO storage.ShuffleBlockFetcherIterator: Started 0 remote fetches in 0 ms
2026-08-09 23:12:22,855 INFO executor.Executor: Finished task 27.0 in stage 15.0 (TID 166). 12241 bytes result sent to driver
2026-08-09 23:12:22,856 INFO scheduler.TaskSetManager: Starting task 28.0 in stage 15.0 (TID 168) (10.0.0.215, executor driver, partition 28, NODE_LOCAL, 4271 bytes) taskResourceAssignments Map()
2026-08-09 23:12:22,856 INFO executor.Executor: Running task 28.0 in stage 15.0 (TID 168)
2026-08-09 23:12:22,857 INFO scheduler.TaskSetManager: Finished task 27.0 in stage 15.0 (TID 166) in 35 ms on 10.0.0.215 (executor driver) (28/40)
2026-08-09 23:12:22,858 INFO storage.ShuffleBlockFetcherIterator: Getting 4 (375.1 KiB) non-empty blocks including 4 (375.1 KiB) local and 0 (0.0 B) host-local and 0 (0.0 B) push-merged-local and 0 (0.0 B) remote blocks
2026-08-09 23:12:22,858 INFO storage.ShuffleBlockFetcherIterator: Started 0 remote fetches in 0 ms
2026-08-09 23:12:22,889 INFO executor.Executor: Finished task 28.0 in stage 15.0 (TID 168). 12031 bytes result sent to driver
2026-08-09 23:12:22,890 INFO scheduler.TaskSetManager: Starting task 29.0 in stage 15.0 (TID 169) (10.0.0.215, executor driver, partition 29, NODE_LOCAL, 4271 bytes) taskResourceAssignments Map()
2026-08-09 23:12:22,890 INFO executor.Executor: Running task 29.0 in stage 15.0 (TID 169)
2026-08-09 23:12:22,891 INFO scheduler.TaskSetManager: Finished task 28.0 in stage 15.0 (TID 168) in 35 ms on 10.0.0.215 (executor driver) (29/40)
2026-08-09 23:12:22,892 INFO storage.ShuffleBlockFetcherIterator: Getting 4 (375.1 KiB) non-empty blocks including 4 (375.1 KiB) local and 0 (0.0 B) host-local and 0 (0.0 B) push-merged-local and 0 (0.0 B) remote blocks
2026-08-09 23:12:22,892 INFO storage.ShuffleBlockFetcherIterator: Started 0 remote fetches in 0 ms
2026-08-09 23:12:22,906 INFO executor.Executor: Finished task 0.0 in stage 24.0 (TID 165). 1942 bytes result sent to driver
2026-08-09 23:12:22,906 INFO scheduler.TaskSetManager: Starting task 1.0 in stage 24.0 (TID 170) (10.0.0.215, executor driver, partition 1, PROCESS_LOCAL, 5129 bytes) taskResourceAssignments Map()
2026-08-09 23:12:22,906 INFO scheduler.TaskSetManager: Finished task 0.0 in stage 24.0 (TID 165) in 93 ms on 10.0.0.215 (executor driver) (1/4)
2026-08-09 23:12:22,907 INFO executor.Executor: Running task 1.0 in stage 24.0 (TID 170)
2026-08-09 23:12:22,908 INFO executor.Executor: Finished task 2.0 in stage 22.0 (TID 163). 1955 bytes result sent to driver
2026-08-09 23:12:22,909 INFO storage.BlockManager: Found block rdd_8_1 locally
2026-08-09 23:12:22,909 INFO scheduler.TaskSetManager: Starting task 3.0 in stage 22.0 (TID 171) (10.0.0.215, executor driver, partition 3, PROCESS_LOCAL, 5019 bytes) taskResourceAssignments Map()
2026-08-09 23:12:22,909 INFO scheduler.TaskSetManager: Finished task 2.0 in stage 22.0 (TID 163) in 122 ms on 10.0.0.215 (executor driver) (3/4)
2026-08-09 23:12:22,909 INFO executor.Executor: Running task 3.0 in stage 22.0 (TID 171)
2026-08-09 23:12:22,911 INFO storage.BlockManager: Found block rdd_8_3 locally
2026-08-09 23:12:22,912 INFO executor.Executor: Finished task 3.0 in stage 21.0 (TID 167). 6164 bytes result sent to driver
2026-08-09 23:12:22,912 INFO scheduler.TaskSetManager: Starting task 4.0 in stage 21.0 (TID 172) (10.0.0.215, executor driver, partition 4, NODE_LOCAL, 4271 bytes) taskResourceAssignments Map()
2026-08-09 23:12:22,912 INFO executor.Executor: Running task 4.0 in stage 21.0 (TID 172)
2026-08-09 23:12:22,912 INFO scheduler.TaskSetManager: Finished task 3.0 in stage 21.0 (TID 167) in 67 ms on 10.0.0.215 (executor driver) (4/10)
2026-08-09 23:12:22,913 INFO storage.ShuffleBlockFetcherIterator: Getting 4 (1466.1 KiB) non-empty blocks including 4 (1466.1 KiB) local and 0 (0.0 B) host-local and 0 (0.0 B) push-merged-local and 0 (0.0 B) remote blocks
2026-08-09 23:12:22,913 INFO storage.ShuffleBlockFetcherIterator: Started 0 remote fetches in 0 ms
2026-08-09 23:12:22,920 INFO executor.Executor: Finished task 29.0 in stage 15.0 (TID 169). 11934 bytes result sent to driver
2026-08-09 23:12:22,921 INFO scheduler.TaskSetManager: Starting task 30.0 in stage 15.0 (TID 173) (10.0.0.215, executor driver, partition 30, NODE_LOCAL, 4271 bytes) taskResourceAssignments Map()
2026-08-09 23:12:22,921 INFO executor.Executor: Running task 30.0 in stage 15.0 (TID 173)
2026-08-09 23:12:22,922 INFO scheduler.TaskSetManager: Finished task 29.0 in stage 15.0 (TID 169) in 32 ms on 10.0.0.215 (executor driver) (30/40)
2026-08-09 23:12:22,923 INFO storage.ShuffleBlockFetcherIterator: Getting 4 (376.1 KiB) non-empty blocks including 4 (376.1 KiB) local and 0 (0.0 B) host-local and 0 (0.0 B) push-merged-local and 0 (0.0 B) remote blocks
2026-08-09 23:12:22,923 INFO storage.ShuffleBlockFetcherIterator: Started 0 remote fetches in 0 ms
2026-08-09 23:12:22,944 INFO executor.Executor: Finished task 3.0 in stage 22.0 (TID 171). 1912 bytes result sent to driver
2026-08-09 23:12:22,945 INFO scheduler.TaskSetManager: Starting task 0.0 in stage 26.0 (TID 174) (10.0.0.215, executor driver, partition 0, PROCESS_LOCAL, 5129 bytes) taskResourceAssignments Map()
2026-08-09 23:12:22,945 INFO executor.Executor: Running task 0.0 in stage 26.0 (TID 174)
2026-08-09 23:12:22,945 INFO scheduler.TaskSetManager: Finished task 3.0 in stage 22.0 (TID 171) in 36 ms on 10.0.0.215 (executor driver) (4/4)
2026-08-09 23:12:22,945 INFO scheduler.TaskSchedulerImpl: Removed TaskSet 22.0, whose tasks have all completed, from pool default
2026-08-09 23:12:22,945 INFO scheduler.DAGScheduler: ShuffleMapStage 22 (mapPartitionsWithIndex at EnsembleTrainer.scala:60) finished in 2.561 s
2026-08-09 23:12:22,945 INFO scheduler.DAGScheduler: looking for newly runnable stages
2026-08-09 23:12:22,945 INFO scheduler.DAGScheduler: running: Set(ResultStage 15, ShuffleMapStage 30, ResultStage 37, ShuffleMapStage 34, ResultStage 38, ShuffleMapStage 32, ShuffleMapStage 24, ResultStage 21, ResultStage 36, ShuffleMapStage 28, ShuffleMapStage 26)
2026-08-09 23:12:22,945 INFO scheduler.DAGScheduler: waiting: Set(ResultStage 33, ResultStage 27, ResultStage 31, ResultStage 35, ResultStage 25, ResultStage 29, ResultStage 23)
2026-08-09 23:12:22,945 INFO scheduler.DAGScheduler: failed: Set()
2026-08-09 23:12:22,946 INFO scheduler.DAGScheduler: Submitting ResultStage 23 (MapPartitionsRDD[36] at mapPartitions at EnsembleTrainer.scala:72), which has no missing parents
2026-08-09 23:12:22,946 INFO memory.MemoryStore: Block broadcast_37 stored as values in memory (estimated size 5.4 KiB, free 2.2 GiB)
2026-08-09 23:12:22,947 INFO memory.MemoryStore: Block broadcast_37_piece0 stored as bytes in memory (estimated size 3.0 KiB, free 2.2 GiB)
2026-08-09 23:12:22,947 INFO storage.BlockManager: Found block rdd_8_0 locally
2026-08-09 23:12:22,947 INFO storage.BlockManagerInfo: Added broadcast_37_piece0 in memory on 10.0.0.215:64244 (size: 3.0 KiB, free: 2.2 GiB)
2026-08-09 23:12:22,948 INFO spark.SparkContext: Created broadcast 37 from broadcast at DAGScheduler.scala:1513
2026-08-09 23:12:22,949 INFO scheduler.DAGScheduler: Submitting 10 missing tasks from ResultStage 23 (MapPartitionsRDD[36] at mapPartitions at EnsembleTrainer.scala:72) (first 15 tasks are for partitions Vector(0, 1, 2, 3, 4, 5, 6, 7, 8, 9))
2026-08-09 23:12:22,949 INFO scheduler.TaskSchedulerImpl: Adding task set 23.0 with 10 tasks resource profile 0
2026-08-09 23:12:22,949 INFO executor.Executor: Finished task 30.0 in stage 15.0 (TID 173). 12074 bytes result sent to driver
2026-08-09 23:12:22,949 INFO scheduler.FairSchedulableBuilder: Added task set TaskSet_23.0 tasks to pool default
2026-08-09 23:12:22,949 INFO scheduler.TaskSetManager: Starting task 31.0 in stage 15.0 (TID 175) (10.0.0.215, executor driver, partition 31, NODE_LOCAL, 4271 bytes) taskResourceAssignments Map()
2026-08-09 23:12:22,950 INFO executor.Executor: Running task 31.0 in stage 15.0 (TID 175)
2026-08-09 23:12:22,950 INFO scheduler.TaskSetManager: Finished task 30.0 in stage 15.0 (TID 173) in 29 ms on 10.0.0.215 (executor driver) (31/40)
2026-08-09 23:12:22,951 INFO storage.ShuffleBlockFetcherIterator: Getting 4 (392.8 KiB) non-empty blocks including 4 (392.8 KiB) local and 0 (0.0 B) host-local and 0 (0.0 B) push-merged-local and 0 (0.0 B) remote blocks
2026-08-09 23:12:22,951 INFO storage.ShuffleBlockFetcherIterator: Started 0 remote fetches in 0 ms
2026-08-09 23:12:22,961 INFO executor.Executor: Finished task 1.0 in stage 24.0 (TID 170). 1942 bytes result sent to driver
2026-08-09 23:12:22,962 INFO scheduler.TaskSetManager: Starting task 0.0 in stage 23.0 (TID 176) (10.0.0.215, executor driver, partition 0, NODE_LOCAL, 4271 bytes) taskResourceAssignments Map()
2026-08-09 23:12:22,962 INFO executor.Executor: Running task 0.0 in stage 23.0 (TID 176)
2026-08-09 23:12:22,962 INFO scheduler.TaskSetManager: Finished task 1.0 in stage 24.0 (TID 170) in 56 ms on 10.0.0.215 (executor driver) (2/4)
2026-08-09 23:12:22,963 INFO storage.ShuffleBlockFetcherIterator: Getting 4 (1507.7 KiB) non-empty blocks including 4 (1507.7 KiB) local and 0 (0.0 B) host-local and 0 (0.0 B) push-merged-local and 0 (0.0 B) remote blocks
2026-08-09 23:12:22,964 INFO storage.ShuffleBlockFetcherIterator: Started 0 remote fetches in 0 ms
2026-08-09 23:12:22,964 INFO executor.Executor: Finished task 4.0 in stage 21.0 (TID 172). 6121 bytes result sent to driver
2026-08-09 23:12:22,964 INFO scheduler.TaskSetManager: Starting task 5.0 in stage 21.0 (TID 177) (10.0.0.215, executor driver, partition 5, NODE_LOCAL, 4271 bytes) taskResourceAssignments Map()
2026-08-09 23:12:22,965 INFO executor.Executor: Running task 5.0 in stage 21.0 (TID 177)
2026-08-09 23:12:22,965 INFO scheduler.TaskSetManager: Finished task 4.0 in stage 21.0 (TID 172) in 53 ms on 10.0.0.215 (executor driver) (5/10)
2026-08-09 23:12:22,966 INFO storage.ShuffleBlockFetcherIterator: Getting 4 (1424.5 KiB) non-empty blocks including 4 (1424.5 KiB) local and 0 (0.0 B) host-local and 0 (0.0 B) push-merged-local and 0 (0.0 B) remote blocks
2026-08-09 23:12:22,966 INFO storage.ShuffleBlockFetcherIterator: Started 0 remote fetches in 0 ms
2026-08-09 23:12:22,975 INFO executor.Executor: Finished task 31.0 in stage 15.0 (TID 175). 12101 bytes result sent to driver
2026-08-09 23:12:22,976 INFO scheduler.TaskSetManager: Starting task 32.0 in stage 15.0 (TID 178) (10.0.0.215, executor driver, partition 32, NODE_LOCAL, 4271 bytes) taskResourceAssignments Map()
2026-08-09 23:12:22,976 INFO executor.Executor: Running task 32.0 in stage 15.0 (TID 178)
2026-08-09 23:12:22,976 INFO scheduler.TaskSetManager: Finished task 31.0 in stage 15.0 (TID 175) in 27 ms on 10.0.0.215 (executor driver) (32/40)
2026-08-09 23:12:22,978 INFO storage.ShuffleBlockFetcherIterator: Getting 4 (375.1 KiB) non-empty blocks including 4 (375.1 KiB) local and 0 (0.0 B) host-local and 0 (0.0 B) push-merged-local and 0 (0.0 B) remote blocks
2026-08-09 23:12:22,978 INFO storage.ShuffleBlockFetcherIterator: Started 0 remote fetches in 0 ms
2026-08-09 23:12:22,995 INFO executor.Executor: Finished task 0.0 in stage 26.0 (TID 174). 1922 bytes result sent to driver
2026-08-09 23:12:22,996 INFO scheduler.TaskSetManager: Starting task 2.0 in stage 24.0 (TID 179) (10.0.0.215, executor driver, partition 2, PROCESS_LOCAL, 5129 bytes) taskResourceAssignments Map()
2026-08-09 23:12:22,996 INFO scheduler.TaskSetManager: Finished task 0.0 in stage 26.0 (TID 174) in 51 ms on 10.0.0.215 (executor driver) (1/4)
2026-08-09 23:12:22,996 INFO executor.Executor: Running task 2.0 in stage 24.0 (TID 179)
2026-08-09 23:12:22,997 INFO storage.BlockManager: Found block rdd_8_2 locally
2026-08-09 23:12:23,006 INFO executor.Executor: Finished task 32.0 in stage 15.0 (TID 178). 11864 bytes result sent to driver
2026-08-09 23:12:23,007 INFO scheduler.TaskSetManager: Starting task 33.0 in stage 15.0 (TID 180) (10.0.0.215, executor driver, partition 33, NODE_LOCAL, 4271 bytes) taskResourceAssignments Map()
2026-08-09 23:12:23,007 INFO executor.Executor: Running task 33.0 in stage 15.0 (TID 180)
2026-08-09 23:12:23,007 INFO scheduler.TaskSetManager: Finished task 32.0 in stage 15.0 (TID 178) in 32 ms on 10.0.0.215 (executor driver) (33/40)
2026-08-09 23:12:23,009 INFO storage.ShuffleBlockFetcherIterator: Getting 4 (375.1 KiB) non-empty blocks including 4 (375.1 KiB) local and 0 (0.0 B) host-local and 0 (0.0 B) push-merged-local and 0 (0.0 B) remote blocks
2026-08-09 23:12:23,009 INFO storage.ShuffleBlockFetcherIterator: Started 0 remote fetches in 0 ms
2026-08-09 23:12:23,018 INFO executor.Executor: Finished task 5.0 in stage 21.0 (TID 177). 5981 bytes result sent to driver
2026-08-09 23:12:23,018 INFO scheduler.TaskSetManager: Starting task 6.0 in stage 21.0 (TID 181) (10.0.0.215, executor driver, partition 6, NODE_LOCAL, 4271 bytes) taskResourceAssignments Map()
2026-08-09 23:12:23,019 INFO executor.Executor: Running task 6.0 in stage 21.0 (TID 181)
2026-08-09 23:12:23,019 INFO scheduler.TaskSetManager: Finished task 5.0 in stage 21.0 (TID 177) in 55 ms on 10.0.0.215 (executor driver) (6/10)
2026-08-09 23:12:23,020 INFO storage.ShuffleBlockFetcherIterator: Getting 4 (1466.1 KiB) non-empty blocks including 4 (1466.1 KiB) local and 0 (0.0 B) host-local and 0 (0.0 B) push-merged-local and 0 (0.0 B) remote blocks
2026-08-09 23:12:23,020 INFO storage.ShuffleBlockFetcherIterator: Started 0 remote fetches in 0 ms
2026-08-09 23:12:23,028 INFO executor.Executor: Finished task 0.0 in stage 23.0 (TID 176). 11751 bytes result sent to driver
2026-08-09 23:12:23,028 INFO scheduler.TaskSetManager: Starting task 1.0 in stage 23.0 (TID 182) (10.0.0.215, executor driver, partition 1, NODE_LOCAL, 4271 bytes) taskResourceAssignments Map()
2026-08-09 23:12:23,028 INFO executor.Executor: Running task 1.0 in stage 23.0 (TID 182)
2026-08-09 23:12:23,029 INFO scheduler.TaskSetManager: Finished task 0.0 in stage 23.0 (TID 176) in 67 ms on 10.0.0.215 (executor driver) (1/10)
2026-08-09 23:12:23,030 INFO storage.ShuffleBlockFetcherIterator: Getting 4 (1466.1 KiB) non-empty blocks including 4 (1466.1 KiB) local and 0 (0.0 B) host-local and 0 (0.0 B) push-merged-local and 0 (0.0 B) remote blocks
2026-08-09 23:12:23,030 INFO storage.ShuffleBlockFetcherIterator: Started 0 remote fetches in 0 ms
2026-08-09 23:12:23,034 INFO executor.Executor: Finished task 33.0 in stage 15.0 (TID 180). 12074 bytes result sent to driver
2026-08-09 23:12:23,034 INFO scheduler.TaskSetManager: Starting task 34.0 in stage 15.0 (TID 183) (10.0.0.215, executor driver, partition 34, NODE_LOCAL, 4271 bytes) taskResourceAssignments Map()
2026-08-09 23:12:23,035 INFO executor.Executor: Running task 34.0 in stage 15.0 (TID 183)
2026-08-09 23:12:23,035 INFO scheduler.TaskSetManager: Finished task 33.0 in stage 15.0 (TID 180) in 29 ms on 10.0.0.215 (executor driver) (34/40)
2026-08-09 23:12:23,037 INFO storage.ShuffleBlockFetcherIterator: Getting 4 (375.1 KiB) non-empty blocks including 4 (375.1 KiB) local and 0 (0.0 B) host-local and 0 (0.0 B) push-merged-local and 0 (0.0 B) remote blocks
2026-08-09 23:12:23,037 INFO storage.ShuffleBlockFetcherIterator: Started 0 remote fetches in 0 ms
2026-08-09 23:12:23,051 INFO executor.Executor: Finished task 2.0 in stage 24.0 (TID 179). 1985 bytes result sent to driver
2026-08-09 23:12:23,051 INFO scheduler.TaskSetManager: Starting task 3.0 in stage 24.0 (TID 184) (10.0.0.215, executor driver, partition 3, PROCESS_LOCAL, 5129 bytes) taskResourceAssignments Map()
2026-08-09 23:12:23,051 INFO scheduler.TaskSetManager: Finished task 2.0 in stage 24.0 (TID 179) in 55 ms on 10.0.0.215 (executor driver) (3/4)
2026-08-09 23:12:23,051 INFO executor.Executor: Running task 3.0 in stage 24.0 (TID 184)
2026-08-09 23:12:23,053 INFO storage.BlockManager: Found block rdd_8_3 locally
2026-08-09 23:12:23,070 INFO executor.Executor: Finished task 6.0 in stage 21.0 (TID 181). 6306 bytes result sent to driver
2026-08-09 23:12:23,070 INFO scheduler.TaskSetManager: Starting task 7.0 in stage 21.0 (TID 185) (10.0.0.215, executor driver, partition 7, NODE_LOCAL, 4271 bytes) taskResourceAssignments Map()
2026-08-09 23:12:23,070 INFO executor.Executor: Running task 7.0 in stage 21.0 (TID 185)
2026-08-09 23:12:23,071 INFO scheduler.TaskSetManager: Finished task 6.0 in stage 21.0 (TID 181) in 53 ms on 10.0.0.215 (executor driver) (7/10)
2026-08-09 23:12:23,071 INFO storage.ShuffleBlockFetcherIterator: Getting 4 (1466.1 KiB) non-empty blocks including 4 (1466.1 KiB) local and 0 (0.0 B) host-local and 0 (0.0 B) push-merged-local and 0 (0.0 B) remote blocks
2026-08-09 23:12:23,071 INFO storage.ShuffleBlockFetcherIterator: Started 0 remote fetches in 0 ms
2026-08-09 23:12:23,073 INFO executor.Executor: Finished task 34.0 in stage 15.0 (TID 183). 12257 bytes result sent to driver
2026-08-09 23:12:23,074 INFO scheduler.TaskSetManager: Starting task 35.0 in stage 15.0 (TID 186) (10.0.0.215, executor driver, partition 35, NODE_LOCAL, 4271 bytes) taskResourceAssignments Map()
2026-08-09 23:12:23,074 INFO executor.Executor: Running task 35.0 in stage 15.0 (TID 186)
2026-08-09 23:12:23,074 INFO scheduler.TaskSetManager: Finished task 34.0 in stage 15.0 (TID 183) in 40 ms on 10.0.0.215 (executor driver) (35/40)
2026-08-09 23:12:23,075 INFO storage.ShuffleBlockFetcherIterator: Getting 4 (386.1 KiB) non-empty blocks including 4 (386.1 KiB) local and 0 (0.0 B) host-local and 0 (0.0 B) push-merged-local and 0 (0.0 B) remote blocks
2026-08-09 23:12:23,075 INFO storage.ShuffleBlockFetcherIterator: Started 0 remote fetches in 0 ms
2026-08-09 23:12:23,082 INFO executor.Executor: Finished task 3.0 in stage 24.0 (TID 184). 1942 bytes result sent to driver
2026-08-09 23:12:23,083 INFO scheduler.TaskSetManager: Starting task 1.0 in stage 26.0 (TID 187) (10.0.0.215, executor driver, partition 1, PROCESS_LOCAL, 5129 bytes) taskResourceAssignments Map()
2026-08-09 23:12:23,083 INFO scheduler.TaskSetManager: Finished task 3.0 in stage 24.0 (TID 184) in 32 ms on 10.0.0.215 (executor driver) (4/4)
2026-08-09 23:12:23,083 INFO scheduler.TaskSchedulerImpl: Removed TaskSet 24.0, whose tasks have all completed, from pool default
2026-08-09 23:12:23,083 INFO executor.Executor: Running task 1.0 in stage 26.0 (TID 187)
2026-08-09 23:12:23,083 INFO scheduler.DAGScheduler: ShuffleMapStage 24 (map at EnsembleTrainer.scala:31) finished in 2.668 s
2026-08-09 23:12:23,084 INFO scheduler.DAGScheduler: looking for newly runnable stages
2026-08-09 23:12:23,084 INFO scheduler.DAGScheduler: running: Set(ResultStage 15, ShuffleMapStage 30, ResultStage 37, ShuffleMapStage 34, ResultStage 38, ShuffleMapStage 32, ResultStage 21, ResultStage 36, ShuffleMapStage 28, ShuffleMapStage 26, ResultStage 23)
2026-08-09 23:12:23,084 INFO scheduler.DAGScheduler: waiting: Set(ResultStage 33, ResultStage 27, ResultStage 31, ResultStage 35, ResultStage 25, ResultStage 29)
2026-08-09 23:12:23,084 INFO scheduler.DAGScheduler: failed: Set()
2026-08-09 23:12:23,084 INFO scheduler.DAGScheduler: Submitting ResultStage 25 (MapPartitionsRDD[44] at mapPartitions at EnsembleTrainer.scala:37), which has no missing parents
2026-08-09 23:12:23,085 INFO storage.BlockManager: Found block rdd_8_1 locally
2026-08-09 23:12:23,085 INFO memory.MemoryStore: Block broadcast_38 stored as values in memory (estimated size 5.4 KiB, free 2.2 GiB)
2026-08-09 23:12:23,086 INFO memory.MemoryStore: Block broadcast_38_piece0 stored as bytes in memory (estimated size 3.0 KiB, free 2.2 GiB)
2026-08-09 23:12:23,086 INFO storage.BlockManagerInfo: Added broadcast_38_piece0 in memory on 10.0.0.215:64244 (size: 3.0 KiB, free: 2.2 GiB)
2026-08-09 23:12:23,086 INFO spark.SparkContext: Created broadcast 38 from broadcast at DAGScheduler.scala:1513
2026-08-09 23:12:23,086 INFO scheduler.DAGScheduler: Submitting 40 missing tasks from ResultStage 25 (MapPartitionsRDD[44] at mapPartitions at EnsembleTrainer.scala:37) (first 15 tasks are for partitions Vector(0, 1, 2, 3, 4, 5, 6, 7, 8, 9, 10, 11, 12, 13, 14))
2026-08-09 23:12:23,086 INFO scheduler.TaskSchedulerImpl: Adding task set 25.0 with 40 tasks resource profile 0
2026-08-09 23:12:23,087 INFO scheduler.FairSchedulableBuilder: Added task set TaskSet_25.0 tasks to pool default
2026-08-09 23:12:23,094 INFO executor.Executor: Finished task 1.0 in stage 23.0 (TID 182). 11934 bytes result sent to driver
2026-08-09 23:12:23,095 INFO scheduler.TaskSetManager: Starting task 2.0 in stage 23.0 (TID 188) (10.0.0.215, executor driver, partition 2, NODE_LOCAL, 4271 bytes) taskResourceAssignments Map()
2026-08-09 23:12:23,095 INFO executor.Executor: Running task 2.0 in stage 23.0 (TID 188)
2026-08-09 23:12:23,095 INFO scheduler.TaskSetManager: Finished task 1.0 in stage 23.0 (TID 182) in 67 ms on 10.0.0.215 (executor driver) (2/10)
2026-08-09 23:12:23,096 INFO storage.ShuffleBlockFetcherIterator: Getting 4 (1507.7 KiB) non-empty blocks including 4 (1507.7 KiB) local and 0 (0.0 B) host-local and 0 (0.0 B) push-merged-local and 0 (0.0 B) remote blocks
2026-08-09 23:12:23,096 INFO storage.ShuffleBlockFetcherIterator: Started 0 remote fetches in 0 ms
2026-08-09 23:12:23,103 INFO executor.Executor: Finished task 35.0 in stage 15.0 (TID 186). 12171 bytes result sent to driver
2026-08-09 23:12:23,103 INFO scheduler.TaskSetManager: Starting task 36.0 in stage 15.0 (TID 189) (10.0.0.215, executor driver, partition 36, NODE_LOCAL, 4271 bytes) taskResourceAssignments Map()
2026-08-09 23:12:23,104 INFO executor.Executor: Running task 36.0 in stage 15.0 (TID 189)
2026-08-09 23:12:23,104 INFO scheduler.TaskSetManager: Finished task 35.0 in stage 15.0 (TID 186) in 31 ms on 10.0.0.215 (executor driver) (36/40)
2026-08-09 23:12:23,107 INFO storage.ShuffleBlockFetcherIterator: Getting 4 (370.9 KiB) non-empty blocks including 4 (370.9 KiB) local and 0 (0.0 B) host-local and 0 (0.0 B) push-merged-local and 0 (0.0 B) remote blocks
2026-08-09 23:12:23,107 INFO storage.ShuffleBlockFetcherIterator: Started 0 remote fetches in 0 ms
2026-08-09 23:12:23,126 INFO executor.Executor: Finished task 7.0 in stage 21.0 (TID 185). 5981 bytes result sent to driver
2026-08-09 23:12:23,126 INFO scheduler.TaskSetManager: Starting task 8.0 in stage 21.0 (TID 190) (10.0.0.215, executor driver, partition 8, NODE_LOCAL, 4271 bytes) taskResourceAssignments Map()
2026-08-09 23:12:23,127 INFO executor.Executor: Running task 8.0 in stage 21.0 (TID 190)
2026-08-09 23:12:23,127 INFO scheduler.TaskSetManager: Finished task 7.0 in stage 21.0 (TID 185) in 57 ms on 10.0.0.215 (executor driver) (8/10)
2026-08-09 23:12:23,128 INFO executor.Executor: Finished task 1.0 in stage 26.0 (TID 187). 1922 bytes result sent to driver
2026-08-09 23:12:23,128 INFO storage.ShuffleBlockFetcherIterator: Getting 4 (1408.4 KiB) non-empty blocks including 4 (1408.4 KiB) local and 0 (0.0 B) host-local and 0 (0.0 B) push-merged-local and 0 (0.0 B) remote blocks
2026-08-09 23:12:23,128 INFO storage.ShuffleBlockFetcherIterator: Started 0 remote fetches in 0 ms
2026-08-09 23:12:23,128 INFO scheduler.TaskSetManager: Starting task 0.0 in stage 25.0 (TID 191) (10.0.0.215, executor driver, partition 0, NODE_LOCAL, 4271 bytes) taskResourceAssignments Map()
2026-08-09 23:12:23,128 INFO executor.Executor: Running task 0.0 in stage 25.0 (TID 191)
2026-08-09 23:12:23,128 INFO scheduler.TaskSetManager: Finished task 1.0 in stage 26.0 (TID 187) in 45 ms on 10.0.0.215 (executor driver) (2/4)
2026-08-09 23:12:23,130 INFO storage.ShuffleBlockFetcherIterator: Getting 4 (375.1 KiB) non-empty blocks including 4 (375.1 KiB) local and 0 (0.0 B) host-local and 0 (0.0 B) push-merged-local and 0 (0.0 B) remote blocks
2026-08-09 23:12:23,130 INFO storage.ShuffleBlockFetcherIterator: Started 0 remote fetches in 0 ms
2026-08-09 23:12:23,133 INFO executor.Executor: Finished task 36.0 in stage 15.0 (TID 189). 12214 bytes result sent to driver
2026-08-09 23:12:23,134 INFO scheduler.TaskSetManager: Starting task 37.0 in stage 15.0 (TID 192) (10.0.0.215, executor driver, partition 37, NODE_LOCAL, 4271 bytes) taskResourceAssignments Map()
2026-08-09 23:12:23,135 INFO executor.Executor: Running task 37.0 in stage 15.0 (TID 192)
2026-08-09 23:12:23,135 INFO scheduler.TaskSetManager: Finished task 36.0 in stage 15.0 (TID 189) in 32 ms on 10.0.0.215 (executor driver) (37/40)
2026-08-09 23:12:23,136 INFO storage.ShuffleBlockFetcherIterator: Getting 4 (375.1 KiB) non-empty blocks including 4 (375.1 KiB) local and 0 (0.0 B) host-local and 0 (0.0 B) push-merged-local and 0 (0.0 B) remote blocks
2026-08-09 23:12:23,136 INFO storage.ShuffleBlockFetcherIterator: Started 0 remote fetches in 0 ms
2026-08-09 23:12:23,156 INFO executor.Executor: Finished task 2.0 in stage 23.0 (TID 188). 12171 bytes result sent to driver
2026-08-09 23:12:23,156 INFO scheduler.TaskSetManager: Starting task 3.0 in stage 23.0 (TID 193) (10.0.0.215, executor driver, partition 3, NODE_LOCAL, 4271 bytes) taskResourceAssignments Map()
2026-08-09 23:12:23,157 INFO executor.Executor: Running task 3.0 in stage 23.0 (TID 193)
2026-08-09 23:12:23,157 INFO scheduler.TaskSetManager: Finished task 2.0 in stage 23.0 (TID 188) in 62 ms on 10.0.0.215 (executor driver) (3/10)
2026-08-09 23:12:23,158 INFO storage.ShuffleBlockFetcherIterator: Getting 4 (1424.5 KiB) non-empty blocks including 4 (1424.5 KiB) local and 0 (0.0 B) host-local and 0 (0.0 B) push-merged-local and 0 (0.0 B) remote blocks
2026-08-09 23:12:23,158 INFO storage.ShuffleBlockFetcherIterator: Started 0 remote fetches in 0 ms
2026-08-09 23:12:23,158 INFO executor.Executor: Finished task 0.0 in stage 25.0 (TID 191). 11891 bytes result sent to driver
2026-08-09 23:12:23,159 INFO scheduler.TaskSetManager: Starting task 1.0 in stage 25.0 (TID 194) (10.0.0.215, executor driver, partition 1, NODE_LOCAL, 4271 bytes) taskResourceAssignments Map()
2026-08-09 23:12:23,159 INFO executor.Executor: Running task 1.0 in stage 25.0 (TID 194)
2026-08-09 23:12:23,159 INFO scheduler.TaskSetManager: Finished task 0.0 in stage 25.0 (TID 191) in 31 ms on 10.0.0.215 (executor driver) (1/40)
2026-08-09 23:12:23,161 INFO executor.Executor: Finished task 37.0 in stage 15.0 (TID 192). 12171 bytes result sent to driver
2026-08-09 23:12:23,162 INFO scheduler.TaskSetManager: Starting task 38.0 in stage 15.0 (TID 195) (10.0.0.215, executor driver, partition 38, NODE_LOCAL, 4271 bytes) taskResourceAssignments Map()
2026-08-09 23:12:23,162 INFO storage.ShuffleBlockFetcherIterator: Getting 4 (375.1 KiB) non-empty blocks including 4 (375.1 KiB) local and 0 (0.0 B) host-local and 0 (0.0 B) push-merged-local and 0 (0.0 B) remote blocks
2026-08-09 23:12:23,162 INFO storage.ShuffleBlockFetcherIterator: Started 0 remote fetches in 0 ms
2026-08-09 23:12:23,162 INFO executor.Executor: Running task 38.0 in stage 15.0 (TID 195)
2026-08-09 23:12:23,162 INFO scheduler.TaskSetManager: Finished task 37.0 in stage 15.0 (TID 192) in 28 ms on 10.0.0.215 (executor driver) (38/40)
2026-08-09 23:12:23,163 INFO storage.ShuffleBlockFetcherIterator: Getting 4 (401.7 KiB) non-empty blocks including 4 (401.7 KiB) local and 0 (0.0 B) host-local and 0 (0.0 B) push-merged-local and 0 (0.0 B) remote blocks
2026-08-09 23:12:23,163 INFO storage.ShuffleBlockFetcherIterator: Started 0 remote fetches in 0 ms
2026-08-09 23:12:23,188 INFO executor.Executor: Finished task 8.0 in stage 21.0 (TID 190). 6121 bytes result sent to driver
2026-08-09 23:12:23,188 INFO scheduler.TaskSetManager: Starting task 9.0 in stage 21.0 (TID 196) (10.0.0.215, executor driver, partition 9, NODE_LOCAL, 4271 bytes) taskResourceAssignments Map()
2026-08-09 23:12:23,188 INFO scheduler.TaskSetManager: Finished task 8.0 in stage 21.0 (TID 190) in 62 ms on 10.0.0.215 (executor driver) (9/10)
2026-08-09 23:12:23,188 INFO executor.Executor: Running task 9.0 in stage 21.0 (TID 196)
2026-08-09 23:12:23,189 INFO storage.ShuffleBlockFetcherIterator: Getting 4 (1507.7 KiB) non-empty blocks including 4 (1507.7 KiB) local and 0 (0.0 B) host-local and 0 (0.0 B) push-merged-local and 0 (0.0 B) remote blocks
2026-08-09 23:12:23,189 INFO storage.ShuffleBlockFetcherIterator: Started 0 remote fetches in 0 ms
2026-08-09 23:12:23,190 INFO executor.Executor: Finished task 1.0 in stage 25.0 (TID 194). 12144 bytes result sent to driver
2026-08-09 23:12:23,190 INFO scheduler.TaskSetManager: Starting task 2.0 in stage 25.0 (TID 197) (10.0.0.215, executor driver, partition 2, NODE_LOCAL, 4271 bytes) taskResourceAssignments Map()
2026-08-09 23:12:23,191 INFO executor.Executor: Running task 2.0 in stage 25.0 (TID 197)
2026-08-09 23:12:23,191 INFO scheduler.TaskSetManager: Finished task 1.0 in stage 25.0 (TID 194) in 33 ms on 10.0.0.215 (executor driver) (2/40)
2026-08-09 23:12:23,192 INFO executor.Executor: Finished task 38.0 in stage 15.0 (TID 195). 12101 bytes result sent to driver
2026-08-09 23:12:23,192 INFO storage.ShuffleBlockFetcherIterator: Getting 4 (375.1 KiB) non-empty blocks including 4 (375.1 KiB) local and 0 (0.0 B) host-local and 0 (0.0 B) push-merged-local and 0 (0.0 B) remote blocks
2026-08-09 23:12:23,192 INFO storage.ShuffleBlockFetcherIterator: Started 0 remote fetches in 0 ms
2026-08-09 23:12:23,192 INFO scheduler.TaskSetManager: Starting task 39.0 in stage 15.0 (TID 198) (10.0.0.215, executor driver, partition 39, NODE_LOCAL, 4271 bytes) taskResourceAssignments Map()
2026-08-09 23:12:23,193 INFO executor.Executor: Running task 39.0 in stage 15.0 (TID 198)
2026-08-09 23:12:23,193 INFO scheduler.TaskSetManager: Finished task 38.0 in stage 15.0 (TID 195) in 31 ms on 10.0.0.215 (executor driver) (39/40)
2026-08-09 23:12:23,195 INFO storage.ShuffleBlockFetcherIterator: Getting 4 (370.9 KiB) non-empty blocks including 4 (370.9 KiB) local and 0 (0.0 B) host-local and 0 (0.0 B) push-merged-local and 0 (0.0 B) remote blocks
2026-08-09 23:12:23,195 INFO storage.ShuffleBlockFetcherIterator: Started 0 remote fetches in 0 ms
2026-08-09 23:12:23,222 INFO executor.Executor: Finished task 2.0 in stage 25.0 (TID 197). 12171 bytes result sent to driver
2026-08-09 23:12:23,223 INFO scheduler.TaskSetManager: Starting task 3.0 in stage 25.0 (TID 199) (10.0.0.215, executor driver, partition 3, NODE_LOCAL, 4271 bytes) taskResourceAssignments Map()
2026-08-09 23:12:23,223 INFO executor.Executor: Running task 3.0 in stage 25.0 (TID 199)
2026-08-09 23:12:23,223 INFO scheduler.TaskSetManager: Finished task 2.0 in stage 25.0 (TID 197) in 33 ms on 10.0.0.215 (executor driver) (3/40)
2026-08-09 23:12:23,224 INFO executor.Executor: Finished task 3.0 in stage 23.0 (TID 193). 12171 bytes result sent to driver
2026-08-09 23:12:23,224 INFO executor.Executor: Finished task 39.0 in stage 15.0 (TID 198). 12004 bytes result sent to driver
2026-08-09 23:12:23,224 INFO storage.ShuffleBlockFetcherIterator: Getting 4 (375.1 KiB) non-empty blocks including 4 (375.1 KiB) local and 0 (0.0 B) host-local and 0 (0.0 B) push-merged-local and 0 (0.0 B) remote blocks
2026-08-09 23:12:23,224 INFO storage.ShuffleBlockFetcherIterator: Started 0 remote fetches in 0 ms
2026-08-09 23:12:23,225 INFO scheduler.TaskSetManager: Starting task 4.0 in stage 23.0 (TID 200) (10.0.0.215, executor driver, partition 4, NODE_LOCAL, 4271 bytes) taskResourceAssignments Map()
2026-08-09 23:12:23,225 INFO executor.Executor: Running task 4.0 in stage 23.0 (TID 200)
2026-08-09 23:12:23,225 INFO scheduler.TaskSetManager: Starting task 2.0 in stage 26.0 (TID 201) (10.0.0.215, executor driver, partition 2, PROCESS_LOCAL, 5129 bytes) taskResourceAssignments Map()
2026-08-09 23:12:23,225 INFO executor.Executor: Running task 2.0 in stage 26.0 (TID 201)
2026-08-09 23:12:23,225 INFO scheduler.TaskSetManager: Finished task 3.0 in stage 23.0 (TID 193) in 69 ms on 10.0.0.215 (executor driver) (4/10)
2026-08-09 23:12:23,226 INFO scheduler.TaskSetManager: Finished task 39.0 in stage 15.0 (TID 198) in 34 ms on 10.0.0.215 (executor driver) (40/40)
2026-08-09 23:12:23,226 INFO scheduler.TaskSchedulerImpl: Removed TaskSet 15.0, whose tasks have all completed, from pool default
2026-08-09 23:12:23,226 INFO storage.ShuffleBlockFetcherIterator: Getting 4 (1466.1 KiB) non-empty blocks including 4 (1466.1 KiB) local and 0 (0.0 B) host-local and 0 (0.0 B) push-merged-local and 0 (0.0 B) remote blocks
2026-08-09 23:12:23,226 INFO storage.ShuffleBlockFetcherIterator: Started 0 remote fetches in 0 ms
2026-08-09 23:12:23,226 INFO scheduler.DAGScheduler: ResultStage 15 (collect at EnsembleTrainer.scala:80) finished in 1.219 s
2026-08-09 23:12:23,227 INFO scheduler.DAGScheduler: Job 14 is finished. Cancelling potential speculative or zombie tasks for this job
2026-08-09 23:12:23,227 INFO scheduler.TaskSchedulerImpl: Killing all running tasks in stage 15: Stage finished
2026-08-09 23:12:23,227 INFO storage.BlockManager: Found block rdd_8_2 locally
2026-08-09 23:12:23,228 INFO scheduler.DAGScheduler: Job 14 finished: collect at EnsembleTrainer.scala:80, took 2.927183 s
2026-08-09 23:12:23,239 INFO memory.MemoryStore: Block broadcast_39 stored as values in memory (estimated size 673.2 KiB, free 2.2 GiB)
2026-08-09 23:12:23,244 INFO memory.MemoryStore: Block broadcast_39_piece0 stored as bytes in memory (estimated size 199.9 KiB, free 2.2 GiB)
2026-08-09 23:12:23,247 INFO storage.BlockManagerInfo: Added broadcast_39_piece0 in memory on 10.0.0.215:64244 (size: 199.9 KiB, free: 2.2 GiB)
2026-08-09 23:12:23,248 INFO spark.SparkContext: Created broadcast 39 from broadcast at EnsemblePredictor.scala:28
2026-08-09 23:12:23,251 INFO storage.BlockManagerInfo: Removed broadcast_29_piece0 on 10.0.0.215:64244 in memory (size: 3.0 KiB, free: 2.2 GiB)
2026-08-09 23:12:23,256 INFO executor.Executor: Finished task 9.0 in stage 21.0 (TID 196). 6024 bytes result sent to driver
2026-08-09 23:12:23,257 INFO executor.Executor: Finished task 3.0 in stage 25.0 (TID 199). 12284 bytes result sent to driver
2026-08-09 23:12:23,257 INFO scheduler.TaskSetManager: Starting task 0.0 in stage 28.0 (TID 202) (10.0.0.215, executor driver, partition 0, PROCESS_LOCAL, 5129 bytes) taskResourceAssignments Map()
2026-08-09 23:12:23,257 INFO executor.Executor: Running task 0.0 in stage 28.0 (TID 202)
2026-08-09 23:12:23,257 INFO scheduler.TaskSetManager: Starting task 4.0 in stage 25.0 (TID 203) (10.0.0.215, executor driver, partition 4, NODE_LOCAL, 4271 bytes) taskResourceAssignments Map()
2026-08-09 23:12:23,258 INFO spark.SparkContext: Starting job: count at Metrics.scala:12
2026-08-09 23:12:23,258 INFO executor.Executor: Running task 4.0 in stage 25.0 (TID 203)
2026-08-09 23:12:23,258 INFO scheduler.TaskSetManager: Finished task 9.0 in stage 21.0 (TID 196) in 70 ms on 10.0.0.215 (executor driver) (10/10)
2026-08-09 23:12:23,258 INFO scheduler.TaskSchedulerImpl: Removed TaskSet 21.0, whose tasks have all completed, from pool default
2026-08-09 23:12:23,258 INFO scheduler.DAGScheduler: Got job 27 (count at Metrics.scala:12) with 2 output partitions
2026-08-09 23:12:23,258 INFO scheduler.DAGScheduler: Final stage: ResultStage 39 (count at Metrics.scala:12)
2026-08-09 23:12:23,258 INFO scheduler.DAGScheduler: Parents of final stage: List()
2026-08-09 23:12:23,258 INFO scheduler.TaskSetManager: Finished task 3.0 in stage 25.0 (TID 199) in 35 ms on 10.0.0.215 (executor driver) (4/40)
2026-08-09 23:12:23,259 INFO scheduler.DAGScheduler: Missing parents: List()
2026-08-09 23:12:23,259 INFO scheduler.DAGScheduler: Submitting ResultStage 39 (MapPartitionsRDD[67] at map at EnsembleExperiment.scala:28), which has no missing parents
2026-08-09 23:12:23,259 INFO memory.MemoryStore: Block broadcast_40 stored as values in memory (estimated size 38.2 KiB, free 2.2 GiB)
2026-08-09 23:12:23,260 INFO memory.MemoryStore: Block broadcast_40_piece0 stored as bytes in memory (estimated size 12.0 KiB, free 2.2 GiB)
2026-08-09 23:12:23,260 INFO storage.ShuffleBlockFetcherIterator: Getting 4 (375.1 KiB) non-empty blocks including 4 (375.1 KiB) local and 0 (0.0 B) host-local and 0 (0.0 B) push-merged-local and 0 (0.0 B) remote blocks
2026-08-09 23:12:23,260 INFO storage.ShuffleBlockFetcherIterator: Started 0 remote fetches in 0 ms
2026-08-09 23:12:23,260 INFO storage.BlockManager: Found block rdd_8_0 locally
2026-08-09 23:12:23,262 INFO storage.BlockManagerInfo: Added broadcast_40_piece0 in memory on 10.0.0.215:64244 (size: 12.0 KiB, free: 2.2 GiB)
2026-08-09 23:12:23,263 INFO spark.SparkContext: Created broadcast 40 from broadcast at DAGScheduler.scala:1513
2026-08-09 23:12:23,264 INFO scheduler.DAGScheduler: Submitting 2 missing tasks from ResultStage 39 (MapPartitionsRDD[67] at map at EnsembleExperiment.scala:28) (first 15 tasks are for partitions Vector(0, 1))
2026-08-09 23:12:23,264 INFO scheduler.TaskSchedulerImpl: Adding task set 39.0 with 2 tasks resource profile 0
2026-08-09 23:12:23,264 INFO scheduler.FairSchedulableBuilder: Added task set TaskSet_39.0 tasks to pool default
2026-08-09 23:12:23,265 INFO scheduler.DAGScheduler: ResultStage 21 (collect at EnsembleTrainer.scala:80) finished in 0.728 s
2026-08-09 23:12:23,265 INFO scheduler.DAGScheduler: Job 16 is finished. Cancelling potential speculative or zombie tasks for this job
2026-08-09 23:12:23,266 INFO scheduler.TaskSchedulerImpl: Killing all running tasks in stage 21: Stage finished
2026-08-09 23:12:23,266 INFO scheduler.DAGScheduler: Job 16 finished: collect at EnsembleTrainer.scala:80, took 2.965238 s
2026-08-09 23:12:23,269 INFO memory.MemoryStore: Block broadcast_41 stored as values in memory (estimated size 82.5 KiB, free 2.2 GiB)
2026-08-09 23:12:23,270 INFO memory.MemoryStore: Block broadcast_41_piece0 stored as bytes in memory (estimated size 16.7 KiB, free 2.2 GiB)
2026-08-09 23:12:23,270 INFO storage.BlockManagerInfo: Added broadcast_41_piece0 in memory on 10.0.0.215:64244 (size: 16.7 KiB, free: 2.2 GiB)
2026-08-09 23:12:23,270 INFO spark.SparkContext: Created broadcast 41 from broadcast at EnsemblePredictor.scala:28
2026-08-09 23:12:23,278 INFO spark.SparkContext: Starting job: count at Metrics.scala:12
2026-08-09 23:12:23,279 INFO scheduler.DAGScheduler: Got job 28 (count at Metrics.scala:12) with 2 output partitions
2026-08-09 23:12:23,279 INFO scheduler.DAGScheduler: Final stage: ResultStage 40 (count at Metrics.scala:12)
2026-08-09 23:12:23,279 INFO scheduler.DAGScheduler: Parents of final stage: List()
2026-08-09 23:12:23,280 INFO scheduler.DAGScheduler: Missing parents: List()
2026-08-09 23:12:23,280 INFO scheduler.DAGScheduler: Submitting ResultStage 40 (MapPartitionsRDD[69] at map at EnsembleExperiment.scala:28), which has no missing parents
2026-08-09 23:12:23,282 INFO memory.MemoryStore: Block broadcast_42 stored as values in memory (estimated size 38.2 KiB, free 2.2 GiB)
2026-08-09 23:12:23,282 INFO memory.MemoryStore: Block broadcast_42_piece0 stored as bytes in memory (estimated size 12.0 KiB, free 2.2 GiB)
2026-08-09 23:12:23,282 INFO storage.BlockManagerInfo: Added broadcast_42_piece0 in memory on 10.0.0.215:64244 (size: 12.0 KiB, free: 2.2 GiB)
2026-08-09 23:12:23,283 INFO spark.SparkContext: Created broadcast 42 from broadcast at DAGScheduler.scala:1513
2026-08-09 23:12:23,283 INFO scheduler.DAGScheduler: Submitting 2 missing tasks from ResultStage 40 (MapPartitionsRDD[69] at map at EnsembleExperiment.scala:28) (first 15 tasks are for partitions Vector(0, 1))
2026-08-09 23:12:23,283 INFO scheduler.TaskSchedulerImpl: Adding task set 40.0 with 2 tasks resource profile 0
2026-08-09 23:12:23,283 INFO scheduler.FairSchedulableBuilder: Added task set TaskSet_40.0 tasks to pool default
2026-08-09 23:12:23,283 INFO executor.Executor: Finished task 2.0 in stage 26.0 (TID 201). 1965 bytes result sent to driver
2026-08-09 23:12:23,283 INFO scheduler.TaskSetManager: Starting task 3.0 in stage 26.0 (TID 204) (10.0.0.215, executor driver, partition 3, PROCESS_LOCAL, 5129 bytes) taskResourceAssignments Map()
2026-08-09 23:12:23,284 INFO scheduler.TaskSetManager: Finished task 2.0 in stage 26.0 (TID 201) in 59 ms on 10.0.0.215 (executor driver) (3/4)
2026-08-09 23:12:23,284 INFO executor.Executor: Running task 3.0 in stage 26.0 (TID 204)
2026-08-09 23:12:23,285 INFO storage.BlockManager: Found block rdd_8_3 locally
2026-08-09 23:12:23,289 INFO executor.Executor: Finished task 4.0 in stage 25.0 (TID 203). 12214 bytes result sent to driver
2026-08-09 23:12:23,290 INFO scheduler.TaskSetManager: Starting task 5.0 in stage 25.0 (TID 205) (10.0.0.215, executor driver, partition 5, NODE_LOCAL, 4271 bytes) taskResourceAssignments Map()
2026-08-09 23:12:23,290 INFO executor.Executor: Running task 5.0 in stage 25.0 (TID 205)
2026-08-09 23:12:23,290 INFO scheduler.TaskSetManager: Finished task 4.0 in stage 25.0 (TID 203) in 33 ms on 10.0.0.215 (executor driver) (5/40)
2026-08-09 23:12:23,291 INFO storage.ShuffleBlockFetcherIterator: Getting 4 (375.1 KiB) non-empty blocks including 4 (375.1 KiB) local and 0 (0.0 B) host-local and 0 (0.0 B) push-merged-local and 0 (0.0 B) remote blocks
2026-08-09 23:12:23,291 INFO storage.ShuffleBlockFetcherIterator: Started 0 remote fetches in 0 ms
2026-08-09 23:12:23,297 INFO executor.Executor: Finished task 4.0 in stage 23.0 (TID 200). 11864 bytes result sent to driver
2026-08-09 23:12:23,298 INFO scheduler.TaskSetManager: Starting task 5.0 in stage 23.0 (TID 206) (10.0.0.215, executor driver, partition 5, NODE_LOCAL, 4271 bytes) taskResourceAssignments Map()
2026-08-09 23:12:23,298 INFO executor.Executor: Running task 5.0 in stage 23.0 (TID 206)
2026-08-09 23:12:23,298 INFO scheduler.TaskSetManager: Finished task 4.0 in stage 23.0 (TID 200) in 73 ms on 10.0.0.215 (executor driver) (5/10)
2026-08-09 23:12:23,300 INFO storage.ShuffleBlockFetcherIterator: Getting 4 (1424.5 KiB) non-empty blocks including 4 (1424.5 KiB) local and 0 (0.0 B) host-local and 0 (0.0 B) push-merged-local and 0 (0.0 B) remote blocks
2026-08-09 23:12:23,300 INFO storage.ShuffleBlockFetcherIterator: Started 0 remote fetches in 0 ms
2026-08-09 23:12:23,304 INFO executor.Executor: Finished task 0.0 in stage 28.0 (TID 202). 1912 bytes result sent to driver
2026-08-09 23:12:23,305 INFO scheduler.TaskSetManager: Starting task 1.0 in stage 28.0 (TID 207) (10.0.0.215, executor driver, partition 1, PROCESS_LOCAL, 5129 bytes) taskResourceAssignments Map()
2026-08-09 23:12:23,305 INFO scheduler.TaskSetManager: Finished task 0.0 in stage 28.0 (TID 202) in 48 ms on 10.0.0.215 (executor driver) (1/4)
2026-08-09 23:12:23,305 INFO executor.Executor: Running task 1.0 in stage 28.0 (TID 207)
2026-08-09 23:12:23,306 INFO executor.Executor: Finished task 3.0 in stage 26.0 (TID 204). 1922 bytes result sent to driver
2026-08-09 23:12:23,307 INFO scheduler.TaskSetManager: Starting task 0.0 in stage 30.0 (TID 208) (10.0.0.215, executor driver, partition 0, PROCESS_LOCAL, 5129 bytes) taskResourceAssignments Map()
2026-08-09 23:12:23,307 INFO scheduler.TaskSetManager: Finished task 3.0 in stage 26.0 (TID 204) in 24 ms on 10.0.0.215 (executor driver) (4/4)
2026-08-09 23:12:23,307 INFO storage.BlockManager: Found block rdd_8_1 locally
2026-08-09 23:12:23,307 INFO executor.Executor: Running task 0.0 in stage 30.0 (TID 208)
2026-08-09 23:12:23,307 INFO scheduler.TaskSchedulerImpl: Removed TaskSet 26.0, whose tasks have all completed, from pool default
2026-08-09 23:12:23,307 INFO scheduler.DAGScheduler: ShuffleMapStage 26 (map at EnsembleTrainer.scala:31) finished in 2.867 s
2026-08-09 23:12:23,308 INFO scheduler.DAGScheduler: looking for newly runnable stages
2026-08-09 23:12:23,308 INFO scheduler.DAGScheduler: running: Set(ShuffleMapStage 30, ResultStage 37, ShuffleMapStage 34, ResultStage 38, ShuffleMapStage 32, ResultStage 39, ResultStage 36, ShuffleMapStage 28, ResultStage 25, ResultStage 40, ResultStage 23)
2026-08-09 23:12:23,308 INFO scheduler.DAGScheduler: waiting: Set(ResultStage 33, ResultStage 27, ResultStage 31, ResultStage 35, ResultStage 29)
2026-08-09 23:12:23,308 INFO scheduler.DAGScheduler: failed: Set()
2026-08-09 23:12:23,308 INFO scheduler.DAGScheduler: Submitting ResultStage 27 (MapPartitionsRDD[47] at mapPartitions at EnsembleTrainer.scala:37), which has no missing parents
2026-08-09 23:12:23,308 INFO storage.BlockManager: Found block rdd_8_0 locally
2026-08-09 23:12:23,309 INFO memory.MemoryStore: Block broadcast_43 stored as values in memory (estimated size 5.4 KiB, free 2.2 GiB)
2026-08-09 23:12:23,310 INFO memory.MemoryStore: Block broadcast_43_piece0 stored as bytes in memory (estimated size 3.0 KiB, free 2.2 GiB)
2026-08-09 23:12:23,310 INFO storage.BlockManagerInfo: Added broadcast_43_piece0 in memory on 10.0.0.215:64244 (size: 3.0 KiB, free: 2.2 GiB)
2026-08-09 23:12:23,311 INFO spark.SparkContext: Created broadcast 43 from broadcast at DAGScheduler.scala:1513
2026-08-09 23:12:23,311 INFO scheduler.DAGScheduler: Submitting 20 missing tasks from ResultStage 27 (MapPartitionsRDD[47] at mapPartitions at EnsembleTrainer.scala:37) (first 15 tasks are for partitions Vector(0, 1, 2, 3, 4, 5, 6, 7, 8, 9, 10, 11, 12, 13, 14))
2026-08-09 23:12:23,311 INFO scheduler.TaskSchedulerImpl: Adding task set 27.0 with 20 tasks resource profile 0
2026-08-09 23:12:23,312 INFO scheduler.FairSchedulableBuilder: Added task set TaskSet_27.0 tasks to pool default
2026-08-09 23:12:23,316 INFO executor.Executor: Finished task 5.0 in stage 25.0 (TID 205). 12171 bytes result sent to driver
2026-08-09 23:12:23,317 INFO scheduler.TaskSetManager: Starting task 6.0 in stage 25.0 (TID 209) (10.0.0.215, executor driver, partition 6, NODE_LOCAL, 4271 bytes) taskResourceAssignments Map()
2026-08-09 23:12:23,317 INFO executor.Executor: Running task 6.0 in stage 25.0 (TID 209)
2026-08-09 23:12:23,318 INFO scheduler.TaskSetManager: Finished task 5.0 in stage 25.0 (TID 205) in 28 ms on 10.0.0.215 (executor driver) (6/40)
2026-08-09 23:12:23,319 INFO storage.ShuffleBlockFetcherIterator: Getting 4 (375.1 KiB) non-empty blocks including 4 (375.1 KiB) local and 0 (0.0 B) host-local and 0 (0.0 B) push-merged-local and 0 (0.0 B) remote blocks
2026-08-09 23:12:23,319 INFO storage.ShuffleBlockFetcherIterator: Started 0 remote fetches in 0 ms
2026-08-09 23:12:23,342 INFO executor.Executor: Finished task 6.0 in stage 25.0 (TID 209). 12144 bytes result sent to driver
2026-08-09 23:12:23,343 INFO scheduler.TaskSetManager: Starting task 7.0 in stage 25.0 (TID 210) (10.0.0.215, executor driver, partition 7, NODE_LOCAL, 4271 bytes) taskResourceAssignments Map()
2026-08-09 23:12:23,343 INFO executor.Executor: Running task 7.0 in stage 25.0 (TID 210)
2026-08-09 23:12:23,344 INFO scheduler.TaskSetManager: Finished task 6.0 in stage 25.0 (TID 209) in 27 ms on 10.0.0.215 (executor driver) (7/40)
2026-08-09 23:12:23,344 INFO storage.ShuffleBlockFetcherIterator: Getting 4 (375.1 KiB) non-empty blocks including 4 (375.1 KiB) local and 0 (0.0 B) host-local and 0 (0.0 B) push-merged-local and 0 (0.0 B) remote blocks
2026-08-09 23:12:23,344 INFO storage.ShuffleBlockFetcherIterator: Started 0 remote fetches in 0 ms
2026-08-09 23:12:23,351 INFO executor.Executor: Finished task 5.0 in stage 23.0 (TID 206). 12144 bytes result sent to driver
2026-08-09 23:12:23,351 INFO scheduler.TaskSetManager: Starting task 6.0 in stage 23.0 (TID 211) (10.0.0.215, executor driver, partition 6, NODE_LOCAL, 4271 bytes) taskResourceAssignments Map()
2026-08-09 23:12:23,352 INFO scheduler.TaskSetManager: Finished task 5.0 in stage 23.0 (TID 206) in 54 ms on 10.0.0.215 (executor driver) (6/10)
2026-08-09 23:12:23,352 INFO executor.Executor: Running task 6.0 in stage 23.0 (TID 211)
2026-08-09 23:12:23,353 INFO storage.ShuffleBlockFetcherIterator: Getting 4 (1466.1 KiB) non-empty blocks including 4 (1466.1 KiB) local and 0 (0.0 B) host-local and 0 (0.0 B) push-merged-local and 0 (0.0 B) remote blocks
2026-08-09 23:12:23,353 INFO storage.ShuffleBlockFetcherIterator: Started 0 remote fetches in 0 ms
2026-08-09 23:12:23,356 INFO executor.Executor: Finished task 1.0 in stage 28.0 (TID 207). 1912 bytes result sent to driver
2026-08-09 23:12:23,357 INFO scheduler.TaskSetManager: Starting task 0.0 in stage 27.0 (TID 212) (10.0.0.215, executor driver, partition 0, NODE_LOCAL, 4271 bytes) taskResourceAssignments Map()
2026-08-09 23:12:23,357 INFO scheduler.TaskSetManager: Finished task 1.0 in stage 28.0 (TID 207) in 53 ms on 10.0.0.215 (executor driver) (2/4)
2026-08-09 23:12:23,357 INFO executor.Executor: Running task 0.0 in stage 27.0 (TID 212)
2026-08-09 23:12:23,357 INFO executor.Executor: Finished task 0.0 in stage 30.0 (TID 208). 1942 bytes result sent to driver
2026-08-09 23:12:23,358 INFO scheduler.TaskSetManager: Starting task 2.0 in stage 28.0 (TID 213) (10.0.0.215, executor driver, partition 2, PROCESS_LOCAL, 5129 bytes) taskResourceAssignments Map()
2026-08-09 23:12:23,358 INFO scheduler.TaskSetManager: Finished task 0.0 in stage 30.0 (TID 208) in 51 ms on 10.0.0.215 (executor driver) (1/4)
2026-08-09 23:12:23,358 INFO executor.Executor: Running task 2.0 in stage 28.0 (TID 213)
2026-08-09 23:12:23,358 INFO storage.ShuffleBlockFetcherIterator: Getting 4 (795.0 KiB) non-empty blocks including 4 (795.0 KiB) local and 0 (0.0 B) host-local and 0 (0.0 B) push-merged-local and 0 (0.0 B) remote blocks
2026-08-09 23:12:23,358 INFO storage.ShuffleBlockFetcherIterator: Started 0 remote fetches in 0 ms
2026-08-09 23:12:23,360 INFO storage.BlockManager: Found block rdd_8_2 locally
2026-08-09 23:12:23,375 INFO executor.Executor: Finished task 7.0 in stage 25.0 (TID 210). 12101 bytes result sent to driver
2026-08-09 23:12:23,376 INFO scheduler.TaskSetManager: Starting task 8.0 in stage 25.0 (TID 214) (10.0.0.215, executor driver, partition 8, NODE_LOCAL, 4271 bytes) taskResourceAssignments Map()
2026-08-09 23:12:23,376 INFO executor.Executor: Running task 8.0 in stage 25.0 (TID 214)
2026-08-09 23:12:23,376 INFO scheduler.TaskSetManager: Finished task 7.0 in stage 25.0 (TID 210) in 33 ms on 10.0.0.215 (executor driver) (8/40)
2026-08-09 23:12:23,377 INFO storage.ShuffleBlockFetcherIterator: Getting 4 (375.1 KiB) non-empty blocks including 4 (375.1 KiB) local and 0 (0.0 B) host-local and 0 (0.0 B) push-merged-local and 0 (0.0 B) remote blocks
2026-08-09 23:12:23,377 INFO storage.ShuffleBlockFetcherIterator: Started 0 remote fetches in 0 ms
2026-08-09 23:12:23,398 INFO executor.Executor: Finished task 0.0 in stage 27.0 (TID 212). 12031 bytes result sent to driver
2026-08-09 23:12:23,398 INFO scheduler.TaskSetManager: Starting task 1.0 in stage 27.0 (TID 215) (10.0.0.215, executor driver, partition 1, NODE_LOCAL, 4271 bytes) taskResourceAssignments Map()
2026-08-09 23:12:23,398 INFO executor.Executor: Running task 1.0 in stage 27.0 (TID 215)
2026-08-09 23:12:23,398 INFO scheduler.TaskSetManager: Finished task 0.0 in stage 27.0 (TID 212) in 41 ms on 10.0.0.215 (executor driver) (1/20)
2026-08-09 23:12:23,400 INFO storage.ShuffleBlockFetcherIterator: Getting 4 (795.0 KiB) non-empty blocks including 4 (795.0 KiB) local and 0 (0.0 B) host-local and 0 (0.0 B) push-merged-local and 0 (0.0 B) remote blocks
2026-08-09 23:12:23,400 INFO storage.ShuffleBlockFetcherIterator: Started 0 remote fetches in 0 ms
2026-08-09 23:12:23,402 INFO executor.Executor: Finished task 2.0 in stage 28.0 (TID 213). 1912 bytes result sent to driver
2026-08-09 23:12:23,402 INFO executor.Executor: Finished task 8.0 in stage 25.0 (TID 214). 11891 bytes result sent to driver
2026-08-09 23:12:23,403 INFO scheduler.TaskSetManager: Starting task 3.0 in stage 28.0 (TID 216) (10.0.0.215, executor driver, partition 3, PROCESS_LOCAL, 5129 bytes) taskResourceAssignments Map()
2026-08-09 23:12:23,403 INFO scheduler.TaskSetManager: Finished task 2.0 in stage 28.0 (TID 213) in 45 ms on 10.0.0.215 (executor driver) (3/4)
2026-08-09 23:12:23,403 INFO executor.Executor: Running task 3.0 in stage 28.0 (TID 216)
2026-08-09 23:12:23,403 INFO scheduler.TaskSetManager: Starting task 9.0 in stage 25.0 (TID 217) (10.0.0.215, executor driver, partition 9, NODE_LOCAL, 4271 bytes) taskResourceAssignments Map()
2026-08-09 23:12:23,404 INFO executor.Executor: Running task 9.0 in stage 25.0 (TID 217)
2026-08-09 23:12:23,404 INFO scheduler.TaskSetManager: Finished task 8.0 in stage 25.0 (TID 214) in 29 ms on 10.0.0.215 (executor driver) (9/40)
2026-08-09 23:12:23,404 INFO storage.BlockManager: Found block rdd_8_3 locally
2026-08-09 23:12:23,405 INFO storage.ShuffleBlockFetcherIterator: Getting 4 (375.1 KiB) non-empty blocks including 4 (375.1 KiB) local and 0 (0.0 B) host-local and 0 (0.0 B) push-merged-local and 0 (0.0 B) remote blocks
2026-08-09 23:12:23,405 INFO storage.ShuffleBlockFetcherIterator: Started 0 remote fetches in 0 ms
2026-08-09 23:12:23,415 INFO executor.Executor: Finished task 6.0 in stage 23.0 (TID 211). 11821 bytes result sent to driver
2026-08-09 23:12:23,415 INFO scheduler.TaskSetManager: Starting task 7.0 in stage 23.0 (TID 218) (10.0.0.215, executor driver, partition 7, NODE_LOCAL, 4271 bytes) taskResourceAssignments Map()
2026-08-09 23:12:23,415 INFO executor.Executor: Running task 7.0 in stage 23.0 (TID 218)
2026-08-09 23:12:23,416 INFO scheduler.TaskSetManager: Finished task 6.0 in stage 23.0 (TID 211) in 65 ms on 10.0.0.215 (executor driver) (7/10)
2026-08-09 23:12:23,416 INFO storage.ShuffleBlockFetcherIterator: Getting 4 (1466.1 KiB) non-empty blocks including 4 (1466.1 KiB) local and 0 (0.0 B) host-local and 0 (0.0 B) push-merged-local and 0 (0.0 B) remote blocks
2026-08-09 23:12:23,416 INFO storage.ShuffleBlockFetcherIterator: Started 0 remote fetches in 0 ms
2026-08-09 23:12:23,422 INFO executor.Executor: Finished task 3.0 in stage 28.0 (TID 216). 1912 bytes result sent to driver
2026-08-09 23:12:23,422 INFO scheduler.TaskSetManager: Starting task 1.0 in stage 30.0 (TID 219) (10.0.0.215, executor driver, partition 1, PROCESS_LOCAL, 5129 bytes) taskResourceAssignments Map()
2026-08-09 23:12:23,422 INFO scheduler.TaskSetManager: Finished task 3.0 in stage 28.0 (TID 216) in 19 ms on 10.0.0.215 (executor driver) (4/4)
2026-08-09 23:12:23,422 INFO scheduler.TaskSchedulerImpl: Removed TaskSet 28.0, whose tasks have all completed, from pool default
2026-08-09 23:12:23,422 INFO scheduler.DAGScheduler: ShuffleMapStage 28 (map at EnsembleTrainer.scala:31) finished in 2.976 s
2026-08-09 23:12:23,422 INFO scheduler.DAGScheduler: looking for newly runnable stages
2026-08-09 23:12:23,422 INFO scheduler.DAGScheduler: running: Set(ShuffleMapStage 30, ResultStage 27, ResultStage 37, ShuffleMapStage 34, ResultStage 38, ShuffleMapStage 32, ResultStage 39, ResultStage 36, ResultStage 25, ResultStage 40, ResultStage 23)
2026-08-09 23:12:23,422 INFO scheduler.DAGScheduler: waiting: Set(ResultStage 33, ResultStage 31, ResultStage 35, ResultStage 29)
2026-08-09 23:12:23,422 INFO scheduler.DAGScheduler: failed: Set()
2026-08-09 23:12:23,423 INFO scheduler.DAGScheduler: Submitting ResultStage 29 (MapPartitionsRDD[50] at mapPartitions at EnsembleTrainer.scala:37), which has no missing parents
2026-08-09 23:12:23,423 INFO executor.Executor: Running task 1.0 in stage 30.0 (TID 219)
2026-08-09 23:12:23,423 INFO memory.MemoryStore: Block broadcast_44 stored as values in memory (estimated size 5.4 KiB, free 2.2 GiB)
2026-08-09 23:12:23,424 INFO memory.MemoryStore: Block broadcast_44_piece0 stored as bytes in memory (estimated size 3.0 KiB, free 2.2 GiB)
2026-08-09 23:12:23,424 INFO storage.BlockManagerInfo: Added broadcast_44_piece0 in memory on 10.0.0.215:64244 (size: 3.0 KiB, free: 2.2 GiB)
2026-08-09 23:12:23,424 INFO storage.BlockManager: Found block rdd_8_1 locally
2026-08-09 23:12:23,425 INFO spark.SparkContext: Created broadcast 44 from broadcast at DAGScheduler.scala:1513
2026-08-09 23:12:23,425 INFO scheduler.DAGScheduler: Submitting 10 missing tasks from ResultStage 29 (MapPartitionsRDD[50] at mapPartitions at EnsembleTrainer.scala:37) (first 15 tasks are for partitions Vector(0, 1, 2, 3, 4, 5, 6, 7, 8, 9))
2026-08-09 23:12:23,425 INFO scheduler.TaskSchedulerImpl: Adding task set 29.0 with 10 tasks resource profile 0
2026-08-09 23:12:23,425 INFO scheduler.FairSchedulableBuilder: Added task set TaskSet_29.0 tasks to pool default
2026-08-09 23:12:23,431 INFO executor.Executor: Finished task 9.0 in stage 25.0 (TID 217). 12031 bytes result sent to driver
2026-08-09 23:12:23,431 INFO scheduler.TaskSetManager: Starting task 10.0 in stage 25.0 (TID 220) (10.0.0.215, executor driver, partition 10, NODE_LOCAL, 4271 bytes) taskResourceAssignments Map()
2026-08-09 23:12:23,431 INFO executor.Executor: Running task 10.0 in stage 25.0 (TID 220)
2026-08-09 23:12:23,432 INFO scheduler.TaskSetManager: Finished task 9.0 in stage 25.0 (TID 217) in 29 ms on 10.0.0.215 (executor driver) (10/40)
2026-08-09 23:12:23,432 INFO storage.ShuffleBlockFetcherIterator: Getting 4 (375.1 KiB) non-empty blocks including 4 (375.1 KiB) local and 0 (0.0 B) host-local and 0 (0.0 B) push-merged-local and 0 (0.0 B) remote blocks
2026-08-09 23:12:23,432 INFO storage.ShuffleBlockFetcherIterator: Started 0 remote fetches in 0 ms
2026-08-09 23:12:23,441 INFO executor.Executor: Finished task 1.0 in stage 27.0 (TID 215). 12284 bytes result sent to driver
2026-08-09 23:12:23,442 INFO scheduler.TaskSetManager: Starting task 2.0 in stage 27.0 (TID 221) (10.0.0.215, executor driver, partition 2, NODE_LOCAL, 4271 bytes) taskResourceAssignments Map()
2026-08-09 23:12:23,442 INFO executor.Executor: Running task 2.0 in stage 27.0 (TID 221)
2026-08-09 23:12:23,443 INFO scheduler.TaskSetManager: Finished task 1.0 in stage 27.0 (TID 215) in 45 ms on 10.0.0.215 (executor driver) (2/20)
2026-08-09 23:12:23,444 INFO storage.ShuffleBlockFetcherIterator: Getting 4 (795.0 KiB) non-empty blocks including 4 (795.0 KiB) local and 0 (0.0 B) host-local and 0 (0.0 B) push-merged-local and 0 (0.0 B) remote blocks
2026-08-09 23:12:23,444 INFO storage.ShuffleBlockFetcherIterator: Started 0 remote fetches in 0 ms
2026-08-09 23:12:23,460 INFO executor.Executor: Finished task 10.0 in stage 25.0 (TID 220). 12171 bytes result sent to driver
2026-08-09 23:12:23,461 INFO scheduler.TaskSetManager: Starting task 11.0 in stage 25.0 (TID 222) (10.0.0.215, executor driver, partition 11, NODE_LOCAL, 4271 bytes) taskResourceAssignments Map()
2026-08-09 23:12:23,461 INFO executor.Executor: Running task 11.0 in stage 25.0 (TID 222)
2026-08-09 23:12:23,462 INFO scheduler.TaskSetManager: Finished task 10.0 in stage 25.0 (TID 220) in 31 ms on 10.0.0.215 (executor driver) (11/40)
2026-08-09 23:12:23,462 INFO storage.ShuffleBlockFetcherIterator: Getting 4 (375.1 KiB) non-empty blocks including 4 (375.1 KiB) local and 0 (0.0 B) host-local and 0 (0.0 B) push-merged-local and 0 (0.0 B) remote blocks
2026-08-09 23:12:23,462 INFO storage.ShuffleBlockFetcherIterator: Started 0 remote fetches in 0 ms
2026-08-09 23:12:23,470 INFO executor.Executor: Finished task 1.0 in stage 30.0 (TID 219). 1942 bytes result sent to driver
2026-08-09 23:12:23,471 INFO scheduler.TaskSetManager: Starting task 0.0 in stage 29.0 (TID 223) (10.0.0.215, executor driver, partition 0, NODE_LOCAL, 4271 bytes) taskResourceAssignments Map()
2026-08-09 23:12:23,471 INFO scheduler.TaskSetManager: Finished task 1.0 in stage 30.0 (TID 219) in 49 ms on 10.0.0.215 (executor driver) (2/4)
2026-08-09 23:12:23,471 INFO executor.Executor: Running task 0.0 in stage 29.0 (TID 223)
2026-08-09 23:12:23,472 INFO storage.ShuffleBlockFetcherIterator: Getting 4 (1549.3 KiB) non-empty blocks including 4 (1549.3 KiB) local and 0 (0.0 B) host-local and 0 (0.0 B) push-merged-local and 0 (0.0 B) remote blocks
2026-08-09 23:12:23,472 INFO storage.ShuffleBlockFetcherIterator: Started 0 remote fetches in 0 ms
2026-08-09 23:12:23,476 INFO executor.Executor: Finished task 7.0 in stage 23.0 (TID 218). 12031 bytes result sent to driver
2026-08-09 23:12:23,476 INFO scheduler.TaskSetManager: Starting task 8.0 in stage 23.0 (TID 224) (10.0.0.215, executor driver, partition 8, NODE_LOCAL, 4271 bytes) taskResourceAssignments Map()
2026-08-09 23:12:23,476 INFO executor.Executor: Running task 8.0 in stage 23.0 (TID 224)
2026-08-09 23:12:23,477 INFO scheduler.TaskSetManager: Finished task 7.0 in stage 23.0 (TID 218) in 62 ms on 10.0.0.215 (executor driver) (8/10)
2026-08-09 23:12:23,477 INFO storage.ShuffleBlockFetcherIterator: Getting 4 (1408.4 KiB) non-empty blocks including 4 (1408.4 KiB) local and 0 (0.0 B) host-local and 0 (0.0 B) push-merged-local and 0 (0.0 B) remote blocks
2026-08-09 23:12:23,477 INFO storage.ShuffleBlockFetcherIterator: Started 0 remote fetches in 0 ms
2026-08-09 23:12:23,483 INFO executor.Executor: Finished task 2.0 in stage 27.0 (TID 221). 12187 bytes result sent to driver
2026-08-09 23:12:23,484 INFO storage.BlockManagerInfo: Removed broadcast_32_piece0 on 10.0.0.215:64244 in memory (size: 3.0 KiB, free: 2.2 GiB)
2026-08-09 23:12:23,484 INFO scheduler.TaskSetManager: Starting task 3.0 in stage 27.0 (TID 225) (10.0.0.215, executor driver, partition 3, NODE_LOCAL, 4271 bytes) taskResourceAssignments Map()
2026-08-09 23:12:23,484 INFO scheduler.TaskSetManager: Finished task 2.0 in stage 27.0 (TID 221) in 42 ms on 10.0.0.215 (executor driver) (3/20)
2026-08-09 23:12:23,484 INFO executor.Executor: Running task 3.0 in stage 27.0 (TID 225)
2026-08-09 23:12:23,486 INFO storage.ShuffleBlockFetcherIterator: Getting 4 (795.0 KiB) non-empty blocks including 4 (795.0 KiB) local and 0 (0.0 B) host-local and 0 (0.0 B) push-merged-local and 0 (0.0 B) remote blocks
2026-08-09 23:12:23,486 INFO storage.ShuffleBlockFetcherIterator: Started 0 remote fetches in 0 ms
2026-08-09 23:12:23,490 INFO executor.Executor: Finished task 11.0 in stage 25.0 (TID 222). 12284 bytes result sent to driver
2026-08-09 23:12:23,491 INFO scheduler.TaskSetManager: Starting task 12.0 in stage 25.0 (TID 226) (10.0.0.215, executor driver, partition 12, NODE_LOCAL, 4271 bytes) taskResourceAssignments Map()
2026-08-09 23:12:23,491 INFO executor.Executor: Running task 12.0 in stage 25.0 (TID 226)
2026-08-09 23:12:23,492 INFO scheduler.TaskSetManager: Finished task 11.0 in stage 25.0 (TID 222) in 31 ms on 10.0.0.215 (executor driver) (12/40)
2026-08-09 23:12:23,493 INFO storage.ShuffleBlockFetcherIterator: Getting 4 (375.1 KiB) non-empty blocks including 4 (375.1 KiB) local and 0 (0.0 B) host-local and 0 (0.0 B) push-merged-local and 0 (0.0 B) remote blocks
2026-08-09 23:12:23,493 INFO storage.ShuffleBlockFetcherIterator: Started 0 remote fetches in 0 ms
2026-08-09 23:12:23,522 INFO executor.Executor: Finished task 12.0 in stage 25.0 (TID 226). 12214 bytes result sent to driver
2026-08-09 23:12:23,522 INFO scheduler.TaskSetManager: Starting task 13.0 in stage 25.0 (TID 227) (10.0.0.215, executor driver, partition 13, NODE_LOCAL, 4271 bytes) taskResourceAssignments Map()
2026-08-09 23:12:23,523 INFO executor.Executor: Running task 13.0 in stage 25.0 (TID 227)
2026-08-09 23:12:23,523 INFO scheduler.TaskSetManager: Finished task 12.0 in stage 25.0 (TID 226) in 33 ms on 10.0.0.215 (executor driver) (13/40)
2026-08-09 23:12:23,524 INFO storage.ShuffleBlockFetcherIterator: Getting 4 (375.1 KiB) non-empty blocks including 4 (375.1 KiB) local and 0 (0.0 B) host-local and 0 (0.0 B) push-merged-local and 0 (0.0 B) remote blocks
2026-08-09 23:12:23,524 INFO storage.ShuffleBlockFetcherIterator: Started 0 remote fetches in 0 ms
2026-08-09 23:12:23,529 INFO executor.Executor: Finished task 3.0 in stage 27.0 (TID 225). 12101 bytes result sent to driver
2026-08-09 23:12:23,529 INFO scheduler.TaskSetManager: Starting task 4.0 in stage 27.0 (TID 228) (10.0.0.215, executor driver, partition 4, NODE_LOCAL, 4271 bytes) taskResourceAssignments Map()
2026-08-09 23:12:23,529 INFO executor.Executor: Running task 4.0 in stage 27.0 (TID 228)
2026-08-09 23:12:23,530 INFO scheduler.TaskSetManager: Finished task 3.0 in stage 27.0 (TID 225) in 46 ms on 10.0.0.215 (executor driver) (4/20)
2026-08-09 23:12:23,530 INFO storage.ShuffleBlockFetcherIterator: Getting 4 (795.0 KiB) non-empty blocks including 4 (795.0 KiB) local and 0 (0.0 B) host-local and 0 (0.0 B) push-merged-local and 0 (0.0 B) remote blocks
2026-08-09 23:12:23,530 INFO storage.ShuffleBlockFetcherIterator: Started 0 remote fetches in 0 ms
2026-08-09 23:12:23,532 INFO executor.Executor: Finished task 0.0 in stage 29.0 (TID 223). 6164 bytes result sent to driver
2026-08-09 23:12:23,532 INFO scheduler.TaskSetManager: Starting task 1.0 in stage 29.0 (TID 229) (10.0.0.215, executor driver, partition 1, NODE_LOCAL, 4271 bytes) taskResourceAssignments Map()
2026-08-09 23:12:23,532 INFO executor.Executor: Running task 1.0 in stage 29.0 (TID 229)
2026-08-09 23:12:23,532 INFO scheduler.TaskSetManager: Finished task 0.0 in stage 29.0 (TID 223) in 61 ms on 10.0.0.215 (executor driver) (1/10)
2026-08-09 23:12:23,533 INFO storage.ShuffleBlockFetcherIterator: Getting 4 (1549.3 KiB) non-empty blocks including 4 (1549.3 KiB) local and 0 (0.0 B) host-local and 0 (0.0 B) push-merged-local and 0 (0.0 B) remote blocks
2026-08-09 23:12:23,533 INFO storage.ShuffleBlockFetcherIterator: Started 0 remote fetches in 0 ms
2026-08-09 23:12:23,543 INFO executor.Executor: Finished task 8.0 in stage 23.0 (TID 224). 12144 bytes result sent to driver
2026-08-09 23:12:23,543 INFO scheduler.TaskSetManager: Starting task 9.0 in stage 23.0 (TID 230) (10.0.0.215, executor driver, partition 9, NODE_LOCAL, 4271 bytes) taskResourceAssignments Map()
2026-08-09 23:12:23,543 INFO executor.Executor: Running task 9.0 in stage 23.0 (TID 230)
2026-08-09 23:12:23,544 INFO scheduler.TaskSetManager: Finished task 8.0 in stage 23.0 (TID 224) in 68 ms on 10.0.0.215 (executor driver) (9/10)
2026-08-09 23:12:23,544 INFO storage.ShuffleBlockFetcherIterator: Getting 4 (1507.7 KiB) non-empty blocks including 4 (1507.7 KiB) local and 0 (0.0 B) host-local and 0 (0.0 B) push-merged-local and 0 (0.0 B) remote blocks
2026-08-09 23:12:23,544 INFO storage.ShuffleBlockFetcherIterator: Started 0 remote fetches in 0 ms
2026-08-09 23:12:23,547 INFO executor.Executor: Finished task 13.0 in stage 25.0 (TID 227). 12171 bytes result sent to driver
2026-08-09 23:12:23,548 INFO scheduler.TaskSetManager: Starting task 14.0 in stage 25.0 (TID 231) (10.0.0.215, executor driver, partition 14, NODE_LOCAL, 4271 bytes) taskResourceAssignments Map()
2026-08-09 23:12:23,549 INFO executor.Executor: Running task 14.0 in stage 25.0 (TID 231)
2026-08-09 23:12:23,549 INFO scheduler.TaskSetManager: Finished task 13.0 in stage 25.0 (TID 227) in 27 ms on 10.0.0.215 (executor driver) (14/40)
2026-08-09 23:12:23,550 INFO storage.ShuffleBlockFetcherIterator: Getting 4 (375.1 KiB) non-empty blocks including 4 (375.1 KiB) local and 0 (0.0 B) host-local and 0 (0.0 B) push-merged-local and 0 (0.0 B) remote blocks
2026-08-09 23:12:23,550 INFO storage.ShuffleBlockFetcherIterator: Started 0 remote fetches in 0 ms
2026-08-09 23:12:23,568 INFO executor.Executor: Finished task 4.0 in stage 27.0 (TID 228). 11961 bytes result sent to driver
2026-08-09 23:12:23,568 INFO scheduler.TaskSetManager: Starting task 5.0 in stage 27.0 (TID 232) (10.0.0.215, executor driver, partition 5, NODE_LOCAL, 4271 bytes) taskResourceAssignments Map()
2026-08-09 23:12:23,569 INFO executor.Executor: Running task 5.0 in stage 27.0 (TID 232)
2026-08-09 23:12:23,569 INFO scheduler.TaskSetManager: Finished task 4.0 in stage 27.0 (TID 228) in 40 ms on 10.0.0.215 (executor driver) (5/20)
2026-08-09 23:12:23,570 INFO storage.ShuffleBlockFetcherIterator: Getting 4 (795.0 KiB) non-empty blocks including 4 (795.0 KiB) local and 0 (0.0 B) host-local and 0 (0.0 B) push-merged-local and 0 (0.0 B) remote blocks
2026-08-09 23:12:23,570 INFO storage.ShuffleBlockFetcherIterator: Started 0 remote fetches in 0 ms
2026-08-09 23:12:23,573 INFO executor.Executor: Finished task 14.0 in stage 25.0 (TID 231). 12101 bytes result sent to driver
2026-08-09 23:12:23,574 INFO scheduler.TaskSetManager: Starting task 15.0 in stage 25.0 (TID 233) (10.0.0.215, executor driver, partition 15, NODE_LOCAL, 4271 bytes) taskResourceAssignments Map()
2026-08-09 23:12:23,574 INFO executor.Executor: Running task 15.0 in stage 25.0 (TID 233)
2026-08-09 23:12:23,575 INFO scheduler.TaskSetManager: Finished task 14.0 in stage 25.0 (TID 231) in 27 ms on 10.0.0.215 (executor driver) (15/40)
2026-08-09 23:12:23,576 INFO storage.ShuffleBlockFetcherIterator: Getting 4 (375.1 KiB) non-empty blocks including 4 (375.1 KiB) local and 0 (0.0 B) host-local and 0 (0.0 B) push-merged-local and 0 (0.0 B) remote blocks
2026-08-09 23:12:23,576 INFO storage.ShuffleBlockFetcherIterator: Started 0 remote fetches in 0 ms
2026-08-09 23:12:23,592 INFO executor.Executor: Finished task 1.0 in stage 29.0 (TID 229). 6121 bytes result sent to driver
2026-08-09 23:12:23,593 INFO scheduler.TaskSetManager: Starting task 2.0 in stage 29.0 (TID 234) (10.0.0.215, executor driver, partition 2, NODE_LOCAL, 4271 bytes) taskResourceAssignments Map()
2026-08-09 23:12:23,594 INFO scheduler.TaskSetManager: Finished task 1.0 in stage 29.0 (TID 229) in 62 ms on 10.0.0.215 (executor driver) (2/10)
2026-08-09 23:12:23,594 INFO executor.Executor: Running task 2.0 in stage 29.0 (TID 234)
2026-08-09 23:12:23,595 INFO storage.ShuffleBlockFetcherIterator: Getting 4 (1549.3 KiB) non-empty blocks including 4 (1549.3 KiB) local and 0 (0.0 B) host-local and 0 (0.0 B) push-merged-local and 0 (0.0 B) remote blocks
2026-08-09 23:12:23,595 INFO storage.ShuffleBlockFetcherIterator: Started 0 remote fetches in 0 ms
2026-08-09 23:12:23,598 INFO executor.Executor: Finished task 15.0 in stage 25.0 (TID 233). 12004 bytes result sent to driver
2026-08-09 23:12:23,598 INFO scheduler.TaskSetManager: Starting task 16.0 in stage 25.0 (TID 235) (10.0.0.215, executor driver, partition 16, NODE_LOCAL, 4271 bytes) taskResourceAssignments Map()
2026-08-09 23:12:23,599 INFO scheduler.TaskSetManager: Finished task 15.0 in stage 25.0 (TID 233) in 25 ms on 10.0.0.215 (executor driver) (16/40)
2026-08-09 23:12:23,599 INFO executor.Executor: Running task 16.0 in stage 25.0 (TID 235)
2026-08-09 23:12:23,599 INFO executor.Executor: Finished task 5.0 in stage 27.0 (TID 232). 11821 bytes result sent to driver
2026-08-09 23:12:23,599 INFO scheduler.TaskSetManager: Starting task 6.0 in stage 27.0 (TID 236) (10.0.0.215, executor driver, partition 6, NODE_LOCAL, 4271 bytes) taskResourceAssignments Map()
2026-08-09 23:12:23,599 INFO executor.Executor: Running task 6.0 in stage 27.0 (TID 236)
2026-08-09 23:12:23,600 INFO storage.ShuffleBlockFetcherIterator: Getting 4 (375.1 KiB) non-empty blocks including 4 (375.1 KiB) local and 0 (0.0 B) host-local and 0 (0.0 B) push-merged-local and 0 (0.0 B) remote blocks
2026-08-09 23:12:23,600 INFO storage.ShuffleBlockFetcherIterator: Started 0 remote fetches in 0 ms
2026-08-09 23:12:23,600 INFO scheduler.TaskSetManager: Finished task 5.0 in stage 27.0 (TID 232) in 32 ms on 10.0.0.215 (executor driver) (6/20)
2026-08-09 23:12:23,600 INFO storage.ShuffleBlockFetcherIterator: Getting 4 (795.0 KiB) non-empty blocks including 4 (795.0 KiB) local and 0 (0.0 B) host-local and 0 (0.0 B) push-merged-local and 0 (0.0 B) remote blocks
2026-08-09 23:12:23,600 INFO storage.ShuffleBlockFetcherIterator: Started 0 remote fetches in 0 ms
2026-08-09 23:12:23,602 INFO executor.Executor: Finished task 9.0 in stage 23.0 (TID 230). 12171 bytes result sent to driver
2026-08-09 23:12:23,602 INFO scheduler.TaskSetManager: Starting task 2.0 in stage 30.0 (TID 237) (10.0.0.215, executor driver, partition 2, PROCESS_LOCAL, 5129 bytes) taskResourceAssignments Map()
2026-08-09 23:12:23,603 INFO scheduler.TaskSetManager: Finished task 9.0 in stage 23.0 (TID 230) in 60 ms on 10.0.0.215 (executor driver) (10/10)
2026-08-09 23:12:23,603 INFO scheduler.TaskSchedulerImpl: Removed TaskSet 23.0, whose tasks have all completed, from pool default
2026-08-09 23:12:23,603 INFO scheduler.DAGScheduler: ResultStage 23 (collect at EnsembleTrainer.scala:80) finished in 0.657 s
2026-08-09 23:12:23,603 INFO scheduler.DAGScheduler: Job 17 is finished. Cancelling potential speculative or zombie tasks for this job
2026-08-09 23:12:23,603 INFO scheduler.TaskSchedulerImpl: Killing all running tasks in stage 23: Stage finished
2026-08-09 23:12:23,603 INFO scheduler.DAGScheduler: Job 17 finished: collect at EnsembleTrainer.scala:80, took 3.306033 s
2026-08-09 23:12:23,605 INFO executor.Executor: Running task 2.0 in stage 30.0 (TID 237)
2026-08-09 23:12:23,606 INFO memory.MemoryStore: Block broadcast_45 stored as values in memory (estimated size 167.7 KiB, free 2.2 GiB)
2026-08-09 23:12:23,608 INFO storage.BlockManager: Found block rdd_8_2 locally
2026-08-09 23:12:23,608 INFO memory.MemoryStore: Block broadcast_45_piece0 stored as bytes in memory (estimated size 51.4 KiB, free 2.2 GiB)
2026-08-09 23:12:23,608 INFO storage.BlockManagerInfo: Added broadcast_45_piece0 in memory on 10.0.0.215:64244 (size: 51.4 KiB, free: 2.2 GiB)
2026-08-09 23:12:23,609 INFO spark.SparkContext: Created broadcast 45 from broadcast at EnsemblePredictor.scala:28
2026-08-09 23:12:23,619 INFO spark.SparkContext: Starting job: count at Metrics.scala:12
2026-08-09 23:12:23,619 INFO scheduler.DAGScheduler: Got job 29 (count at Metrics.scala:12) with 2 output partitions
2026-08-09 23:12:23,619 INFO scheduler.DAGScheduler: Final stage: ResultStage 41 (count at Metrics.scala:12)
2026-08-09 23:12:23,619 INFO scheduler.DAGScheduler: Parents of final stage: List()
2026-08-09 23:12:23,620 INFO scheduler.DAGScheduler: Missing parents: List()
2026-08-09 23:12:23,620 INFO scheduler.DAGScheduler: Submitting ResultStage 41 (MapPartitionsRDD[71] at map at EnsembleExperiment.scala:28), which has no missing parents
2026-08-09 23:12:23,621 INFO memory.MemoryStore: Block broadcast_46 stored as values in memory (estimated size 38.2 KiB, free 2.2 GiB)
2026-08-09 23:12:23,622 INFO memory.MemoryStore: Block broadcast_46_piece0 stored as bytes in memory (estimated size 12.0 KiB, free 2.2 GiB)
2026-08-09 23:12:23,622 INFO storage.BlockManagerInfo: Added broadcast_46_piece0 in memory on 10.0.0.215:64244 (size: 12.0 KiB, free: 2.2 GiB)
2026-08-09 23:12:23,622 INFO spark.SparkContext: Created broadcast 46 from broadcast at DAGScheduler.scala:1513
2026-08-09 23:12:23,623 INFO scheduler.DAGScheduler: Submitting 2 missing tasks from ResultStage 41 (MapPartitionsRDD[71] at map at EnsembleExperiment.scala:28) (first 15 tasks are for partitions Vector(0, 1))
2026-08-09 23:12:23,623 INFO scheduler.TaskSchedulerImpl: Adding task set 41.0 with 2 tasks resource profile 0
2026-08-09 23:12:23,623 INFO scheduler.FairSchedulableBuilder: Added task set TaskSet_41.0 tasks to pool default
2026-08-09 23:12:23,629 INFO executor.Executor: Finished task 16.0 in stage 25.0 (TID 235). 12031 bytes result sent to driver
2026-08-09 23:12:23,630 INFO scheduler.TaskSetManager: Starting task 17.0 in stage 25.0 (TID 238) (10.0.0.215, executor driver, partition 17, NODE_LOCAL, 4271 bytes) taskResourceAssignments Map()
2026-08-09 23:12:23,631 INFO executor.Executor: Running task 17.0 in stage 25.0 (TID 238)
2026-08-09 23:12:23,631 INFO scheduler.TaskSetManager: Finished task 16.0 in stage 25.0 (TID 235) in 33 ms on 10.0.0.215 (executor driver) (17/40)
2026-08-09 23:12:23,633 INFO storage.ShuffleBlockFetcherIterator: Getting 4 (375.1 KiB) non-empty blocks including 4 (375.1 KiB) local and 0 (0.0 B) host-local and 0 (0.0 B) push-merged-local and 0 (0.0 B) remote blocks
2026-08-09 23:12:23,633 INFO storage.ShuffleBlockFetcherIterator: Started 0 remote fetches in 0 ms
2026-08-09 23:12:23,638 INFO executor.Executor: Finished task 6.0 in stage 27.0 (TID 236). 11821 bytes result sent to driver
2026-08-09 23:12:23,638 INFO scheduler.TaskSetManager: Starting task 7.0 in stage 27.0 (TID 239) (10.0.0.215, executor driver, partition 7, NODE_LOCAL, 4271 bytes) taskResourceAssignments Map()
2026-08-09 23:12:23,639 INFO executor.Executor: Running task 7.0 in stage 27.0 (TID 239)
2026-08-09 23:12:23,639 INFO scheduler.TaskSetManager: Finished task 6.0 in stage 27.0 (TID 236) in 40 ms on 10.0.0.215 (executor driver) (7/20)
2026-08-09 23:12:23,640 INFO storage.ShuffleBlockFetcherIterator: Getting 4 (795.0 KiB) non-empty blocks including 4 (795.0 KiB) local and 0 (0.0 B) host-local and 0 (0.0 B) push-merged-local and 0 (0.0 B) remote blocks
2026-08-09 23:12:23,640 INFO storage.ShuffleBlockFetcherIterator: Started 0 remote fetches in 0 ms
2026-08-09 23:12:23,652 INFO executor.Executor: Finished task 2.0 in stage 29.0 (TID 234). 6191 bytes result sent to driver
2026-08-09 23:12:23,652 INFO scheduler.TaskSetManager: Starting task 3.0 in stage 29.0 (TID 240) (10.0.0.215, executor driver, partition 3, NODE_LOCAL, 4271 bytes) taskResourceAssignments Map()
2026-08-09 23:12:23,653 INFO scheduler.TaskSetManager: Finished task 2.0 in stage 29.0 (TID 234) in 60 ms on 10.0.0.215 (executor driver) (3/10)
2026-08-09 23:12:23,653 INFO executor.Executor: Running task 3.0 in stage 29.0 (TID 240)
2026-08-09 23:12:23,654 INFO storage.ShuffleBlockFetcherIterator: Getting 4 (1549.3 KiB) non-empty blocks including 4 (1549.3 KiB) local and 0 (0.0 B) host-local and 0 (0.0 B) push-merged-local and 0 (0.0 B) remote blocks
2026-08-09 23:12:23,654 INFO storage.ShuffleBlockFetcherIterator: Started 0 remote fetches in 0 ms
2026-08-09 23:12:23,656 INFO executor.Executor: Finished task 17.0 in stage 25.0 (TID 238). 12284 bytes result sent to driver
2026-08-09 23:12:23,656 INFO scheduler.TaskSetManager: Starting task 18.0 in stage 25.0 (TID 241) (10.0.0.215, executor driver, partition 18, NODE_LOCAL, 4271 bytes) taskResourceAssignments Map()
2026-08-09 23:12:23,656 INFO executor.Executor: Running task 18.0 in stage 25.0 (TID 241)
2026-08-09 23:12:23,656 INFO scheduler.TaskSetManager: Finished task 17.0 in stage 25.0 (TID 238) in 26 ms on 10.0.0.215 (executor driver) (18/40)
2026-08-09 23:12:23,657 INFO storage.ShuffleBlockFetcherIterator: Getting 4 (375.1 KiB) non-empty blocks including 4 (375.1 KiB) local and 0 (0.0 B) host-local and 0 (0.0 B) push-merged-local and 0 (0.0 B) remote blocks
2026-08-09 23:12:23,658 INFO storage.ShuffleBlockFetcherIterator: Started 0 remote fetches in 0 ms
2026-08-09 23:12:23,658 INFO executor.Executor: Finished task 2.0 in stage 30.0 (TID 237). 1942 bytes result sent to driver
2026-08-09 23:12:23,659 INFO scheduler.TaskSetManager: Starting task 3.0 in stage 30.0 (TID 242) (10.0.0.215, executor driver, partition 3, PROCESS_LOCAL, 5129 bytes) taskResourceAssignments Map()
2026-08-09 23:12:23,659 INFO scheduler.TaskSetManager: Finished task 2.0 in stage 30.0 (TID 237) in 57 ms on 10.0.0.215 (executor driver) (3/4)
2026-08-09 23:12:23,659 INFO executor.Executor: Running task 3.0 in stage 30.0 (TID 242)
2026-08-09 23:12:23,660 INFO storage.BlockManager: Found block rdd_8_3 locally
2026-08-09 23:12:23,665 INFO storage.BlockManagerInfo: Removed broadcast_37_piece0 on 10.0.0.215:64244 in memory (size: 3.0 KiB, free: 2.2 GiB)
2026-08-09 23:12:23,678 INFO executor.Executor: Finished task 7.0 in stage 27.0 (TID 239). 12047 bytes result sent to driver
2026-08-09 23:12:23,679 INFO scheduler.TaskSetManager: Starting task 8.0 in stage 27.0 (TID 243) (10.0.0.215, executor driver, partition 8, NODE_LOCAL, 4271 bytes) taskResourceAssignments Map()
2026-08-09 23:12:23,679 INFO executor.Executor: Running task 8.0 in stage 27.0 (TID 243)
2026-08-09 23:12:23,679 INFO scheduler.TaskSetManager: Finished task 7.0 in stage 27.0 (TID 239) in 41 ms on 10.0.0.215 (executor driver) (8/20)
2026-08-09 23:12:23,680 INFO storage.ShuffleBlockFetcherIterator: Getting 4 (795.0 KiB) non-empty blocks including 4 (795.0 KiB) local and 0 (0.0 B) host-local and 0 (0.0 B) push-merged-local and 0 (0.0 B) remote blocks
2026-08-09 23:12:23,680 INFO storage.ShuffleBlockFetcherIterator: Started 0 remote fetches in 0 ms
2026-08-09 23:12:23,685 INFO executor.Executor: Finished task 18.0 in stage 25.0 (TID 241). 12004 bytes result sent to driver
2026-08-09 23:12:23,685 INFO scheduler.TaskSetManager: Starting task 19.0 in stage 25.0 (TID 244) (10.0.0.215, executor driver, partition 19, NODE_LOCAL, 4271 bytes) taskResourceAssignments Map()
2026-08-09 23:12:23,685 INFO executor.Executor: Running task 19.0 in stage 25.0 (TID 244)
2026-08-09 23:12:23,685 INFO scheduler.TaskSetManager: Finished task 18.0 in stage 25.0 (TID 241) in 29 ms on 10.0.0.215 (executor driver) (19/40)
2026-08-09 23:12:23,686 INFO storage.ShuffleBlockFetcherIterator: Getting 4 (375.1 KiB) non-empty blocks including 4 (375.1 KiB) local and 0 (0.0 B) host-local and 0 (0.0 B) push-merged-local and 0 (0.0 B) remote blocks
2026-08-09 23:12:23,686 INFO storage.ShuffleBlockFetcherIterator: Started 0 remote fetches in 0 ms
2026-08-09 23:12:23,695 INFO executor.Executor: Finished task 3.0 in stage 30.0 (TID 242). 1985 bytes result sent to driver
2026-08-09 23:12:23,696 INFO scheduler.TaskSetManager: Starting task 0.0 in stage 32.0 (TID 245) (10.0.0.215, executor driver, partition 0, PROCESS_LOCAL, 5129 bytes) taskResourceAssignments Map()
2026-08-09 23:12:23,697 INFO scheduler.TaskSetManager: Finished task 3.0 in stage 30.0 (TID 242) in 38 ms on 10.0.0.215 (executor driver) (4/4)
2026-08-09 23:12:23,697 INFO scheduler.TaskSchedulerImpl: Removed TaskSet 30.0, whose tasks have all completed, from pool default
2026-08-09 23:12:23,698 INFO executor.Executor: Running task 0.0 in stage 32.0 (TID 245)
2026-08-09 23:12:23,698 INFO scheduler.DAGScheduler: ShuffleMapStage 30 (map at EnsembleTrainer.scala:31) finished in 3.241 s
2026-08-09 23:12:23,698 INFO scheduler.DAGScheduler: looking for newly runnable stages
2026-08-09 23:12:23,698 INFO scheduler.DAGScheduler: running: Set(ResultStage 27, ResultStage 37, ShuffleMapStage 34, ResultStage 38, ShuffleMapStage 32, ResultStage 39, ResultStage 36, ResultStage 25, ResultStage 40, ResultStage 29, ResultStage 41)
2026-08-09 23:12:23,698 INFO scheduler.DAGScheduler: waiting: Set(ResultStage 33, ResultStage 31, ResultStage 35)
2026-08-09 23:12:23,698 INFO scheduler.DAGScheduler: failed: Set()
2026-08-09 23:12:23,698 INFO scheduler.DAGScheduler: Submitting ResultStage 31 (MapPartitionsRDD[53] at mapPartitions at EnsembleTrainer.scala:37), which has no missing parents
2026-08-09 23:12:23,701 INFO memory.MemoryStore: Block broadcast_47 stored as values in memory (estimated size 5.4 KiB, free 2.2 GiB)
2026-08-09 23:12:23,702 INFO storage.BlockManager: Found block rdd_8_0 locally
2026-08-09 23:12:23,702 INFO memory.MemoryStore: Block broadcast_47_piece0 stored as bytes in memory (estimated size 3.0 KiB, free 2.2 GiB)
2026-08-09 23:12:23,702 INFO storage.BlockManagerInfo: Added broadcast_47_piece0 in memory on 10.0.0.215:64244 (size: 3.0 KiB, free: 2.2 GiB)
2026-08-09 23:12:23,703 INFO spark.SparkContext: Created broadcast 47 from broadcast at DAGScheduler.scala:1513
2026-08-09 23:12:23,706 INFO scheduler.DAGScheduler: Submitting 40 missing tasks from ResultStage 31 (MapPartitionsRDD[53] at mapPartitions at EnsembleTrainer.scala:37) (first 15 tasks are for partitions Vector(0, 1, 2, 3, 4, 5, 6, 7, 8, 9, 10, 11, 12, 13, 14))
2026-08-09 23:12:23,706 INFO scheduler.TaskSchedulerImpl: Adding task set 31.0 with 40 tasks resource profile 0
2026-08-09 23:12:23,706 INFO scheduler.FairSchedulableBuilder: Added task set TaskSet_31.0 tasks to pool default
2026-08-09 23:12:23,716 INFO executor.Executor: Finished task 3.0 in stage 29.0 (TID 240). 6094 bytes result sent to driver
2026-08-09 23:12:23,717 INFO scheduler.TaskSetManager: Starting task 4.0 in stage 29.0 (TID 246) (10.0.0.215, executor driver, partition 4, NODE_LOCAL, 4271 bytes) taskResourceAssignments Map()
2026-08-09 23:12:23,717 INFO executor.Executor: Finished task 19.0 in stage 25.0 (TID 244). 12101 bytes result sent to driver
2026-08-09 23:12:23,718 INFO scheduler.TaskSetManager: Starting task 20.0 in stage 25.0 (TID 247) (10.0.0.215, executor driver, partition 20, NODE_LOCAL, 4271 bytes) taskResourceAssignments Map()
2026-08-09 23:12:23,719 INFO executor.Executor: Running task 20.0 in stage 25.0 (TID 247)
2026-08-09 23:12:23,719 INFO scheduler.TaskSetManager: Finished task 3.0 in stage 29.0 (TID 240) in 67 ms on 10.0.0.215 (executor driver) (4/10)
2026-08-09 23:12:23,719 INFO executor.Executor: Running task 4.0 in stage 29.0 (TID 246)
2026-08-09 23:12:23,719 INFO scheduler.TaskSetManager: Finished task 19.0 in stage 25.0 (TID 244) in 34 ms on 10.0.0.215 (executor driver) (20/40)
2026-08-09 23:12:23,720 INFO storage.ShuffleBlockFetcherIterator: Getting 4 (1549.3 KiB) non-empty blocks including 4 (1549.3 KiB) local and 0 (0.0 B) host-local and 0 (0.0 B) push-merged-local and 0 (0.0 B) remote blocks
2026-08-09 23:12:23,720 INFO storage.ShuffleBlockFetcherIterator: Started 0 remote fetches in 0 ms
2026-08-09 23:12:23,721 INFO storage.ShuffleBlockFetcherIterator: Getting 4 (375.1 KiB) non-empty blocks including 4 (375.1 KiB) local and 0 (0.0 B) host-local and 0 (0.0 B) push-merged-local and 0 (0.0 B) remote blocks
2026-08-09 23:12:23,721 INFO storage.ShuffleBlockFetcherIterator: Started 0 remote fetches in 0 ms
2026-08-09 23:12:23,724 INFO executor.Executor: Finished task 8.0 in stage 27.0 (TID 243). 11961 bytes result sent to driver
2026-08-09 23:12:23,724 INFO scheduler.TaskSetManager: Starting task 9.0 in stage 27.0 (TID 248) (10.0.0.215, executor driver, partition 9, NODE_LOCAL, 4271 bytes) taskResourceAssignments Map()
2026-08-09 23:12:23,725 INFO executor.Executor: Running task 9.0 in stage 27.0 (TID 248)
2026-08-09 23:12:23,725 INFO scheduler.TaskSetManager: Finished task 8.0 in stage 27.0 (TID 243) in 46 ms on 10.0.0.215 (executor driver) (9/20)
2026-08-09 23:12:23,726 INFO storage.ShuffleBlockFetcherIterator: Getting 4 (795.0 KiB) non-empty blocks including 4 (795.0 KiB) local and 0 (0.0 B) host-local and 0 (0.0 B) push-merged-local and 0 (0.0 B) remote blocks
2026-08-09 23:12:23,726 INFO storage.ShuffleBlockFetcherIterator: Started 0 remote fetches in 0 ms
2026-08-09 23:12:23,752 INFO executor.Executor: Finished task 20.0 in stage 25.0 (TID 247). 12284 bytes result sent to driver
2026-08-09 23:12:23,752 INFO scheduler.TaskSetManager: Starting task 21.0 in stage 25.0 (TID 249) (10.0.0.215, executor driver, partition 21, NODE_LOCAL, 4271 bytes) taskResourceAssignments Map()
2026-08-09 23:12:23,752 INFO executor.Executor: Finished task 0.0 in stage 32.0 (TID 245). 1912 bytes result sent to driver
2026-08-09 23:12:23,752 INFO scheduler.TaskSetManager: Starting task 0.0 in stage 31.0 (TID 250) (10.0.0.215, executor driver, partition 0, NODE_LOCAL, 4271 bytes) taskResourceAssignments Map()
2026-08-09 23:12:23,752 INFO scheduler.TaskSetManager: Finished task 20.0 in stage 25.0 (TID 247) in 34 ms on 10.0.0.215 (executor driver) (21/40)
2026-08-09 23:12:23,753 INFO scheduler.TaskSetManager: Finished task 0.0 in stage 32.0 (TID 245) in 58 ms on 10.0.0.215 (executor driver) (1/4)
2026-08-09 23:12:23,753 INFO executor.Executor: Running task 0.0 in stage 31.0 (TID 250)
2026-08-09 23:12:23,753 INFO executor.Executor: Running task 21.0 in stage 25.0 (TID 249)
2026-08-09 23:12:23,754 INFO storage.ShuffleBlockFetcherIterator: Getting 4 (375.1 KiB) non-empty blocks including 4 (375.1 KiB) local and 0 (0.0 B) host-local and 0 (0.0 B) push-merged-local and 0 (0.0 B) remote blocks
2026-08-09 23:12:23,754 INFO storage.ShuffleBlockFetcherIterator: Started 0 remote fetches in 0 ms
2026-08-09 23:12:23,754 INFO storage.ShuffleBlockFetcherIterator: Getting 4 (375.1 KiB) non-empty blocks including 4 (375.1 KiB) local and 0 (0.0 B) host-local and 0 (0.0 B) push-merged-local and 0 (0.0 B) remote blocks
2026-08-09 23:12:23,754 INFO storage.ShuffleBlockFetcherIterator: Started 0 remote fetches in 0 ms
2026-08-09 23:12:23,762 INFO executor.Executor: Finished task 9.0 in stage 27.0 (TID 248). 11891 bytes result sent to driver
2026-08-09 23:12:23,762 INFO scheduler.TaskSetManager: Starting task 10.0 in stage 27.0 (TID 251) (10.0.0.215, executor driver, partition 10, NODE_LOCAL, 4271 bytes) taskResourceAssignments Map()
2026-08-09 23:12:23,763 INFO executor.Executor: Running task 10.0 in stage 27.0 (TID 251)
2026-08-09 23:12:23,764 INFO scheduler.TaskSetManager: Finished task 9.0 in stage 27.0 (TID 248) in 40 ms on 10.0.0.215 (executor driver) (10/20)
2026-08-09 23:12:23,765 INFO storage.ShuffleBlockFetcherIterator: Getting 4 (795.0 KiB) non-empty blocks including 4 (795.0 KiB) local and 0 (0.0 B) host-local and 0 (0.0 B) push-merged-local and 0 (0.0 B) remote blocks
2026-08-09 23:12:23,765 INFO storage.ShuffleBlockFetcherIterator: Started 0 remote fetches in 0 ms
2026-08-09 23:12:23,775 INFO executor.Executor: Finished task 0.0 in stage 31.0 (TID 250). 6191 bytes result sent to driver
2026-08-09 23:12:23,775 INFO scheduler.TaskSetManager: Starting task 1.0 in stage 31.0 (TID 252) (10.0.0.215, executor driver, partition 1, NODE_LOCAL, 4271 bytes) taskResourceAssignments Map()
2026-08-09 23:12:23,776 INFO executor.Executor: Running task 1.0 in stage 31.0 (TID 252)
2026-08-09 23:12:23,776 INFO scheduler.TaskSetManager: Finished task 0.0 in stage 31.0 (TID 250) in 24 ms on 10.0.0.215 (executor driver) (1/40)
2026-08-09 23:12:23,777 INFO storage.ShuffleBlockFetcherIterator: Getting 4 (375.1 KiB) non-empty blocks including 4 (375.1 KiB) local and 0 (0.0 B) host-local and 0 (0.0 B) push-merged-local and 0 (0.0 B) remote blocks
2026-08-09 23:12:23,777 INFO storage.ShuffleBlockFetcherIterator: Started 0 remote fetches in 0 ms
2026-08-09 23:12:23,780 INFO executor.Executor: Finished task 4.0 in stage 29.0 (TID 246). 6191 bytes result sent to driver
2026-08-09 23:12:23,780 INFO scheduler.TaskSetManager: Starting task 5.0 in stage 29.0 (TID 253) (10.0.0.215, executor driver, partition 5, NODE_LOCAL, 4271 bytes) taskResourceAssignments Map()
2026-08-09 23:12:23,781 INFO scheduler.TaskSetManager: Finished task 4.0 in stage 29.0 (TID 246) in 65 ms on 10.0.0.215 (executor driver) (5/10)
2026-08-09 23:12:23,781 INFO executor.Executor: Running task 5.0 in stage 29.0 (TID 253)
2026-08-09 23:12:23,782 INFO storage.ShuffleBlockFetcherIterator: Getting 4 (1549.3 KiB) non-empty blocks including 4 (1549.3 KiB) local and 0 (0.0 B) host-local and 0 (0.0 B) push-merged-local and 0 (0.0 B) remote blocks
2026-08-09 23:12:23,783 INFO storage.ShuffleBlockFetcherIterator: Started 0 remote fetches in 0 ms
2026-08-09 23:12:23,788 INFO executor.Executor: Finished task 21.0 in stage 25.0 (TID 249). 12101 bytes result sent to driver
2026-08-09 23:12:23,788 INFO scheduler.TaskSetManager: Starting task 22.0 in stage 25.0 (TID 254) (10.0.0.215, executor driver, partition 22, NODE_LOCAL, 4271 bytes) taskResourceAssignments Map()
2026-08-09 23:12:23,788 INFO executor.Executor: Running task 22.0 in stage 25.0 (TID 254)
2026-08-09 23:12:23,788 INFO scheduler.TaskSetManager: Finished task 21.0 in stage 25.0 (TID 249) in 36 ms on 10.0.0.215 (executor driver) (22/40)
2026-08-09 23:12:23,789 INFO executor.Executor: Finished task 1.0 in stage 31.0 (TID 252). 6121 bytes result sent to driver
2026-08-09 23:12:23,789 INFO storage.ShuffleBlockFetcherIterator: Getting 4 (375.1 KiB) non-empty blocks including 4 (375.1 KiB) local and 0 (0.0 B) host-local and 0 (0.0 B) push-merged-local and 0 (0.0 B) remote blocks
2026-08-09 23:12:23,789 INFO storage.ShuffleBlockFetcherIterator: Started 0 remote fetches in 0 ms
2026-08-09 23:12:23,790 INFO scheduler.TaskSetManager: Starting task 2.0 in stage 31.0 (TID 255) (10.0.0.215, executor driver, partition 2, NODE_LOCAL, 4271 bytes) taskResourceAssignments Map()
2026-08-09 23:12:23,790 INFO executor.Executor: Running task 2.0 in stage 31.0 (TID 255)
2026-08-09 23:12:23,791 INFO scheduler.TaskSetManager: Finished task 1.0 in stage 31.0 (TID 252) in 16 ms on 10.0.0.215 (executor driver) (2/40)
2026-08-09 23:12:23,792 INFO storage.ShuffleBlockFetcherIterator: Getting 4 (375.1 KiB) non-empty blocks including 4 (375.1 KiB) local and 0 (0.0 B) host-local and 0 (0.0 B) push-merged-local and 0 (0.0 B) remote blocks
2026-08-09 23:12:23,792 INFO storage.ShuffleBlockFetcherIterator: Started 0 remote fetches in 0 ms
2026-08-09 23:12:23,802 INFO executor.Executor: Finished task 10.0 in stage 27.0 (TID 251). 12214 bytes result sent to driver
2026-08-09 23:12:23,802 INFO scheduler.TaskSetManager: Starting task 11.0 in stage 27.0 (TID 256) (10.0.0.215, executor driver, partition 11, NODE_LOCAL, 4271 bytes) taskResourceAssignments Map()
2026-08-09 23:12:23,802 INFO executor.Executor: Running task 11.0 in stage 27.0 (TID 256)
2026-08-09 23:12:23,802 INFO scheduler.TaskSetManager: Finished task 10.0 in stage 27.0 (TID 251) in 40 ms on 10.0.0.215 (executor driver) (11/20)
2026-08-09 23:12:23,803 INFO storage.ShuffleBlockFetcherIterator: Getting 4 (795.0 KiB) non-empty blocks including 4 (795.0 KiB) local and 0 (0.0 B) host-local and 0 (0.0 B) push-merged-local and 0 (0.0 B) remote blocks
2026-08-09 23:12:23,803 INFO storage.ShuffleBlockFetcherIterator: Started 0 remote fetches in 0 ms
2026-08-09 23:12:23,806 INFO executor.Executor: Finished task 2.0 in stage 31.0 (TID 255). 6376 bytes result sent to driver
2026-08-09 23:12:23,806 INFO scheduler.TaskSetManager: Starting task 3.0 in stage 31.0 (TID 257) (10.0.0.215, executor driver, partition 3, NODE_LOCAL, 4271 bytes) taskResourceAssignments Map()
2026-08-09 23:12:23,806 INFO executor.Executor: Running task 3.0 in stage 31.0 (TID 257)
2026-08-09 23:12:23,806 INFO scheduler.TaskSetManager: Finished task 2.0 in stage 31.0 (TID 255) in 16 ms on 10.0.0.215 (executor driver) (3/40)
2026-08-09 23:12:23,807 INFO storage.ShuffleBlockFetcherIterator: Getting 4 (375.1 KiB) non-empty blocks including 4 (375.1 KiB) local and 0 (0.0 B) host-local and 0 (0.0 B) push-merged-local and 0 (0.0 B) remote blocks
2026-08-09 23:12:23,807 INFO storage.ShuffleBlockFetcherIterator: Started 0 remote fetches in 0 ms
2026-08-09 23:12:23,822 INFO executor.Executor: Finished task 22.0 in stage 25.0 (TID 254). 12074 bytes result sent to driver
2026-08-09 23:12:23,822 INFO executor.Executor: Finished task 3.0 in stage 31.0 (TID 257). 6121 bytes result sent to driver
2026-08-09 23:12:23,823 INFO scheduler.TaskSetManager: Starting task 23.0 in stage 25.0 (TID 258) (10.0.0.215, executor driver, partition 23, NODE_LOCAL, 4271 bytes) taskResourceAssignments Map()
2026-08-09 23:12:23,824 INFO executor.Executor: Running task 23.0 in stage 25.0 (TID 258)
2026-08-09 23:12:23,824 INFO scheduler.TaskSetManager: Starting task 4.0 in stage 31.0 (TID 259) (10.0.0.215, executor driver, partition 4, NODE_LOCAL, 4271 bytes) taskResourceAssignments Map()
2026-08-09 23:12:23,824 INFO scheduler.TaskSetManager: Finished task 22.0 in stage 25.0 (TID 254) in 36 ms on 10.0.0.215 (executor driver) (23/40)
2026-08-09 23:12:23,824 INFO scheduler.TaskSetManager: Finished task 3.0 in stage 31.0 (TID 257) in 18 ms on 10.0.0.215 (executor driver) (4/40)
2026-08-09 23:12:23,824 INFO executor.Executor: Running task 4.0 in stage 31.0 (TID 259)
2026-08-09 23:12:23,825 INFO storage.ShuffleBlockFetcherIterator: Getting 4 (375.1 KiB) non-empty blocks including 4 (375.1 KiB) local and 0 (0.0 B) host-local and 0 (0.0 B) push-merged-local and 0 (0.0 B) remote blocks
2026-08-09 23:12:23,825 INFO storage.ShuffleBlockFetcherIterator: Getting 4 (375.1 KiB) non-empty blocks including 4 (375.1 KiB) local and 0 (0.0 B) host-local and 0 (0.0 B) push-merged-local and 0 (0.0 B) remote blocks
2026-08-09 23:12:23,825 INFO storage.ShuffleBlockFetcherIterator: Started 0 remote fetches in 0 ms
2026-08-09 23:12:23,825 INFO storage.ShuffleBlockFetcherIterator: Started 0 remote fetches in 0 ms
2026-08-09 23:12:23,839 INFO executor.Executor: Finished task 5.0 in stage 29.0 (TID 253). 6121 bytes result sent to driver
2026-08-09 23:12:23,839 INFO scheduler.TaskSetManager: Starting task 6.0 in stage 29.0 (TID 260) (10.0.0.215, executor driver, partition 6, NODE_LOCAL, 4271 bytes) taskResourceAssignments Map()
2026-08-09 23:12:23,840 INFO executor.Executor: Running task 6.0 in stage 29.0 (TID 260)
2026-08-09 23:12:23,840 INFO scheduler.TaskSetManager: Finished task 5.0 in stage 29.0 (TID 253) in 60 ms on 10.0.0.215 (executor driver) (6/10)
2026-08-09 23:12:23,841 INFO storage.ShuffleBlockFetcherIterator: Getting 4 (1549.3 KiB) non-empty blocks including 4 (1549.3 KiB) local and 0 (0.0 B) host-local and 0 (0.0 B) push-merged-local and 0 (0.0 B) remote blocks
2026-08-09 23:12:23,841 INFO storage.ShuffleBlockFetcherIterator: Started 0 remote fetches in 0 ms
2026-08-09 23:12:23,842 INFO executor.Executor: Finished task 4.0 in stage 31.0 (TID 259). 6263 bytes result sent to driver
2026-08-09 23:12:23,842 INFO scheduler.TaskSetManager: Starting task 5.0 in stage 31.0 (TID 261) (10.0.0.215, executor driver, partition 5, NODE_LOCAL, 4271 bytes) taskResourceAssignments Map()
2026-08-09 23:12:23,843 INFO scheduler.TaskSetManager: Finished task 4.0 in stage 31.0 (TID 259) in 19 ms on 10.0.0.215 (executor driver) (5/40)
2026-08-09 23:12:23,843 INFO executor.Executor: Running task 5.0 in stage 31.0 (TID 261)
2026-08-09 23:12:23,844 INFO storage.ShuffleBlockFetcherIterator: Getting 4 (375.1 KiB) non-empty blocks including 4 (375.1 KiB) local and 0 (0.0 B) host-local and 0 (0.0 B) push-merged-local and 0 (0.0 B) remote blocks
2026-08-09 23:12:23,844 INFO storage.ShuffleBlockFetcherIterator: Started 0 remote fetches in 0 ms
2026-08-09 23:12:23,848 INFO executor.Executor: Finished task 11.0 in stage 27.0 (TID 256). 11681 bytes result sent to driver
2026-08-09 23:12:23,849 INFO executor.Executor: Finished task 23.0 in stage 25.0 (TID 258). 12171 bytes result sent to driver
2026-08-09 23:12:23,849 INFO scheduler.TaskSetManager: Starting task 12.0 in stage 27.0 (TID 262) (10.0.0.215, executor driver, partition 12, NODE_LOCAL, 4271 bytes) taskResourceAssignments Map()
2026-08-09 23:12:23,849 INFO scheduler.TaskSetManager: Starting task 24.0 in stage 25.0 (TID 263) (10.0.0.215, executor driver, partition 24, NODE_LOCAL, 4271 bytes) taskResourceAssignments Map()
2026-08-09 23:12:23,849 INFO executor.Executor: Running task 12.0 in stage 27.0 (TID 262)
2026-08-09 23:12:23,849 INFO executor.Executor: Running task 24.0 in stage 25.0 (TID 263)
2026-08-09 23:12:23,849 INFO scheduler.TaskSetManager: Finished task 11.0 in stage 27.0 (TID 256) in 47 ms on 10.0.0.215 (executor driver) (12/20)
2026-08-09 23:12:23,850 INFO scheduler.TaskSetManager: Finished task 23.0 in stage 25.0 (TID 258) in 27 ms on 10.0.0.215 (executor driver) (24/40)
2026-08-09 23:12:23,850 INFO storage.ShuffleBlockFetcherIterator: Getting 4 (795.0 KiB) non-empty blocks including 4 (795.0 KiB) local and 0 (0.0 B) host-local and 0 (0.0 B) push-merged-local and 0 (0.0 B) remote blocks
2026-08-09 23:12:23,850 INFO storage.ShuffleBlockFetcherIterator: Started 0 remote fetches in 0 ms
2026-08-09 23:12:23,851 INFO storage.ShuffleBlockFetcherIterator: Getting 4 (375.1 KiB) non-empty blocks including 4 (375.1 KiB) local and 0 (0.0 B) host-local and 0 (0.0 B) push-merged-local and 0 (0.0 B) remote blocks
2026-08-09 23:12:23,851 INFO storage.ShuffleBlockFetcherIterator: Started 0 remote fetches in 0 ms
2026-08-09 23:12:23,858 INFO executor.Executor: Finished task 5.0 in stage 31.0 (TID 261). 5981 bytes result sent to driver
2026-08-09 23:12:23,859 INFO scheduler.TaskSetManager: Starting task 6.0 in stage 31.0 (TID 264) (10.0.0.215, executor driver, partition 6, NODE_LOCAL, 4271 bytes) taskResourceAssignments Map()
2026-08-09 23:12:23,859 INFO executor.Executor: Running task 6.0 in stage 31.0 (TID 264)
2026-08-09 23:12:23,859 INFO scheduler.TaskSetManager: Finished task 5.0 in stage 31.0 (TID 261) in 17 ms on 10.0.0.215 (executor driver) (6/40)
2026-08-09 23:12:23,860 INFO storage.ShuffleBlockFetcherIterator: Getting 4 (375.1 KiB) non-empty blocks including 4 (375.1 KiB) local and 0 (0.0 B) host-local and 0 (0.0 B) push-merged-local and 0 (0.0 B) remote blocks
2026-08-09 23:12:23,860 INFO storage.ShuffleBlockFetcherIterator: Started 0 remote fetches in 0 ms
2026-08-09 23:12:23,874 INFO executor.Executor: Finished task 6.0 in stage 31.0 (TID 264). 6191 bytes result sent to driver
2026-08-09 23:12:23,874 INFO scheduler.TaskSetManager: Starting task 7.0 in stage 31.0 (TID 265) (10.0.0.215, executor driver, partition 7, NODE_LOCAL, 4271 bytes) taskResourceAssignments Map()
2026-08-09 23:12:23,875 INFO executor.Executor: Running task 7.0 in stage 31.0 (TID 265)
2026-08-09 23:12:23,875 INFO scheduler.TaskSetManager: Finished task 6.0 in stage 31.0 (TID 264) in 17 ms on 10.0.0.215 (executor driver) (7/40)
2026-08-09 23:12:23,876 INFO storage.ShuffleBlockFetcherIterator: Getting 4 (375.1 KiB) non-empty blocks including 4 (375.1 KiB) local and 0 (0.0 B) host-local and 0 (0.0 B) push-merged-local and 0 (0.0 B) remote blocks
2026-08-09 23:12:23,876 INFO storage.ShuffleBlockFetcherIterator: Started 0 remote fetches in 0 ms
2026-08-09 23:12:23,881 INFO executor.Executor: Finished task 24.0 in stage 25.0 (TID 263). 12144 bytes result sent to driver
2026-08-09 23:12:23,881 INFO scheduler.TaskSetManager: Starting task 25.0 in stage 25.0 (TID 266) (10.0.0.215, executor driver, partition 25, NODE_LOCAL, 4271 bytes) taskResourceAssignments Map()
2026-08-09 23:12:23,881 INFO executor.Executor: Running task 25.0 in stage 25.0 (TID 266)
2026-08-09 23:12:23,881 INFO scheduler.TaskSetManager: Finished task 24.0 in stage 25.0 (TID 263) in 32 ms on 10.0.0.215 (executor driver) (25/40)
2026-08-09 23:12:23,882 INFO storage.ShuffleBlockFetcherIterator: Getting 4 (375.1 KiB) non-empty blocks including 4 (375.1 KiB) local and 0 (0.0 B) host-local and 0 (0.0 B) push-merged-local and 0 (0.0 B) remote blocks
2026-08-09 23:12:23,883 INFO storage.ShuffleBlockFetcherIterator: Started 0 remote fetches in 0 ms
2026-08-09 23:12:23,888 INFO executor.Executor: Finished task 6.0 in stage 29.0 (TID 260). 6051 bytes result sent to driver
2026-08-09 23:12:23,888 INFO executor.Executor: Finished task 7.0 in stage 31.0 (TID 265). 6191 bytes result sent to driver
2026-08-09 23:12:23,889 INFO scheduler.TaskSetManager: Starting task 7.0 in stage 29.0 (TID 267) (10.0.0.215, executor driver, partition 7, NODE_LOCAL, 4271 bytes) taskResourceAssignments Map()
2026-08-09 23:12:23,889 INFO scheduler.TaskSetManager: Starting task 8.0 in stage 31.0 (TID 268) (10.0.0.215, executor driver, partition 8, NODE_LOCAL, 4271 bytes) taskResourceAssignments Map()
2026-08-09 23:12:23,889 INFO executor.Executor: Running task 7.0 in stage 29.0 (TID 267)
2026-08-09 23:12:23,889 INFO executor.Executor: Running task 8.0 in stage 31.0 (TID 268)
2026-08-09 23:12:23,889 INFO scheduler.TaskSetManager: Finished task 7.0 in stage 31.0 (TID 265) in 15 ms on 10.0.0.215 (executor driver) (8/40)
2026-08-09 23:12:23,889 INFO scheduler.TaskSetManager: Finished task 6.0 in stage 29.0 (TID 260) in 50 ms on 10.0.0.215 (executor driver) (7/10)
2026-08-09 23:12:23,890 INFO executor.Executor: Finished task 12.0 in stage 27.0 (TID 262). 11961 bytes result sent to driver
2026-08-09 23:12:23,890 INFO scheduler.TaskSetManager: Starting task 13.0 in stage 27.0 (TID 269) (10.0.0.215, executor driver, partition 13, NODE_LOCAL, 4271 bytes) taskResourceAssignments Map()
2026-08-09 23:12:23,890 INFO storage.ShuffleBlockFetcherIterator: Getting 4 (375.1 KiB) non-empty blocks including 4 (375.1 KiB) local and 0 (0.0 B) host-local and 0 (0.0 B) push-merged-local and 0 (0.0 B) remote blocks
2026-08-09 23:12:23,890 INFO storage.ShuffleBlockFetcherIterator: Started 0 remote fetches in 0 ms
2026-08-09 23:12:23,890 INFO storage.ShuffleBlockFetcherIterator: Getting 4 (1549.3 KiB) non-empty blocks including 4 (1549.3 KiB) local and 0 (0.0 B) host-local and 0 (0.0 B) push-merged-local and 0 (0.0 B) remote blocks
2026-08-09 23:12:23,890 INFO storage.ShuffleBlockFetcherIterator: Started 0 remote fetches in 0 ms
2026-08-09 23:12:23,890 INFO executor.Executor: Running task 13.0 in stage 27.0 (TID 269)
2026-08-09 23:12:23,890 INFO scheduler.TaskSetManager: Finished task 12.0 in stage 27.0 (TID 262) in 41 ms on 10.0.0.215 (executor driver) (13/20)
2026-08-09 23:12:23,892 INFO storage.ShuffleBlockFetcherIterator: Getting 4 (795.0 KiB) non-empty blocks including 4 (795.0 KiB) local and 0 (0.0 B) host-local and 0 (0.0 B) push-merged-local and 0 (0.0 B) remote blocks
2026-08-09 23:12:23,892 INFO storage.ShuffleBlockFetcherIterator: Started 0 remote fetches in 0 ms
2026-08-09 23:12:23,904 INFO executor.Executor: Finished task 8.0 in stage 31.0 (TID 268). 6051 bytes result sent to driver
2026-08-09 23:12:23,905 INFO scheduler.TaskSetManager: Starting task 9.0 in stage 31.0 (TID 270) (10.0.0.215, executor driver, partition 9, NODE_LOCAL, 4271 bytes) taskResourceAssignments Map()
2026-08-09 23:12:23,905 INFO executor.Executor: Running task 9.0 in stage 31.0 (TID 270)
2026-08-09 23:12:23,905 INFO scheduler.TaskSetManager: Finished task 8.0 in stage 31.0 (TID 268) in 16 ms on 10.0.0.215 (executor driver) (9/40)
2026-08-09 23:12:23,909 INFO storage.ShuffleBlockFetcherIterator: Getting 4 (375.1 KiB) non-empty blocks including 4 (375.1 KiB) local and 0 (0.0 B) host-local and 0 (0.0 B) push-merged-local and 0 (0.0 B) remote blocks
2026-08-09 23:12:23,909 INFO executor.Executor: Finished task 25.0 in stage 25.0 (TID 266). 11864 bytes result sent to driver
2026-08-09 23:12:23,909 INFO storage.ShuffleBlockFetcherIterator: Started 0 remote fetches in 0 ms
2026-08-09 23:12:23,910 INFO scheduler.TaskSetManager: Starting task 26.0 in stage 25.0 (TID 271) (10.0.0.215, executor driver, partition 26, NODE_LOCAL, 4271 bytes) taskResourceAssignments Map()
2026-08-09 23:12:23,910 INFO executor.Executor: Running task 26.0 in stage 25.0 (TID 271)
2026-08-09 23:12:23,910 INFO scheduler.TaskSetManager: Finished task 25.0 in stage 25.0 (TID 266) in 29 ms on 10.0.0.215 (executor driver) (26/40)
2026-08-09 23:12:23,911 INFO storage.ShuffleBlockFetcherIterator: Getting 4 (375.1 KiB) non-empty blocks including 4 (375.1 KiB) local and 0 (0.0 B) host-local and 0 (0.0 B) push-merged-local and 0 (0.0 B) remote blocks
2026-08-09 23:12:23,912 INFO storage.ShuffleBlockFetcherIterator: Started 0 remote fetches in 0 ms
2026-08-09 23:12:23,923 INFO executor.Executor: Finished task 9.0 in stage 31.0 (TID 270). 6207 bytes result sent to driver
2026-08-09 23:12:23,924 INFO scheduler.TaskSetManager: Starting task 10.0 in stage 31.0 (TID 272) (10.0.0.215, executor driver, partition 10, NODE_LOCAL, 4271 bytes) taskResourceAssignments Map()
2026-08-09 23:12:23,924 INFO executor.Executor: Running task 10.0 in stage 31.0 (TID 272)
2026-08-09 23:12:23,924 INFO scheduler.TaskSetManager: Finished task 9.0 in stage 31.0 (TID 270) in 20 ms on 10.0.0.215 (executor driver) (10/40)
2026-08-09 23:12:23,925 INFO storage.ShuffleBlockFetcherIterator: Getting 4 (375.1 KiB) non-empty blocks including 4 (375.1 KiB) local and 0 (0.0 B) host-local and 0 (0.0 B) push-merged-local and 0 (0.0 B) remote blocks
2026-08-09 23:12:23,925 INFO storage.ShuffleBlockFetcherIterator: Started 0 remote fetches in 0 ms
2026-08-09 23:12:23,933 INFO executor.Executor: Finished task 13.0 in stage 27.0 (TID 269). 12284 bytes result sent to driver
2026-08-09 23:12:23,934 INFO scheduler.TaskSetManager: Starting task 14.0 in stage 27.0 (TID 273) (10.0.0.215, executor driver, partition 14, NODE_LOCAL, 4271 bytes) taskResourceAssignments Map()
2026-08-09 23:12:23,934 INFO executor.Executor: Running task 14.0 in stage 27.0 (TID 273)
2026-08-09 23:12:23,934 INFO scheduler.TaskSetManager: Finished task 13.0 in stage 27.0 (TID 269) in 44 ms on 10.0.0.215 (executor driver) (14/20)
2026-08-09 23:12:23,935 INFO storage.ShuffleBlockFetcherIterator: Getting 4 (795.0 KiB) non-empty blocks including 4 (795.0 KiB) local and 0 (0.0 B) host-local and 0 (0.0 B) push-merged-local and 0 (0.0 B) remote blocks
2026-08-09 23:12:23,935 INFO storage.ShuffleBlockFetcherIterator: Started 0 remote fetches in 0 ms
2026-08-09 23:12:23,937 INFO executor.Executor: Finished task 26.0 in stage 25.0 (TID 271). 11934 bytes result sent to driver
2026-08-09 23:12:23,937 INFO executor.Executor: Finished task 10.0 in stage 31.0 (TID 272). 6121 bytes result sent to driver
2026-08-09 23:12:23,937 INFO scheduler.TaskSetManager: Starting task 27.0 in stage 25.0 (TID 274) (10.0.0.215, executor driver, partition 27, NODE_LOCAL, 4271 bytes) taskResourceAssignments Map()
2026-08-09 23:12:23,938 INFO scheduler.TaskSetManager: Starting task 11.0 in stage 31.0 (TID 275) (10.0.0.215, executor driver, partition 11, NODE_LOCAL, 4271 bytes) taskResourceAssignments Map()
2026-08-09 23:12:23,938 INFO executor.Executor: Running task 27.0 in stage 25.0 (TID 274)
2026-08-09 23:12:23,938 INFO scheduler.TaskSetManager: Finished task 10.0 in stage 31.0 (TID 272) in 14 ms on 10.0.0.215 (executor driver) (11/40)
2026-08-09 23:12:23,938 INFO scheduler.TaskSetManager: Finished task 26.0 in stage 25.0 (TID 271) in 28 ms on 10.0.0.215 (executor driver) (27/40)
2026-08-09 23:12:23,938 INFO executor.Executor: Running task 11.0 in stage 31.0 (TID 275)
2026-08-09 23:12:23,939 INFO storage.ShuffleBlockFetcherIterator: Getting 4 (375.1 KiB) non-empty blocks including 4 (375.1 KiB) local and 0 (0.0 B) host-local and 0 (0.0 B) push-merged-local and 0 (0.0 B) remote blocks
2026-08-09 23:12:23,939 INFO storage.ShuffleBlockFetcherIterator: Started 0 remote fetches in 0 ms
2026-08-09 23:12:23,939 INFO storage.ShuffleBlockFetcherIterator: Getting 4 (375.1 KiB) non-empty blocks including 4 (375.1 KiB) local and 0 (0.0 B) host-local and 0 (0.0 B) push-merged-local and 0 (0.0 B) remote blocks
2026-08-09 23:12:23,939 INFO storage.ShuffleBlockFetcherIterator: Started 0 remote fetches in 0 ms
2026-08-09 23:12:23,940 INFO executor.Executor: Finished task 7.0 in stage 29.0 (TID 267). 6277 bytes result sent to driver
2026-08-09 23:12:23,941 INFO scheduler.TaskSetManager: Starting task 8.0 in stage 29.0 (TID 276) (10.0.0.215, executor driver, partition 8, NODE_LOCAL, 4271 bytes) taskResourceAssignments Map()
2026-08-09 23:12:23,941 INFO executor.Executor: Running task 8.0 in stage 29.0 (TID 276)
2026-08-09 23:12:23,941 INFO scheduler.TaskSetManager: Finished task 7.0 in stage 29.0 (TID 267) in 53 ms on 10.0.0.215 (executor driver) (8/10)
2026-08-09 23:12:23,943 INFO storage.ShuffleBlockFetcherIterator: Getting 4 (1549.3 KiB) non-empty blocks including 4 (1549.3 KiB) local and 0 (0.0 B) host-local and 0 (0.0 B) push-merged-local and 0 (0.0 B) remote blocks
2026-08-09 23:12:23,943 INFO storage.ShuffleBlockFetcherIterator: Started 0 remote fetches in 0 ms
2026-08-09 23:12:23,953 INFO executor.Executor: Finished task 11.0 in stage 31.0 (TID 275). 6121 bytes result sent to driver
2026-08-09 23:12:23,954 INFO scheduler.TaskSetManager: Starting task 12.0 in stage 31.0 (TID 277) (10.0.0.215, executor driver, partition 12, NODE_LOCAL, 4271 bytes) taskResourceAssignments Map()
2026-08-09 23:12:23,954 INFO scheduler.TaskSetManager: Finished task 11.0 in stage 31.0 (TID 275) in 16 ms on 10.0.0.215 (executor driver) (12/40)
2026-08-09 23:12:23,954 INFO executor.Executor: Running task 12.0 in stage 31.0 (TID 277)
2026-08-09 23:12:23,955 INFO storage.ShuffleBlockFetcherIterator: Getting 4 (375.1 KiB) non-empty blocks including 4 (375.1 KiB) local and 0 (0.0 B) host-local and 0 (0.0 B) push-merged-local and 0 (0.0 B) remote blocks
2026-08-09 23:12:23,955 INFO storage.ShuffleBlockFetcherIterator: Started 0 remote fetches in 0 ms
2026-08-09 23:12:23,965 INFO executor.Executor: Finished task 27.0 in stage 25.0 (TID 274). 12031 bytes result sent to driver
2026-08-09 23:12:23,965 INFO scheduler.TaskSetManager: Starting task 28.0 in stage 25.0 (TID 278) (10.0.0.215, executor driver, partition 28, NODE_LOCAL, 4271 bytes) taskResourceAssignments Map()
2026-08-09 23:12:23,966 INFO scheduler.TaskSetManager: Finished task 27.0 in stage 25.0 (TID 274) in 29 ms on 10.0.0.215 (executor driver) (28/40)
2026-08-09 23:12:23,966 INFO executor.Executor: Running task 28.0 in stage 25.0 (TID 278)
2026-08-09 23:12:23,967 INFO storage.ShuffleBlockFetcherIterator: Getting 4 (375.1 KiB) non-empty blocks including 4 (375.1 KiB) local and 0 (0.0 B) host-local and 0 (0.0 B) push-merged-local and 0 (0.0 B) remote blocks
2026-08-09 23:12:23,967 INFO storage.ShuffleBlockFetcherIterator: Started 0 remote fetches in 0 ms
2026-08-09 23:12:23,968 INFO executor.Executor: Finished task 14.0 in stage 27.0 (TID 273). 12031 bytes result sent to driver
2026-08-09 23:12:23,968 INFO scheduler.TaskSetManager: Starting task 15.0 in stage 27.0 (TID 279) (10.0.0.215, executor driver, partition 15, NODE_LOCAL, 4271 bytes) taskResourceAssignments Map()
2026-08-09 23:12:23,968 INFO executor.Executor: Running task 15.0 in stage 27.0 (TID 279)
2026-08-09 23:12:23,968 INFO scheduler.TaskSetManager: Finished task 14.0 in stage 27.0 (TID 273) in 34 ms on 10.0.0.215 (executor driver) (15/20)
2026-08-09 23:12:23,969 INFO storage.ShuffleBlockFetcherIterator: Getting 4 (795.0 KiB) non-empty blocks including 4 (795.0 KiB) local and 0 (0.0 B) host-local and 0 (0.0 B) push-merged-local and 0 (0.0 B) remote blocks
2026-08-09 23:12:23,969 INFO storage.ShuffleBlockFetcherIterator: Started 0 remote fetches in 0 ms
2026-08-09 23:12:23,969 INFO executor.Executor: Finished task 12.0 in stage 31.0 (TID 277). 6191 bytes result sent to driver
2026-08-09 23:12:23,970 INFO scheduler.TaskSetManager: Starting task 13.0 in stage 31.0 (TID 280) (10.0.0.215, executor driver, partition 13, NODE_LOCAL, 4271 bytes) taskResourceAssignments Map()
2026-08-09 23:12:23,970 INFO executor.Executor: Running task 13.0 in stage 31.0 (TID 280)
2026-08-09 23:12:23,970 INFO scheduler.TaskSetManager: Finished task 12.0 in stage 31.0 (TID 277) in 16 ms on 10.0.0.215 (executor driver) (13/40)
2026-08-09 23:12:23,971 INFO storage.ShuffleBlockFetcherIterator: Getting 4 (375.1 KiB) non-empty blocks including 4 (375.1 KiB) local and 0 (0.0 B) host-local and 0 (0.0 B) push-merged-local and 0 (0.0 B) remote blocks
2026-08-09 23:12:23,971 INFO storage.ShuffleBlockFetcherIterator: Started 0 remote fetches in 0 ms
2026-08-09 23:12:23,985 INFO executor.Executor: Finished task 13.0 in stage 31.0 (TID 280). 6121 bytes result sent to driver
2026-08-09 23:12:23,985 INFO scheduler.TaskSetManager: Starting task 14.0 in stage 31.0 (TID 281) (10.0.0.215, executor driver, partition 14, NODE_LOCAL, 4271 bytes) taskResourceAssignments Map()
2026-08-09 23:12:23,985 INFO executor.Executor: Running task 14.0 in stage 31.0 (TID 281)
2026-08-09 23:12:23,986 INFO scheduler.TaskSetManager: Finished task 13.0 in stage 31.0 (TID 280) in 16 ms on 10.0.0.215 (executor driver) (14/40)
2026-08-09 23:12:23,986 INFO storage.ShuffleBlockFetcherIterator: Getting 4 (375.1 KiB) non-empty blocks including 4 (375.1 KiB) local and 0 (0.0 B) host-local and 0 (0.0 B) push-merged-local and 0 (0.0 B) remote blocks
2026-08-09 23:12:23,986 INFO storage.ShuffleBlockFetcherIterator: Started 0 remote fetches in 0 ms
2026-08-09 23:12:23,991 INFO executor.Executor: Finished task 8.0 in stage 29.0 (TID 276). 6094 bytes result sent to driver
2026-08-09 23:12:23,992 INFO scheduler.TaskSetManager: Starting task 9.0 in stage 29.0 (TID 282) (10.0.0.215, executor driver, partition 9, NODE_LOCAL, 4271 bytes) taskResourceAssignments Map()
2026-08-09 23:12:23,992 INFO executor.Executor: Running task 9.0 in stage 29.0 (TID 282)
2026-08-09 23:12:23,992 INFO scheduler.TaskSetManager: Finished task 8.0 in stage 29.0 (TID 276) in 52 ms on 10.0.0.215 (executor driver) (9/10)
2026-08-09 23:12:23,992 INFO executor.Executor: Finished task 28.0 in stage 25.0 (TID 278). 12101 bytes result sent to driver
2026-08-09 23:12:23,993 INFO storage.ShuffleBlockFetcherIterator: Getting 4 (1549.3 KiB) non-empty blocks including 4 (1549.3 KiB) local and 0 (0.0 B) host-local and 0 (0.0 B) push-merged-local and 0 (0.0 B) remote blocks
2026-08-09 23:12:23,993 INFO storage.ShuffleBlockFetcherIterator: Started 0 remote fetches in 0 ms
2026-08-09 23:12:23,993 INFO scheduler.TaskSetManager: Starting task 29.0 in stage 25.0 (TID 283) (10.0.0.215, executor driver, partition 29, NODE_LOCAL, 4271 bytes) taskResourceAssignments Map()
2026-08-09 23:12:23,993 INFO executor.Executor: Running task 29.0 in stage 25.0 (TID 283)
2026-08-09 23:12:23,993 INFO scheduler.TaskSetManager: Finished task 28.0 in stage 25.0 (TID 278) in 28 ms on 10.0.0.215 (executor driver) (29/40)
2026-08-09 23:12:23,994 INFO storage.ShuffleBlockFetcherIterator: Getting 4 (375.1 KiB) non-empty blocks including 4 (375.1 KiB) local and 0 (0.0 B) host-local and 0 (0.0 B) push-merged-local and 0 (0.0 B) remote blocks
2026-08-09 23:12:23,994 INFO storage.ShuffleBlockFetcherIterator: Started 0 remote fetches in 0 ms
2026-08-09 23:12:23,999 INFO executor.Executor: Finished task 14.0 in stage 31.0 (TID 281). 6121 bytes result sent to driver
2026-08-09 23:12:24,000 INFO scheduler.TaskSetManager: Starting task 15.0 in stage 31.0 (TID 284) (10.0.0.215, executor driver, partition 15, NODE_LOCAL, 4271 bytes) taskResourceAssignments Map()
2026-08-09 23:12:24,000 INFO executor.Executor: Running task 15.0 in stage 31.0 (TID 284)
2026-08-09 23:12:24,000 INFO scheduler.TaskSetManager: Finished task 14.0 in stage 31.0 (TID 281) in 15 ms on 10.0.0.215 (executor driver) (15/40)
2026-08-09 23:12:24,001 INFO storage.ShuffleBlockFetcherIterator: Getting 4 (375.1 KiB) non-empty blocks including 4 (375.1 KiB) local and 0 (0.0 B) host-local and 0 (0.0 B) push-merged-local and 0 (0.0 B) remote blocks
2026-08-09 23:12:24,001 INFO storage.ShuffleBlockFetcherIterator: Started 0 remote fetches in 0 ms
2026-08-09 23:12:24,007 INFO executor.Executor: Finished task 15.0 in stage 27.0 (TID 279). 12171 bytes result sent to driver
2026-08-09 23:12:24,007 INFO scheduler.TaskSetManager: Starting task 16.0 in stage 27.0 (TID 285) (10.0.0.215, executor driver, partition 16, NODE_LOCAL, 4271 bytes) taskResourceAssignments Map()
2026-08-09 23:12:24,008 INFO executor.Executor: Running task 16.0 in stage 27.0 (TID 285)
2026-08-09 23:12:24,008 INFO scheduler.TaskSetManager: Finished task 15.0 in stage 27.0 (TID 279) in 40 ms on 10.0.0.215 (executor driver) (16/20)
2026-08-09 23:12:24,009 INFO storage.ShuffleBlockFetcherIterator: Getting 4 (795.0 KiB) non-empty blocks including 4 (795.0 KiB) local and 0 (0.0 B) host-local and 0 (0.0 B) push-merged-local and 0 (0.0 B) remote blocks
2026-08-09 23:12:24,009 INFO storage.ShuffleBlockFetcherIterator: Started 0 remote fetches in 0 ms
2026-08-09 23:12:24,014 INFO executor.Executor: Finished task 15.0 in stage 31.0 (TID 284). 6191 bytes result sent to driver
2026-08-09 23:12:24,014 INFO scheduler.TaskSetManager: Starting task 16.0 in stage 31.0 (TID 286) (10.0.0.215, executor driver, partition 16, NODE_LOCAL, 4271 bytes) taskResourceAssignments Map()
2026-08-09 23:12:24,015 INFO executor.Executor: Running task 16.0 in stage 31.0 (TID 286)
2026-08-09 23:12:24,015 INFO scheduler.TaskSetManager: Finished task 15.0 in stage 31.0 (TID 284) in 16 ms on 10.0.0.215 (executor driver) (16/40)
2026-08-09 23:12:24,016 INFO storage.ShuffleBlockFetcherIterator: Getting 4 (375.1 KiB) non-empty blocks including 4 (375.1 KiB) local and 0 (0.0 B) host-local and 0 (0.0 B) push-merged-local and 0 (0.0 B) remote blocks
2026-08-09 23:12:24,016 INFO executor.Executor: Finished task 29.0 in stage 25.0 (TID 283). 12171 bytes result sent to driver
2026-08-09 23:12:24,016 INFO storage.ShuffleBlockFetcherIterator: Started 0 remote fetches in 0 ms
2026-08-09 23:12:24,016 INFO scheduler.TaskSetManager: Starting task 30.0 in stage 25.0 (TID 287) (10.0.0.215, executor driver, partition 30, NODE_LOCAL, 4271 bytes) taskResourceAssignments Map()
2026-08-09 23:12:24,016 INFO executor.Executor: Running task 30.0 in stage 25.0 (TID 287)
2026-08-09 23:12:24,017 INFO scheduler.TaskSetManager: Finished task 29.0 in stage 25.0 (TID 283) in 24 ms on 10.0.0.215 (executor driver) (30/40)
2026-08-09 23:12:24,017 INFO storage.ShuffleBlockFetcherIterator: Getting 4 (375.1 KiB) non-empty blocks including 4 (375.1 KiB) local and 0 (0.0 B) host-local and 0 (0.0 B) push-merged-local and 0 (0.0 B) remote blocks
2026-08-09 23:12:24,017 INFO storage.ShuffleBlockFetcherIterator: Started 0 remote fetches in 0 ms
2026-08-09 23:12:24,032 INFO executor.Executor: Finished task 16.0 in stage 31.0 (TID 286). 6191 bytes result sent to driver
2026-08-09 23:12:24,032 INFO scheduler.TaskSetManager: Starting task 17.0 in stage 31.0 (TID 288) (10.0.0.215, executor driver, partition 17, NODE_LOCAL, 4271 bytes) taskResourceAssignments Map()
2026-08-09 23:12:24,032 INFO scheduler.TaskSetManager: Finished task 16.0 in stage 31.0 (TID 286) in 18 ms on 10.0.0.215 (executor driver) (17/40)
2026-08-09 23:12:24,032 INFO executor.Executor: Running task 17.0 in stage 31.0 (TID 288)
2026-08-09 23:12:24,033 INFO storage.ShuffleBlockFetcherIterator: Getting 4 (375.1 KiB) non-empty blocks including 4 (375.1 KiB) local and 0 (0.0 B) host-local and 0 (0.0 B) push-merged-local and 0 (0.0 B) remote blocks
2026-08-09 23:12:24,033 INFO storage.ShuffleBlockFetcherIterator: Started 0 remote fetches in 0 ms
2026-08-09 23:12:24,037 INFO executor.Executor: Finished task 9.0 in stage 29.0 (TID 282). 6191 bytes result sent to driver
2026-08-09 23:12:24,038 INFO scheduler.TaskSetManager: Starting task 1.0 in stage 32.0 (TID 289) (10.0.0.215, executor driver, partition 1, PROCESS_LOCAL, 5129 bytes) taskResourceAssignments Map()
2026-08-09 23:12:24,038 INFO executor.Executor: Running task 1.0 in stage 32.0 (TID 289)
2026-08-09 23:12:24,038 INFO scheduler.TaskSetManager: Finished task 9.0 in stage 29.0 (TID 282) in 47 ms on 10.0.0.215 (executor driver) (10/10)
2026-08-09 23:12:24,038 INFO scheduler.TaskSchedulerImpl: Removed TaskSet 29.0, whose tasks have all completed, from pool default
2026-08-09 23:12:24,039 INFO scheduler.DAGScheduler: ResultStage 29 (collect at EnsembleTrainer.scala:45) finished in 0.615 s
2026-08-09 23:12:24,039 INFO scheduler.DAGScheduler: Job 20 is finished. Cancelling potential speculative or zombie tasks for this job
2026-08-09 23:12:24,039 INFO scheduler.TaskSchedulerImpl: Killing all running tasks in stage 29: Stage finished
2026-08-09 23:12:24,039 INFO scheduler.DAGScheduler: Job 20 finished: collect at EnsembleTrainer.scala:45, took 3.624740 s
2026-08-09 23:12:24,040 INFO storage.BlockManager: Found block rdd_8_1 locally
2026-08-09 23:12:24,041 INFO memory.MemoryStore: Block broadcast_48 stored as values in memory (estimated size 82.9 KiB, free 2.2 GiB)
2026-08-09 23:12:24,042 INFO executor.Executor: Finished task 30.0 in stage 25.0 (TID 287). 11961 bytes result sent to driver
2026-08-09 23:12:24,042 INFO scheduler.TaskSetManager: Starting task 31.0 in stage 25.0 (TID 290) (10.0.0.215, executor driver, partition 31, NODE_LOCAL, 4271 bytes) taskResourceAssignments Map()
2026-08-09 23:12:24,042 INFO memory.MemoryStore: Block broadcast_48_piece0 stored as bytes in memory (estimated size 16.7 KiB, free 2.2 GiB)
2026-08-09 23:12:24,042 INFO executor.Executor: Running task 31.0 in stage 25.0 (TID 290)
2026-08-09 23:12:24,042 INFO scheduler.TaskSetManager: Finished task 30.0 in stage 25.0 (TID 287) in 26 ms on 10.0.0.215 (executor driver) (31/40)
2026-08-09 23:12:24,042 INFO storage.BlockManagerInfo: Added broadcast_48_piece0 in memory on 10.0.0.215:64244 (size: 16.7 KiB, free: 2.2 GiB)
2026-08-09 23:12:24,043 INFO spark.SparkContext: Created broadcast 48 from broadcast at EnsemblePredictor.scala:28
2026-08-09 23:12:24,043 INFO storage.ShuffleBlockFetcherIterator: Getting 4 (375.1 KiB) non-empty blocks including 4 (375.1 KiB) local and 0 (0.0 B) host-local and 0 (0.0 B) push-merged-local and 0 (0.0 B) remote blocks
2026-08-09 23:12:24,043 INFO storage.ShuffleBlockFetcherIterator: Started 0 remote fetches in 0 ms
2026-08-09 23:12:24,047 INFO executor.Executor: Finished task 17.0 in stage 31.0 (TID 288). 6191 bytes result sent to driver
2026-08-09 23:12:24,047 INFO spark.SparkContext: Starting job: count at Metrics.scala:12
2026-08-09 23:12:24,047 INFO scheduler.TaskSetManager: Starting task 18.0 in stage 31.0 (TID 291) (10.0.0.215, executor driver, partition 18, NODE_LOCAL, 4271 bytes) taskResourceAssignments Map()
2026-08-09 23:12:24,048 INFO executor.Executor: Running task 18.0 in stage 31.0 (TID 291)
2026-08-09 23:12:24,048 INFO scheduler.DAGScheduler: Got job 30 (count at Metrics.scala:12) with 2 output partitions
2026-08-09 23:12:24,048 INFO scheduler.DAGScheduler: Final stage: ResultStage 42 (count at Metrics.scala:12)
2026-08-09 23:12:24,048 INFO scheduler.DAGScheduler: Parents of final stage: List()
2026-08-09 23:12:24,048 INFO scheduler.TaskSetManager: Finished task 17.0 in stage 31.0 (TID 288) in 16 ms on 10.0.0.215 (executor driver) (18/40)
2026-08-09 23:12:24,049 INFO scheduler.DAGScheduler: Missing parents: List()
2026-08-09 23:12:24,049 INFO scheduler.DAGScheduler: Submitting ResultStage 42 (MapPartitionsRDD[73] at map at EnsembleExperiment.scala:28), which has no missing parents
2026-08-09 23:12:24,050 INFO storage.ShuffleBlockFetcherIterator: Getting 4 (375.1 KiB) non-empty blocks including 4 (375.1 KiB) local and 0 (0.0 B) host-local and 0 (0.0 B) push-merged-local and 0 (0.0 B) remote blocks
2026-08-09 23:12:24,050 INFO storage.ShuffleBlockFetcherIterator: Started 0 remote fetches in 0 ms
2026-08-09 23:12:24,051 INFO memory.MemoryStore: Block broadcast_49 stored as values in memory (estimated size 38.2 KiB, free 2.2 GiB)
2026-08-09 23:12:24,052 INFO memory.MemoryStore: Block broadcast_49_piece0 stored as bytes in memory (estimated size 12.0 KiB, free 2.2 GiB)
2026-08-09 23:12:24,052 INFO storage.BlockManagerInfo: Added broadcast_49_piece0 in memory on 10.0.0.215:64244 (size: 12.0 KiB, free: 2.2 GiB)
2026-08-09 23:12:24,052 INFO spark.SparkContext: Created broadcast 49 from broadcast at DAGScheduler.scala:1513
2026-08-09 23:12:24,052 INFO scheduler.DAGScheduler: Submitting 2 missing tasks from ResultStage 42 (MapPartitionsRDD[73] at map at EnsembleExperiment.scala:28) (first 15 tasks are for partitions Vector(0, 1))
2026-08-09 23:12:24,052 INFO scheduler.TaskSchedulerImpl: Adding task set 42.0 with 2 tasks resource profile 0
2026-08-09 23:12:24,053 INFO scheduler.FairSchedulableBuilder: Added task set TaskSet_42.0 tasks to pool default
2026-08-09 23:12:24,056 INFO executor.Executor: Finished task 16.0 in stage 27.0 (TID 285). 11751 bytes result sent to driver
2026-08-09 23:12:24,057 INFO scheduler.TaskSetManager: Starting task 17.0 in stage 27.0 (TID 292) (10.0.0.215, executor driver, partition 17, NODE_LOCAL, 4271 bytes) taskResourceAssignments Map()
2026-08-09 23:12:24,057 INFO executor.Executor: Running task 17.0 in stage 27.0 (TID 292)
2026-08-09 23:12:24,057 INFO scheduler.TaskSetManager: Finished task 16.0 in stage 27.0 (TID 285) in 50 ms on 10.0.0.215 (executor driver) (17/20)
2026-08-09 23:12:24,058 INFO storage.ShuffleBlockFetcherIterator: Getting 4 (795.0 KiB) non-empty blocks including 4 (795.0 KiB) local and 0 (0.0 B) host-local and 0 (0.0 B) push-merged-local and 0 (0.0 B) remote blocks
2026-08-09 23:12:24,058 INFO storage.ShuffleBlockFetcherIterator: Started 0 remote fetches in 0 ms
2026-08-09 23:12:24,065 INFO executor.Executor: Finished task 18.0 in stage 31.0 (TID 291). 6024 bytes result sent to driver
2026-08-09 23:12:24,066 INFO executor.Executor: Finished task 31.0 in stage 25.0 (TID 290). 12031 bytes result sent to driver
2026-08-09 23:12:24,066 INFO scheduler.TaskSetManager: Starting task 19.0 in stage 31.0 (TID 293) (10.0.0.215, executor driver, partition 19, NODE_LOCAL, 4271 bytes) taskResourceAssignments Map()
2026-08-09 23:12:24,066 INFO scheduler.TaskSetManager: Starting task 32.0 in stage 25.0 (TID 294) (10.0.0.215, executor driver, partition 32, NODE_LOCAL, 4271 bytes) taskResourceAssignments Map()
2026-08-09 23:12:24,066 INFO executor.Executor: Running task 19.0 in stage 31.0 (TID 293)
2026-08-09 23:12:24,067 INFO executor.Executor: Running task 32.0 in stage 25.0 (TID 294)
2026-08-09 23:12:24,067 INFO scheduler.TaskSetManager: Finished task 18.0 in stage 31.0 (TID 291) in 20 ms on 10.0.0.215 (executor driver) (19/40)
2026-08-09 23:12:24,068 INFO scheduler.TaskSetManager: Finished task 31.0 in stage 25.0 (TID 290) in 26 ms on 10.0.0.215 (executor driver) (32/40)
2026-08-09 23:12:24,068 INFO storage.ShuffleBlockFetcherIterator: Getting 4 (375.1 KiB) non-empty blocks including 4 (375.1 KiB) local and 0 (0.0 B) host-local and 0 (0.0 B) push-merged-local and 0 (0.0 B) remote blocks
2026-08-09 23:12:24,068 INFO storage.ShuffleBlockFetcherIterator: Started 0 remote fetches in 0 ms
2026-08-09 23:12:24,068 INFO storage.ShuffleBlockFetcherIterator: Getting 4 (375.1 KiB) non-empty blocks including 4 (375.1 KiB) local and 0 (0.0 B) host-local and 0 (0.0 B) push-merged-local and 0 (0.0 B) remote blocks
2026-08-09 23:12:24,068 INFO storage.ShuffleBlockFetcherIterator: Started 0 remote fetches in 0 ms
2026-08-09 23:12:24,083 INFO executor.Executor: Finished task 19.0 in stage 31.0 (TID 293). 6121 bytes result sent to driver
2026-08-09 23:12:24,084 INFO scheduler.TaskSetManager: Starting task 20.0 in stage 31.0 (TID 295) (10.0.0.215, executor driver, partition 20, NODE_LOCAL, 4271 bytes) taskResourceAssignments Map()
2026-08-09 23:12:24,085 INFO executor.Executor: Running task 20.0 in stage 31.0 (TID 295)
2026-08-09 23:12:24,085 INFO scheduler.TaskSetManager: Finished task 19.0 in stage 31.0 (TID 293) in 19 ms on 10.0.0.215 (executor driver) (20/40)
2026-08-09 23:12:24,087 INFO storage.ShuffleBlockFetcherIterator: Getting 4 (375.1 KiB) non-empty blocks including 4 (375.1 KiB) local and 0 (0.0 B) host-local and 0 (0.0 B) push-merged-local and 0 (0.0 B) remote blocks
2026-08-09 23:12:24,087 INFO storage.ShuffleBlockFetcherIterator: Started 0 remote fetches in 0 ms
2026-08-09 23:12:24,087 INFO executor.Executor: Finished task 1.0 in stage 32.0 (TID 289). 1912 bytes result sent to driver
2026-08-09 23:12:24,087 INFO scheduler.TaskSetManager: Starting task 2.0 in stage 32.0 (TID 296) (10.0.0.215, executor driver, partition 2, PROCESS_LOCAL, 5129 bytes) taskResourceAssignments Map()
2026-08-09 23:12:24,087 INFO scheduler.TaskSetManager: Finished task 1.0 in stage 32.0 (TID 289) in 49 ms on 10.0.0.215 (executor driver) (2/4)
2026-08-09 23:12:24,088 INFO executor.Executor: Running task 2.0 in stage 32.0 (TID 296)
2026-08-09 23:12:24,088 INFO executor.Executor: Finished task 17.0 in stage 27.0 (TID 292). 11961 bytes result sent to driver
2026-08-09 23:12:24,088 INFO scheduler.TaskSetManager: Starting task 18.0 in stage 27.0 (TID 297) (10.0.0.215, executor driver, partition 18, NODE_LOCAL, 4271 bytes) taskResourceAssignments Map()
2026-08-09 23:12:24,089 INFO executor.Executor: Running task 18.0 in stage 27.0 (TID 297)
2026-08-09 23:12:24,089 INFO storage.BlockManager: Found block rdd_8_2 locally
2026-08-09 23:12:24,089 INFO storage.ShuffleBlockFetcherIterator: Getting 4 (795.0 KiB) non-empty blocks including 4 (795.0 KiB) local and 0 (0.0 B) host-local and 0 (0.0 B) push-merged-local and 0 (0.0 B) remote blocks
2026-08-09 23:12:24,089 INFO storage.ShuffleBlockFetcherIterator: Started 0 remote fetches in 0 ms
2026-08-09 23:12:24,089 INFO scheduler.TaskSetManager: Finished task 17.0 in stage 27.0 (TID 292) in 33 ms on 10.0.0.215 (executor driver) (18/20)
2026-08-09 23:12:24,093 INFO executor.Executor: Finished task 32.0 in stage 25.0 (TID 294). 12101 bytes result sent to driver
2026-08-09 23:12:24,094 INFO scheduler.TaskSetManager: Starting task 33.0 in stage 25.0 (TID 298) (10.0.0.215, executor driver, partition 33, NODE_LOCAL, 4271 bytes) taskResourceAssignments Map()
2026-08-09 23:12:24,094 INFO executor.Executor: Running task 33.0 in stage 25.0 (TID 298)
2026-08-09 23:12:24,094 INFO scheduler.TaskSetManager: Finished task 32.0 in stage 25.0 (TID 294) in 28 ms on 10.0.0.215 (executor driver) (33/40)
2026-08-09 23:12:24,096 INFO storage.ShuffleBlockFetcherIterator: Getting 4 (375.1 KiB) non-empty blocks including 4 (375.1 KiB) local and 0 (0.0 B) host-local and 0 (0.0 B) push-merged-local and 0 (0.0 B) remote blocks
2026-08-09 23:12:24,096 INFO storage.ShuffleBlockFetcherIterator: Started 0 remote fetches in 0 ms
2026-08-09 23:12:24,102 INFO executor.Executor: Finished task 20.0 in stage 31.0 (TID 295). 6094 bytes result sent to driver
2026-08-09 23:12:24,102 INFO scheduler.TaskSetManager: Starting task 21.0 in stage 31.0 (TID 299) (10.0.0.215, executor driver, partition 21, NODE_LOCAL, 4271 bytes) taskResourceAssignments Map()
2026-08-09 23:12:24,103 INFO executor.Executor: Running task 21.0 in stage 31.0 (TID 299)
2026-08-09 23:12:24,103 INFO scheduler.TaskSetManager: Finished task 20.0 in stage 31.0 (TID 295) in 19 ms on 10.0.0.215 (executor driver) (21/40)
2026-08-09 23:12:24,105 INFO storage.ShuffleBlockFetcherIterator: Getting 4 (375.1 KiB) non-empty blocks including 4 (375.1 KiB) local and 0 (0.0 B) host-local and 0 (0.0 B) push-merged-local and 0 (0.0 B) remote blocks
2026-08-09 23:12:24,105 INFO storage.ShuffleBlockFetcherIterator: Started 0 remote fetches in 0 ms
2026-08-09 23:12:24,118 INFO executor.Executor: Finished task 21.0 in stage 31.0 (TID 299). 6306 bytes result sent to driver
2026-08-09 23:12:24,118 INFO scheduler.TaskSetManager: Starting task 22.0 in stage 31.0 (TID 300) (10.0.0.215, executor driver, partition 22, NODE_LOCAL, 4271 bytes) taskResourceAssignments Map()
2026-08-09 23:12:24,119 INFO executor.Executor: Running task 22.0 in stage 31.0 (TID 300)
2026-08-09 23:12:24,119 INFO scheduler.TaskSetManager: Finished task 21.0 in stage 31.0 (TID 299) in 17 ms on 10.0.0.215 (executor driver) (22/40)
2026-08-09 23:12:24,120 INFO storage.ShuffleBlockFetcherIterator: Getting 4 (375.1 KiB) non-empty blocks including 4 (375.1 KiB) local and 0 (0.0 B) host-local and 0 (0.0 B) push-merged-local and 0 (0.0 B) remote blocks
2026-08-09 23:12:24,120 INFO storage.ShuffleBlockFetcherIterator: Started 0 remote fetches in 0 ms
2026-08-09 23:12:24,121 INFO executor.Executor: Finished task 33.0 in stage 25.0 (TID 298). 12004 bytes result sent to driver
2026-08-09 23:12:24,122 INFO scheduler.TaskSetManager: Starting task 34.0 in stage 25.0 (TID 301) (10.0.0.215, executor driver, partition 34, NODE_LOCAL, 4271 bytes) taskResourceAssignments Map()
2026-08-09 23:12:24,122 INFO executor.Executor: Running task 34.0 in stage 25.0 (TID 301)
2026-08-09 23:12:24,122 INFO scheduler.TaskSetManager: Finished task 33.0 in stage 25.0 (TID 298) in 28 ms on 10.0.0.215 (executor driver) (34/40)
2026-08-09 23:12:24,124 INFO storage.ShuffleBlockFetcherIterator: Getting 4 (375.1 KiB) non-empty blocks including 4 (375.1 KiB) local and 0 (0.0 B) host-local and 0 (0.0 B) push-merged-local and 0 (0.0 B) remote blocks
2026-08-09 23:12:24,124 INFO storage.ShuffleBlockFetcherIterator: Started 0 remote fetches in 0 ms
2026-08-09 23:12:24,125 INFO executor.Executor: Finished task 18.0 in stage 27.0 (TID 297). 12171 bytes result sent to driver
2026-08-09 23:12:24,126 INFO scheduler.TaskSetManager: Starting task 19.0 in stage 27.0 (TID 302) (10.0.0.215, executor driver, partition 19, NODE_LOCAL, 4271 bytes) taskResourceAssignments Map()
2026-08-09 23:12:24,126 INFO executor.Executor: Running task 19.0 in stage 27.0 (TID 302)
2026-08-09 23:12:24,127 INFO scheduler.TaskSetManager: Finished task 18.0 in stage 27.0 (TID 297) in 38 ms on 10.0.0.215 (executor driver) (19/20)
2026-08-09 23:12:24,127 INFO storage.ShuffleBlockFetcherIterator: Getting 4 (795.0 KiB) non-empty blocks including 4 (795.0 KiB) local and 0 (0.0 B) host-local and 0 (0.0 B) push-merged-local and 0 (0.0 B) remote blocks
2026-08-09 23:12:24,127 INFO storage.ShuffleBlockFetcherIterator: Started 0 remote fetches in 0 ms
2026-08-09 23:12:24,134 INFO executor.Executor: Finished task 2.0 in stage 32.0 (TID 296). 1912 bytes result sent to driver
2026-08-09 23:12:24,134 INFO scheduler.TaskSetManager: Starting task 3.0 in stage 32.0 (TID 303) (10.0.0.215, executor driver, partition 3, PROCESS_LOCAL, 5129 bytes) taskResourceAssignments Map()
2026-08-09 23:12:24,134 INFO executor.Executor: Running task 3.0 in stage 32.0 (TID 303)
2026-08-09 23:12:24,135 INFO scheduler.TaskSetManager: Finished task 2.0 in stage 32.0 (TID 296) in 47 ms on 10.0.0.215 (executor driver) (3/4)
2026-08-09 23:12:24,136 INFO executor.Executor: Finished task 22.0 in stage 31.0 (TID 300). 5981 bytes result sent to driver
2026-08-09 23:12:24,139 INFO scheduler.TaskSetManager: Starting task 23.0 in stage 31.0 (TID 304) (10.0.0.215, executor driver, partition 23, NODE_LOCAL, 4271 bytes) taskResourceAssignments Map()
2026-08-09 23:12:24,139 INFO storage.BlockManager: Found block rdd_8_3 locally
2026-08-09 23:12:24,139 INFO executor.Executor: Running task 23.0 in stage 31.0 (TID 304)
2026-08-09 23:12:24,139 INFO scheduler.TaskSetManager: Finished task 22.0 in stage 31.0 (TID 300) in 21 ms on 10.0.0.215 (executor driver) (23/40)
2026-08-09 23:12:24,140 INFO storage.BlockManagerInfo: Removed broadcast_44_piece0 on 10.0.0.215:64244 in memory (size: 3.0 KiB, free: 2.2 GiB)
2026-08-09 23:12:24,141 INFO storage.ShuffleBlockFetcherIterator: Getting 4 (375.1 KiB) non-empty blocks including 4 (375.1 KiB) local and 0 (0.0 B) host-local and 0 (0.0 B) push-merged-local and 0 (0.0 B) remote blocks
2026-08-09 23:12:24,141 INFO storage.ShuffleBlockFetcherIterator: Started 0 remote fetches in 0 ms
2026-08-09 23:12:24,152 INFO executor.Executor: Finished task 34.0 in stage 25.0 (TID 301). 12117 bytes result sent to driver
2026-08-09 23:12:24,153 INFO scheduler.TaskSetManager: Starting task 35.0 in stage 25.0 (TID 305) (10.0.0.215, executor driver, partition 35, NODE_LOCAL, 4271 bytes) taskResourceAssignments Map()
2026-08-09 23:12:24,153 INFO executor.Executor: Running task 35.0 in stage 25.0 (TID 305)
2026-08-09 23:12:24,153 INFO scheduler.TaskSetManager: Finished task 34.0 in stage 25.0 (TID 301) in 31 ms on 10.0.0.215 (executor driver) (35/40)
2026-08-09 23:12:24,154 INFO storage.ShuffleBlockFetcherIterator: Getting 4 (375.1 KiB) non-empty blocks including 4 (375.1 KiB) local and 0 (0.0 B) host-local and 0 (0.0 B) push-merged-local and 0 (0.0 B) remote blocks
2026-08-09 23:12:24,154 INFO storage.ShuffleBlockFetcherIterator: Started 0 remote fetches in 0 ms
2026-08-09 23:12:24,155 INFO executor.Executor: Finished task 23.0 in stage 31.0 (TID 304). 6051 bytes result sent to driver
2026-08-09 23:12:24,155 INFO scheduler.TaskSetManager: Starting task 24.0 in stage 31.0 (TID 306) (10.0.0.215, executor driver, partition 24, NODE_LOCAL, 4271 bytes) taskResourceAssignments Map()
2026-08-09 23:12:24,155 INFO executor.Executor: Running task 24.0 in stage 31.0 (TID 306)
2026-08-09 23:12:24,155 INFO scheduler.TaskSetManager: Finished task 23.0 in stage 31.0 (TID 304) in 16 ms on 10.0.0.215 (executor driver) (24/40)
2026-08-09 23:12:24,156 INFO storage.ShuffleBlockFetcherIterator: Getting 4 (375.1 KiB) non-empty blocks including 4 (375.1 KiB) local and 0 (0.0 B) host-local and 0 (0.0 B) push-merged-local and 0 (0.0 B) remote blocks
2026-08-09 23:12:24,156 INFO storage.ShuffleBlockFetcherIterator: Started 0 remote fetches in 0 ms
2026-08-09 23:12:24,159 INFO executor.Executor: Finished task 3.0 in stage 32.0 (TID 303). 1955 bytes result sent to driver
2026-08-09 23:12:24,160 INFO scheduler.TaskSetManager: Starting task 0.0 in stage 34.0 (TID 307) (10.0.0.215, executor driver, partition 0, PROCESS_LOCAL, 5129 bytes) taskResourceAssignments Map()
2026-08-09 23:12:24,160 INFO scheduler.TaskSetManager: Finished task 3.0 in stage 32.0 (TID 303) in 26 ms on 10.0.0.215 (executor driver) (4/4)
2026-08-09 23:12:24,160 INFO scheduler.TaskSchedulerImpl: Removed TaskSet 32.0, whose tasks have all completed, from pool default
2026-08-09 23:12:24,160 INFO executor.Executor: Running task 0.0 in stage 34.0 (TID 307)
2026-08-09 23:12:24,161 INFO scheduler.DAGScheduler: ShuffleMapStage 32 (map at EnsembleTrainer.scala:31) finished in 3.681 s
2026-08-09 23:12:24,162 INFO scheduler.DAGScheduler: looking for newly runnable stages
2026-08-09 23:12:24,162 INFO scheduler.DAGScheduler: running: Set(ResultStage 27, ResultStage 37, ShuffleMapStage 34, ResultStage 31, ResultStage 38, ResultStage 42, ResultStage 39, ResultStage 36, ResultStage 25, ResultStage 40, ResultStage 41)
2026-08-09 23:12:24,162 INFO scheduler.DAGScheduler: waiting: Set(ResultStage 33, ResultStage 35)
2026-08-09 23:12:24,162 INFO scheduler.DAGScheduler: failed: Set()
2026-08-09 23:12:24,162 INFO scheduler.DAGScheduler: Submitting ResultStage 33 (MapPartitionsRDD[56] at mapPartitions at EnsembleTrainer.scala:37), which has no missing parents
2026-08-09 23:12:24,163 INFO storage.BlockManager: Found block rdd_8_0 locally
2026-08-09 23:12:24,164 INFO executor.Executor: Finished task 19.0 in stage 27.0 (TID 302). 12284 bytes result sent to driver
2026-08-09 23:12:24,164 INFO memory.MemoryStore: Block broadcast_50 stored as values in memory (estimated size 5.4 KiB, free 2.2 GiB)
2026-08-09 23:12:24,164 INFO memory.MemoryStore: Block broadcast_50_piece0 stored as bytes in memory (estimated size 3.0 KiB, free 2.2 GiB)
2026-08-09 23:12:24,165 INFO scheduler.TaskSetManager: Starting task 0.0 in stage 36.0 (TID 308) (10.0.0.215, executor driver, partition 0, PROCESS_LOCAL, 5029 bytes) taskResourceAssignments Map()
2026-08-09 23:12:24,165 INFO scheduler.TaskSetManager: Finished task 19.0 in stage 27.0 (TID 302) in 39 ms on 10.0.0.215 (executor driver) (20/20)
2026-08-09 23:12:24,165 INFO storage.BlockManagerInfo: Added broadcast_50_piece0 in memory on 10.0.0.215:64244 (size: 3.0 KiB, free: 2.2 GiB)
2026-08-09 23:12:24,165 INFO scheduler.TaskSchedulerImpl: Removed TaskSet 27.0, whose tasks have all completed, from pool default
2026-08-09 23:12:24,165 INFO executor.Executor: Running task 0.0 in stage 36.0 (TID 308)
2026-08-09 23:12:24,165 INFO spark.SparkContext: Created broadcast 50 from broadcast at DAGScheduler.scala:1513
2026-08-09 23:12:24,165 INFO scheduler.DAGScheduler: Submitting 10 missing tasks from ResultStage 33 (MapPartitionsRDD[56] at mapPartitions at EnsembleTrainer.scala:37) (first 15 tasks are for partitions Vector(0, 1, 2, 3, 4, 5, 6, 7, 8, 9))
2026-08-09 23:12:24,165 INFO scheduler.TaskSchedulerImpl: Adding task set 33.0 with 10 tasks resource profile 0
2026-08-09 23:12:24,165 INFO scheduler.FairSchedulableBuilder: Added task set TaskSet_33.0 tasks to pool default
2026-08-09 23:12:24,166 INFO scheduler.DAGScheduler: ResultStage 27 (collect at EnsembleTrainer.scala:45) finished in 0.857 s
2026-08-09 23:12:24,166 INFO scheduler.DAGScheduler: Job 19 is finished. Cancelling potential speculative or zombie tasks for this job
2026-08-09 23:12:24,166 INFO scheduler.TaskSchedulerImpl: Killing all running tasks in stage 27: Stage finished
2026-08-09 23:12:24,166 INFO scheduler.DAGScheduler: Job 19 finished: collect at EnsembleTrainer.scala:45, took 3.761856 s
2026-08-09 23:12:24,170 INFO executor.Executor: Finished task 24.0 in stage 31.0 (TID 306). 6191 bytes result sent to driver
2026-08-09 23:12:24,171 INFO scheduler.TaskSetManager: Starting task 25.0 in stage 31.0 (TID 309) (10.0.0.215, executor driver, partition 25, NODE_LOCAL, 4271 bytes) taskResourceAssignments Map()
2026-08-09 23:12:24,171 INFO memory.MemoryStore: Block broadcast_51 stored as values in memory (estimated size 335.6 KiB, free 2.2 GiB)
2026-08-09 23:12:24,172 INFO executor.Executor: Running task 25.0 in stage 31.0 (TID 309)
2026-08-09 23:12:24,172 INFO scheduler.TaskSetManager: Finished task 24.0 in stage 31.0 (TID 306) in 17 ms on 10.0.0.215 (executor driver) (25/40)
2026-08-09 23:12:24,173 INFO storage.ShuffleBlockFetcherIterator: Getting 4 (375.1 KiB) non-empty blocks including 4 (375.1 KiB) local and 0 (0.0 B) host-local and 0 (0.0 B) push-merged-local and 0 (0.0 B) remote blocks
2026-08-09 23:12:24,173 INFO storage.ShuffleBlockFetcherIterator: Started 0 remote fetches in 0 ms
2026-08-09 23:12:24,175 INFO executor.Executor: Finished task 35.0 in stage 25.0 (TID 305). 12171 bytes result sent to driver
2026-08-09 23:12:24,175 INFO scheduler.TaskSetManager: Starting task 36.0 in stage 25.0 (TID 310) (10.0.0.215, executor driver, partition 36, NODE_LOCAL, 4271 bytes) taskResourceAssignments Map()
2026-08-09 23:12:24,175 INFO memory.MemoryStore: Block broadcast_51_piece0 stored as bytes in memory (estimated size 100.9 KiB, free 2.2 GiB)
2026-08-09 23:12:24,176 INFO executor.Executor: Running task 36.0 in stage 25.0 (TID 310)
2026-08-09 23:12:24,176 INFO scheduler.TaskSetManager: Finished task 35.0 in stage 25.0 (TID 305) in 23 ms on 10.0.0.215 (executor driver) (36/40)
2026-08-09 23:12:24,176 INFO storage.BlockManager: Found block rdd_17_0 locally
2026-08-09 23:12:24,176 INFO storage.BlockManagerInfo: Added broadcast_51_piece0 in memory on 10.0.0.215:64244 (size: 100.9 KiB, free: 2.2 GiB)
2026-08-09 23:12:24,177 INFO storage.ShuffleBlockFetcherIterator: Getting 4 (375.1 KiB) non-empty blocks including 4 (375.1 KiB) local and 0 (0.0 B) host-local and 0 (0.0 B) push-merged-local and 0 (0.0 B) remote blocks
2026-08-09 23:12:24,177 INFO storage.ShuffleBlockFetcherIterator: Started 0 remote fetches in 0 ms
2026-08-09 23:12:24,177 INFO spark.SparkContext: Created broadcast 51 from broadcast at EnsemblePredictor.scala:28
2026-08-09 23:12:24,184 INFO spark.SparkContext: Starting job: count at Metrics.scala:12
2026-08-09 23:12:24,184 INFO scheduler.DAGScheduler: Got job 31 (count at Metrics.scala:12) with 2 output partitions
2026-08-09 23:12:24,184 INFO scheduler.DAGScheduler: Final stage: ResultStage 43 (count at Metrics.scala:12)
2026-08-09 23:12:24,184 INFO scheduler.DAGScheduler: Parents of final stage: List()
2026-08-09 23:12:24,185 INFO scheduler.DAGScheduler: Missing parents: List()
2026-08-09 23:12:24,185 INFO scheduler.DAGScheduler: Submitting ResultStage 43 (MapPartitionsRDD[75] at map at EnsembleExperiment.scala:28), which has no missing parents
2026-08-09 23:12:24,186 INFO memory.MemoryStore: Block broadcast_52 stored as values in memory (estimated size 38.2 KiB, free 2.2 GiB)
2026-08-09 23:12:24,186 INFO memory.MemoryStore: Block broadcast_52_piece0 stored as bytes in memory (estimated size 12.0 KiB, free 2.2 GiB)
2026-08-09 23:12:24,187 INFO storage.BlockManagerInfo: Added broadcast_52_piece0 in memory on 10.0.0.215:64244 (size: 12.0 KiB, free: 2.2 GiB)
2026-08-09 23:12:24,188 INFO spark.SparkContext: Created broadcast 52 from broadcast at DAGScheduler.scala:1513
2026-08-09 23:12:24,188 INFO scheduler.DAGScheduler: Submitting 2 missing tasks from ResultStage 43 (MapPartitionsRDD[75] at map at EnsembleExperiment.scala:28) (first 15 tasks are for partitions Vector(0, 1))
2026-08-09 23:12:24,188 INFO scheduler.TaskSchedulerImpl: Adding task set 43.0 with 2 tasks resource profile 0
2026-08-09 23:12:24,188 INFO scheduler.FairSchedulableBuilder: Added task set TaskSet_43.0 tasks to pool default
2026-08-09 23:12:24,193 INFO executor.Executor: Finished task 25.0 in stage 31.0 (TID 309). 6121 bytes result sent to driver
2026-08-09 23:12:24,194 INFO scheduler.TaskSetManager: Starting task 26.0 in stage 31.0 (TID 311) (10.0.0.215, executor driver, partition 26, NODE_LOCAL, 4271 bytes) taskResourceAssignments Map()
2026-08-09 23:12:24,194 INFO executor.Executor: Running task 26.0 in stage 31.0 (TID 311)
2026-08-09 23:12:24,195 INFO scheduler.TaskSetManager: Finished task 25.0 in stage 31.0 (TID 309) in 24 ms on 10.0.0.215 (executor driver) (26/40)
2026-08-09 23:12:24,196 INFO storage.ShuffleBlockFetcherIterator: Getting 4 (375.1 KiB) non-empty blocks including 4 (375.1 KiB) local and 0 (0.0 B) host-local and 0 (0.0 B) push-merged-local and 0 (0.0 B) remote blocks
2026-08-09 23:12:24,196 INFO storage.ShuffleBlockFetcherIterator: Started 0 remote fetches in 0 ms
2026-08-09 23:12:24,204 INFO executor.Executor: Finished task 36.0 in stage 25.0 (TID 310). 12241 bytes result sent to driver
2026-08-09 23:12:24,205 INFO scheduler.TaskSetManager: Starting task 37.0 in stage 25.0 (TID 312) (10.0.0.215, executor driver, partition 37, NODE_LOCAL, 4271 bytes) taskResourceAssignments Map()
2026-08-09 23:12:24,205 INFO executor.Executor: Running task 37.0 in stage 25.0 (TID 312)
2026-08-09 23:12:24,205 INFO scheduler.TaskSetManager: Finished task 36.0 in stage 25.0 (TID 310) in 30 ms on 10.0.0.215 (executor driver) (37/40)
2026-08-09 23:12:24,207 INFO storage.ShuffleBlockFetcherIterator: Getting 4 (375.1 KiB) non-empty blocks including 4 (375.1 KiB) local and 0 (0.0 B) host-local and 0 (0.0 B) push-merged-local and 0 (0.0 B) remote blocks
2026-08-09 23:12:24,207 INFO storage.ShuffleBlockFetcherIterator: Started 0 remote fetches in 0 ms
2026-08-09 23:12:24,211 INFO executor.Executor: Finished task 26.0 in stage 31.0 (TID 311). 6051 bytes result sent to driver
2026-08-09 23:12:24,211 INFO scheduler.TaskSetManager: Starting task 27.0 in stage 31.0 (TID 313) (10.0.0.215, executor driver, partition 27, NODE_LOCAL, 4271 bytes) taskResourceAssignments Map()
2026-08-09 23:12:24,211 INFO executor.Executor: Running task 27.0 in stage 31.0 (TID 313)
2026-08-09 23:12:24,211 INFO executor.Executor: Finished task 0.0 in stage 34.0 (TID 307). 1922 bytes result sent to driver
2026-08-09 23:12:24,211 INFO scheduler.TaskSetManager: Starting task 0.0 in stage 33.0 (TID 314) (10.0.0.215, executor driver, partition 0, NODE_LOCAL, 4271 bytes) taskResourceAssignments Map()
2026-08-09 23:12:24,212 INFO scheduler.TaskSetManager: Finished task 26.0 in stage 31.0 (TID 311) in 18 ms on 10.0.0.215 (executor driver) (27/40)
2026-08-09 23:12:24,212 INFO executor.Executor: Running task 0.0 in stage 33.0 (TID 314)
2026-08-09 23:12:24,212 INFO scheduler.TaskSetManager: Finished task 0.0 in stage 34.0 (TID 307) in 52 ms on 10.0.0.215 (executor driver) (1/4)
2026-08-09 23:12:24,212 INFO storage.ShuffleBlockFetcherIterator: Getting 4 (375.1 KiB) non-empty blocks including 4 (375.1 KiB) local and 0 (0.0 B) host-local and 0 (0.0 B) push-merged-local and 0 (0.0 B) remote blocks
2026-08-09 23:12:24,212 INFO storage.ShuffleBlockFetcherIterator: Started 0 remote fetches in 0 ms
2026-08-09 23:12:24,213 INFO storage.ShuffleBlockFetcherIterator: Getting 4 (1549.3 KiB) non-empty blocks including 4 (1549.3 KiB) local and 0 (0.0 B) host-local and 0 (0.0 B) push-merged-local and 0 (0.0 B) remote blocks
2026-08-09 23:12:24,213 INFO storage.ShuffleBlockFetcherIterator: Started 0 remote fetches in 0 ms
2026-08-09 23:12:24,228 INFO executor.Executor: Finished task 27.0 in stage 31.0 (TID 313). 6191 bytes result sent to driver
2026-08-09 23:12:24,228 INFO scheduler.TaskSetManager: Starting task 28.0 in stage 31.0 (TID 315) (10.0.0.215, executor driver, partition 28, NODE_LOCAL, 4271 bytes) taskResourceAssignments Map()
2026-08-09 23:12:24,229 INFO executor.Executor: Running task 28.0 in stage 31.0 (TID 315)
2026-08-09 23:12:24,229 INFO scheduler.TaskSetManager: Finished task 27.0 in stage 31.0 (TID 313) in 18 ms on 10.0.0.215 (executor driver) (28/40)
2026-08-09 23:12:24,230 INFO storage.ShuffleBlockFetcherIterator: Getting 4 (375.1 KiB) non-empty blocks including 4 (375.1 KiB) local and 0 (0.0 B) host-local and 0 (0.0 B) push-merged-local and 0 (0.0 B) remote blocks
2026-08-09 23:12:24,230 INFO storage.ShuffleBlockFetcherIterator: Started 0 remote fetches in 0 ms
2026-08-09 23:12:24,232 INFO executor.Executor: Finished task 37.0 in stage 25.0 (TID 312). 12241 bytes result sent to driver
2026-08-09 23:12:24,233 INFO scheduler.TaskSetManager: Starting task 38.0 in stage 25.0 (TID 316) (10.0.0.215, executor driver, partition 38, NODE_LOCAL, 4271 bytes) taskResourceAssignments Map()
2026-08-09 23:12:24,233 INFO executor.Executor: Running task 38.0 in stage 25.0 (TID 316)
2026-08-09 23:12:24,234 INFO scheduler.TaskSetManager: Finished task 37.0 in stage 25.0 (TID 312) in 30 ms on 10.0.0.215 (executor driver) (38/40)
2026-08-09 23:12:24,235 INFO storage.ShuffleBlockFetcherIterator: Getting 4 (375.1 KiB) non-empty blocks including 4 (375.1 KiB) local and 0 (0.0 B) host-local and 0 (0.0 B) push-merged-local and 0 (0.0 B) remote blocks
2026-08-09 23:12:24,235 INFO storage.ShuffleBlockFetcherIterator: Started 0 remote fetches in 0 ms
2026-08-09 23:12:24,246 INFO executor.Executor: Finished task 28.0 in stage 31.0 (TID 315). 5981 bytes result sent to driver
2026-08-09 23:12:24,246 INFO scheduler.TaskSetManager: Starting task 29.0 in stage 31.0 (TID 317) (10.0.0.215, executor driver, partition 29, NODE_LOCAL, 4271 bytes) taskResourceAssignments Map()
2026-08-09 23:12:24,247 INFO scheduler.TaskSetManager: Finished task 28.0 in stage 31.0 (TID 315) in 19 ms on 10.0.0.215 (executor driver) (29/40)
2026-08-09 23:12:24,247 INFO executor.Executor: Running task 29.0 in stage 31.0 (TID 317)
2026-08-09 23:12:24,248 INFO storage.ShuffleBlockFetcherIterator: Getting 4 (375.1 KiB) non-empty blocks including 4 (375.1 KiB) local and 0 (0.0 B) host-local and 0 (0.0 B) push-merged-local and 0 (0.0 B) remote blocks
2026-08-09 23:12:24,248 INFO storage.ShuffleBlockFetcherIterator: Started 0 remote fetches in 0 ms
2026-08-09 23:12:24,261 INFO executor.Executor: Finished task 29.0 in stage 31.0 (TID 317). 6121 bytes result sent to driver
2026-08-09 23:12:24,262 INFO scheduler.TaskSetManager: Starting task 30.0 in stage 31.0 (TID 318) (10.0.0.215, executor driver, partition 30, NODE_LOCAL, 4271 bytes) taskResourceAssignments Map()
2026-08-09 23:12:24,262 INFO executor.Executor: Running task 30.0 in stage 31.0 (TID 318)
2026-08-09 23:12:24,262 INFO scheduler.TaskSetManager: Finished task 29.0 in stage 31.0 (TID 317) in 16 ms on 10.0.0.215 (executor driver) (30/40)
2026-08-09 23:12:24,262 INFO executor.Executor: Finished task 38.0 in stage 25.0 (TID 316). 11864 bytes result sent to driver
2026-08-09 23:12:24,263 INFO scheduler.TaskSetManager: Starting task 39.0 in stage 25.0 (TID 319) (10.0.0.215, executor driver, partition 39, NODE_LOCAL, 4271 bytes) taskResourceAssignments Map()
2026-08-09 23:12:24,263 INFO storage.ShuffleBlockFetcherIterator: Getting 4 (375.1 KiB) non-empty blocks including 4 (375.1 KiB) local and 0 (0.0 B) host-local and 0 (0.0 B) push-merged-local and 0 (0.0 B) remote blocks
2026-08-09 23:12:24,263 INFO storage.ShuffleBlockFetcherIterator: Started 0 remote fetches in 0 ms
2026-08-09 23:12:24,263 INFO executor.Executor: Running task 39.0 in stage 25.0 (TID 319)
2026-08-09 23:12:24,263 INFO scheduler.TaskSetManager: Finished task 38.0 in stage 25.0 (TID 316) in 31 ms on 10.0.0.215 (executor driver) (39/40)
2026-08-09 23:12:24,264 INFO storage.ShuffleBlockFetcherIterator: Getting 4 (375.1 KiB) non-empty blocks including 4 (375.1 KiB) local and 0 (0.0 B) host-local and 0 (0.0 B) push-merged-local and 0 (0.0 B) remote blocks
2026-08-09 23:12:24,264 INFO storage.ShuffleBlockFetcherIterator: Started 0 remote fetches in 0 ms
2026-08-09 23:12:24,271 INFO storage.BlockManagerInfo: Removed broadcast_43_piece0 on 10.0.0.215:64244 in memory (size: 3.0 KiB, free: 2.2 GiB)
2026-08-09 23:12:24,272 INFO executor.Executor: Finished task 0.0 in stage 33.0 (TID 314). 12047 bytes result sent to driver
2026-08-09 23:12:24,272 INFO scheduler.TaskSetManager: Starting task 1.0 in stage 33.0 (TID 320) (10.0.0.215, executor driver, partition 1, NODE_LOCAL, 4271 bytes) taskResourceAssignments Map()
2026-08-09 23:12:24,273 INFO scheduler.TaskSetManager: Finished task 0.0 in stage 33.0 (TID 314) in 62 ms on 10.0.0.215 (executor driver) (1/10)
2026-08-09 23:12:24,273 INFO executor.Executor: Running task 1.0 in stage 33.0 (TID 320)
2026-08-09 23:12:24,274 INFO storage.ShuffleBlockFetcherIterator: Getting 4 (1549.3 KiB) non-empty blocks including 4 (1549.3 KiB) local and 0 (0.0 B) host-local and 0 (0.0 B) push-merged-local and 0 (0.0 B) remote blocks
2026-08-09 23:12:24,274 INFO storage.ShuffleBlockFetcherIterator: Started 0 remote fetches in 0 ms
2026-08-09 23:12:24,284 INFO executor.Executor: Finished task 30.0 in stage 31.0 (TID 318). 6094 bytes result sent to driver
2026-08-09 23:12:24,284 INFO scheduler.TaskSetManager: Starting task 31.0 in stage 31.0 (TID 321) (10.0.0.215, executor driver, partition 31, NODE_LOCAL, 4271 bytes) taskResourceAssignments Map()
2026-08-09 23:12:24,284 INFO executor.Executor: Running task 31.0 in stage 31.0 (TID 321)
2026-08-09 23:12:24,285 INFO scheduler.TaskSetManager: Finished task 30.0 in stage 31.0 (TID 318) in 24 ms on 10.0.0.215 (executor driver) (31/40)
2026-08-09 23:12:24,285 INFO storage.ShuffleBlockFetcherIterator: Getting 4 (375.1 KiB) non-empty blocks including 4 (375.1 KiB) local and 0 (0.0 B) host-local and 0 (0.0 B) push-merged-local and 0 (0.0 B) remote blocks
2026-08-09 23:12:24,285 INFO storage.ShuffleBlockFetcherIterator: Started 0 remote fetches in 0 ms
2026-08-09 23:12:24,296 INFO executor.Executor: Finished task 39.0 in stage 25.0 (TID 319). 12144 bytes result sent to driver
2026-08-09 23:12:24,297 INFO scheduler.TaskSetManager: Starting task 1.0 in stage 34.0 (TID 322) (10.0.0.215, executor driver, partition 1, PROCESS_LOCAL, 5129 bytes) taskResourceAssignments Map()
2026-08-09 23:12:24,297 INFO executor.Executor: Running task 1.0 in stage 34.0 (TID 322)
2026-08-09 23:12:24,297 INFO scheduler.TaskSetManager: Finished task 39.0 in stage 25.0 (TID 319) in 34 ms on 10.0.0.215 (executor driver) (40/40)
2026-08-09 23:12:24,297 INFO scheduler.TaskSchedulerImpl: Removed TaskSet 25.0, whose tasks have all completed, from pool default
2026-08-09 23:12:24,298 INFO scheduler.DAGScheduler: ResultStage 25 (collect at EnsembleTrainer.scala:45) finished in 1.213 s
2026-08-09 23:12:24,298 INFO scheduler.DAGScheduler: Job 18 is finished. Cancelling potential speculative or zombie tasks for this job
2026-08-09 23:12:24,298 INFO scheduler.TaskSchedulerImpl: Killing all running tasks in stage 25: Stage finished
2026-08-09 23:12:24,298 INFO scheduler.DAGScheduler: Job 18 finished: collect at EnsembleTrainer.scala:45, took 3.958167 s
2026-08-09 23:12:24,299 INFO storage.BlockManager: Found block rdd_8_1 locally
2026-08-09 23:12:24,300 INFO executor.Executor: Finished task 31.0 in stage 31.0 (TID 321). 5981 bytes result sent to driver
2026-08-09 23:12:24,301 INFO scheduler.TaskSetManager: Starting task 32.0 in stage 31.0 (TID 323) (10.0.0.215, executor driver, partition 32, NODE_LOCAL, 4271 bytes) taskResourceAssignments Map()
2026-08-09 23:12:24,301 INFO executor.Executor: Running task 32.0 in stage 31.0 (TID 323)
2026-08-09 23:12:24,301 INFO scheduler.TaskSetManager: Finished task 31.0 in stage 31.0 (TID 321) in 17 ms on 10.0.0.215 (executor driver) (32/40)
2026-08-09 23:12:24,303 INFO storage.ShuffleBlockFetcherIterator: Getting 4 (375.1 KiB) non-empty blocks including 4 (375.1 KiB) local and 0 (0.0 B) host-local and 0 (0.0 B) push-merged-local and 0 (0.0 B) remote blocks
2026-08-09 23:12:24,303 INFO storage.ShuffleBlockFetcherIterator: Started 0 remote fetches in 0 ms
2026-08-09 23:12:24,308 INFO memory.MemoryStore: Block broadcast_53 stored as values in memory (estimated size 675.2 KiB, free 2.2 GiB)
2026-08-09 23:12:24,314 INFO memory.MemoryStore: Block broadcast_53_piece0 stored as bytes in memory (estimated size 200.0 KiB, free 2.2 GiB)
2026-08-09 23:12:24,315 INFO storage.BlockManagerInfo: Added broadcast_53_piece0 in memory on 10.0.0.215:64244 (size: 200.0 KiB, free: 2.2 GiB)
2026-08-09 23:12:24,315 INFO spark.SparkContext: Created broadcast 53 from broadcast at EnsemblePredictor.scala:28
2026-08-09 23:12:24,319 INFO spark.SparkContext: Starting job: count at Metrics.scala:12
2026-08-09 23:12:24,320 INFO scheduler.DAGScheduler: Got job 32 (count at Metrics.scala:12) with 2 output partitions
2026-08-09 23:12:24,320 INFO scheduler.DAGScheduler: Final stage: ResultStage 44 (count at Metrics.scala:12)
2026-08-09 23:12:24,320 INFO scheduler.DAGScheduler: Parents of final stage: List()
2026-08-09 23:12:24,321 INFO scheduler.DAGScheduler: Missing parents: List()
2026-08-09 23:12:24,321 INFO scheduler.DAGScheduler: Submitting ResultStage 44 (MapPartitionsRDD[77] at map at EnsembleExperiment.scala:28), which has no missing parents
2026-08-09 23:12:24,322 INFO memory.MemoryStore: Block broadcast_54 stored as values in memory (estimated size 38.2 KiB, free 2.2 GiB)
2026-08-09 23:12:24,323 INFO memory.MemoryStore: Block broadcast_54_piece0 stored as bytes in memory (estimated size 12.0 KiB, free 2.2 GiB)
2026-08-09 23:12:24,323 INFO storage.BlockManagerInfo: Added broadcast_54_piece0 in memory on 10.0.0.215:64244 (size: 12.0 KiB, free: 2.2 GiB)
2026-08-09 23:12:24,323 INFO spark.SparkContext: Created broadcast 54 from broadcast at DAGScheduler.scala:1513
2026-08-09 23:12:24,323 INFO scheduler.DAGScheduler: Submitting 2 missing tasks from ResultStage 44 (MapPartitionsRDD[77] at map at EnsembleExperiment.scala:28) (first 15 tasks are for partitions Vector(0, 1))
2026-08-09 23:12:24,324 INFO scheduler.TaskSchedulerImpl: Adding task set 44.0 with 2 tasks resource profile 0
2026-08-09 23:12:24,324 INFO scheduler.FairSchedulableBuilder: Added task set TaskSet_44.0 tasks to pool default
2026-08-09 23:12:24,324 INFO executor.Executor: Finished task 32.0 in stage 31.0 (TID 323). 6234 bytes result sent to driver
2026-08-09 23:12:24,325 INFO scheduler.TaskSetManager: Starting task 33.0 in stage 31.0 (TID 324) (10.0.0.215, executor driver, partition 33, NODE_LOCAL, 4271 bytes) taskResourceAssignments Map()
2026-08-09 23:12:24,325 INFO executor.Executor: Running task 33.0 in stage 31.0 (TID 324)
2026-08-09 23:12:24,325 INFO scheduler.TaskSetManager: Finished task 32.0 in stage 31.0 (TID 323) in 24 ms on 10.0.0.215 (executor driver) (33/40)
2026-08-09 23:12:24,327 INFO storage.ShuffleBlockFetcherIterator: Getting 4 (375.1 KiB) non-empty blocks including 4 (375.1 KiB) local and 0 (0.0 B) host-local and 0 (0.0 B) push-merged-local and 0 (0.0 B) remote blocks
2026-08-09 23:12:24,327 INFO storage.ShuffleBlockFetcherIterator: Started 0 remote fetches in 0 ms
2026-08-09 23:12:24,339 INFO executor.Executor: Finished task 1.0 in stage 33.0 (TID 320). 12241 bytes result sent to driver
2026-08-09 23:12:24,339 INFO scheduler.TaskSetManager: Starting task 2.0 in stage 33.0 (TID 325) (10.0.0.215, executor driver, partition 2, NODE_LOCAL, 4271 bytes) taskResourceAssignments Map()
2026-08-09 23:12:24,339 INFO executor.Executor: Running task 2.0 in stage 33.0 (TID 325)
2026-08-09 23:12:24,340 INFO scheduler.TaskSetManager: Finished task 1.0 in stage 33.0 (TID 320) in 68 ms on 10.0.0.215 (executor driver) (2/10)
2026-08-09 23:12:24,341 INFO storage.ShuffleBlockFetcherIterator: Getting 4 (1549.3 KiB) non-empty blocks including 4 (1549.3 KiB) local and 0 (0.0 B) host-local and 0 (0.0 B) push-merged-local and 0 (0.0 B) remote blocks
2026-08-09 23:12:24,341 INFO storage.ShuffleBlockFetcherIterator: Started 0 remote fetches in 0 ms
2026-08-09 23:12:24,341 INFO executor.Executor: Finished task 33.0 in stage 31.0 (TID 324). 6191 bytes result sent to driver
2026-08-09 23:12:24,342 INFO scheduler.TaskSetManager: Starting task 34.0 in stage 31.0 (TID 326) (10.0.0.215, executor driver, partition 34, NODE_LOCAL, 4271 bytes) taskResourceAssignments Map()
2026-08-09 23:12:24,342 INFO executor.Executor: Running task 34.0 in stage 31.0 (TID 326)
2026-08-09 23:12:24,342 INFO scheduler.TaskSetManager: Finished task 33.0 in stage 31.0 (TID 324) in 17 ms on 10.0.0.215 (executor driver) (34/40)
2026-08-09 23:12:24,343 INFO storage.ShuffleBlockFetcherIterator: Getting 4 (375.1 KiB) non-empty blocks including 4 (375.1 KiB) local and 0 (0.0 B) host-local and 0 (0.0 B) push-merged-local and 0 (0.0 B) remote blocks
2026-08-09 23:12:24,343 INFO storage.ShuffleBlockFetcherIterator: Started 0 remote fetches in 0 ms
2026-08-09 23:12:24,348 INFO executor.Executor: Finished task 1.0 in stage 34.0 (TID 322). 1922 bytes result sent to driver
2026-08-09 23:12:24,348 INFO scheduler.TaskSetManager: Starting task 2.0 in stage 34.0 (TID 327) (10.0.0.215, executor driver, partition 2, PROCESS_LOCAL, 5129 bytes) taskResourceAssignments Map()
2026-08-09 23:12:24,349 INFO scheduler.TaskSetManager: Finished task 1.0 in stage 34.0 (TID 322) in 52 ms on 10.0.0.215 (executor driver) (2/4)
2026-08-09 23:12:24,349 INFO executor.Executor: Running task 2.0 in stage 34.0 (TID 327)
2026-08-09 23:12:24,352 INFO storage.BlockManager: Found block rdd_8_2 locally
2026-08-09 23:12:24,365 INFO executor.Executor: Finished task 34.0 in stage 31.0 (TID 326). 6051 bytes result sent to driver
2026-08-09 23:12:24,365 INFO scheduler.TaskSetManager: Starting task 35.0 in stage 31.0 (TID 328) (10.0.0.215, executor driver, partition 35, NODE_LOCAL, 4271 bytes) taskResourceAssignments Map()
2026-08-09 23:12:24,366 INFO executor.Executor: Running task 35.0 in stage 31.0 (TID 328)
2026-08-09 23:12:24,366 INFO scheduler.TaskSetManager: Finished task 34.0 in stage 31.0 (TID 326) in 24 ms on 10.0.0.215 (executor driver) (35/40)
2026-08-09 23:12:24,367 INFO storage.ShuffleBlockFetcherIterator: Getting 4 (375.1 KiB) non-empty blocks including 4 (375.1 KiB) local and 0 (0.0 B) host-local and 0 (0.0 B) push-merged-local and 0 (0.0 B) remote blocks
2026-08-09 23:12:24,368 INFO storage.ShuffleBlockFetcherIterator: Started 0 remote fetches in 0 ms
2026-08-09 23:12:24,381 INFO storage.BlockManagerInfo: Removed broadcast_38_piece0 on 10.0.0.215:64244 in memory (size: 3.0 KiB, free: 2.2 GiB)
2026-08-09 23:12:24,383 INFO memory.MemoryStore: Block rdd_61_0 stored as values in memory (estimated size 351.6 KiB, free 2.2 GiB)
2026-08-09 23:12:24,384 INFO storage.BlockManagerInfo: Added rdd_61_0 in memory on 10.0.0.215:64244 (size: 351.6 KiB, free: 2.2 GiB)
2026-08-09 23:12:24,386 INFO executor.Executor: Finished task 0.0 in stage 36.0 (TID 308). 1791 bytes result sent to driver
2026-08-09 23:12:24,387 INFO scheduler.TaskSetManager: Starting task 1.0 in stage 36.0 (TID 329) (10.0.0.215, executor driver, partition 1, PROCESS_LOCAL, 5029 bytes) taskResourceAssignments Map()
2026-08-09 23:12:24,387 INFO executor.Executor: Running task 1.0 in stage 36.0 (TID 329)
2026-08-09 23:12:24,387 INFO scheduler.TaskSetManager: Finished task 0.0 in stage 36.0 (TID 308) in 223 ms on 10.0.0.215 (executor driver) (1/2)
2026-08-09 23:12:24,389 INFO storage.BlockManager: Found block rdd_17_1 locally
2026-08-09 23:12:24,390 INFO memory.MemoryStore: Block rdd_61_1 stored as values in memory (estimated size 16.0 B, free 2.2 GiB)
2026-08-09 23:12:24,390 INFO storage.BlockManagerInfo: Added rdd_61_1 in memory on 10.0.0.215:64244 (size: 16.0 B, free: 2.2 GiB)
2026-08-09 23:12:24,390 INFO executor.Executor: Finished task 1.0 in stage 36.0 (TID 329). 1705 bytes result sent to driver
2026-08-09 23:12:24,391 INFO scheduler.TaskSetManager: Starting task 0.0 in stage 37.0 (TID 330) (10.0.0.215, executor driver, partition 0, PROCESS_LOCAL, 5029 bytes) taskResourceAssignments Map()
2026-08-09 23:12:24,391 INFO scheduler.TaskSetManager: Finished task 1.0 in stage 36.0 (TID 329) in 4 ms on 10.0.0.215 (executor driver) (2/2)
2026-08-09 23:12:24,391 INFO scheduler.TaskSchedulerImpl: Removed TaskSet 36.0, whose tasks have all completed, from pool default
2026-08-09 23:12:24,391 INFO executor.Executor: Running task 0.0 in stage 37.0 (TID 330)
2026-08-09 23:12:24,392 INFO scheduler.DAGScheduler: ResultStage 36 (count at Metrics.scala:12) finished in 1.860 s
2026-08-09 23:12:24,392 INFO scheduler.DAGScheduler: Job 24 is finished. Cancelling potential speculative or zombie tasks for this job
2026-08-09 23:12:24,392 INFO scheduler.TaskSchedulerImpl: Killing all running tasks in stage 36: Stage finished
2026-08-09 23:12:24,392 INFO scheduler.DAGScheduler: Job 24 finished: count at Metrics.scala:12, took 1.863892 s
2026-08-09 23:12:24,394 INFO storage.BlockManager: Found block rdd_17_0 locally
2026-08-09 23:12:24,395 INFO executor.Executor: Finished task 35.0 in stage 31.0 (TID 328). 6349 bytes result sent to driver
2026-08-09 23:12:24,395 INFO scheduler.TaskSetManager: Starting task 36.0 in stage 31.0 (TID 331) (10.0.0.215, executor driver, partition 36, NODE_LOCAL, 4271 bytes) taskResourceAssignments Map()
2026-08-09 23:12:24,396 INFO scheduler.TaskSetManager: Finished task 35.0 in stage 31.0 (TID 328) in 31 ms on 10.0.0.215 (executor driver) (36/40)
2026-08-09 23:12:24,396 INFO executor.Executor: Running task 36.0 in stage 31.0 (TID 331)
2026-08-09 23:12:24,397 INFO storage.ShuffleBlockFetcherIterator: Getting 4 (375.1 KiB) non-empty blocks including 4 (375.1 KiB) local and 0 (0.0 B) host-local and 0 (0.0 B) push-merged-local and 0 (0.0 B) remote blocks
2026-08-09 23:12:24,397 INFO storage.ShuffleBlockFetcherIterator: Started 0 remote fetches in 0 ms
2026-08-09 23:12:24,401 INFO spark.SparkContext: Starting job: count at Metrics.scala:14
2026-08-09 23:12:24,401 INFO scheduler.DAGScheduler: Got job 33 (count at Metrics.scala:14) with 2 output partitions
2026-08-09 23:12:24,401 INFO scheduler.DAGScheduler: Final stage: ResultStage 45 (count at Metrics.scala:14)
2026-08-09 23:12:24,401 INFO scheduler.DAGScheduler: Parents of final stage: List()
2026-08-09 23:12:24,402 INFO scheduler.DAGScheduler: Missing parents: List()
2026-08-09 23:12:24,402 INFO scheduler.DAGScheduler: Submitting ResultStage 45 (MapPartitionsRDD[78] at filter at Metrics.scala:14), which has no missing parents
2026-08-09 23:12:24,404 INFO memory.MemoryStore: Block broadcast_55 stored as values in memory (estimated size 38.5 KiB, free 2.2 GiB)
2026-08-09 23:12:24,404 INFO memory.MemoryStore: Block broadcast_55_piece0 stored as bytes in memory (estimated size 12.1 KiB, free 2.2 GiB)
2026-08-09 23:12:24,404 INFO storage.BlockManagerInfo: Added broadcast_55_piece0 in memory on 10.0.0.215:64244 (size: 12.1 KiB, free: 2.2 GiB)
2026-08-09 23:12:24,405 INFO spark.SparkContext: Created broadcast 55 from broadcast at DAGScheduler.scala:1513
2026-08-09 23:12:24,405 INFO scheduler.DAGScheduler: Submitting 2 missing tasks from ResultStage 45 (MapPartitionsRDD[78] at filter at Metrics.scala:14) (first 15 tasks are for partitions Vector(0, 1))
2026-08-09 23:12:24,405 INFO scheduler.TaskSchedulerImpl: Adding task set 45.0 with 2 tasks resource profile 0
2026-08-09 23:12:24,406 INFO scheduler.FairSchedulableBuilder: Added task set TaskSet_45.0 tasks to pool default
2026-08-09 23:12:24,411 INFO executor.Executor: Finished task 36.0 in stage 31.0 (TID 331). 6121 bytes result sent to driver
2026-08-09 23:12:24,411 INFO scheduler.TaskSetManager: Starting task 37.0 in stage 31.0 (TID 332) (10.0.0.215, executor driver, partition 37, NODE_LOCAL, 4271 bytes) taskResourceAssignments Map()
2026-08-09 23:12:24,412 INFO executor.Executor: Running task 37.0 in stage 31.0 (TID 332)
2026-08-09 23:12:24,412 INFO scheduler.TaskSetManager: Finished task 36.0 in stage 31.0 (TID 331) in 17 ms on 10.0.0.215 (executor driver) (37/40)
2026-08-09 23:12:24,412 INFO executor.Executor: Finished task 2.0 in stage 34.0 (TID 327). 1965 bytes result sent to driver
2026-08-09 23:12:24,412 INFO scheduler.TaskSetManager: Starting task 3.0 in stage 34.0 (TID 333) (10.0.0.215, executor driver, partition 3, PROCESS_LOCAL, 5129 bytes) taskResourceAssignments Map()
2026-08-09 23:12:24,412 INFO scheduler.TaskSetManager: Finished task 2.0 in stage 34.0 (TID 327) in 64 ms on 10.0.0.215 (executor driver) (3/4)
2026-08-09 23:12:24,412 INFO executor.Executor: Running task 3.0 in stage 34.0 (TID 333)
2026-08-09 23:12:24,413 INFO storage.ShuffleBlockFetcherIterator: Getting 4 (375.1 KiB) non-empty blocks including 4 (375.1 KiB) local and 0 (0.0 B) host-local and 0 (0.0 B) push-merged-local and 0 (0.0 B) remote blocks
2026-08-09 23:12:24,413 INFO storage.ShuffleBlockFetcherIterator: Started 0 remote fetches in 0 ms
2026-08-09 23:12:24,414 INFO storage.BlockManager: Found block rdd_8_3 locally
2026-08-09 23:12:24,416 INFO executor.Executor: Finished task 2.0 in stage 33.0 (TID 325). 12004 bytes result sent to driver
2026-08-09 23:12:24,416 INFO scheduler.TaskSetManager: Starting task 3.0 in stage 33.0 (TID 334) (10.0.0.215, executor driver, partition 3, NODE_LOCAL, 4271 bytes) taskResourceAssignments Map()
2026-08-09 23:12:24,417 INFO scheduler.TaskSetManager: Finished task 2.0 in stage 33.0 (TID 325) in 78 ms on 10.0.0.215 (executor driver) (3/10)
2026-08-09 23:12:24,417 INFO executor.Executor: Running task 3.0 in stage 33.0 (TID 334)
2026-08-09 23:12:24,419 INFO storage.ShuffleBlockFetcherIterator: Getting 4 (1549.3 KiB) non-empty blocks including 4 (1549.3 KiB) local and 0 (0.0 B) host-local and 0 (0.0 B) push-merged-local and 0 (0.0 B) remote blocks
2026-08-09 23:12:24,419 INFO storage.ShuffleBlockFetcherIterator: Started 0 remote fetches in 0 ms
2026-08-09 23:12:24,430 INFO executor.Executor: Finished task 37.0 in stage 31.0 (TID 332). 6191 bytes result sent to driver
2026-08-09 23:12:24,431 INFO scheduler.TaskSetManager: Starting task 38.0 in stage 31.0 (TID 335) (10.0.0.215, executor driver, partition 38, NODE_LOCAL, 4271 bytes) taskResourceAssignments Map()
2026-08-09 23:12:24,431 INFO executor.Executor: Running task 38.0 in stage 31.0 (TID 335)
2026-08-09 23:12:24,431 INFO scheduler.TaskSetManager: Finished task 37.0 in stage 31.0 (TID 332) in 20 ms on 10.0.0.215 (executor driver) (38/40)
2026-08-09 23:12:24,434 INFO storage.ShuffleBlockFetcherIterator: Getting 4 (375.1 KiB) non-empty blocks including 4 (375.1 KiB) local and 0 (0.0 B) host-local and 0 (0.0 B) push-merged-local and 0 (0.0 B) remote blocks
2026-08-09 23:12:24,434 INFO storage.ShuffleBlockFetcherIterator: Started 0 remote fetches in 0 ms
2026-08-09 23:12:24,457 INFO executor.Executor: Finished task 3.0 in stage 34.0 (TID 333). 1922 bytes result sent to driver
2026-08-09 23:12:24,458 INFO scheduler.TaskSetManager: Starting task 0.0 in stage 38.0 (TID 336) (10.0.0.215, executor driver, partition 0, PROCESS_LOCAL, 5029 bytes) taskResourceAssignments Map()
2026-08-09 23:12:24,463 INFO scheduler.TaskSetManager: Finished task 3.0 in stage 34.0 (TID 333) in 51 ms on 10.0.0.215 (executor driver) (4/4)
2026-08-09 23:12:24,464 INFO scheduler.TaskSchedulerImpl: Removed TaskSet 34.0, whose tasks have all completed, from pool default
2026-08-09 23:12:24,464 INFO executor.Executor: Running task 0.0 in stage 38.0 (TID 336)
2026-08-09 23:12:24,464 INFO scheduler.DAGScheduler: ShuffleMapStage 34 (map at EnsembleTrainer.scala:31) finished in 3.962 s
2026-08-09 23:12:24,464 INFO scheduler.DAGScheduler: looking for newly runnable stages
2026-08-09 23:12:24,464 INFO scheduler.DAGScheduler: running: Set(ResultStage 33, ResultStage 45, ResultStage 37, ResultStage 31, ResultStage 38, ResultStage 42, ResultStage 39, ResultStage 43, ResultStage 40, ResultStage 44, ResultStage 41)
2026-08-09 23:12:24,464 INFO scheduler.DAGScheduler: waiting: Set(ResultStage 35)
2026-08-09 23:12:24,464 INFO scheduler.DAGScheduler: failed: Set()
2026-08-09 23:12:24,466 INFO scheduler.DAGScheduler: Submitting ResultStage 35 (MapPartitionsRDD[59] at mapPartitions at EnsembleTrainer.scala:37), which has no missing parents
2026-08-09 23:12:24,469 INFO executor.Executor: Finished task 38.0 in stage 31.0 (TID 335). 6024 bytes result sent to driver
2026-08-09 23:12:24,470 INFO memory.MemoryStore: Block broadcast_56 stored as values in memory (estimated size 5.4 KiB, free 2.2 GiB)
2026-08-09 23:12:24,470 INFO scheduler.TaskSetManager: Starting task 39.0 in stage 31.0 (TID 337) (10.0.0.215, executor driver, partition 39, NODE_LOCAL, 4271 bytes) taskResourceAssignments Map()
2026-08-09 23:12:24,470 INFO executor.Executor: Running task 39.0 in stage 31.0 (TID 337)
2026-08-09 23:12:24,470 INFO memory.MemoryStore: Block broadcast_56_piece0 stored as bytes in memory (estimated size 3.0 KiB, free 2.2 GiB)
2026-08-09 23:12:24,470 INFO scheduler.TaskSetManager: Finished task 38.0 in stage 31.0 (TID 335) in 40 ms on 10.0.0.215 (executor driver) (39/40)
2026-08-09 23:12:24,470 INFO storage.BlockManagerInfo: Added broadcast_56_piece0 in memory on 10.0.0.215:64244 (size: 3.0 KiB, free: 2.2 GiB)
2026-08-09 23:12:24,471 INFO spark.SparkContext: Created broadcast 56 from broadcast at DAGScheduler.scala:1513
2026-08-09 23:12:24,471 INFO scheduler.DAGScheduler: Submitting 20 missing tasks from ResultStage 35 (MapPartitionsRDD[59] at mapPartitions at EnsembleTrainer.scala:37) (first 15 tasks are for partitions Vector(0, 1, 2, 3, 4, 5, 6, 7, 8, 9, 10, 11, 12, 13, 14))
2026-08-09 23:12:24,471 INFO scheduler.TaskSchedulerImpl: Adding task set 35.0 with 20 tasks resource profile 0
2026-08-09 23:12:24,471 INFO scheduler.FairSchedulableBuilder: Added task set TaskSet_35.0 tasks to pool default
2026-08-09 23:12:24,471 INFO storage.ShuffleBlockFetcherIterator: Getting 4 (375.1 KiB) non-empty blocks including 4 (375.1 KiB) local and 0 (0.0 B) host-local and 0 (0.0 B) push-merged-local and 0 (0.0 B) remote blocks
2026-08-09 23:12:24,471 INFO storage.ShuffleBlockFetcherIterator: Started 0 remote fetches in 0 ms
2026-08-09 23:12:24,471 INFO storage.BlockManager: Found block rdd_17_0 locally
2026-08-09 23:12:24,486 INFO executor.Executor: Finished task 39.0 in stage 31.0 (TID 337). 6263 bytes result sent to driver
2026-08-09 23:12:24,487 INFO scheduler.TaskSetManager: Starting task 0.0 in stage 35.0 (TID 338) (10.0.0.215, executor driver, partition 0, NODE_LOCAL, 4271 bytes) taskResourceAssignments Map()
2026-08-09 23:12:24,487 INFO executor.Executor: Running task 0.0 in stage 35.0 (TID 338)
2026-08-09 23:12:24,487 INFO scheduler.TaskSetManager: Finished task 39.0 in stage 31.0 (TID 337) in 17 ms on 10.0.0.215 (executor driver) (40/40)
2026-08-09 23:12:24,487 INFO scheduler.TaskSchedulerImpl: Removed TaskSet 31.0, whose tasks have all completed, from pool default
2026-08-09 23:12:24,488 INFO scheduler.DAGScheduler: ResultStage 31 (collect at EnsembleTrainer.scala:45) finished in 0.787 s
2026-08-09 23:12:24,488 INFO scheduler.DAGScheduler: Job 21 is finished. Cancelling potential speculative or zombie tasks for this job
2026-08-09 23:12:24,488 INFO scheduler.TaskSchedulerImpl: Killing all running tasks in stage 31: Stage finished
2026-08-09 23:12:24,488 INFO scheduler.DAGScheduler: Job 21 finished: collect at EnsembleTrainer.scala:45, took 4.072439 s
2026-08-09 23:12:24,489 INFO storage.ShuffleBlockFetcherIterator: Getting 4 (795.0 KiB) non-empty blocks including 4 (795.0 KiB) local and 0 (0.0 B) host-local and 0 (0.0 B) push-merged-local and 0 (0.0 B) remote blocks
2026-08-09 23:12:24,489 INFO storage.ShuffleBlockFetcherIterator: Started 0 remote fetches in 0 ms
2026-08-09 23:12:24,498 INFO memory.MemoryStore: Block broadcast_57 stored as values in memory (estimated size 331.4 KiB, free 2.2 GiB)
2026-08-09 23:12:24,501 INFO memory.MemoryStore: Block broadcast_57_piece0 stored as bytes in memory (estimated size 62.4 KiB, free 2.2 GiB)
2026-08-09 23:12:24,501 INFO storage.BlockManagerInfo: Added broadcast_57_piece0 in memory on 10.0.0.215:64244 (size: 62.4 KiB, free: 2.2 GiB)
2026-08-09 23:12:24,501 INFO spark.SparkContext: Created broadcast 57 from broadcast at EnsemblePredictor.scala:28
2026-08-09 23:12:24,504 INFO executor.Executor: Finished task 3.0 in stage 33.0 (TID 334). 12074 bytes result sent to driver
2026-08-09 23:12:24,505 INFO scheduler.TaskSetManager: Starting task 4.0 in stage 33.0 (TID 339) (10.0.0.215, executor driver, partition 4, NODE_LOCAL, 4271 bytes) taskResourceAssignments Map()
2026-08-09 23:12:24,505 INFO executor.Executor: Running task 4.0 in stage 33.0 (TID 339)
2026-08-09 23:12:24,506 INFO scheduler.TaskSetManager: Finished task 3.0 in stage 33.0 (TID 334) in 90 ms on 10.0.0.215 (executor driver) (4/10)
2026-08-09 23:12:24,506 INFO spark.SparkContext: Starting job: count at Metrics.scala:12
2026-08-09 23:12:24,507 INFO scheduler.DAGScheduler: Got job 34 (count at Metrics.scala:12) with 2 output partitions
2026-08-09 23:12:24,507 INFO scheduler.DAGScheduler: Final stage: ResultStage 46 (count at Metrics.scala:12)
2026-08-09 23:12:24,507 INFO scheduler.DAGScheduler: Parents of final stage: List()
2026-08-09 23:12:24,507 INFO scheduler.DAGScheduler: Missing parents: List()
2026-08-09 23:12:24,507 INFO scheduler.DAGScheduler: Submitting ResultStage 46 (MapPartitionsRDD[80] at map at EnsembleExperiment.scala:28), which has no missing parents
2026-08-09 23:12:24,507 INFO storage.ShuffleBlockFetcherIterator: Getting 4 (1549.3 KiB) non-empty blocks including 4 (1549.3 KiB) local and 0 (0.0 B) host-local and 0 (0.0 B) push-merged-local and 0 (0.0 B) remote blocks
2026-08-09 23:12:24,507 INFO storage.ShuffleBlockFetcherIterator: Started 0 remote fetches in 0 ms
2026-08-09 23:12:24,508 INFO memory.MemoryStore: Block broadcast_58 stored as values in memory (estimated size 38.2 KiB, free 2.2 GiB)
2026-08-09 23:12:24,509 INFO memory.MemoryStore: Block broadcast_58_piece0 stored as bytes in memory (estimated size 12.0 KiB, free 2.2 GiB)
2026-08-09 23:12:24,510 INFO storage.BlockManagerInfo: Added broadcast_58_piece0 in memory on 10.0.0.215:64244 (size: 12.0 KiB, free: 2.2 GiB)
2026-08-09 23:12:24,510 INFO spark.SparkContext: Created broadcast 58 from broadcast at DAGScheduler.scala:1513
2026-08-09 23:12:24,510 INFO scheduler.DAGScheduler: Submitting 2 missing tasks from ResultStage 46 (MapPartitionsRDD[80] at map at EnsembleExperiment.scala:28) (first 15 tasks are for partitions Vector(0, 1))
2026-08-09 23:12:24,510 INFO scheduler.TaskSchedulerImpl: Adding task set 46.0 with 2 tasks resource profile 0
2026-08-09 23:12:24,511 INFO scheduler.FairSchedulableBuilder: Added task set TaskSet_46.0 tasks to pool default
2026-08-09 23:12:24,525 INFO executor.Executor: Finished task 0.0 in stage 35.0 (TID 338). 6277 bytes result sent to driver
2026-08-09 23:12:24,525 INFO storage.BlockManagerInfo: Removed broadcast_47_piece0 on 10.0.0.215:64244 in memory (size: 3.0 KiB, free: 2.2 GiB)
2026-08-09 23:12:24,525 INFO scheduler.TaskSetManager: Starting task 1.0 in stage 35.0 (TID 340) (10.0.0.215, executor driver, partition 1, NODE_LOCAL, 4271 bytes) taskResourceAssignments Map()
2026-08-09 23:12:24,526 INFO executor.Executor: Running task 1.0 in stage 35.0 (TID 340)
2026-08-09 23:12:24,526 INFO scheduler.TaskSetManager: Finished task 0.0 in stage 35.0 (TID 338) in 40 ms on 10.0.0.215 (executor driver) (1/20)
2026-08-09 23:12:24,528 INFO storage.ShuffleBlockFetcherIterator: Getting 4 (795.0 KiB) non-empty blocks including 4 (795.0 KiB) local and 0 (0.0 B) host-local and 0 (0.0 B) push-merged-local and 0 (0.0 B) remote blocks
2026-08-09 23:12:24,528 INFO storage.ShuffleBlockFetcherIterator: Started 0 remote fetches in 0 ms
2026-08-09 23:12:24,553 INFO executor.Executor: Finished task 1.0 in stage 35.0 (TID 340). 6164 bytes result sent to driver
2026-08-09 23:12:24,554 INFO scheduler.TaskSetManager: Starting task 2.0 in stage 35.0 (TID 341) (10.0.0.215, executor driver, partition 2, NODE_LOCAL, 4271 bytes) taskResourceAssignments Map()
2026-08-09 23:12:24,554 INFO scheduler.TaskSetManager: Finished task 1.0 in stage 35.0 (TID 340) in 29 ms on 10.0.0.215 (executor driver) (2/20)
2026-08-09 23:12:24,555 INFO executor.Executor: Running task 2.0 in stage 35.0 (TID 341)
2026-08-09 23:12:24,556 INFO storage.ShuffleBlockFetcherIterator: Getting 4 (795.0 KiB) non-empty blocks including 4 (795.0 KiB) local and 0 (0.0 B) host-local and 0 (0.0 B) push-merged-local and 0 (0.0 B) remote blocks
2026-08-09 23:12:24,556 INFO storage.ShuffleBlockFetcherIterator: Started 0 remote fetches in 0 ms
2026-08-09 23:12:24,561 INFO memory.MemoryStore: Block rdd_63_0 stored as values in memory (estimated size 351.6 KiB, free 2.2 GiB)
2026-08-09 23:12:24,562 INFO storage.BlockManagerInfo: Added rdd_63_0 in memory on 10.0.0.215:64244 (size: 351.6 KiB, free: 2.2 GiB)
2026-08-09 23:12:24,563 INFO executor.Executor: Finished task 0.0 in stage 37.0 (TID 330). 1791 bytes result sent to driver
2026-08-09 23:12:24,563 INFO scheduler.TaskSetManager: Starting task 1.0 in stage 37.0 (TID 342) (10.0.0.215, executor driver, partition 1, PROCESS_LOCAL, 5029 bytes) taskResourceAssignments Map()
2026-08-09 23:12:24,563 INFO scheduler.TaskSetManager: Finished task 0.0 in stage 37.0 (TID 330) in 172 ms on 10.0.0.215 (executor driver) (1/2)
2026-08-09 23:12:24,564 INFO executor.Executor: Running task 1.0 in stage 37.0 (TID 342)
2026-08-09 23:12:24,565 INFO storage.BlockManager: Found block rdd_17_1 locally
2026-08-09 23:12:24,566 INFO memory.MemoryStore: Block rdd_63_1 stored as values in memory (estimated size 16.0 B, free 2.2 GiB)
2026-08-09 23:12:24,566 INFO storage.BlockManagerInfo: Added rdd_63_1 in memory on 10.0.0.215:64244 (size: 16.0 B, free: 2.2 GiB)
2026-08-09 23:12:24,567 INFO executor.Executor: Finished task 1.0 in stage 37.0 (TID 342). 1705 bytes result sent to driver
2026-08-09 23:12:24,567 INFO scheduler.TaskSetManager: Starting task 0.0 in stage 39.0 (TID 343) (10.0.0.215, executor driver, partition 0, PROCESS_LOCAL, 5029 bytes) taskResourceAssignments Map()
2026-08-09 23:12:24,567 INFO executor.Executor: Running task 0.0 in stage 39.0 (TID 343)
2026-08-09 23:12:24,567 INFO scheduler.TaskSetManager: Finished task 1.0 in stage 37.0 (TID 342) in 4 ms on 10.0.0.215 (executor driver) (2/2)
2026-08-09 23:12:24,568 INFO scheduler.TaskSchedulerImpl: Removed TaskSet 37.0, whose tasks have all completed, from pool default
2026-08-09 23:12:24,568 INFO scheduler.DAGScheduler: ResultStage 37 (count at Metrics.scala:12) finished in 1.866 s
2026-08-09 23:12:24,568 INFO scheduler.DAGScheduler: Job 25 is finished. Cancelling potential speculative or zombie tasks for this job
2026-08-09 23:12:24,568 INFO scheduler.TaskSchedulerImpl: Killing all running tasks in stage 37: Stage finished
2026-08-09 23:12:24,568 INFO scheduler.DAGScheduler: Job 25 finished: count at Metrics.scala:12, took 1.868154 s
2026-08-09 23:12:24,569 INFO storage.BlockManager: Found block rdd_17_0 locally
2026-08-09 23:12:24,572 INFO executor.Executor: Finished task 4.0 in stage 33.0 (TID 339). 12397 bytes result sent to driver
2026-08-09 23:12:24,572 INFO spark.SparkContext: Starting job: count at Metrics.scala:14
2026-08-09 23:12:24,572 INFO scheduler.TaskSetManager: Starting task 5.0 in stage 33.0 (TID 344) (10.0.0.215, executor driver, partition 5, NODE_LOCAL, 4271 bytes) taskResourceAssignments Map()
2026-08-09 23:12:24,573 INFO executor.Executor: Running task 5.0 in stage 33.0 (TID 344)
2026-08-09 23:12:24,573 INFO scheduler.DAGScheduler: Got job 35 (count at Metrics.scala:14) with 2 output partitions
2026-08-09 23:12:24,573 INFO scheduler.DAGScheduler: Final stage: ResultStage 47 (count at Metrics.scala:14)
2026-08-09 23:12:24,573 INFO scheduler.DAGScheduler: Parents of final stage: List()
2026-08-09 23:12:24,573 INFO scheduler.TaskSetManager: Finished task 4.0 in stage 33.0 (TID 339) in 68 ms on 10.0.0.215 (executor driver) (5/10)
2026-08-09 23:12:24,573 INFO scheduler.DAGScheduler: Missing parents: List()
2026-08-09 23:12:24,573 INFO scheduler.DAGScheduler: Submitting ResultStage 47 (MapPartitionsRDD[81] at filter at Metrics.scala:14), which has no missing parents
2026-08-09 23:12:24,574 INFO storage.ShuffleBlockFetcherIterator: Getting 4 (1549.3 KiB) non-empty blocks including 4 (1549.3 KiB) local and 0 (0.0 B) host-local and 0 (0.0 B) push-merged-local and 0 (0.0 B) remote blocks
2026-08-09 23:12:24,574 INFO storage.ShuffleBlockFetcherIterator: Started 0 remote fetches in 0 ms
2026-08-09 23:12:24,575 INFO memory.MemoryStore: Block broadcast_59 stored as values in memory (estimated size 38.5 KiB, free 2.2 GiB)
2026-08-09 23:12:24,576 INFO memory.MemoryStore: Block broadcast_59_piece0 stored as bytes in memory (estimated size 12.1 KiB, free 2.2 GiB)
2026-08-09 23:12:24,576 INFO storage.BlockManagerInfo: Added broadcast_59_piece0 in memory on 10.0.0.215:64244 (size: 12.1 KiB, free: 2.2 GiB)
2026-08-09 23:12:24,576 INFO spark.SparkContext: Created broadcast 59 from broadcast at DAGScheduler.scala:1513
2026-08-09 23:12:24,577 INFO scheduler.DAGScheduler: Submitting 2 missing tasks from ResultStage 47 (MapPartitionsRDD[81] at filter at Metrics.scala:14) (first 15 tasks are for partitions Vector(0, 1))
2026-08-09 23:12:24,577 INFO scheduler.TaskSchedulerImpl: Adding task set 47.0 with 2 tasks resource profile 0
2026-08-09 23:12:24,577 INFO scheduler.FairSchedulableBuilder: Added task set TaskSet_47.0 tasks to pool default
2026-08-09 23:12:24,582 INFO executor.Executor: Finished task 2.0 in stage 35.0 (TID 341). 6191 bytes result sent to driver
2026-08-09 23:12:24,582 INFO scheduler.TaskSetManager: Starting task 3.0 in stage 35.0 (TID 345) (10.0.0.215, executor driver, partition 3, NODE_LOCAL, 4271 bytes) taskResourceAssignments Map()
2026-08-09 23:12:24,582 INFO executor.Executor: Running task 3.0 in stage 35.0 (TID 345)
2026-08-09 23:12:24,583 INFO scheduler.TaskSetManager: Finished task 2.0 in stage 35.0 (TID 341) in 30 ms on 10.0.0.215 (executor driver) (3/20)
2026-08-09 23:12:24,584 INFO storage.ShuffleBlockFetcherIterator: Getting 4 (795.0 KiB) non-empty blocks including 4 (795.0 KiB) local and 0 (0.0 B) host-local and 0 (0.0 B) push-merged-local and 0 (0.0 B) remote blocks
2026-08-09 23:12:24,584 INFO storage.ShuffleBlockFetcherIterator: Started 0 remote fetches in 0 ms
2026-08-09 23:12:24,613 INFO executor.Executor: Finished task 3.0 in stage 35.0 (TID 345). 6191 bytes result sent to driver
2026-08-09 23:12:24,613 INFO scheduler.TaskSetManager: Starting task 4.0 in stage 35.0 (TID 346) (10.0.0.215, executor driver, partition 4, NODE_LOCAL, 4271 bytes) taskResourceAssignments Map()
2026-08-09 23:12:24,613 INFO executor.Executor: Running task 4.0 in stage 35.0 (TID 346)
2026-08-09 23:12:24,614 INFO scheduler.TaskSetManager: Finished task 3.0 in stage 35.0 (TID 345) in 32 ms on 10.0.0.215 (executor driver) (4/20)
2026-08-09 23:12:24,614 INFO storage.ShuffleBlockFetcherIterator: Getting 4 (795.0 KiB) non-empty blocks including 4 (795.0 KiB) local and 0 (0.0 B) host-local and 0 (0.0 B) push-merged-local and 0 (0.0 B) remote blocks
2026-08-09 23:12:24,614 INFO storage.ShuffleBlockFetcherIterator: Started 0 remote fetches in 0 ms
2026-08-09 23:12:24,627 INFO storage.BlockManagerInfo: Removed broadcast_34_piece0 on 10.0.0.215:64244 in memory (size: 12.0 KiB, free: 2.2 GiB)
2026-08-09 23:12:24,637 INFO executor.Executor: Finished task 5.0 in stage 33.0 (TID 344). 12284 bytes result sent to driver
2026-08-09 23:12:24,638 INFO scheduler.TaskSetManager: Starting task 6.0 in stage 33.0 (TID 347) (10.0.0.215, executor driver, partition 6, NODE_LOCAL, 4271 bytes) taskResourceAssignments Map()
2026-08-09 23:12:24,638 INFO executor.Executor: Running task 6.0 in stage 33.0 (TID 347)
2026-08-09 23:12:24,638 INFO scheduler.TaskSetManager: Finished task 5.0 in stage 33.0 (TID 344) in 66 ms on 10.0.0.215 (executor driver) (6/10)
2026-08-09 23:12:24,639 INFO storage.ShuffleBlockFetcherIterator: Getting 4 (1549.3 KiB) non-empty blocks including 4 (1549.3 KiB) local and 0 (0.0 B) host-local and 0 (0.0 B) push-merged-local and 0 (0.0 B) remote blocks
2026-08-09 23:12:24,639 INFO storage.ShuffleBlockFetcherIterator: Started 0 remote fetches in 0 ms
2026-08-09 23:12:24,647 INFO executor.Executor: Finished task 4.0 in stage 35.0 (TID 346). 6164 bytes result sent to driver
2026-08-09 23:12:24,648 INFO scheduler.TaskSetManager: Starting task 5.0 in stage 35.0 (TID 348) (10.0.0.215, executor driver, partition 5, NODE_LOCAL, 4271 bytes) taskResourceAssignments Map()
2026-08-09 23:12:24,648 INFO executor.Executor: Running task 5.0 in stage 35.0 (TID 348)
2026-08-09 23:12:24,648 INFO scheduler.TaskSetManager: Finished task 4.0 in stage 35.0 (TID 346) in 35 ms on 10.0.0.215 (executor driver) (5/20)
2026-08-09 23:12:24,650 INFO storage.ShuffleBlockFetcherIterator: Getting 4 (795.0 KiB) non-empty blocks including 4 (795.0 KiB) local and 0 (0.0 B) host-local and 0 (0.0 B) push-merged-local and 0 (0.0 B) remote blocks
2026-08-09 23:12:24,650 INFO storage.ShuffleBlockFetcherIterator: Started 0 remote fetches in 0 ms
2026-08-09 23:12:24,672 INFO memory.MemoryStore: Block rdd_65_0 stored as values in memory (estimated size 351.6 KiB, free 2.2 GiB)
2026-08-09 23:12:24,673 INFO storage.BlockManagerInfo: Added rdd_65_0 in memory on 10.0.0.215:64244 (size: 351.6 KiB, free: 2.2 GiB)
2026-08-09 23:12:24,674 INFO executor.Executor: Finished task 0.0 in stage 38.0 (TID 336). 1791 bytes result sent to driver
2026-08-09 23:12:24,674 INFO scheduler.TaskSetManager: Starting task 1.0 in stage 38.0 (TID 349) (10.0.0.215, executor driver, partition 1, PROCESS_LOCAL, 5029 bytes) taskResourceAssignments Map()
2026-08-09 23:12:24,675 INFO scheduler.TaskSetManager: Finished task 0.0 in stage 38.0 (TID 336) in 217 ms on 10.0.0.215 (executor driver) (1/2)
2026-08-09 23:12:24,675 INFO executor.Executor: Running task 1.0 in stage 38.0 (TID 349)
2026-08-09 23:12:24,677 INFO storage.BlockManager: Found block rdd_17_1 locally
2026-08-09 23:12:24,677 INFO memory.MemoryStore: Block rdd_65_1 stored as values in memory (estimated size 16.0 B, free 2.2 GiB)
2026-08-09 23:12:24,677 INFO storage.BlockManagerInfo: Added rdd_65_1 in memory on 10.0.0.215:64244 (size: 16.0 B, free: 2.2 GiB)
2026-08-09 23:12:24,678 INFO executor.Executor: Finished task 1.0 in stage 38.0 (TID 349). 1705 bytes result sent to driver
2026-08-09 23:12:24,678 INFO scheduler.TaskSetManager: Starting task 0.0 in stage 40.0 (TID 350) (10.0.0.215, executor driver, partition 0, PROCESS_LOCAL, 5029 bytes) taskResourceAssignments Map()
2026-08-09 23:12:24,678 INFO scheduler.TaskSetManager: Finished task 1.0 in stage 38.0 (TID 349) in 4 ms on 10.0.0.215 (executor driver) (2/2)
2026-08-09 23:12:24,678 INFO scheduler.TaskSchedulerImpl: Removed TaskSet 38.0, whose tasks have all completed, from pool default
2026-08-09 23:12:24,679 INFO scheduler.DAGScheduler: ResultStage 38 (count at Metrics.scala:12) finished in 1.844 s
2026-08-09 23:12:24,679 INFO scheduler.DAGScheduler: Job 26 is finished. Cancelling potential speculative or zombie tasks for this job
2026-08-09 23:12:24,679 INFO scheduler.TaskSchedulerImpl: Killing all running tasks in stage 38: Stage finished
2026-08-09 23:12:24,679 INFO scheduler.DAGScheduler: Job 26 finished: count at Metrics.scala:12, took 1.847218 s
2026-08-09 23:12:24,679 INFO executor.Executor: Running task 0.0 in stage 40.0 (TID 350)
2026-08-09 23:12:24,682 INFO storage.BlockManager: Found block rdd_17_0 locally
2026-08-09 23:12:24,687 INFO executor.Executor: Finished task 5.0 in stage 35.0 (TID 348). 6191 bytes result sent to driver
2026-08-09 23:12:24,688 INFO scheduler.TaskSetManager: Starting task 6.0 in stage 35.0 (TID 351) (10.0.0.215, executor driver, partition 6, NODE_LOCAL, 4271 bytes) taskResourceAssignments Map()
2026-08-09 23:12:24,688 INFO spark.SparkContext: Starting job: count at Metrics.scala:14
2026-08-09 23:12:24,688 INFO executor.Executor: Running task 6.0 in stage 35.0 (TID 351)
2026-08-09 23:12:24,688 INFO scheduler.TaskSetManager: Finished task 5.0 in stage 35.0 (TID 348) in 40 ms on 10.0.0.215 (executor driver) (6/20)
2026-08-09 23:12:24,688 INFO scheduler.DAGScheduler: Got job 36 (count at Metrics.scala:14) with 2 output partitions
2026-08-09 23:12:24,688 INFO scheduler.DAGScheduler: Final stage: ResultStage 48 (count at Metrics.scala:14)
2026-08-09 23:12:24,688 INFO scheduler.DAGScheduler: Parents of final stage: List()
2026-08-09 23:12:24,689 INFO scheduler.DAGScheduler: Missing parents: List()
2026-08-09 23:12:24,689 INFO scheduler.DAGScheduler: Submitting ResultStage 48 (MapPartitionsRDD[82] at filter at Metrics.scala:14), which has no missing parents
2026-08-09 23:12:24,690 INFO memory.MemoryStore: Block broadcast_60 stored as values in memory (estimated size 38.5 KiB, free 2.2 GiB)
2026-08-09 23:12:24,690 INFO memory.MemoryStore: Block broadcast_60_piece0 stored as bytes in memory (estimated size 12.1 KiB, free 2.2 GiB)
2026-08-09 23:12:24,691 INFO storage.ShuffleBlockFetcherIterator: Getting 4 (795.0 KiB) non-empty blocks including 4 (795.0 KiB) local and 0 (0.0 B) host-local and 0 (0.0 B) push-merged-local and 0 (0.0 B) remote blocks
2026-08-09 23:12:24,691 INFO storage.BlockManagerInfo: Added broadcast_60_piece0 in memory on 10.0.0.215:64244 (size: 12.1 KiB, free: 2.2 GiB)
2026-08-09 23:12:24,691 INFO storage.ShuffleBlockFetcherIterator: Started 0 remote fetches in 0 ms
2026-08-09 23:12:24,691 INFO spark.SparkContext: Created broadcast 60 from broadcast at DAGScheduler.scala:1513
2026-08-09 23:12:24,691 INFO scheduler.DAGScheduler: Submitting 2 missing tasks from ResultStage 48 (MapPartitionsRDD[82] at filter at Metrics.scala:14) (first 15 tasks are for partitions Vector(0, 1))
2026-08-09 23:12:24,691 INFO scheduler.TaskSchedulerImpl: Adding task set 48.0 with 2 tasks resource profile 0
2026-08-09 23:12:24,691 INFO scheduler.FairSchedulableBuilder: Added task set TaskSet_48.0 tasks to pool default
2026-08-09 23:12:24,707 INFO executor.Executor: Finished task 6.0 in stage 33.0 (TID 347). 12171 bytes result sent to driver
2026-08-09 23:12:24,708 INFO scheduler.TaskSetManager: Starting task 7.0 in stage 33.0 (TID 352) (10.0.0.215, executor driver, partition 7, NODE_LOCAL, 4271 bytes) taskResourceAssignments Map()
2026-08-09 23:12:24,709 INFO executor.Executor: Running task 7.0 in stage 33.0 (TID 352)
2026-08-09 23:12:24,709 INFO scheduler.TaskSetManager: Finished task 6.0 in stage 33.0 (TID 347) in 71 ms on 10.0.0.215 (executor driver) (7/10)
2026-08-09 23:12:24,710 INFO storage.ShuffleBlockFetcherIterator: Getting 4 (1549.3 KiB) non-empty blocks including 4 (1549.3 KiB) local and 0 (0.0 B) host-local and 0 (0.0 B) push-merged-local and 0 (0.0 B) remote blocks
2026-08-09 23:12:24,710 INFO storage.ShuffleBlockFetcherIterator: Started 0 remote fetches in 0 ms
2026-08-09 23:12:24,716 INFO executor.Executor: Finished task 6.0 in stage 35.0 (TID 351). 6234 bytes result sent to driver
2026-08-09 23:12:24,717 INFO scheduler.TaskSetManager: Starting task 7.0 in stage 35.0 (TID 353) (10.0.0.215, executor driver, partition 7, NODE_LOCAL, 4271 bytes) taskResourceAssignments Map()
2026-08-09 23:12:24,717 INFO executor.Executor: Running task 7.0 in stage 35.0 (TID 353)
2026-08-09 23:12:24,717 INFO scheduler.TaskSetManager: Finished task 6.0 in stage 35.0 (TID 351) in 29 ms on 10.0.0.215 (executor driver) (7/20)
2026-08-09 23:12:24,719 INFO storage.ShuffleBlockFetcherIterator: Getting 4 (795.0 KiB) non-empty blocks including 4 (795.0 KiB) local and 0 (0.0 B) host-local and 0 (0.0 B) push-merged-local and 0 (0.0 B) remote blocks
2026-08-09 23:12:24,719 INFO storage.ShuffleBlockFetcherIterator: Started 0 remote fetches in 0 ms
2026-08-09 23:12:24,757 INFO executor.Executor: Finished task 7.0 in stage 35.0 (TID 353). 6207 bytes result sent to driver
2026-08-09 23:12:24,758 INFO scheduler.TaskSetManager: Starting task 8.0 in stage 35.0 (TID 354) (10.0.0.215, executor driver, partition 8, NODE_LOCAL, 4271 bytes) taskResourceAssignments Map()
2026-08-09 23:12:24,758 INFO executor.Executor: Running task 8.0 in stage 35.0 (TID 354)
2026-08-09 23:12:24,759 INFO scheduler.TaskSetManager: Finished task 7.0 in stage 35.0 (TID 353) in 43 ms on 10.0.0.215 (executor driver) (8/20)
2026-08-09 23:12:24,760 INFO storage.ShuffleBlockFetcherIterator: Getting 4 (795.0 KiB) non-empty blocks including 4 (795.0 KiB) local and 0 (0.0 B) host-local and 0 (0.0 B) push-merged-local and 0 (0.0 B) remote blocks
2026-08-09 23:12:24,760 INFO storage.ShuffleBlockFetcherIterator: Started 0 remote fetches in 0 ms
2026-08-09 23:12:24,764 INFO memory.MemoryStore: Block rdd_69_0 stored as values in memory (estimated size 351.6 KiB, free 2.2 GiB)
2026-08-09 23:12:24,764 INFO storage.BlockManagerInfo: Added rdd_69_0 in memory on 10.0.0.215:64244 (size: 351.6 KiB, free: 2.2 GiB)
2026-08-09 23:12:24,766 INFO executor.Executor: Finished task 0.0 in stage 40.0 (TID 350). 1748 bytes result sent to driver
2026-08-09 23:12:24,766 INFO scheduler.TaskSetManager: Starting task 1.0 in stage 40.0 (TID 355) (10.0.0.215, executor driver, partition 1, PROCESS_LOCAL, 5029 bytes) taskResourceAssignments Map()
2026-08-09 23:12:24,767 INFO scheduler.TaskSetManager: Finished task 0.0 in stage 40.0 (TID 350) in 89 ms on 10.0.0.215 (executor driver) (1/2)
2026-08-09 23:12:24,767 INFO executor.Executor: Running task 1.0 in stage 40.0 (TID 355)
2026-08-09 23:12:24,768 INFO storage.BlockManager: Found block rdd_17_1 locally
2026-08-09 23:12:24,769 INFO memory.MemoryStore: Block rdd_69_1 stored as values in memory (estimated size 16.0 B, free 2.2 GiB)
2026-08-09 23:12:24,769 INFO storage.BlockManagerInfo: Added rdd_69_1 in memory on 10.0.0.215:64244 (size: 16.0 B, free: 2.2 GiB)
2026-08-09 23:12:24,770 INFO executor.Executor: Finished task 1.0 in stage 40.0 (TID 355). 1705 bytes result sent to driver
2026-08-09 23:12:24,770 INFO scheduler.TaskSetManager: Starting task 0.0 in stage 41.0 (TID 356) (10.0.0.215, executor driver, partition 0, PROCESS_LOCAL, 5029 bytes) taskResourceAssignments Map()
2026-08-09 23:12:24,770 INFO scheduler.TaskSetManager: Finished task 1.0 in stage 40.0 (TID 355) in 4 ms on 10.0.0.215 (executor driver) (2/2)
2026-08-09 23:12:24,770 INFO scheduler.TaskSchedulerImpl: Removed TaskSet 40.0, whose tasks have all completed, from pool default
2026-08-09 23:12:24,770 INFO executor.Executor: Running task 0.0 in stage 41.0 (TID 356)
2026-08-09 23:12:24,771 INFO scheduler.DAGScheduler: ResultStage 40 (count at Metrics.scala:12) finished in 1.490 s
2026-08-09 23:12:24,771 INFO scheduler.DAGScheduler: Job 28 is finished. Cancelling potential speculative or zombie tasks for this job
2026-08-09 23:12:24,771 INFO scheduler.TaskSchedulerImpl: Killing all running tasks in stage 40: Stage finished
2026-08-09 23:12:24,771 INFO scheduler.DAGScheduler: Job 28 finished: count at Metrics.scala:12, took 1.493057 s
2026-08-09 23:12:24,772 INFO storage.BlockManager: Found block rdd_17_0 locally
2026-08-09 23:12:24,774 INFO executor.Executor: Finished task 7.0 in stage 33.0 (TID 352). 12214 bytes result sent to driver
2026-08-09 23:12:24,775 INFO scheduler.TaskSetManager: Starting task 8.0 in stage 33.0 (TID 357) (10.0.0.215, executor driver, partition 8, NODE_LOCAL, 4271 bytes) taskResourceAssignments Map()
2026-08-09 23:12:24,775 INFO executor.Executor: Running task 8.0 in stage 33.0 (TID 357)
2026-08-09 23:12:24,775 INFO scheduler.TaskSetManager: Finished task 7.0 in stage 33.0 (TID 352) in 67 ms on 10.0.0.215 (executor driver) (8/10)
2026-08-09 23:12:24,777 INFO storage.ShuffleBlockFetcherIterator: Getting 4 (1549.3 KiB) non-empty blocks including 4 (1549.3 KiB) local and 0 (0.0 B) host-local and 0 (0.0 B) push-merged-local and 0 (0.0 B) remote blocks
2026-08-09 23:12:24,777 INFO storage.ShuffleBlockFetcherIterator: Started 0 remote fetches in 0 ms
2026-08-09 23:12:24,778 INFO spark.SparkContext: Starting job: count at Metrics.scala:14
2026-08-09 23:12:24,779 INFO scheduler.DAGScheduler: Got job 37 (count at Metrics.scala:14) with 2 output partitions
2026-08-09 23:12:24,779 INFO scheduler.DAGScheduler: Final stage: ResultStage 49 (count at Metrics.scala:14)
2026-08-09 23:12:24,779 INFO scheduler.DAGScheduler: Parents of final stage: List()
2026-08-09 23:12:24,779 INFO scheduler.DAGScheduler: Missing parents: List()
2026-08-09 23:12:24,779 INFO scheduler.DAGScheduler: Submitting ResultStage 49 (MapPartitionsRDD[83] at filter at Metrics.scala:14), which has no missing parents
2026-08-09 23:12:24,781 INFO memory.MemoryStore: Block broadcast_61 stored as values in memory (estimated size 38.5 KiB, free 2.2 GiB)
2026-08-09 23:12:24,782 INFO memory.MemoryStore: Block broadcast_61_piece0 stored as bytes in memory (estimated size 12.1 KiB, free 2.2 GiB)
2026-08-09 23:12:24,783 INFO storage.BlockManagerInfo: Added broadcast_61_piece0 in memory on 10.0.0.215:64244 (size: 12.1 KiB, free: 2.2 GiB)
2026-08-09 23:12:24,783 INFO spark.SparkContext: Created broadcast 61 from broadcast at DAGScheduler.scala:1513
2026-08-09 23:12:24,783 INFO scheduler.DAGScheduler: Submitting 2 missing tasks from ResultStage 49 (MapPartitionsRDD[83] at filter at Metrics.scala:14) (first 15 tasks are for partitions Vector(0, 1))
2026-08-09 23:12:24,783 INFO scheduler.TaskSchedulerImpl: Adding task set 49.0 with 2 tasks resource profile 0
2026-08-09 23:12:24,784 INFO scheduler.FairSchedulableBuilder: Added task set TaskSet_49.0 tasks to pool default
2026-08-09 23:12:24,792 INFO executor.Executor: Finished task 8.0 in stage 35.0 (TID 354). 6191 bytes result sent to driver
2026-08-09 23:12:24,793 INFO scheduler.TaskSetManager: Starting task 9.0 in stage 35.0 (TID 358) (10.0.0.215, executor driver, partition 9, NODE_LOCAL, 4271 bytes) taskResourceAssignments Map()
2026-08-09 23:12:24,793 INFO executor.Executor: Running task 9.0 in stage 35.0 (TID 358)
2026-08-09 23:12:24,794 INFO scheduler.TaskSetManager: Finished task 8.0 in stage 35.0 (TID 354) in 36 ms on 10.0.0.215 (executor driver) (9/20)
2026-08-09 23:12:24,796 INFO storage.ShuffleBlockFetcherIterator: Getting 4 (795.0 KiB) non-empty blocks including 4 (795.0 KiB) local and 0 (0.0 B) host-local and 0 (0.0 B) push-merged-local and 0 (0.0 B) remote blocks
2026-08-09 23:12:24,796 INFO storage.ShuffleBlockFetcherIterator: Started 0 remote fetches in 0 ms
2026-08-09 23:12:24,839 INFO executor.Executor: Finished task 9.0 in stage 35.0 (TID 358). 6207 bytes result sent to driver
2026-08-09 23:12:24,841 INFO scheduler.TaskSetManager: Starting task 10.0 in stage 35.0 (TID 359) (10.0.0.215, executor driver, partition 10, NODE_LOCAL, 4271 bytes) taskResourceAssignments Map()
2026-08-09 23:12:24,844 INFO scheduler.TaskSetManager: Finished task 9.0 in stage 35.0 (TID 358) in 51 ms on 10.0.0.215 (executor driver) (10/20)
2026-08-09 23:12:24,845 INFO executor.Executor: Running task 10.0 in stage 35.0 (TID 359)
2026-08-09 23:12:24,858 INFO storage.ShuffleBlockFetcherIterator: Getting 4 (795.0 KiB) non-empty blocks including 4 (795.0 KiB) local and 0 (0.0 B) host-local and 0 (0.0 B) push-merged-local and 0 (0.0 B) remote blocks
2026-08-09 23:12:24,859 INFO storage.ShuffleBlockFetcherIterator: Started 0 remote fetches in 1 ms
2026-08-09 23:12:24,860 INFO executor.Executor: Finished task 8.0 in stage 33.0 (TID 357). 12187 bytes result sent to driver
2026-08-09 23:12:24,860 INFO scheduler.TaskSetManager: Starting task 9.0 in stage 33.0 (TID 360) (10.0.0.215, executor driver, partition 9, NODE_LOCAL, 4271 bytes) taskResourceAssignments Map()
2026-08-09 23:12:24,861 INFO scheduler.TaskSetManager: Finished task 8.0 in stage 33.0 (TID 357) in 86 ms on 10.0.0.215 (executor driver) (9/10)
2026-08-09 23:12:24,861 INFO executor.Executor: Running task 9.0 in stage 33.0 (TID 360)
2026-08-09 23:12:24,862 INFO storage.ShuffleBlockFetcherIterator: Getting 4 (1549.3 KiB) non-empty blocks including 4 (1549.3 KiB) local and 0 (0.0 B) host-local and 0 (0.0 B) push-merged-local and 0 (0.0 B) remote blocks
2026-08-09 23:12:24,862 INFO storage.ShuffleBlockFetcherIterator: Started 0 remote fetches in 0 ms
2026-08-09 23:12:24,915 INFO executor.Executor: Finished task 10.0 in stage 35.0 (TID 359). 6234 bytes result sent to driver
2026-08-09 23:12:24,917 INFO scheduler.TaskSetManager: Starting task 11.0 in stage 35.0 (TID 361) (10.0.0.215, executor driver, partition 11, NODE_LOCAL, 4271 bytes) taskResourceAssignments Map()
2026-08-09 23:12:24,918 INFO executor.Executor: Running task 11.0 in stage 35.0 (TID 361)
2026-08-09 23:12:24,918 INFO scheduler.TaskSetManager: Finished task 10.0 in stage 35.0 (TID 359) in 77 ms on 10.0.0.215 (executor driver) (11/20)
2026-08-09 23:12:24,921 INFO storage.ShuffleBlockFetcherIterator: Getting 4 (795.0 KiB) non-empty blocks including 4 (795.0 KiB) local and 0 (0.0 B) host-local and 0 (0.0 B) push-merged-local and 0 (0.0 B) remote blocks
2026-08-09 23:12:24,921 INFO storage.ShuffleBlockFetcherIterator: Started 0 remote fetches in 0 ms
2026-08-09 23:12:24,954 INFO memory.MemoryStore: Block rdd_67_0 stored as values in memory (estimated size 351.6 KiB, free 2.2 GiB)
2026-08-09 23:12:24,955 INFO storage.BlockManagerInfo: Added rdd_67_0 in memory on 10.0.0.215:64244 (size: 351.6 KiB, free: 2.2 GiB)
2026-08-09 23:12:24,957 INFO executor.Executor: Finished task 0.0 in stage 39.0 (TID 343). 1791 bytes result sent to driver
2026-08-09 23:12:24,959 INFO scheduler.TaskSetManager: Starting task 1.0 in stage 39.0 (TID 362) (10.0.0.215, executor driver, partition 1, PROCESS_LOCAL, 5029 bytes) taskResourceAssignments Map()
2026-08-09 23:12:24,960 INFO scheduler.TaskSetManager: Finished task 0.0 in stage 39.0 (TID 343) in 393 ms on 10.0.0.215 (executor driver) (1/2)
2026-08-09 23:12:24,960 INFO executor.Executor: Running task 1.0 in stage 39.0 (TID 362)
2026-08-09 23:12:24,975 INFO storage.BlockManager: Found block rdd_17_1 locally
2026-08-09 23:12:24,975 INFO memory.MemoryStore: Block rdd_67_1 stored as values in memory (estimated size 16.0 B, free 2.2 GiB)
2026-08-09 23:12:24,976 INFO storage.BlockManagerInfo: Added rdd_67_1 in memory on 10.0.0.215:64244 (size: 16.0 B, free: 2.2 GiB)
2026-08-09 23:12:24,976 INFO executor.Executor: Finished task 11.0 in stage 35.0 (TID 361). 6164 bytes result sent to driver
2026-08-09 23:12:24,976 INFO scheduler.TaskSetManager: Starting task 12.0 in stage 35.0 (TID 363) (10.0.0.215, executor driver, partition 12, NODE_LOCAL, 4271 bytes) taskResourceAssignments Map()
2026-08-09 23:12:24,976 INFO executor.Executor: Running task 12.0 in stage 35.0 (TID 363)
2026-08-09 23:12:24,976 INFO executor.Executor: Finished task 1.0 in stage 39.0 (TID 362). 1705 bytes result sent to driver
2026-08-09 23:12:24,977 INFO scheduler.TaskSetManager: Starting task 0.0 in stage 42.0 (TID 364) (10.0.0.215, executor driver, partition 0, PROCESS_LOCAL, 5029 bytes) taskResourceAssignments Map()
2026-08-09 23:12:24,977 INFO scheduler.TaskSetManager: Finished task 11.0 in stage 35.0 (TID 361) in 60 ms on 10.0.0.215 (executor driver) (12/20)
2026-08-09 23:12:24,978 INFO scheduler.TaskSetManager: Finished task 1.0 in stage 39.0 (TID 362) in 19 ms on 10.0.0.215 (executor driver) (2/2)
2026-08-09 23:12:24,978 INFO scheduler.TaskSchedulerImpl: Removed TaskSet 39.0, whose tasks have all completed, from pool default
2026-08-09 23:12:24,978 INFO executor.Executor: Running task 0.0 in stage 42.0 (TID 364)
2026-08-09 23:12:24,978 INFO scheduler.DAGScheduler: ResultStage 39 (count at Metrics.scala:12) finished in 1.719 s
2026-08-09 23:12:24,978 INFO scheduler.DAGScheduler: Job 27 is finished. Cancelling potential speculative or zombie tasks for this job
2026-08-09 23:12:24,978 INFO scheduler.TaskSchedulerImpl: Killing all running tasks in stage 39: Stage finished
2026-08-09 23:12:24,978 INFO scheduler.DAGScheduler: Job 27 finished: count at Metrics.scala:12, took 1.720814 s
2026-08-09 23:12:24,979 INFO storage.ShuffleBlockFetcherIterator: Getting 4 (795.0 KiB) non-empty blocks including 4 (795.0 KiB) local and 0 (0.0 B) host-local and 0 (0.0 B) push-merged-local and 0 (0.0 B) remote blocks
2026-08-09 23:12:24,979 INFO storage.ShuffleBlockFetcherIterator: Started 0 remote fetches in 0 ms
2026-08-09 23:12:24,980 INFO storage.BlockManager: Found block rdd_17_0 locally
2026-08-09 23:12:24,984 INFO memory.MemoryStore: Block rdd_71_0 stored as values in memory (estimated size 351.6 KiB, free 2.2 GiB)
2026-08-09 23:12:24,984 INFO storage.BlockManagerInfo: Added rdd_71_0 in memory on 10.0.0.215:64244 (size: 351.6 KiB, free: 2.2 GiB)
2026-08-09 23:12:24,985 INFO executor.Executor: Finished task 0.0 in stage 41.0 (TID 356). 1791 bytes result sent to driver
2026-08-09 23:12:24,985 INFO scheduler.TaskSetManager: Starting task 1.0 in stage 41.0 (TID 365) (10.0.0.215, executor driver, partition 1, PROCESS_LOCAL, 5029 bytes) taskResourceAssignments Map()
2026-08-09 23:12:24,986 INFO scheduler.TaskSetManager: Finished task 0.0 in stage 41.0 (TID 356) in 216 ms on 10.0.0.215 (executor driver) (1/2)
2026-08-09 23:12:24,986 INFO executor.Executor: Running task 1.0 in stage 41.0 (TID 365)
2026-08-09 23:12:24,987 INFO executor.Executor: Finished task 9.0 in stage 33.0 (TID 360). 12101 bytes result sent to driver
2026-08-09 23:12:24,987 INFO storage.BlockManager: Found block rdd_17_1 locally
2026-08-09 23:12:24,987 INFO spark.SparkContext: Starting job: count at Metrics.scala:14
2026-08-09 23:12:24,988 INFO scheduler.TaskSetManager: Starting task 0.0 in stage 43.0 (TID 366) (10.0.0.215, executor driver, partition 0, PROCESS_LOCAL, 5029 bytes) taskResourceAssignments Map()
2026-08-09 23:12:24,988 INFO memory.MemoryStore: Block rdd_71_1 stored as values in memory (estimated size 16.0 B, free 2.2 GiB)
2026-08-09 23:12:24,988 INFO executor.Executor: Running task 0.0 in stage 43.0 (TID 366)
2026-08-09 23:12:24,988 INFO storage.BlockManagerInfo: Added rdd_71_1 in memory on 10.0.0.215:64244 (size: 16.0 B, free: 2.2 GiB)
2026-08-09 23:12:24,988 INFO scheduler.TaskSetManager: Finished task 9.0 in stage 33.0 (TID 360) in 128 ms on 10.0.0.215 (executor driver) (10/10)
2026-08-09 23:12:24,988 INFO scheduler.TaskSchedulerImpl: Removed TaskSet 33.0, whose tasks have all completed, from pool default
2026-08-09 23:12:24,988 INFO scheduler.DAGScheduler: Got job 38 (count at Metrics.scala:14) with 2 output partitions
2026-08-09 23:12:24,988 INFO scheduler.DAGScheduler: Final stage: ResultStage 50 (count at Metrics.scala:14)
2026-08-09 23:12:24,988 INFO scheduler.DAGScheduler: Parents of final stage: List()
2026-08-09 23:12:24,988 INFO scheduler.DAGScheduler: Missing parents: List()
2026-08-09 23:12:24,989 INFO scheduler.DAGScheduler: Submitting ResultStage 50 (MapPartitionsRDD[84] at filter at Metrics.scala:14), which has no missing parents
2026-08-09 23:12:24,989 INFO executor.Executor: Finished task 1.0 in stage 41.0 (TID 365). 1705 bytes result sent to driver
2026-08-09 23:12:24,989 INFO scheduler.TaskSetManager: Starting task 0.0 in stage 44.0 (TID 367) (10.0.0.215, executor driver, partition 0, PROCESS_LOCAL, 5029 bytes) taskResourceAssignments Map()
2026-08-09 23:12:24,989 INFO scheduler.TaskSetManager: Finished task 1.0 in stage 41.0 (TID 365) in 4 ms on 10.0.0.215 (executor driver) (2/2)
2026-08-09 23:12:24,989 INFO executor.Executor: Running task 0.0 in stage 44.0 (TID 367)
2026-08-09 23:12:24,989 INFO scheduler.TaskSchedulerImpl: Removed TaskSet 41.0, whose tasks have all completed, from pool default
2026-08-09 23:12:24,990 INFO storage.BlockManager: Found block rdd_17_0 locally
2026-08-09 23:12:24,990 INFO memory.MemoryStore: Block broadcast_62 stored as values in memory (estimated size 38.5 KiB, free 2.2 GiB)
2026-08-09 23:12:24,991 INFO storage.BlockManager: Found block rdd_17_0 locally
2026-08-09 23:12:24,991 INFO memory.MemoryStore: Block broadcast_62_piece0 stored as bytes in memory (estimated size 12.1 KiB, free 2.2 GiB)
2026-08-09 23:12:24,991 INFO storage.BlockManagerInfo: Added broadcast_62_piece0 in memory on 10.0.0.215:64244 (size: 12.1 KiB, free: 2.2 GiB)
2026-08-09 23:12:24,992 INFO spark.SparkContext: Created broadcast 62 from broadcast at DAGScheduler.scala:1513
2026-08-09 23:12:24,992 INFO scheduler.DAGScheduler: Submitting 2 missing tasks from ResultStage 50 (MapPartitionsRDD[84] at filter at Metrics.scala:14) (first 15 tasks are for partitions Vector(0, 1))
2026-08-09 23:12:24,992 INFO scheduler.TaskSchedulerImpl: Adding task set 50.0 with 2 tasks resource profile 0
2026-08-09 23:12:24,993 INFO scheduler.FairSchedulableBuilder: Added task set TaskSet_50.0 tasks to pool default
2026-08-09 23:12:24,993 INFO scheduler.DAGScheduler: ResultStage 33 (collect at EnsembleTrainer.scala:45) finished in 0.830 s
2026-08-09 23:12:24,993 INFO scheduler.DAGScheduler: Job 22 is finished. Cancelling potential speculative or zombie tasks for this job
2026-08-09 23:12:24,994 INFO scheduler.TaskSchedulerImpl: Killing all running tasks in stage 33: Stage finished
2026-08-09 23:12:24,994 INFO scheduler.DAGScheduler: Job 22 finished: collect at EnsembleTrainer.scala:45, took 4.570316 s
2026-08-09 23:12:24,995 INFO scheduler.DAGScheduler: ResultStage 41 (count at Metrics.scala:12) finished in 1.374 s
2026-08-09 23:12:24,995 INFO scheduler.DAGScheduler: Job 29 is finished. Cancelling potential speculative or zombie tasks for this job
2026-08-09 23:12:24,995 INFO scheduler.TaskSchedulerImpl: Killing all running tasks in stage 41: Stage finished
2026-08-09 23:12:24,996 INFO scheduler.DAGScheduler: Job 29 finished: count at Metrics.scala:12, took 1.377212 s
2026-08-09 23:12:24,998 INFO memory.MemoryStore: Block broadcast_63 stored as values in memory (estimated size 169.5 KiB, free 2.2 GiB)
2026-08-09 23:12:24,999 INFO memory.MemoryStore: Block broadcast_63_piece0 stored as bytes in memory (estimated size 51.8 KiB, free 2.2 GiB)
2026-08-09 23:12:25,000 INFO storage.BlockManagerInfo: Added broadcast_63_piece0 in memory on 10.0.0.215:64244 (size: 51.8 KiB, free: 2.2 GiB)
2026-08-09 23:12:25,002 INFO spark.SparkContext: Created broadcast 63 from broadcast at EnsemblePredictor.scala:28
2026-08-09 23:12:25,003 INFO spark.SparkContext: Starting job: count at Metrics.scala:14
2026-08-09 23:12:25,004 INFO scheduler.DAGScheduler: Got job 39 (count at Metrics.scala:14) with 2 output partitions
2026-08-09 23:12:25,004 INFO scheduler.DAGScheduler: Final stage: ResultStage 51 (count at Metrics.scala:14)
2026-08-09 23:12:25,004 INFO scheduler.DAGScheduler: Parents of final stage: List()
2026-08-09 23:12:25,004 INFO scheduler.DAGScheduler: Missing parents: List()
2026-08-09 23:12:25,004 INFO scheduler.DAGScheduler: Submitting ResultStage 51 (MapPartitionsRDD[85] at filter at Metrics.scala:14), which has no missing parents
2026-08-09 23:12:25,005 INFO memory.MemoryStore: Block broadcast_64 stored as values in memory (estimated size 38.5 KiB, free 2.2 GiB)
2026-08-09 23:12:25,005 INFO memory.MemoryStore: Block broadcast_64_piece0 stored as bytes in memory (estimated size 12.1 KiB, free 2.2 GiB)
2026-08-09 23:12:25,006 INFO storage.BlockManagerInfo: Added broadcast_64_piece0 in memory on 10.0.0.215:64244 (size: 12.1 KiB, free: 2.2 GiB)
2026-08-09 23:12:25,006 INFO spark.SparkContext: Created broadcast 64 from broadcast at DAGScheduler.scala:1513
2026-08-09 23:12:25,006 INFO scheduler.DAGScheduler: Submitting 2 missing tasks from ResultStage 51 (MapPartitionsRDD[85] at filter at Metrics.scala:14) (first 15 tasks are for partitions Vector(0, 1))
2026-08-09 23:12:25,006 INFO scheduler.TaskSchedulerImpl: Adding task set 51.0 with 2 tasks resource profile 0
2026-08-09 23:12:25,007 INFO scheduler.FairSchedulableBuilder: Added task set TaskSet_51.0 tasks to pool default
2026-08-09 23:12:25,007 INFO spark.SparkContext: Starting job: count at Metrics.scala:12
2026-08-09 23:12:25,008 INFO scheduler.DAGScheduler: Got job 40 (count at Metrics.scala:12) with 2 output partitions
2026-08-09 23:12:25,008 INFO scheduler.DAGScheduler: Final stage: ResultStage 52 (count at Metrics.scala:12)
2026-08-09 23:12:25,008 INFO scheduler.DAGScheduler: Parents of final stage: List()
2026-08-09 23:12:25,013 INFO scheduler.DAGScheduler: Missing parents: List()
2026-08-09 23:12:25,014 INFO scheduler.DAGScheduler: Submitting ResultStage 52 (MapPartitionsRDD[87] at map at EnsembleExperiment.scala:28), which has no missing parents
2026-08-09 23:12:25,014 INFO memory.MemoryStore: Block broadcast_65 stored as values in memory (estimated size 38.2 KiB, free 2.2 GiB)
2026-08-09 23:12:25,015 INFO memory.MemoryStore: Block broadcast_65_piece0 stored as bytes in memory (estimated size 12.0 KiB, free 2.2 GiB)
2026-08-09 23:12:25,015 INFO executor.Executor: Finished task 12.0 in stage 35.0 (TID 363). 6121 bytes result sent to driver
2026-08-09 23:12:25,015 INFO storage.BlockManagerInfo: Added broadcast_65_piece0 in memory on 10.0.0.215:64244 (size: 12.0 KiB, free: 2.2 GiB)
2026-08-09 23:12:25,016 INFO spark.SparkContext: Created broadcast 65 from broadcast at DAGScheduler.scala:1513
2026-08-09 23:12:25,017 INFO scheduler.DAGScheduler: Submitting 2 missing tasks from ResultStage 52 (MapPartitionsRDD[87] at map at EnsembleExperiment.scala:28) (first 15 tasks are for partitions Vector(0, 1))
2026-08-09 23:12:25,017 INFO scheduler.TaskSchedulerImpl: Adding task set 52.0 with 2 tasks resource profile 0
2026-08-09 23:12:25,019 INFO scheduler.TaskSetManager: Starting task 13.0 in stage 35.0 (TID 368) (10.0.0.215, executor driver, partition 13, NODE_LOCAL, 4271 bytes) taskResourceAssignments Map()
2026-08-09 23:12:25,019 INFO executor.Executor: Running task 13.0 in stage 35.0 (TID 368)
2026-08-09 23:12:25,020 INFO scheduler.FairSchedulableBuilder: Added task set TaskSet_52.0 tasks to pool default
2026-08-09 23:12:25,020 INFO scheduler.TaskSetManager: Finished task 12.0 in stage 35.0 (TID 363) in 44 ms on 10.0.0.215 (executor driver) (13/20)
2026-08-09 23:12:25,022 INFO storage.ShuffleBlockFetcherIterator: Getting 4 (795.0 KiB) non-empty blocks including 4 (795.0 KiB) local and 0 (0.0 B) host-local and 0 (0.0 B) push-merged-local and 0 (0.0 B) remote blocks
2026-08-09 23:12:25,022 INFO storage.ShuffleBlockFetcherIterator: Started 0 remote fetches in 0 ms
2026-08-09 23:12:25,078 INFO storage.BlockManagerInfo: Removed broadcast_46_piece0 on 10.0.0.215:64244 in memory (size: 12.0 KiB, free: 2.2 GiB)
2026-08-09 23:12:25,087 INFO storage.BlockManagerInfo: Removed broadcast_40_piece0 on 10.0.0.215:64244 in memory (size: 12.0 KiB, free: 2.2 GiB)
2026-08-09 23:12:25,105 INFO executor.Executor: Finished task 13.0 in stage 35.0 (TID 368). 6277 bytes result sent to driver
2026-08-09 23:12:25,106 INFO scheduler.TaskSetManager: Starting task 14.0 in stage 35.0 (TID 369) (10.0.0.215, executor driver, partition 14, NODE_LOCAL, 4271 bytes) taskResourceAssignments Map()
2026-08-09 23:12:25,106 INFO executor.Executor: Running task 14.0 in stage 35.0 (TID 369)
2026-08-09 23:12:25,107 INFO scheduler.TaskSetManager: Finished task 13.0 in stage 35.0 (TID 368) in 91 ms on 10.0.0.215 (executor driver) (14/20)
2026-08-09 23:12:25,110 INFO storage.ShuffleBlockFetcherIterator: Getting 4 (795.0 KiB) non-empty blocks including 4 (795.0 KiB) local and 0 (0.0 B) host-local and 0 (0.0 B) push-merged-local and 0 (0.0 B) remote blocks
2026-08-09 23:12:25,110 INFO storage.ShuffleBlockFetcherIterator: Started 0 remote fetches in 0 ms
2026-08-09 23:12:25,160 INFO executor.Executor: Finished task 14.0 in stage 35.0 (TID 369). 6234 bytes result sent to driver
2026-08-09 23:12:25,161 INFO scheduler.TaskSetManager: Starting task 15.0 in stage 35.0 (TID 370) (10.0.0.215, executor driver, partition 15, NODE_LOCAL, 4271 bytes) taskResourceAssignments Map()
2026-08-09 23:12:25,161 INFO executor.Executor: Running task 15.0 in stage 35.0 (TID 370)
2026-08-09 23:12:25,161 INFO scheduler.TaskSetManager: Finished task 14.0 in stage 35.0 (TID 369) in 55 ms on 10.0.0.215 (executor driver) (15/20)
2026-08-09 23:12:25,162 INFO storage.ShuffleBlockFetcherIterator: Getting 4 (795.0 KiB) non-empty blocks including 4 (795.0 KiB) local and 0 (0.0 B) host-local and 0 (0.0 B) push-merged-local and 0 (0.0 B) remote blocks
2026-08-09 23:12:25,162 INFO storage.ShuffleBlockFetcherIterator: Started 0 remote fetches in 0 ms
2026-08-09 23:12:25,207 INFO memory.MemoryStore: Block rdd_73_0 stored as values in memory (estimated size 351.6 KiB, free 2.2 GiB)
2026-08-09 23:12:25,208 INFO storage.BlockManagerInfo: Added rdd_73_0 in memory on 10.0.0.215:64244 (size: 351.6 KiB, free: 2.2 GiB)
2026-08-09 23:12:25,212 INFO executor.Executor: Finished task 0.0 in stage 42.0 (TID 364). 1791 bytes result sent to driver
2026-08-09 23:12:25,215 INFO scheduler.TaskSetManager: Starting task 1.0 in stage 42.0 (TID 371) (10.0.0.215, executor driver, partition 1, PROCESS_LOCAL, 5029 bytes) taskResourceAssignments Map()
2026-08-09 23:12:25,215 INFO scheduler.TaskSetManager: Finished task 0.0 in stage 42.0 (TID 364) in 238 ms on 10.0.0.215 (executor driver) (1/2)
2026-08-09 23:12:25,216 INFO executor.Executor: Running task 1.0 in stage 42.0 (TID 371)
2026-08-09 23:12:25,218 INFO executor.Executor: Finished task 15.0 in stage 35.0 (TID 370). 6191 bytes result sent to driver
2026-08-09 23:12:25,218 INFO scheduler.TaskSetManager: Starting task 16.0 in stage 35.0 (TID 372) (10.0.0.215, executor driver, partition 16, NODE_LOCAL, 4271 bytes) taskResourceAssignments Map()
2026-08-09 23:12:25,219 INFO executor.Executor: Running task 16.0 in stage 35.0 (TID 372)
2026-08-09 23:12:25,219 INFO scheduler.TaskSetManager: Finished task 15.0 in stage 35.0 (TID 370) in 58 ms on 10.0.0.215 (executor driver) (16/20)
2026-08-09 23:12:25,222 INFO storage.ShuffleBlockFetcherIterator: Getting 4 (795.0 KiB) non-empty blocks including 4 (795.0 KiB) local and 0 (0.0 B) host-local and 0 (0.0 B) push-merged-local and 0 (0.0 B) remote blocks
2026-08-09 23:12:25,222 INFO storage.ShuffleBlockFetcherIterator: Started 0 remote fetches in 0 ms
2026-08-09 23:12:25,223 INFO storage.BlockManager: Found block rdd_17_1 locally
2026-08-09 23:12:25,223 INFO memory.MemoryStore: Block rdd_73_1 stored as values in memory (estimated size 16.0 B, free 2.2 GiB)
2026-08-09 23:12:25,223 INFO storage.BlockManagerInfo: Added rdd_73_1 in memory on 10.0.0.215:64244 (size: 16.0 B, free: 2.2 GiB)
2026-08-09 23:12:25,223 INFO executor.Executor: Finished task 1.0 in stage 42.0 (TID 371). 1662 bytes result sent to driver
2026-08-09 23:12:25,224 INFO scheduler.TaskSetManager: Starting task 0.0 in stage 45.0 (TID 373) (10.0.0.215, executor driver, partition 0, PROCESS_LOCAL, 5029 bytes) taskResourceAssignments Map()
2026-08-09 23:12:25,224 INFO executor.Executor: Running task 0.0 in stage 45.0 (TID 373)
2026-08-09 23:12:25,224 INFO scheduler.TaskSetManager: Finished task 1.0 in stage 42.0 (TID 371) in 10 ms on 10.0.0.215 (executor driver) (2/2)
2026-08-09 23:12:25,224 INFO scheduler.TaskSchedulerImpl: Removed TaskSet 42.0, whose tasks have all completed, from pool default
2026-08-09 23:12:25,224 INFO scheduler.DAGScheduler: ResultStage 42 (count at Metrics.scala:12) finished in 1.174 s
2026-08-09 23:12:25,224 INFO scheduler.DAGScheduler: Job 30 is finished. Cancelling potential speculative or zombie tasks for this job
2026-08-09 23:12:25,224 INFO scheduler.TaskSchedulerImpl: Killing all running tasks in stage 42: Stage finished
2026-08-09 23:12:25,224 INFO scheduler.DAGScheduler: Job 30 finished: count at Metrics.scala:12, took 1.176948 s
2026-08-09 23:12:25,227 INFO storage.BlockManager: Found block rdd_61_0 locally
2026-08-09 23:12:25,228 INFO executor.Executor: Finished task 0.0 in stage 45.0 (TID 373). 1748 bytes result sent to driver
2026-08-09 23:12:25,228 INFO scheduler.TaskSetManager: Starting task 1.0 in stage 45.0 (TID 374) (10.0.0.215, executor driver, partition 1, PROCESS_LOCAL, 5029 bytes) taskResourceAssignments Map()
2026-08-09 23:12:25,229 INFO scheduler.TaskSetManager: Finished task 0.0 in stage 45.0 (TID 373) in 5 ms on 10.0.0.215 (executor driver) (1/2)
2026-08-09 23:12:25,229 INFO executor.Executor: Running task 1.0 in stage 45.0 (TID 374)
2026-08-09 23:12:25,230 INFO storage.BlockManager: Found block rdd_61_1 locally
2026-08-09 23:12:25,230 INFO executor.Executor: Finished task 1.0 in stage 45.0 (TID 374). 1662 bytes result sent to driver
2026-08-09 23:12:25,230 INFO scheduler.TaskSetManager: Starting task 0.0 in stage 46.0 (TID 375) (10.0.0.215, executor driver, partition 0, PROCESS_LOCAL, 5029 bytes) taskResourceAssignments Map()
2026-08-09 23:12:25,231 INFO scheduler.TaskSetManager: Finished task 1.0 in stage 45.0 (TID 374) in 3 ms on 10.0.0.215 (executor driver) (2/2)
2026-08-09 23:12:25,231 INFO executor.Executor: Running task 0.0 in stage 46.0 (TID 375)
2026-08-09 23:12:25,231 INFO scheduler.TaskSchedulerImpl: Removed TaskSet 45.0, whose tasks have all completed, from pool default
2026-08-09 23:12:25,231 INFO scheduler.DAGScheduler: ResultStage 45 (count at Metrics.scala:14) finished in 0.828 s
2026-08-09 23:12:25,231 INFO scheduler.DAGScheduler: Job 33 is finished. Cancelling potential speculative or zombie tasks for this job
2026-08-09 23:12:25,231 INFO scheduler.TaskSchedulerImpl: Killing all running tasks in stage 45: Stage finished
2026-08-09 23:12:25,231 INFO spark.SparkContext: Starting job: count at Metrics.scala:14
2026-08-09 23:12:25,231 INFO scheduler.DAGScheduler: Job 33 finished: count at Metrics.scala:14, took 0.830401 s
2026-08-09 23:12:25,232 INFO scheduler.DAGScheduler: Got job 41 (count at Metrics.scala:14) with 2 output partitions
2026-08-09 23:12:25,232 INFO scheduler.DAGScheduler: Final stage: ResultStage 53 (count at Metrics.scala:14)
2026-08-09 23:12:25,232 INFO scheduler.DAGScheduler: Parents of final stage: List()
2026-08-09 23:12:25,232 INFO scheduler.DAGScheduler: Missing parents: List()
2026-08-09 23:12:25,233 INFO scheduler.DAGScheduler: Submitting ResultStage 53 (MapPartitionsRDD[88] at filter at Metrics.scala:14), which has no missing parents
2026-08-09 23:12:25,234 INFO storage.BlockManager: Found block rdd_17_0 locally
2026-08-09 23:12:25,235 INFO memory.MemoryStore: Block broadcast_66 stored as values in memory (estimated size 38.5 KiB, free 2.2 GiB)
2026-08-09 23:12:25,236 INFO memory.MemoryStore: Block broadcast_66_piece0 stored as bytes in memory (estimated size 12.1 KiB, free 2.2 GiB)
2026-08-09 23:12:25,236 INFO storage.BlockManagerInfo: Added broadcast_66_piece0 in memory on 10.0.0.215:64244 (size: 12.1 KiB, free: 2.2 GiB)
2026-08-09 23:12:25,236 INFO spark.SparkContext: Created broadcast 66 from broadcast at DAGScheduler.scala:1513
2026-08-09 23:12:25,237 INFO scheduler.DAGScheduler: Submitting 2 missing tasks from ResultStage 53 (MapPartitionsRDD[88] at filter at Metrics.scala:14) (first 15 tasks are for partitions Vector(0, 1))
2026-08-09 23:12:25,237 INFO scheduler.TaskSchedulerImpl: Adding task set 53.0 with 2 tasks resource profile 0
2026-08-09 23:12:25,237 INFO scheduler.FairSchedulableBuilder: Added task set TaskSet_53.0 tasks to pool default
2026-08-09 23:12:25,251 INFO executor.Executor: Finished task 16.0 in stage 35.0 (TID 372). 6164 bytes result sent to driver
2026-08-09 23:12:25,251 INFO scheduler.TaskSetManager: Starting task 17.0 in stage 35.0 (TID 376) (10.0.0.215, executor driver, partition 17, NODE_LOCAL, 4271 bytes) taskResourceAssignments Map()
2026-08-09 23:12:25,251 INFO executor.Executor: Running task 17.0 in stage 35.0 (TID 376)
2026-08-09 23:12:25,252 INFO scheduler.TaskSetManager: Finished task 16.0 in stage 35.0 (TID 372) in 34 ms on 10.0.0.215 (executor driver) (17/20)
2026-08-09 23:12:25,252 INFO storage.ShuffleBlockFetcherIterator: Getting 4 (795.0 KiB) non-empty blocks including 4 (795.0 KiB) local and 0 (0.0 B) host-local and 0 (0.0 B) push-merged-local and 0 (0.0 B) remote blocks
2026-08-09 23:12:25,252 INFO storage.ShuffleBlockFetcherIterator: Started 0 remote fetches in 0 ms
2026-08-09 23:12:25,270 INFO spark.SparkContext: Starting job: sortByKey at BinaryClassificationMetrics.scala:189
2026-08-09 23:12:25,271 INFO scheduler.DAGScheduler: Registering RDD 90 (map at BinaryClassificationMetrics.scala:48) as input to shuffle 12
2026-08-09 23:12:25,272 INFO scheduler.DAGScheduler: Got job 42 (sortByKey at BinaryClassificationMetrics.scala:189) with 2 output partitions
2026-08-09 23:12:25,272 INFO scheduler.DAGScheduler: Final stage: ResultStage 55 (sortByKey at BinaryClassificationMetrics.scala:189)
2026-08-09 23:12:25,272 INFO scheduler.DAGScheduler: Parents of final stage: List(ShuffleMapStage 54)
2026-08-09 23:12:25,272 INFO scheduler.DAGScheduler: Missing parents: List(ShuffleMapStage 54)
2026-08-09 23:12:25,272 INFO scheduler.DAGScheduler: Submitting ShuffleMapStage 54 (MapPartitionsRDD[90] at map at BinaryClassificationMetrics.scala:48), which has no missing parents
2026-08-09 23:12:25,273 INFO memory.MemoryStore: Block broadcast_67 stored as values in memory (estimated size 40.1 KiB, free 2.2 GiB)
2026-08-09 23:12:25,273 INFO memory.MemoryStore: Block broadcast_67_piece0 stored as bytes in memory (estimated size 12.7 KiB, free 2.2 GiB)
2026-08-09 23:12:25,273 INFO storage.BlockManagerInfo: Added broadcast_67_piece0 in memory on 10.0.0.215:64244 (size: 12.7 KiB, free: 2.2 GiB)
2026-08-09 23:12:25,274 INFO spark.SparkContext: Created broadcast 67 from broadcast at DAGScheduler.scala:1513
2026-08-09 23:12:25,274 INFO scheduler.DAGScheduler: Submitting 2 missing tasks from ShuffleMapStage 54 (MapPartitionsRDD[90] at map at BinaryClassificationMetrics.scala:48) (first 15 tasks are for partitions Vector(0, 1))
2026-08-09 23:12:25,274 INFO scheduler.TaskSchedulerImpl: Adding task set 54.0 with 2 tasks resource profile 0
2026-08-09 23:12:25,275 INFO scheduler.FairSchedulableBuilder: Added task set TaskSet_54.0 tasks to pool default
2026-08-09 23:12:25,276 INFO executor.Executor: Finished task 17.0 in stage 35.0 (TID 376). 6051 bytes result sent to driver
2026-08-09 23:12:25,277 INFO scheduler.TaskSetManager: Starting task 18.0 in stage 35.0 (TID 377) (10.0.0.215, executor driver, partition 18, NODE_LOCAL, 4271 bytes) taskResourceAssignments Map()
2026-08-09 23:12:25,277 INFO executor.Executor: Running task 18.0 in stage 35.0 (TID 377)
2026-08-09 23:12:25,277 INFO scheduler.TaskSetManager: Finished task 17.0 in stage 35.0 (TID 376) in 26 ms on 10.0.0.215 (executor driver) (18/20)
2026-08-09 23:12:25,279 INFO storage.ShuffleBlockFetcherIterator: Getting 4 (795.0 KiB) non-empty blocks including 4 (795.0 KiB) local and 0 (0.0 B) host-local and 0 (0.0 B) push-merged-local and 0 (0.0 B) remote blocks
2026-08-09 23:12:25,279 INFO storage.ShuffleBlockFetcherIterator: Started 0 remote fetches in 0 ms
2026-08-09 23:12:25,329 INFO storage.BlockManagerInfo: Removed broadcast_55_piece0 on 10.0.0.215:64244 in memory (size: 12.1 KiB, free: 2.2 GiB)
2026-08-09 23:12:25,334 INFO storage.BlockManagerInfo: Removed broadcast_49_piece0 on 10.0.0.215:64244 in memory (size: 12.0 KiB, free: 2.2 GiB)
2026-08-09 23:12:25,352 INFO executor.Executor: Finished task 18.0 in stage 35.0 (TID 377). 6067 bytes result sent to driver
2026-08-09 23:12:25,352 INFO scheduler.TaskSetManager: Starting task 19.0 in stage 35.0 (TID 378) (10.0.0.215, executor driver, partition 19, NODE_LOCAL, 4271 bytes) taskResourceAssignments Map()
2026-08-09 23:12:25,353 INFO executor.Executor: Running task 19.0 in stage 35.0 (TID 378)
2026-08-09 23:12:25,353 INFO scheduler.TaskSetManager: Finished task 18.0 in stage 35.0 (TID 377) in 76 ms on 10.0.0.215 (executor driver) (19/20)
2026-08-09 23:12:25,355 INFO storage.ShuffleBlockFetcherIterator: Getting 4 (795.0 KiB) non-empty blocks including 4 (795.0 KiB) local and 0 (0.0 B) host-local and 0 (0.0 B) push-merged-local and 0 (0.0 B) remote blocks
2026-08-09 23:12:25,355 INFO storage.ShuffleBlockFetcherIterator: Started 0 remote fetches in 0 ms
2026-08-09 23:12:25,402 INFO executor.Executor: Finished task 19.0 in stage 35.0 (TID 378). 6306 bytes result sent to driver
2026-08-09 23:12:25,403 INFO scheduler.TaskSetManager: Starting task 0.0 in stage 47.0 (TID 379) (10.0.0.215, executor driver, partition 0, PROCESS_LOCAL, 5029 bytes) taskResourceAssignments Map()
2026-08-09 23:12:25,403 INFO executor.Executor: Running task 0.0 in stage 47.0 (TID 379)
2026-08-09 23:12:25,403 INFO scheduler.TaskSetManager: Finished task 19.0 in stage 35.0 (TID 378) in 51 ms on 10.0.0.215 (executor driver) (20/20)
2026-08-09 23:12:25,403 INFO scheduler.TaskSchedulerImpl: Removed TaskSet 35.0, whose tasks have all completed, from pool default
2026-08-09 23:12:25,404 INFO scheduler.DAGScheduler: ResultStage 35 (collect at EnsembleTrainer.scala:45) finished in 0.936 s
2026-08-09 23:12:25,404 INFO scheduler.DAGScheduler: Job 23 is finished. Cancelling potential speculative or zombie tasks for this job
2026-08-09 23:12:25,404 INFO scheduler.TaskSchedulerImpl: Killing all running tasks in stage 35: Stage finished
2026-08-09 23:12:25,404 INFO scheduler.DAGScheduler: Job 23 finished: collect at EnsembleTrainer.scala:45, took 4.963725 s
2026-08-09 23:12:25,405 INFO storage.BlockManager: Found block rdd_63_0 locally
2026-08-09 23:12:25,406 INFO executor.Executor: Finished task 0.0 in stage 47.0 (TID 379). 1748 bytes result sent to driver
2026-08-09 23:12:25,406 INFO scheduler.TaskSetManager: Starting task 1.0 in stage 47.0 (TID 380) (10.0.0.215, executor driver, partition 1, PROCESS_LOCAL, 5029 bytes) taskResourceAssignments Map()
2026-08-09 23:12:25,406 INFO scheduler.TaskSetManager: Finished task 0.0 in stage 47.0 (TID 379) in 3 ms on 10.0.0.215 (executor driver) (1/2)
2026-08-09 23:12:25,406 INFO executor.Executor: Running task 1.0 in stage 47.0 (TID 380)
2026-08-09 23:12:25,407 INFO memory.MemoryStore: Block broadcast_68 stored as values in memory (estimated size 166.4 KiB, free 2.2 GiB)
2026-08-09 23:12:25,407 INFO storage.BlockManager: Found block rdd_63_1 locally
2026-08-09 23:12:25,408 INFO executor.Executor: Finished task 1.0 in stage 47.0 (TID 380). 1662 bytes result sent to driver
2026-08-09 23:12:25,408 INFO memory.MemoryStore: Block broadcast_68_piece0 stored as bytes in memory (estimated size 32.2 KiB, free 2.2 GiB)
2026-08-09 23:12:25,408 INFO storage.BlockManagerInfo: Added broadcast_68_piece0 in memory on 10.0.0.215:64244 (size: 32.2 KiB, free: 2.2 GiB)
2026-08-09 23:12:25,408 INFO spark.SparkContext: Created broadcast 68 from broadcast at EnsemblePredictor.scala:28
2026-08-09 23:12:25,408 INFO scheduler.TaskSetManager: Starting task 0.0 in stage 48.0 (TID 381) (10.0.0.215, executor driver, partition 0, PROCESS_LOCAL, 5029 bytes) taskResourceAssignments Map()
2026-08-09 23:12:25,408 INFO scheduler.TaskSetManager: Finished task 1.0 in stage 47.0 (TID 380) in 2 ms on 10.0.0.215 (executor driver) (2/2)
2026-08-09 23:12:25,408 INFO scheduler.TaskSchedulerImpl: Removed TaskSet 47.0, whose tasks have all completed, from pool default
2026-08-09 23:12:25,408 INFO executor.Executor: Running task 0.0 in stage 48.0 (TID 381)
2026-08-09 23:12:25,409 INFO scheduler.DAGScheduler: ResultStage 47 (count at Metrics.scala:14) finished in 0.835 s
2026-08-09 23:12:25,409 INFO scheduler.DAGScheduler: Job 35 is finished. Cancelling potential speculative or zombie tasks for this job
2026-08-09 23:12:25,409 INFO scheduler.TaskSchedulerImpl: Killing all running tasks in stage 47: Stage finished
2026-08-09 23:12:25,409 INFO scheduler.DAGScheduler: Job 35 finished: count at Metrics.scala:14, took 0.836525 s
2026-08-09 23:12:25,411 INFO storage.BlockManager: Found block rdd_65_0 locally
2026-08-09 23:12:25,413 INFO executor.Executor: Finished task 0.0 in stage 48.0 (TID 381). 1748 bytes result sent to driver
2026-08-09 23:12:25,413 INFO scheduler.TaskSetManager: Starting task 1.0 in stage 48.0 (TID 382) (10.0.0.215, executor driver, partition 1, PROCESS_LOCAL, 5029 bytes) taskResourceAssignments Map()
2026-08-09 23:12:25,413 INFO scheduler.TaskSetManager: Finished task 0.0 in stage 48.0 (TID 381) in 5 ms on 10.0.0.215 (executor driver) (1/2)
2026-08-09 23:12:25,413 INFO executor.Executor: Running task 1.0 in stage 48.0 (TID 382)
2026-08-09 23:12:25,414 INFO storage.BlockManager: Found block rdd_65_1 locally
2026-08-09 23:12:25,415 INFO executor.Executor: Finished task 1.0 in stage 48.0 (TID 382). 1619 bytes result sent to driver
2026-08-09 23:12:25,415 INFO scheduler.TaskSetManager: Starting task 0.0 in stage 49.0 (TID 383) (10.0.0.215, executor driver, partition 0, PROCESS_LOCAL, 5029 bytes) taskResourceAssignments Map()
2026-08-09 23:12:25,415 INFO executor.Executor: Running task 0.0 in stage 49.0 (TID 383)
2026-08-09 23:12:25,415 INFO scheduler.TaskSetManager: Finished task 1.0 in stage 48.0 (TID 382) in 2 ms on 10.0.0.215 (executor driver) (2/2)
2026-08-09 23:12:25,415 INFO scheduler.TaskSchedulerImpl: Removed TaskSet 48.0, whose tasks have all completed, from pool default
2026-08-09 23:12:25,416 INFO scheduler.DAGScheduler: ResultStage 48 (count at Metrics.scala:14) finished in 0.726 s
2026-08-09 23:12:25,416 INFO scheduler.DAGScheduler: Job 36 is finished. Cancelling potential speculative or zombie tasks for this job
2026-08-09 23:12:25,416 INFO scheduler.TaskSchedulerImpl: Killing all running tasks in stage 48: Stage finished
2026-08-09 23:12:25,416 INFO scheduler.DAGScheduler: Job 36 finished: count at Metrics.scala:14, took 0.727844 s
2026-08-09 23:12:25,417 INFO storage.BlockManager: Found block rdd_69_0 locally
2026-08-09 23:12:25,418 INFO executor.Executor: Finished task 0.0 in stage 49.0 (TID 383). 1748 bytes result sent to driver
2026-08-09 23:12:25,418 INFO scheduler.TaskSetManager: Starting task 1.0 in stage 49.0 (TID 384) (10.0.0.215, executor driver, partition 1, PROCESS_LOCAL, 5029 bytes) taskResourceAssignments Map()
2026-08-09 23:12:25,418 INFO scheduler.TaskSetManager: Finished task 0.0 in stage 49.0 (TID 383) in 3 ms on 10.0.0.215 (executor driver) (1/2)
2026-08-09 23:12:25,419 INFO executor.Executor: Running task 1.0 in stage 49.0 (TID 384)
2026-08-09 23:12:25,421 INFO storage.BlockManager: Found block rdd_69_1 locally
2026-08-09 23:12:25,421 INFO spark.SparkContext: Starting job: count at Metrics.scala:12
2026-08-09 23:12:25,421 INFO scheduler.DAGScheduler: Got job 43 (count at Metrics.scala:12) with 2 output partitions
2026-08-09 23:12:25,422 INFO scheduler.DAGScheduler: Final stage: ResultStage 56 (count at Metrics.scala:12)
2026-08-09 23:12:25,422 INFO scheduler.DAGScheduler: Parents of final stage: List()
2026-08-09 23:12:25,422 INFO executor.Executor: Finished task 1.0 in stage 49.0 (TID 384). 1662 bytes result sent to driver
2026-08-09 23:12:25,422 INFO scheduler.DAGScheduler: Missing parents: List()
2026-08-09 23:12:25,422 INFO scheduler.DAGScheduler: Submitting ResultStage 56 (MapPartitionsRDD[96] at map at EnsembleExperiment.scala:28), which has no missing parents
2026-08-09 23:12:25,422 INFO scheduler.TaskSetManager: Starting task 0.0 in stage 50.0 (TID 385) (10.0.0.215, executor driver, partition 0, PROCESS_LOCAL, 5029 bytes) taskResourceAssignments Map()
2026-08-09 23:12:25,422 INFO scheduler.TaskSetManager: Finished task 1.0 in stage 49.0 (TID 384) in 4 ms on 10.0.0.215 (executor driver) (2/2)
2026-08-09 23:12:25,422 INFO scheduler.TaskSchedulerImpl: Removed TaskSet 49.0, whose tasks have all completed, from pool default
2026-08-09 23:12:25,422 INFO executor.Executor: Running task 0.0 in stage 50.0 (TID 385)
2026-08-09 23:12:25,424 INFO memory.MemoryStore: Block broadcast_69 stored as values in memory (estimated size 38.2 KiB, free 2.2 GiB)
2026-08-09 23:12:25,424 INFO memory.MemoryStore: Block broadcast_69_piece0 stored as bytes in memory (estimated size 12.0 KiB, free 2.2 GiB)
2026-08-09 23:12:25,424 INFO spark.SparkContext: Starting job: sortByKey at BinaryClassificationMetrics.scala:189
2026-08-09 23:12:25,424 INFO storage.BlockManagerInfo: Added broadcast_69_piece0 in memory on 10.0.0.215:64244 (size: 12.0 KiB, free: 2.2 GiB)
2026-08-09 23:12:25,424 INFO spark.SparkContext: Created broadcast 69 from broadcast at DAGScheduler.scala:1513
2026-08-09 23:12:25,424 INFO storage.BlockManager: Found block rdd_67_0 locally
2026-08-09 23:12:25,424 INFO scheduler.DAGScheduler: Submitting 2 missing tasks from ResultStage 56 (MapPartitionsRDD[96] at map at EnsembleExperiment.scala:28) (first 15 tasks are for partitions Vector(0, 1))
2026-08-09 23:12:25,425 INFO scheduler.TaskSchedulerImpl: Adding task set 56.0 with 2 tasks resource profile 0
2026-08-09 23:12:25,425 INFO scheduler.FairSchedulableBuilder: Added task set TaskSet_56.0 tasks to pool default
2026-08-09 23:12:25,426 INFO scheduler.DAGScheduler: ResultStage 49 (count at Metrics.scala:14) finished in 0.645 s
2026-08-09 23:12:25,426 INFO scheduler.DAGScheduler: Job 37 is finished. Cancelling potential speculative or zombie tasks for this job
2026-08-09 23:12:25,426 INFO scheduler.TaskSchedulerImpl: Killing all running tasks in stage 49: Stage finished
2026-08-09 23:12:25,426 INFO scheduler.DAGScheduler: Job 37 finished: count at Metrics.scala:14, took 0.647419 s
2026-08-09 23:12:25,426 INFO scheduler.DAGScheduler: Registering RDD 97 (map at BinaryClassificationMetrics.scala:48) as input to shuffle 13
2026-08-09 23:12:25,427 INFO scheduler.DAGScheduler: Got job 44 (sortByKey at BinaryClassificationMetrics.scala:189) with 2 output partitions
2026-08-09 23:12:25,427 INFO scheduler.DAGScheduler: Final stage: ResultStage 58 (sortByKey at BinaryClassificationMetrics.scala:189)
2026-08-09 23:12:25,427 INFO scheduler.DAGScheduler: Parents of final stage: List(ShuffleMapStage 57)
2026-08-09 23:12:25,427 INFO scheduler.DAGScheduler: Missing parents: List(ShuffleMapStage 57)
2026-08-09 23:12:25,427 INFO executor.Executor: Finished task 0.0 in stage 50.0 (TID 385). 1748 bytes result sent to driver
2026-08-09 23:12:25,428 INFO scheduler.DAGScheduler: Submitting ShuffleMapStage 57 (MapPartitionsRDD[97] at map at BinaryClassificationMetrics.scala:48), which has no missing parents
2026-08-09 23:12:25,428 INFO scheduler.TaskSetManager: Starting task 1.0 in stage 50.0 (TID 386) (10.0.0.215, executor driver, partition 1, PROCESS_LOCAL, 5029 bytes) taskResourceAssignments Map()
2026-08-09 23:12:25,428 INFO scheduler.TaskSetManager: Finished task 0.0 in stage 50.0 (TID 385) in 6 ms on 10.0.0.215 (executor driver) (1/2)
2026-08-09 23:12:25,428 INFO executor.Executor: Running task 1.0 in stage 50.0 (TID 386)
2026-08-09 23:12:25,429 INFO memory.MemoryStore: Block broadcast_70 stored as values in memory (estimated size 40.1 KiB, free 2.2 GiB)
2026-08-09 23:12:25,429 INFO memory.MemoryStore: Block broadcast_70_piece0 stored as bytes in memory (estimated size 12.7 KiB, free 2.2 GiB)
2026-08-09 23:12:25,429 INFO storage.BlockManagerInfo: Added broadcast_70_piece0 in memory on 10.0.0.215:64244 (size: 12.7 KiB, free: 2.2 GiB)
2026-08-09 23:12:25,430 INFO spark.SparkContext: Created broadcast 70 from broadcast at DAGScheduler.scala:1513
2026-08-09 23:12:25,430 INFO scheduler.DAGScheduler: Submitting 2 missing tasks from ShuffleMapStage 57 (MapPartitionsRDD[97] at map at BinaryClassificationMetrics.scala:48) (first 15 tasks are for partitions Vector(0, 1))
2026-08-09 23:12:25,430 INFO scheduler.TaskSchedulerImpl: Adding task set 57.0 with 2 tasks resource profile 0
2026-08-09 23:12:25,430 INFO storage.BlockManager: Found block rdd_67_1 locally
2026-08-09 23:12:25,430 INFO scheduler.FairSchedulableBuilder: Added task set TaskSet_57.0 tasks to pool default
2026-08-09 23:12:25,430 INFO executor.Executor: Finished task 1.0 in stage 50.0 (TID 386). 1662 bytes result sent to driver
2026-08-09 23:12:25,430 INFO scheduler.TaskSetManager: Starting task 0.0 in stage 51.0 (TID 387) (10.0.0.215, executor driver, partition 0, PROCESS_LOCAL, 5029 bytes) taskResourceAssignments Map()
2026-08-09 23:12:25,430 INFO scheduler.TaskSetManager: Finished task 1.0 in stage 50.0 (TID 386) in 2 ms on 10.0.0.215 (executor driver) (2/2)
2026-08-09 23:12:25,430 INFO executor.Executor: Running task 0.0 in stage 51.0 (TID 387)
2026-08-09 23:12:25,430 INFO scheduler.TaskSchedulerImpl: Removed TaskSet 50.0, whose tasks have all completed, from pool default
2026-08-09 23:12:25,430 INFO scheduler.DAGScheduler: ResultStage 50 (count at Metrics.scala:14) finished in 0.441 s
2026-08-09 23:12:25,431 INFO scheduler.DAGScheduler: Job 38 is finished. Cancelling potential speculative or zombie tasks for this job
2026-08-09 23:12:25,431 INFO scheduler.TaskSchedulerImpl: Killing all running tasks in stage 50: Stage finished
2026-08-09 23:12:25,431 INFO scheduler.DAGScheduler: Job 38 finished: count at Metrics.scala:14, took 0.443114 s
2026-08-09 23:12:25,432 INFO storage.BlockManager: Found block rdd_71_0 locally
2026-08-09 23:12:25,432 INFO executor.Executor: Finished task 0.0 in stage 51.0 (TID 387). 1662 bytes result sent to driver
2026-08-09 23:12:25,433 INFO scheduler.TaskSetManager: Starting task 1.0 in stage 51.0 (TID 388) (10.0.0.215, executor driver, partition 1, PROCESS_LOCAL, 5029 bytes) taskResourceAssignments Map()
2026-08-09 23:12:25,433 INFO scheduler.TaskSetManager: Finished task 0.0 in stage 51.0 (TID 387) in 3 ms on 10.0.0.215 (executor driver) (1/2)
2026-08-09 23:12:25,433 INFO executor.Executor: Running task 1.0 in stage 51.0 (TID 388)
2026-08-09 23:12:25,433 INFO spark.SparkContext: Starting job: sortByKey at BinaryClassificationMetrics.scala:189
2026-08-09 23:12:25,434 INFO storage.BlockManager: Found block rdd_71_1 locally
2026-08-09 23:12:25,434 INFO scheduler.DAGScheduler: Registering RDD 102 (map at BinaryClassificationMetrics.scala:48) as input to shuffle 14
2026-08-09 23:12:25,434 INFO scheduler.DAGScheduler: Got job 45 (sortByKey at BinaryClassificationMetrics.scala:189) with 2 output partitions
2026-08-09 23:12:25,434 INFO scheduler.DAGScheduler: Final stage: ResultStage 60 (sortByKey at BinaryClassificationMetrics.scala:189)
2026-08-09 23:12:25,434 INFO scheduler.DAGScheduler: Parents of final stage: List(ShuffleMapStage 59)
2026-08-09 23:12:25,434 INFO executor.Executor: Finished task 1.0 in stage 51.0 (TID 388). 1619 bytes result sent to driver
2026-08-09 23:12:25,434 INFO scheduler.DAGScheduler: Missing parents: List(ShuffleMapStage 59)
2026-08-09 23:12:25,435 INFO scheduler.TaskSetManager: Starting task 0.0 in stage 52.0 (TID 389) (10.0.0.215, executor driver, partition 0, PROCESS_LOCAL, 5029 bytes) taskResourceAssignments Map()
2026-08-09 23:12:25,435 INFO scheduler.DAGScheduler: Submitting ShuffleMapStage 59 (MapPartitionsRDD[102] at map at BinaryClassificationMetrics.scala:48), which has no missing parents
2026-08-09 23:12:25,435 INFO scheduler.TaskSetManager: Finished task 1.0 in stage 51.0 (TID 388) in 3 ms on 10.0.0.215 (executor driver) (2/2)
2026-08-09 23:12:25,435 INFO executor.Executor: Running task 0.0 in stage 52.0 (TID 389)
2026-08-09 23:12:25,435 INFO scheduler.TaskSchedulerImpl: Removed TaskSet 51.0, whose tasks have all completed, from pool default
2026-08-09 23:12:25,435 INFO memory.MemoryStore: Block broadcast_71 stored as values in memory (estimated size 40.1 KiB, free 2.2 GiB)
2026-08-09 23:12:25,436 INFO memory.MemoryStore: Block broadcast_71_piece0 stored as bytes in memory (estimated size 12.7 KiB, free 2.2 GiB)
2026-08-09 23:12:25,436 INFO storage.BlockManagerInfo: Added broadcast_71_piece0 in memory on 10.0.0.215:64244 (size: 12.7 KiB, free: 2.2 GiB)
2026-08-09 23:12:25,436 INFO storage.BlockManager: Found block rdd_17_0 locally
2026-08-09 23:12:25,437 INFO spark.SparkContext: Created broadcast 71 from broadcast at DAGScheduler.scala:1513
2026-08-09 23:12:25,437 INFO scheduler.DAGScheduler: Submitting 2 missing tasks from ShuffleMapStage 59 (MapPartitionsRDD[102] at map at BinaryClassificationMetrics.scala:48) (first 15 tasks are for partitions Vector(0, 1))
2026-08-09 23:12:25,437 INFO scheduler.TaskSchedulerImpl: Adding task set 59.0 with 2 tasks resource profile 0
2026-08-09 23:12:25,437 INFO scheduler.FairSchedulableBuilder: Added task set TaskSet_59.0 tasks to pool default
2026-08-09 23:12:25,437 INFO scheduler.DAGScheduler: ResultStage 51 (count at Metrics.scala:14) finished in 0.433 s
2026-08-09 23:12:25,437 INFO scheduler.DAGScheduler: Job 39 is finished. Cancelling potential speculative or zombie tasks for this job
2026-08-09 23:12:25,437 INFO scheduler.TaskSchedulerImpl: Killing all running tasks in stage 51: Stage finished
2026-08-09 23:12:25,437 INFO scheduler.DAGScheduler: Job 39 finished: count at Metrics.scala:14, took 0.434355 s
2026-08-09 23:12:25,454 INFO spark.SparkContext: Starting job: sortByKey at BinaryClassificationMetrics.scala:189
2026-08-09 23:12:25,454 INFO scheduler.DAGScheduler: Registering RDD 107 (map at BinaryClassificationMetrics.scala:48) as input to shuffle 15
2026-08-09 23:12:25,454 INFO scheduler.DAGScheduler: Got job 46 (sortByKey at BinaryClassificationMetrics.scala:189) with 2 output partitions
2026-08-09 23:12:25,454 INFO scheduler.DAGScheduler: Final stage: ResultStage 62 (sortByKey at BinaryClassificationMetrics.scala:189)
2026-08-09 23:12:25,454 INFO scheduler.DAGScheduler: Parents of final stage: List(ShuffleMapStage 61)
2026-08-09 23:12:25,455 INFO scheduler.DAGScheduler: Missing parents: List(ShuffleMapStage 61)
2026-08-09 23:12:25,455 INFO scheduler.DAGScheduler: Submitting ShuffleMapStage 61 (MapPartitionsRDD[107] at map at BinaryClassificationMetrics.scala:48), which has no missing parents
2026-08-09 23:12:25,456 INFO spark.SparkContext: Starting job: sortByKey at BinaryClassificationMetrics.scala:189
2026-08-09 23:12:25,456 INFO memory.MemoryStore: Block broadcast_72 stored as values in memory (estimated size 40.1 KiB, free 2.2 GiB)
2026-08-09 23:12:25,456 INFO spark.SparkContext: Starting job: sortByKey at BinaryClassificationMetrics.scala:189
2026-08-09 23:12:25,457 INFO memory.MemoryStore: Block broadcast_72_piece0 stored as bytes in memory (estimated size 12.7 KiB, free 2.2 GiB)
2026-08-09 23:12:25,457 INFO storage.BlockManagerInfo: Added broadcast_72_piece0 in memory on 10.0.0.215:64244 (size: 12.7 KiB, free: 2.2 GiB)
2026-08-09 23:12:25,457 INFO spark.SparkContext: Created broadcast 72 from broadcast at DAGScheduler.scala:1513
2026-08-09 23:12:25,458 INFO scheduler.DAGScheduler: Submitting 2 missing tasks from ShuffleMapStage 61 (MapPartitionsRDD[107] at map at BinaryClassificationMetrics.scala:48) (first 15 tasks are for partitions Vector(0, 1))
2026-08-09 23:12:25,458 INFO scheduler.TaskSchedulerImpl: Adding task set 61.0 with 2 tasks resource profile 0
2026-08-09 23:12:25,458 INFO scheduler.FairSchedulableBuilder: Added task set TaskSet_61.0 tasks to pool default
2026-08-09 23:12:25,458 INFO scheduler.DAGScheduler: Registering RDD 117 (map at BinaryClassificationMetrics.scala:48) as input to shuffle 16
2026-08-09 23:12:25,458 INFO scheduler.DAGScheduler: Got job 47 (sortByKey at BinaryClassificationMetrics.scala:189) with 2 output partitions
2026-08-09 23:12:25,458 INFO scheduler.DAGScheduler: Final stage: ResultStage 64 (sortByKey at BinaryClassificationMetrics.scala:189)
2026-08-09 23:12:25,458 INFO scheduler.DAGScheduler: Parents of final stage: List(ShuffleMapStage 63)
2026-08-09 23:12:25,458 INFO scheduler.DAGScheduler: Missing parents: List(ShuffleMapStage 63)
2026-08-09 23:12:25,459 INFO scheduler.DAGScheduler: Submitting ShuffleMapStage 63 (MapPartitionsRDD[117] at map at BinaryClassificationMetrics.scala:48), which has no missing parents
2026-08-09 23:12:25,459 INFO memory.MemoryStore: Block broadcast_73 stored as values in memory (estimated size 40.1 KiB, free 2.2 GiB)
2026-08-09 23:12:25,460 INFO memory.MemoryStore: Block broadcast_73_piece0 stored as bytes in memory (estimated size 12.7 KiB, free 2.2 GiB)
2026-08-09 23:12:25,460 INFO storage.BlockManagerInfo: Added broadcast_73_piece0 in memory on 10.0.0.215:64244 (size: 12.7 KiB, free: 2.2 GiB)
2026-08-09 23:12:25,460 INFO spark.SparkContext: Created broadcast 73 from broadcast at DAGScheduler.scala:1513
2026-08-09 23:12:25,461 INFO scheduler.DAGScheduler: Submitting 2 missing tasks from ShuffleMapStage 63 (MapPartitionsRDD[117] at map at BinaryClassificationMetrics.scala:48) (first 15 tasks are for partitions Vector(0, 1))
2026-08-09 23:12:25,461 INFO scheduler.TaskSchedulerImpl: Adding task set 63.0 with 2 tasks resource profile 0
2026-08-09 23:12:25,461 INFO scheduler.FairSchedulableBuilder: Added task set TaskSet_63.0 tasks to pool default
2026-08-09 23:12:25,462 INFO scheduler.DAGScheduler: Registering RDD 109 (map at BinaryClassificationMetrics.scala:48) as input to shuffle 17
2026-08-09 23:12:25,462 INFO scheduler.DAGScheduler: Got job 48 (sortByKey at BinaryClassificationMetrics.scala:189) with 2 output partitions
2026-08-09 23:12:25,462 INFO scheduler.DAGScheduler: Final stage: ResultStage 66 (sortByKey at BinaryClassificationMetrics.scala:189)
2026-08-09 23:12:25,462 INFO scheduler.DAGScheduler: Parents of final stage: List(ShuffleMapStage 65)
2026-08-09 23:12:25,462 INFO scheduler.DAGScheduler: Missing parents: List(ShuffleMapStage 65)
2026-08-09 23:12:25,465 INFO scheduler.DAGScheduler: Submitting ShuffleMapStage 65 (MapPartitionsRDD[109] at map at BinaryClassificationMetrics.scala:48), which has no missing parents
2026-08-09 23:12:25,466 INFO memory.MemoryStore: Block broadcast_74 stored as values in memory (estimated size 40.1 KiB, free 2.2 GiB)
2026-08-09 23:12:25,478 INFO memory.MemoryStore: Block broadcast_74_piece0 stored as bytes in memory (estimated size 12.7 KiB, free 2.2 GiB)
2026-08-09 23:12:25,479 INFO storage.BlockManagerInfo: Added broadcast_74_piece0 in memory on 10.0.0.215:64244 (size: 12.7 KiB, free: 2.2 GiB)
2026-08-09 23:12:25,479 INFO spark.SparkContext: Created broadcast 74 from broadcast at DAGScheduler.scala:1513
2026-08-09 23:12:25,479 INFO scheduler.DAGScheduler: Submitting 2 missing tasks from ShuffleMapStage 65 (MapPartitionsRDD[109] at map at BinaryClassificationMetrics.scala:48) (first 15 tasks are for partitions Vector(0, 1))
2026-08-09 23:12:25,479 INFO scheduler.TaskSchedulerImpl: Adding task set 65.0 with 2 tasks resource profile 0
2026-08-09 23:12:25,480 INFO scheduler.FairSchedulableBuilder: Added task set TaskSet_65.0 tasks to pool default
2026-08-09 23:12:25,506 INFO memory.MemoryStore: Block rdd_75_0 stored as values in memory (estimated size 351.6 KiB, free 2.2 GiB)
2026-08-09 23:12:25,507 INFO storage.BlockManagerInfo: Added rdd_75_0 in memory on 10.0.0.215:64244 (size: 351.6 KiB, free: 2.2 GiB)
2026-08-09 23:12:25,508 INFO executor.Executor: Finished task 0.0 in stage 43.0 (TID 366). 1791 bytes result sent to driver
2026-08-09 23:12:25,508 INFO scheduler.TaskSetManager: Starting task 1.0 in stage 43.0 (TID 390) (10.0.0.215, executor driver, partition 1, PROCESS_LOCAL, 5029 bytes) taskResourceAssignments Map()
2026-08-09 23:12:25,509 INFO scheduler.TaskSetManager: Finished task 0.0 in stage 43.0 (TID 366) in 522 ms on 10.0.0.215 (executor driver) (1/2)
2026-08-09 23:12:25,509 INFO executor.Executor: Running task 1.0 in stage 43.0 (TID 390)
2026-08-09 23:12:25,512 INFO storage.BlockManager: Found block rdd_17_1 locally
2026-08-09 23:12:25,512 INFO memory.MemoryStore: Block rdd_75_1 stored as values in memory (estimated size 16.0 B, free 2.2 GiB)
2026-08-09 23:12:25,512 INFO storage.BlockManagerInfo: Added rdd_75_1 in memory on 10.0.0.215:64244 (size: 16.0 B, free: 2.2 GiB)
2026-08-09 23:12:25,513 INFO executor.Executor: Finished task 1.0 in stage 43.0 (TID 390). 1705 bytes result sent to driver
2026-08-09 23:12:25,514 INFO scheduler.TaskSetManager: Starting task 0.0 in stage 53.0 (TID 391) (10.0.0.215, executor driver, partition 0, PROCESS_LOCAL, 5029 bytes) taskResourceAssignments Map()
2026-08-09 23:12:25,514 INFO scheduler.TaskSetManager: Finished task 1.0 in stage 43.0 (TID 390) in 6 ms on 10.0.0.215 (executor driver) (2/2)
2026-08-09 23:12:25,514 INFO scheduler.TaskSchedulerImpl: Removed TaskSet 43.0, whose tasks have all completed, from pool default
2026-08-09 23:12:25,514 INFO executor.Executor: Running task 0.0 in stage 53.0 (TID 391)
2026-08-09 23:12:25,514 INFO scheduler.DAGScheduler: ResultStage 43 (count at Metrics.scala:12) finished in 1.329 s
2026-08-09 23:12:25,514 INFO scheduler.DAGScheduler: Job 31 is finished. Cancelling potential speculative or zombie tasks for this job
2026-08-09 23:12:25,514 INFO scheduler.TaskSchedulerImpl: Killing all running tasks in stage 43: Stage finished
2026-08-09 23:12:25,515 INFO scheduler.DAGScheduler: Job 31 finished: count at Metrics.scala:12, took 1.331088 s
2026-08-09 23:12:25,517 INFO storage.BlockManager: Found block rdd_73_0 locally
2026-08-09 23:12:25,519 INFO executor.Executor: Finished task 0.0 in stage 53.0 (TID 391). 1748 bytes result sent to driver
2026-08-09 23:12:25,520 INFO scheduler.TaskSetManager: Starting task 1.0 in stage 53.0 (TID 392) (10.0.0.215, executor driver, partition 1, PROCESS_LOCAL, 5029 bytes) taskResourceAssignments Map()
2026-08-09 23:12:25,521 INFO scheduler.TaskSetManager: Finished task 0.0 in stage 53.0 (TID 391) in 7 ms on 10.0.0.215 (executor driver) (1/2)
2026-08-09 23:12:25,521 INFO executor.Executor: Running task 1.0 in stage 53.0 (TID 392)
2026-08-09 23:12:25,523 INFO spark.SparkContext: Starting job: count at Metrics.scala:14
2026-08-09 23:12:25,524 INFO scheduler.DAGScheduler: Got job 49 (count at Metrics.scala:14) with 2 output partitions
2026-08-09 23:12:25,524 INFO scheduler.DAGScheduler: Final stage: ResultStage 67 (count at Metrics.scala:14)
2026-08-09 23:12:25,524 INFO scheduler.DAGScheduler: Parents of final stage: List()
2026-08-09 23:12:25,525 INFO storage.BlockManager: Found block rdd_73_1 locally
2026-08-09 23:12:25,526 INFO executor.Executor: Finished task 1.0 in stage 53.0 (TID 392). 1662 bytes result sent to driver
2026-08-09 23:12:25,543 INFO scheduler.TaskSetManager: Starting task 0.0 in stage 54.0 (TID 393) (10.0.0.215, executor driver, partition 0, PROCESS_LOCAL, 5018 bytes) taskResourceAssignments Map()
2026-08-09 23:12:25,544 INFO scheduler.TaskSetManager: Finished task 1.0 in stage 53.0 (TID 392) in 25 ms on 10.0.0.215 (executor driver) (2/2)
2026-08-09 23:12:25,544 INFO scheduler.TaskSchedulerImpl: Removed TaskSet 53.0, whose tasks have all completed, from pool default
2026-08-09 23:12:25,544 INFO scheduler.DAGScheduler: Missing parents: List()
2026-08-09 23:12:25,544 INFO executor.Executor: Running task 0.0 in stage 54.0 (TID 393)
2026-08-09 23:12:25,545 INFO scheduler.DAGScheduler: Submitting ResultStage 67 (MapPartitionsRDD[121] at filter at Metrics.scala:14), which has no missing parents
2026-08-09 23:12:25,546 INFO memory.MemoryStore: Block broadcast_75 stored as values in memory (estimated size 38.5 KiB, free 2.2 GiB)
2026-08-09 23:12:25,547 INFO memory.MemoryStore: Block broadcast_75_piece0 stored as bytes in memory (estimated size 12.1 KiB, free 2.2 GiB)
2026-08-09 23:12:25,548 INFO storage.BlockManagerInfo: Added broadcast_75_piece0 in memory on 10.0.0.215:64244 (size: 12.1 KiB, free: 2.2 GiB)
2026-08-09 23:12:25,550 INFO spark.SparkContext: Created broadcast 75 from broadcast at DAGScheduler.scala:1513
2026-08-09 23:12:25,550 INFO scheduler.DAGScheduler: Submitting 2 missing tasks from ResultStage 67 (MapPartitionsRDD[121] at filter at Metrics.scala:14) (first 15 tasks are for partitions Vector(0, 1))
2026-08-09 23:12:25,550 INFO scheduler.TaskSchedulerImpl: Adding task set 67.0 with 2 tasks resource profile 0
2026-08-09 23:12:25,553 INFO scheduler.FairSchedulableBuilder: Added task set TaskSet_67.0 tasks to pool default
2026-08-09 23:12:25,555 INFO scheduler.DAGScheduler: ResultStage 53 (count at Metrics.scala:14) finished in 0.322 s
2026-08-09 23:12:25,555 INFO scheduler.DAGScheduler: Job 41 is finished. Cancelling potential speculative or zombie tasks for this job
2026-08-09 23:12:25,555 INFO scheduler.TaskSchedulerImpl: Killing all running tasks in stage 53: Stage finished
2026-08-09 23:12:25,555 INFO storage.BlockManagerInfo: Removed broadcast_60_piece0 on 10.0.0.215:64244 in memory (size: 12.1 KiB, free: 2.2 GiB)
2026-08-09 23:12:25,571 INFO scheduler.DAGScheduler: Job 41 finished: count at Metrics.scala:14, took 0.339920 s
2026-08-09 23:12:25,578 INFO storage.BlockManager: Found block rdd_61_0 locally
2026-08-09 23:12:25,579 INFO storage.BlockManagerInfo: Removed broadcast_56_piece0 on 10.0.0.215:64244 in memory (size: 3.0 KiB, free: 2.2 GiB)
2026-08-09 23:12:25,595 INFO storage.BlockManagerInfo: Removed broadcast_52_piece0 on 10.0.0.215:64244 in memory (size: 12.0 KiB, free: 2.2 GiB)
2026-08-09 23:12:25,597 INFO spark.SparkContext: Starting job: sortByKey at BinaryClassificationMetrics.scala:189
2026-08-09 23:12:25,600 INFO scheduler.DAGScheduler: Registering RDD 123 (map at BinaryClassificationMetrics.scala:48) as input to shuffle 18
2026-08-09 23:12:25,600 INFO storage.BlockManagerInfo: Removed broadcast_62_piece0 on 10.0.0.215:64244 in memory (size: 12.1 KiB, free: 2.2 GiB)
2026-08-09 23:12:25,600 INFO scheduler.DAGScheduler: Got job 50 (sortByKey at BinaryClassificationMetrics.scala:189) with 2 output partitions
2026-08-09 23:12:25,600 INFO scheduler.DAGScheduler: Final stage: ResultStage 69 (sortByKey at BinaryClassificationMetrics.scala:189)
2026-08-09 23:12:25,601 INFO scheduler.DAGScheduler: Parents of final stage: List(ShuffleMapStage 68)
2026-08-09 23:12:25,601 INFO scheduler.DAGScheduler: Missing parents: List(ShuffleMapStage 68)
2026-08-09 23:12:25,602 INFO scheduler.DAGScheduler: Submitting ShuffleMapStage 68 (MapPartitionsRDD[123] at map at BinaryClassificationMetrics.scala:48), which has no missing parents
2026-08-09 23:12:25,603 INFO storage.BlockManagerInfo: Removed broadcast_61_piece0 on 10.0.0.215:64244 in memory (size: 12.1 KiB, free: 2.2 GiB)
2026-08-09 23:12:25,604 INFO storage.BlockManagerInfo: Removed broadcast_64_piece0 on 10.0.0.215:64244 in memory (size: 12.1 KiB, free: 2.2 GiB)
2026-08-09 23:12:25,605 INFO memory.MemoryStore: Block broadcast_76 stored as values in memory (estimated size 40.1 KiB, free 2.2 GiB)
2026-08-09 23:12:25,606 INFO memory.MemoryStore: Block broadcast_76_piece0 stored as bytes in memory (estimated size 12.7 KiB, free 2.2 GiB)
2026-08-09 23:12:25,607 INFO storage.BlockManagerInfo: Added broadcast_76_piece0 in memory on 10.0.0.215:64244 (size: 12.7 KiB, free: 2.2 GiB)
2026-08-09 23:12:25,607 INFO spark.SparkContext: Created broadcast 76 from broadcast at DAGScheduler.scala:1513
2026-08-09 23:12:25,608 INFO scheduler.DAGScheduler: Submitting 2 missing tasks from ShuffleMapStage 68 (MapPartitionsRDD[123] at map at BinaryClassificationMetrics.scala:48) (first 15 tasks are for partitions Vector(0, 1))
2026-08-09 23:12:25,608 INFO scheduler.TaskSchedulerImpl: Adding task set 68.0 with 2 tasks resource profile 0
2026-08-09 23:12:25,609 INFO scheduler.FairSchedulableBuilder: Added task set TaskSet_68.0 tasks to pool default
2026-08-09 23:12:25,635 INFO executor.Executor: Finished task 0.0 in stage 54.0 (TID 393). 2033 bytes result sent to driver
2026-08-09 23:12:25,636 INFO scheduler.TaskSetManager: Starting task 1.0 in stage 54.0 (TID 394) (10.0.0.215, executor driver, partition 1, PROCESS_LOCAL, 5018 bytes) taskResourceAssignments Map()
2026-08-09 23:12:25,636 INFO executor.Executor: Running task 1.0 in stage 54.0 (TID 394)
2026-08-09 23:12:25,636 INFO scheduler.TaskSetManager: Finished task 0.0 in stage 54.0 (TID 393) in 93 ms on 10.0.0.215 (executor driver) (1/2)
2026-08-09 23:12:25,639 INFO storage.BlockManager: Found block rdd_61_1 locally
2026-08-09 23:12:25,640 INFO executor.Executor: Finished task 1.0 in stage 54.0 (TID 394). 1904 bytes result sent to driver
2026-08-09 23:12:25,640 INFO scheduler.TaskSetManager: Starting task 0.0 in stage 56.0 (TID 395) (10.0.0.215, executor driver, partition 0, PROCESS_LOCAL, 5029 bytes) taskResourceAssignments Map()
2026-08-09 23:12:25,641 INFO executor.Executor: Running task 0.0 in stage 56.0 (TID 395)
2026-08-09 23:12:25,641 INFO scheduler.TaskSetManager: Finished task 1.0 in stage 54.0 (TID 394) in 6 ms on 10.0.0.215 (executor driver) (2/2)
2026-08-09 23:12:25,641 INFO scheduler.TaskSchedulerImpl: Removed TaskSet 54.0, whose tasks have all completed, from pool default
2026-08-09 23:12:25,641 INFO scheduler.DAGScheduler: ShuffleMapStage 54 (map at BinaryClassificationMetrics.scala:48) finished in 0.369 s
2026-08-09 23:12:25,641 INFO scheduler.DAGScheduler: looking for newly runnable stages
2026-08-09 23:12:25,641 INFO scheduler.DAGScheduler: running: Set(ShuffleMapStage 63, ResultStage 52, ResultStage 67, ResultStage 46, ResultStage 56, ShuffleMapStage 68, ShuffleMapStage 57, ShuffleMapStage 61, ShuffleMapStage 65, ResultStage 44, ShuffleMapStage 59)
2026-08-09 23:12:25,642 INFO scheduler.DAGScheduler: waiting: Set(ResultStage 66, ResultStage 60, ResultStage 64, ResultStage 69, ResultStage 58, ResultStage 55, ResultStage 62)
2026-08-09 23:12:25,642 INFO scheduler.DAGScheduler: failed: Set()
2026-08-09 23:12:25,642 INFO scheduler.DAGScheduler: Submitting ResultStage 55 (MapPartitionsRDD[93] at sortByKey at BinaryClassificationMetrics.scala:189), which has no missing parents
2026-08-09 23:12:25,643 INFO memory.MemoryStore: Block broadcast_77 stored as values in memory (estimated size 6.7 KiB, free 2.2 GiB)
2026-08-09 23:12:25,643 INFO memory.MemoryStore: Block broadcast_77_piece0 stored as bytes in memory (estimated size 3.4 KiB, free 2.2 GiB)
2026-08-09 23:12:25,643 INFO storage.BlockManagerInfo: Added broadcast_77_piece0 in memory on 10.0.0.215:64244 (size: 3.4 KiB, free: 2.2 GiB)
2026-08-09 23:12:25,644 INFO storage.BlockManager: Found block rdd_17_0 locally
2026-08-09 23:12:25,644 INFO spark.SparkContext: Created broadcast 77 from broadcast at DAGScheduler.scala:1513
2026-08-09 23:12:25,644 INFO scheduler.DAGScheduler: Submitting 2 missing tasks from ResultStage 55 (MapPartitionsRDD[93] at sortByKey at BinaryClassificationMetrics.scala:189) (first 15 tasks are for partitions Vector(0, 1))
2026-08-09 23:12:25,644 INFO scheduler.TaskSchedulerImpl: Adding task set 55.0 with 2 tasks resource profile 0
2026-08-09 23:12:25,645 INFO scheduler.FairSchedulableBuilder: Added task set TaskSet_55.0 tasks to pool default
2026-08-09 23:12:25,676 INFO memory.MemoryStore: Block rdd_87_0 stored as values in memory (estimated size 351.6 KiB, free 2.2 GiB)
2026-08-09 23:12:25,677 INFO storage.BlockManagerInfo: Added rdd_87_0 in memory on 10.0.0.215:64244 (size: 351.6 KiB, free: 2.2 GiB)
2026-08-09 23:12:25,678 INFO executor.Executor: Finished task 0.0 in stage 52.0 (TID 389). 1791 bytes result sent to driver
2026-08-09 23:12:25,678 INFO scheduler.TaskSetManager: Starting task 1.0 in stage 52.0 (TID 396) (10.0.0.215, executor driver, partition 1, PROCESS_LOCAL, 5029 bytes) taskResourceAssignments Map()
2026-08-09 23:12:25,679 INFO scheduler.TaskSetManager: Finished task 0.0 in stage 52.0 (TID 389) in 244 ms on 10.0.0.215 (executor driver) (1/2)
2026-08-09 23:12:25,679 INFO executor.Executor: Running task 1.0 in stage 52.0 (TID 396)
2026-08-09 23:12:25,680 INFO storage.BlockManager: Found block rdd_17_1 locally
2026-08-09 23:12:25,681 INFO memory.MemoryStore: Block rdd_87_1 stored as values in memory (estimated size 16.0 B, free 2.2 GiB)
2026-08-09 23:12:25,681 INFO storage.BlockManagerInfo: Added rdd_87_1 in memory on 10.0.0.215:64244 (size: 16.0 B, free: 2.2 GiB)
2026-08-09 23:12:25,681 INFO executor.Executor: Finished task 1.0 in stage 52.0 (TID 396). 1705 bytes result sent to driver
2026-08-09 23:12:25,682 INFO scheduler.TaskSetManager: Starting task 0.0 in stage 55.0 (TID 397) (10.0.0.215, executor driver, partition 0, NODE_LOCAL, 4271 bytes) taskResourceAssignments Map()
2026-08-09 23:12:25,682 INFO scheduler.TaskSetManager: Finished task 1.0 in stage 52.0 (TID 396) in 4 ms on 10.0.0.215 (executor driver) (2/2)
2026-08-09 23:12:25,682 INFO executor.Executor: Running task 0.0 in stage 55.0 (TID 397)
2026-08-09 23:12:25,682 INFO scheduler.TaskSchedulerImpl: Removed TaskSet 52.0, whose tasks have all completed, from pool default
2026-08-09 23:12:25,682 INFO scheduler.DAGScheduler: ResultStage 52 (count at Metrics.scala:12) finished in 0.668 s
2026-08-09 23:12:25,683 INFO scheduler.DAGScheduler: Job 40 is finished. Cancelling potential speculative or zombie tasks for this job
2026-08-09 23:12:25,683 INFO scheduler.TaskSchedulerImpl: Killing all running tasks in stage 52: Stage finished
2026-08-09 23:12:25,683 INFO scheduler.DAGScheduler: Job 40 finished: count at Metrics.scala:12, took 0.675394 s
2026-08-09 23:12:25,687 INFO storage.ShuffleBlockFetcherIterator: Getting 1 (652.0 B) non-empty blocks including 1 (652.0 B) local and 0 (0.0 B) host-local and 0 (0.0 B) push-merged-local and 0 (0.0 B) remote blocks
2026-08-09 23:12:25,687 INFO storage.ShuffleBlockFetcherIterator: Started 0 remote fetches in 0 ms
2026-08-09 23:12:25,688 INFO spark.SparkContext: Starting job: count at Metrics.scala:14
2026-08-09 23:12:25,688 INFO scheduler.DAGScheduler: Got job 51 (count at Metrics.scala:14) with 2 output partitions
2026-08-09 23:12:25,688 INFO scheduler.DAGScheduler: Final stage: ResultStage 70 (count at Metrics.scala:14)
2026-08-09 23:12:25,688 INFO scheduler.DAGScheduler: Parents of final stage: List()
2026-08-09 23:12:25,688 INFO scheduler.DAGScheduler: Missing parents: List()
2026-08-09 23:12:25,688 INFO scheduler.DAGScheduler: Submitting ResultStage 70 (MapPartitionsRDD[127] at filter at Metrics.scala:14), which has no missing parents
2026-08-09 23:12:25,690 INFO memory.MemoryStore: Block broadcast_78 stored as values in memory (estimated size 38.5 KiB, free 2.2 GiB)
2026-08-09 23:12:25,691 INFO memory.MemoryStore: Block broadcast_78_piece0 stored as bytes in memory (estimated size 12.1 KiB, free 2.2 GiB)
2026-08-09 23:12:25,691 INFO storage.BlockManagerInfo: Added broadcast_78_piece0 in memory on 10.0.0.215:64244 (size: 12.1 KiB, free: 2.2 GiB)
2026-08-09 23:12:25,691 INFO spark.SparkContext: Created broadcast 78 from broadcast at DAGScheduler.scala:1513
2026-08-09 23:12:25,691 INFO scheduler.DAGScheduler: Submitting 2 missing tasks from ResultStage 70 (MapPartitionsRDD[127] at filter at Metrics.scala:14) (first 15 tasks are for partitions Vector(0, 1))
2026-08-09 23:12:25,691 INFO scheduler.TaskSchedulerImpl: Adding task set 70.0 with 2 tasks resource profile 0
2026-08-09 23:12:25,692 INFO scheduler.FairSchedulableBuilder: Added task set TaskSet_70.0 tasks to pool default
2026-08-09 23:12:25,694 INFO executor.Executor: Finished task 0.0 in stage 55.0 (TID 397). 1692 bytes result sent to driver
2026-08-09 23:12:25,695 INFO scheduler.TaskSetManager: Starting task 1.0 in stage 55.0 (TID 398) (10.0.0.215, executor driver, partition 1, NODE_LOCAL, 4271 bytes) taskResourceAssignments Map()
2026-08-09 23:12:25,695 INFO scheduler.TaskSetManager: Finished task 0.0 in stage 55.0 (TID 397) in 13 ms on 10.0.0.215 (executor driver) (1/2)
2026-08-09 23:12:25,695 INFO executor.Executor: Running task 1.0 in stage 55.0 (TID 398)
2026-08-09 23:12:25,696 INFO storage.ShuffleBlockFetcherIterator: Getting 1 (539.0 B) non-empty blocks including 1 (539.0 B) local and 0 (0.0 B) host-local and 0 (0.0 B) push-merged-local and 0 (0.0 B) remote blocks
2026-08-09 23:12:25,697 INFO storage.ShuffleBlockFetcherIterator: Started 0 remote fetches in 0 ms
2026-08-09 23:12:25,697 INFO executor.Executor: Finished task 1.0 in stage 55.0 (TID 398). 1636 bytes result sent to driver
2026-08-09 23:12:25,697 INFO scheduler.TaskSetManager: Starting task 0.0 in stage 57.0 (TID 399) (10.0.0.215, executor driver, partition 0, PROCESS_LOCAL, 5018 bytes) taskResourceAssignments Map()
2026-08-09 23:12:25,698 INFO executor.Executor: Running task 0.0 in stage 57.0 (TID 399)
2026-08-09 23:12:25,698 INFO scheduler.TaskSetManager: Finished task 1.0 in stage 55.0 (TID 398) in 4 ms on 10.0.0.215 (executor driver) (2/2)
2026-08-09 23:12:25,698 INFO scheduler.TaskSchedulerImpl: Removed TaskSet 55.0, whose tasks have all completed, from pool default
2026-08-09 23:12:25,698 INFO scheduler.DAGScheduler: ResultStage 55 (sortByKey at BinaryClassificationMetrics.scala:189) finished in 0.056 s
2026-08-09 23:12:25,698 INFO scheduler.DAGScheduler: Job 42 is finished. Cancelling potential speculative or zombie tasks for this job
2026-08-09 23:12:25,698 INFO scheduler.TaskSchedulerImpl: Killing all running tasks in stage 55: Stage finished
2026-08-09 23:12:25,698 INFO scheduler.DAGScheduler: Job 42 finished: sortByKey at BinaryClassificationMetrics.scala:189, took 0.428006 s
2026-08-09 23:12:25,701 INFO storage.BlockManager: Found block rdd_63_0 locally
2026-08-09 23:12:25,709 INFO executor.Executor: Finished task 0.0 in stage 57.0 (TID 399). 2033 bytes result sent to driver
2026-08-09 23:12:25,710 INFO scheduler.TaskSetManager: Starting task 1.0 in stage 57.0 (TID 400) (10.0.0.215, executor driver, partition 1, PROCESS_LOCAL, 5018 bytes) taskResourceAssignments Map()
2026-08-09 23:12:25,710 INFO scheduler.TaskSetManager: Finished task 0.0 in stage 57.0 (TID 399) in 13 ms on 10.0.0.215 (executor driver) (1/2)
2026-08-09 23:12:25,710 INFO executor.Executor: Running task 1.0 in stage 57.0 (TID 400)
2026-08-09 23:12:25,712 INFO storage.BlockManager: Found block rdd_63_1 locally
2026-08-09 23:12:25,714 INFO executor.Executor: Finished task 1.0 in stage 57.0 (TID 400). 1904 bytes result sent to driver
2026-08-09 23:12:25,715 INFO scheduler.TaskSetManager: Starting task 0.0 in stage 59.0 (TID 401) (10.0.0.215, executor driver, partition 0, PROCESS_LOCAL, 5018 bytes) taskResourceAssignments Map()
2026-08-09 23:12:25,715 INFO executor.Executor: Running task 0.0 in stage 59.0 (TID 401)
2026-08-09 23:12:25,715 INFO scheduler.TaskSetManager: Finished task 1.0 in stage 57.0 (TID 400) in 6 ms on 10.0.0.215 (executor driver) (2/2)
2026-08-09 23:12:25,715 INFO scheduler.TaskSchedulerImpl: Removed TaskSet 57.0, whose tasks have all completed, from pool default
2026-08-09 23:12:25,716 INFO scheduler.DAGScheduler: ShuffleMapStage 57 (map at BinaryClassificationMetrics.scala:48) finished in 0.287 s
2026-08-09 23:12:25,716 INFO scheduler.DAGScheduler: looking for newly runnable stages
2026-08-09 23:12:25,716 INFO scheduler.DAGScheduler: running: Set(ShuffleMapStage 63, ResultStage 70, ResultStage 67, ResultStage 46, ResultStage 56, ShuffleMapStage 68, ShuffleMapStage 61, ShuffleMapStage 65, ResultStage 44, ShuffleMapStage 59)
2026-08-09 23:12:25,716 INFO scheduler.DAGScheduler: waiting: Set(ResultStage 66, ResultStage 60, ResultStage 64, ResultStage 69, ResultStage 58, ResultStage 62)
2026-08-09 23:12:25,716 INFO scheduler.DAGScheduler: failed: Set()
2026-08-09 23:12:25,716 INFO scheduler.DAGScheduler: Submitting ResultStage 58 (MapPartitionsRDD[100] at sortByKey at BinaryClassificationMetrics.scala:189), which has no missing parents
2026-08-09 23:12:25,717 INFO memory.MemoryStore: Block broadcast_79 stored as values in memory (estimated size 6.7 KiB, free 2.2 GiB)
2026-08-09 23:12:25,718 INFO storage.BlockManager: Found block rdd_65_0 locally
2026-08-09 23:12:25,719 INFO memory.MemoryStore: Block broadcast_79_piece0 stored as bytes in memory (estimated size 3.4 KiB, free 2.2 GiB)
2026-08-09 23:12:25,719 INFO storage.BlockManagerInfo: Added broadcast_79_piece0 in memory on 10.0.0.215:64244 (size: 3.4 KiB, free: 2.2 GiB)
2026-08-09 23:12:25,720 INFO spark.SparkContext: Created broadcast 79 from broadcast at DAGScheduler.scala:1513
2026-08-09 23:12:25,720 INFO spark.SparkContext: Starting job: collect at BinaryClassificationMetrics.scala:237
2026-08-09 23:12:25,720 INFO scheduler.DAGScheduler: Submitting 2 missing tasks from ResultStage 58 (MapPartitionsRDD[100] at sortByKey at BinaryClassificationMetrics.scala:189) (first 15 tasks are for partitions Vector(0, 1))
2026-08-09 23:12:25,720 INFO scheduler.TaskSchedulerImpl: Adding task set 58.0 with 2 tasks resource profile 0
2026-08-09 23:12:25,721 INFO scheduler.FairSchedulableBuilder: Added task set TaskSet_58.0 tasks to pool default
2026-08-09 23:12:25,721 INFO scheduler.DAGScheduler: Registering RDD 91 (combineByKey at BinaryClassificationMetrics.scala:188) as input to shuffle 19
2026-08-09 23:12:25,721 INFO scheduler.DAGScheduler: Got job 52 (collect at BinaryClassificationMetrics.scala:237) with 2 output partitions
2026-08-09 23:12:25,721 INFO scheduler.DAGScheduler: Final stage: ResultStage 73 (collect at BinaryClassificationMetrics.scala:237)
2026-08-09 23:12:25,721 INFO scheduler.DAGScheduler: Parents of final stage: List(ShuffleMapStage 72)
2026-08-09 23:12:25,721 INFO scheduler.DAGScheduler: Missing parents: List(ShuffleMapStage 72)
2026-08-09 23:12:25,722 INFO scheduler.DAGScheduler: Submitting ShuffleMapStage 72 (ShuffledRDD[91] at combineByKey at BinaryClassificationMetrics.scala:188), which has no missing parents
2026-08-09 23:12:25,723 INFO memory.MemoryStore: Block broadcast_80 stored as values in memory (estimated size 5.2 KiB, free 2.2 GiB)
2026-08-09 23:12:25,724 INFO memory.MemoryStore: Block broadcast_80_piece0 stored as bytes in memory (estimated size 2.9 KiB, free 2.2 GiB)
2026-08-09 23:12:25,724 INFO storage.BlockManagerInfo: Added broadcast_80_piece0 in memory on 10.0.0.215:64244 (size: 2.9 KiB, free: 2.2 GiB)
2026-08-09 23:12:25,724 INFO spark.SparkContext: Created broadcast 80 from broadcast at DAGScheduler.scala:1513
2026-08-09 23:12:25,725 INFO scheduler.DAGScheduler: Submitting 2 missing tasks from ShuffleMapStage 72 (ShuffledRDD[91] at combineByKey at BinaryClassificationMetrics.scala:188) (first 15 tasks are for partitions Vector(0, 1))
2026-08-09 23:12:25,725 INFO scheduler.TaskSchedulerImpl: Adding task set 72.0 with 2 tasks resource profile 0
2026-08-09 23:12:25,729 INFO scheduler.FairSchedulableBuilder: Added task set TaskSet_72.0 tasks to pool default
2026-08-09 23:12:25,730 INFO storage.BlockManagerInfo: Removed broadcast_70_piece0 on 10.0.0.215:64244 in memory (size: 12.7 KiB, free: 2.2 GiB)
2026-08-09 23:12:25,732 INFO storage.BlockManagerInfo: Removed broadcast_77_piece0 on 10.0.0.215:64244 in memory (size: 3.4 KiB, free: 2.2 GiB)
2026-08-09 23:12:25,734 INFO storage.BlockManagerInfo: Removed broadcast_66_piece0 on 10.0.0.215:64244 in memory (size: 12.1 KiB, free: 2.2 GiB)
2026-08-09 23:12:25,736 INFO storage.BlockManagerInfo: Removed broadcast_67_piece0 on 10.0.0.215:64244 in memory (size: 12.7 KiB, free: 2.2 GiB)
2026-08-09 23:12:25,736 INFO executor.Executor: Finished task 0.0 in stage 59.0 (TID 401). 2076 bytes result sent to driver
2026-08-09 23:12:25,736 INFO scheduler.TaskSetManager: Starting task 0.0 in stage 58.0 (TID 402) (10.0.0.215, executor driver, partition 0, NODE_LOCAL, 4271 bytes) taskResourceAssignments Map()
2026-08-09 23:12:25,737 INFO executor.Executor: Running task 0.0 in stage 58.0 (TID 402)
2026-08-09 23:12:25,737 INFO scheduler.TaskSetManager: Finished task 0.0 in stage 59.0 (TID 401) in 22 ms on 10.0.0.215 (executor driver) (1/2)
2026-08-09 23:12:25,738 INFO storage.ShuffleBlockFetcherIterator: Getting 1 (490.0 B) non-empty blocks including 1 (490.0 B) local and 0 (0.0 B) host-local and 0 (0.0 B) push-merged-local and 0 (0.0 B) remote blocks
2026-08-09 23:12:25,738 INFO storage.BlockManagerInfo: Removed broadcast_65_piece0 on 10.0.0.215:64244 in memory (size: 12.0 KiB, free: 2.2 GiB)
2026-08-09 23:12:25,738 INFO storage.ShuffleBlockFetcherIterator: Started 0 remote fetches in 0 ms
2026-08-09 23:12:25,739 INFO executor.Executor: Finished task 0.0 in stage 58.0 (TID 402). 1596 bytes result sent to driver
2026-08-09 23:12:25,740 INFO scheduler.TaskSetManager: Starting task 1.0 in stage 58.0 (TID 403) (10.0.0.215, executor driver, partition 1, NODE_LOCAL, 4271 bytes) taskResourceAssignments Map()
2026-08-09 23:12:25,740 INFO scheduler.TaskSetManager: Finished task 0.0 in stage 58.0 (TID 402) in 4 ms on 10.0.0.215 (executor driver) (1/2)
2026-08-09 23:12:25,740 INFO executor.Executor: Running task 1.0 in stage 58.0 (TID 403)
2026-08-09 23:12:25,742 INFO storage.ShuffleBlockFetcherIterator: Getting 1 (405.0 B) non-empty blocks including 1 (405.0 B) local and 0 (0.0 B) host-local and 0 (0.0 B) push-merged-local and 0 (0.0 B) remote blocks
2026-08-09 23:12:25,742 INFO storage.ShuffleBlockFetcherIterator: Started 0 remote fetches in 0 ms
2026-08-09 23:12:25,743 INFO executor.Executor: Finished task 1.0 in stage 58.0 (TID 403). 1572 bytes result sent to driver
2026-08-09 23:12:25,743 INFO scheduler.TaskSetManager: Starting task 1.0 in stage 59.0 (TID 404) (10.0.0.215, executor driver, partition 1, PROCESS_LOCAL, 5018 bytes) taskResourceAssignments Map()
2026-08-09 23:12:25,743 INFO scheduler.TaskSetManager: Finished task 1.0 in stage 58.0 (TID 403) in 3 ms on 10.0.0.215 (executor driver) (2/2)
2026-08-09 23:12:25,743 INFO executor.Executor: Running task 1.0 in stage 59.0 (TID 404)
2026-08-09 23:12:25,744 INFO scheduler.TaskSchedulerImpl: Removed TaskSet 58.0, whose tasks have all completed, from pool default
2026-08-09 23:12:25,744 INFO scheduler.DAGScheduler: ResultStage 58 (sortByKey at BinaryClassificationMetrics.scala:189) finished in 0.028 s
2026-08-09 23:12:25,744 INFO scheduler.DAGScheduler: Job 44 is finished. Cancelling potential speculative or zombie tasks for this job
2026-08-09 23:12:25,744 INFO scheduler.TaskSchedulerImpl: Killing all running tasks in stage 58: Stage finished
2026-08-09 23:12:25,744 INFO scheduler.DAGScheduler: Job 44 finished: sortByKey at BinaryClassificationMetrics.scala:189, took 0.320204 s
2026-08-09 23:12:25,746 INFO storage.BlockManager: Found block rdd_65_1 locally
2026-08-09 23:12:25,748 INFO executor.Executor: Finished task 1.0 in stage 59.0 (TID 404). 1904 bytes result sent to driver
2026-08-09 23:12:25,749 INFO scheduler.TaskSetManager: Starting task 0.0 in stage 61.0 (TID 405) (10.0.0.215, executor driver, partition 0, PROCESS_LOCAL, 5018 bytes) taskResourceAssignments Map()
2026-08-09 23:12:25,749 INFO scheduler.TaskSetManager: Finished task 1.0 in stage 59.0 (TID 404) in 6 ms on 10.0.0.215 (executor driver) (2/2)
2026-08-09 23:12:25,749 INFO executor.Executor: Running task 0.0 in stage 61.0 (TID 405)
2026-08-09 23:12:25,749 INFO scheduler.TaskSchedulerImpl: Removed TaskSet 59.0, whose tasks have all completed, from pool default
2026-08-09 23:12:25,749 INFO scheduler.DAGScheduler: ShuffleMapStage 59 (map at BinaryClassificationMetrics.scala:48) finished in 0.314 s
2026-08-09 23:12:25,750 INFO scheduler.DAGScheduler: looking for newly runnable stages
2026-08-09 23:12:25,750 INFO scheduler.DAGScheduler: running: Set(ShuffleMapStage 63, ResultStage 70, ResultStage 67, ResultStage 46, ResultStage 56, ShuffleMapStage 68, ShuffleMapStage 72, ShuffleMapStage 61, ShuffleMapStage 65, ResultStage 44)
2026-08-09 23:12:25,750 INFO scheduler.DAGScheduler: waiting: Set(ResultStage 66, ResultStage 60, ResultStage 64, ResultStage 69, ResultStage 73, ResultStage 62)
2026-08-09 23:12:25,750 INFO scheduler.DAGScheduler: failed: Set()
2026-08-09 23:12:25,750 INFO scheduler.DAGScheduler: Submitting ResultStage 60 (MapPartitionsRDD[105] at sortByKey at BinaryClassificationMetrics.scala:189), which has no missing parents
2026-08-09 23:12:25,751 INFO memory.MemoryStore: Block broadcast_81 stored as values in memory (estimated size 6.7 KiB, free 2.2 GiB)
2026-08-09 23:12:25,752 INFO memory.MemoryStore: Block broadcast_81_piece0 stored as bytes in memory (estimated size 3.4 KiB, free 2.2 GiB)
2026-08-09 23:12:25,752 INFO storage.BlockManagerInfo: Added broadcast_81_piece0 in memory on 10.0.0.215:64244 (size: 3.4 KiB, free: 2.2 GiB)
2026-08-09 23:12:25,752 INFO storage.BlockManager: Found block rdd_69_0 locally
2026-08-09 23:12:25,752 INFO spark.SparkContext: Created broadcast 81 from broadcast at DAGScheduler.scala:1513
2026-08-09 23:12:25,753 INFO scheduler.DAGScheduler: Submitting 2 missing tasks from ResultStage 60 (MapPartitionsRDD[105] at sortByKey at BinaryClassificationMetrics.scala:189) (first 15 tasks are for partitions Vector(0, 1))
2026-08-09 23:12:25,753 INFO scheduler.TaskSchedulerImpl: Adding task set 60.0 with 2 tasks resource profile 0
2026-08-09 23:12:25,753 INFO scheduler.FairSchedulableBuilder: Added task set TaskSet_60.0 tasks to pool default
2026-08-09 23:12:25,753 INFO spark.SparkContext: Starting job: collect at BinaryClassificationMetrics.scala:237
2026-08-09 23:12:25,754 INFO scheduler.DAGScheduler: Registering RDD 98 (combineByKey at BinaryClassificationMetrics.scala:188) as input to shuffle 20
2026-08-09 23:12:25,754 INFO scheduler.DAGScheduler: Got job 53 (collect at BinaryClassificationMetrics.scala:237) with 2 output partitions
2026-08-09 23:12:25,754 INFO scheduler.DAGScheduler: Final stage: ResultStage 76 (collect at BinaryClassificationMetrics.scala:237)
2026-08-09 23:12:25,754 INFO scheduler.DAGScheduler: Parents of final stage: List(ShuffleMapStage 75)
2026-08-09 23:12:25,755 INFO scheduler.DAGScheduler: Missing parents: List(ShuffleMapStage 75)
2026-08-09 23:12:25,756 INFO scheduler.DAGScheduler: Submitting ShuffleMapStage 75 (ShuffledRDD[98] at combineByKey at BinaryClassificationMetrics.scala:188), which has no missing parents
2026-08-09 23:12:25,757 INFO memory.MemoryStore: Block broadcast_82 stored as values in memory (estimated size 5.2 KiB, free 2.2 GiB)
2026-08-09 23:12:25,757 INFO memory.MemoryStore: Block broadcast_82_piece0 stored as bytes in memory (estimated size 2.9 KiB, free 2.2 GiB)
2026-08-09 23:12:25,758 INFO storage.BlockManagerInfo: Added broadcast_82_piece0 in memory on 10.0.0.215:64244 (size: 2.9 KiB, free: 2.2 GiB)
2026-08-09 23:12:25,758 INFO spark.SparkContext: Created broadcast 82 from broadcast at DAGScheduler.scala:1513
2026-08-09 23:12:25,759 INFO scheduler.DAGScheduler: Submitting 2 missing tasks from ShuffleMapStage 75 (ShuffledRDD[98] at combineByKey at BinaryClassificationMetrics.scala:188) (first 15 tasks are for partitions Vector(0, 1))
2026-08-09 23:12:25,759 INFO scheduler.TaskSchedulerImpl: Adding task set 75.0 with 2 tasks resource profile 0
2026-08-09 23:12:25,759 INFO scheduler.FairSchedulableBuilder: Added task set TaskSet_75.0 tasks to pool default
2026-08-09 23:12:25,761 INFO executor.Executor: Finished task 0.0 in stage 61.0 (TID 405). 2033 bytes result sent to driver
2026-08-09 23:12:25,761 INFO scheduler.TaskSetManager: Starting task 0.0 in stage 60.0 (TID 406) (10.0.0.215, executor driver, partition 0, NODE_LOCAL, 4271 bytes) taskResourceAssignments Map()
2026-08-09 23:12:25,761 INFO scheduler.TaskSetManager: Finished task 0.0 in stage 61.0 (TID 405) in 12 ms on 10.0.0.215 (executor driver) (1/2)
2026-08-09 23:12:25,761 INFO executor.Executor: Running task 0.0 in stage 60.0 (TID 406)
2026-08-09 23:12:25,763 INFO storage.ShuffleBlockFetcherIterator: Getting 1 (445.0 B) non-empty blocks including 1 (445.0 B) local and 0 (0.0 B) host-local and 0 (0.0 B) push-merged-local and 0 (0.0 B) remote blocks
2026-08-09 23:12:25,763 INFO storage.ShuffleBlockFetcherIterator: Started 0 remote fetches in 0 ms
2026-08-09 23:12:25,764 INFO executor.Executor: Finished task 0.0 in stage 60.0 (TID 406). 1596 bytes result sent to driver
2026-08-09 23:12:25,765 INFO scheduler.TaskSetManager: Starting task 1.0 in stage 60.0 (TID 407) (10.0.0.215, executor driver, partition 1, NODE_LOCAL, 4271 bytes) taskResourceAssignments Map()
2026-08-09 23:12:25,765 INFO scheduler.TaskSetManager: Finished task 0.0 in stage 60.0 (TID 406) in 4 ms on 10.0.0.215 (executor driver) (1/2)
2026-08-09 23:12:25,765 INFO executor.Executor: Running task 1.0 in stage 60.0 (TID 407)
2026-08-09 23:12:25,767 INFO storage.ShuffleBlockFetcherIterator: Getting 1 (405.0 B) non-empty blocks including 1 (405.0 B) local and 0 (0.0 B) host-local and 0 (0.0 B) push-merged-local and 0 (0.0 B) remote blocks
2026-08-09 23:12:25,767 INFO storage.ShuffleBlockFetcherIterator: Started 0 remote fetches in 0 ms
2026-08-09 23:12:25,768 INFO executor.Executor: Finished task 1.0 in stage 60.0 (TID 407). 1529 bytes result sent to driver
2026-08-09 23:12:25,769 INFO scheduler.TaskSetManager: Starting task 1.0 in stage 61.0 (TID 408) (10.0.0.215, executor driver, partition 1, PROCESS_LOCAL, 5018 bytes) taskResourceAssignments Map()
2026-08-09 23:12:25,769 INFO scheduler.TaskSetManager: Finished task 1.0 in stage 60.0 (TID 407) in 4 ms on 10.0.0.215 (executor driver) (2/2)
2026-08-09 23:12:25,769 INFO executor.Executor: Running task 1.0 in stage 61.0 (TID 408)
2026-08-09 23:12:25,769 INFO scheduler.TaskSchedulerImpl: Removed TaskSet 60.0, whose tasks have all completed, from pool default
2026-08-09 23:12:25,769 INFO scheduler.DAGScheduler: ResultStage 60 (sortByKey at BinaryClassificationMetrics.scala:189) finished in 0.019 s
2026-08-09 23:12:25,769 INFO scheduler.DAGScheduler: Job 45 is finished. Cancelling potential speculative or zombie tasks for this job
2026-08-09 23:12:25,769 INFO scheduler.TaskSchedulerImpl: Killing all running tasks in stage 60: Stage finished
2026-08-09 23:12:25,769 INFO scheduler.DAGScheduler: Job 45 finished: sortByKey at BinaryClassificationMetrics.scala:189, took 0.335983 s
2026-08-09 23:12:25,771 INFO storage.BlockManager: Found block rdd_69_1 locally
2026-08-09 23:12:25,773 INFO executor.Executor: Finished task 1.0 in stage 61.0 (TID 408). 1904 bytes result sent to driver
2026-08-09 23:12:25,774 INFO scheduler.TaskSetManager: Starting task 0.0 in stage 63.0 (TID 409) (10.0.0.215, executor driver, partition 0, PROCESS_LOCAL, 5018 bytes) taskResourceAssignments Map()
2026-08-09 23:12:25,774 INFO scheduler.TaskSetManager: Finished task 1.0 in stage 61.0 (TID 408) in 6 ms on 10.0.0.215 (executor driver) (2/2)
2026-08-09 23:12:25,774 INFO executor.Executor: Running task 0.0 in stage 63.0 (TID 409)
2026-08-09 23:12:25,774 INFO scheduler.TaskSchedulerImpl: Removed TaskSet 61.0, whose tasks have all completed, from pool default
2026-08-09 23:12:25,774 INFO scheduler.DAGScheduler: ShuffleMapStage 61 (map at BinaryClassificationMetrics.scala:48) finished in 0.318 s
2026-08-09 23:12:25,774 INFO scheduler.DAGScheduler: looking for newly runnable stages
2026-08-09 23:12:25,775 INFO scheduler.DAGScheduler: running: Set(ShuffleMapStage 63, ResultStage 70, ResultStage 67, ResultStage 46, ResultStage 56, ShuffleMapStage 68, ShuffleMapStage 75, ShuffleMapStage 72, ShuffleMapStage 65, ResultStage 44)
2026-08-09 23:12:25,775 INFO scheduler.DAGScheduler: waiting: Set(ResultStage 66, ResultStage 64, ResultStage 69, ResultStage 76, ResultStage 73, ResultStage 62)
2026-08-09 23:12:25,775 INFO scheduler.DAGScheduler: failed: Set()
2026-08-09 23:12:25,775 INFO scheduler.DAGScheduler: Submitting ResultStage 62 (MapPartitionsRDD[115] at sortByKey at BinaryClassificationMetrics.scala:189), which has no missing parents
2026-08-09 23:12:25,776 INFO memory.MemoryStore: Block broadcast_83 stored as values in memory (estimated size 6.7 KiB, free 2.2 GiB)
2026-08-09 23:12:25,777 INFO storage.BlockManager: Found block rdd_71_0 locally
2026-08-09 23:12:25,777 INFO memory.MemoryStore: Block broadcast_83_piece0 stored as bytes in memory (estimated size 3.4 KiB, free 2.2 GiB)
2026-08-09 23:12:25,777 INFO storage.BlockManagerInfo: Added broadcast_83_piece0 in memory on 10.0.0.215:64244 (size: 3.4 KiB, free: 2.2 GiB)
2026-08-09 23:12:25,777 INFO spark.SparkContext: Created broadcast 83 from broadcast at DAGScheduler.scala:1513
2026-08-09 23:12:25,778 INFO scheduler.DAGScheduler: Submitting 2 missing tasks from ResultStage 62 (MapPartitionsRDD[115] at sortByKey at BinaryClassificationMetrics.scala:189) (first 15 tasks are for partitions Vector(0, 1))
2026-08-09 23:12:25,778 INFO scheduler.TaskSchedulerImpl: Adding task set 62.0 with 2 tasks resource profile 0
2026-08-09 23:12:25,778 INFO spark.SparkContext: Starting job: collect at BinaryClassificationMetrics.scala:237
2026-08-09 23:12:25,778 INFO scheduler.FairSchedulableBuilder: Added task set TaskSet_62.0 tasks to pool default
2026-08-09 23:12:25,778 INFO scheduler.DAGScheduler: Registering RDD 103 (combineByKey at BinaryClassificationMetrics.scala:188) as input to shuffle 21
2026-08-09 23:12:25,779 INFO scheduler.DAGScheduler: Got job 54 (collect at BinaryClassificationMetrics.scala:237) with 2 output partitions
2026-08-09 23:12:25,779 INFO scheduler.DAGScheduler: Final stage: ResultStage 79 (collect at BinaryClassificationMetrics.scala:237)
2026-08-09 23:12:25,779 INFO scheduler.DAGScheduler: Parents of final stage: List(ShuffleMapStage 78)
2026-08-09 23:12:25,779 INFO scheduler.DAGScheduler: Missing parents: List(ShuffleMapStage 78)
2026-08-09 23:12:25,779 INFO scheduler.DAGScheduler: Submitting ShuffleMapStage 78 (ShuffledRDD[103] at combineByKey at BinaryClassificationMetrics.scala:188), which has no missing parents
2026-08-09 23:12:25,781 INFO memory.MemoryStore: Block broadcast_84 stored as values in memory (estimated size 5.2 KiB, free 2.2 GiB)
2026-08-09 23:12:25,781 INFO memory.MemoryStore: Block broadcast_84_piece0 stored as bytes in memory (estimated size 2.9 KiB, free 2.2 GiB)
2026-08-09 23:12:25,781 INFO storage.BlockManagerInfo: Added broadcast_84_piece0 in memory on 10.0.0.215:64244 (size: 2.9 KiB, free: 2.2 GiB)
2026-08-09 23:12:25,781 INFO spark.SparkContext: Created broadcast 84 from broadcast at DAGScheduler.scala:1513
2026-08-09 23:12:25,782 INFO scheduler.DAGScheduler: Submitting 2 missing tasks from ShuffleMapStage 78 (ShuffledRDD[103] at combineByKey at BinaryClassificationMetrics.scala:188) (first 15 tasks are for partitions Vector(0, 1))
2026-08-09 23:12:25,782 INFO scheduler.TaskSchedulerImpl: Adding task set 78.0 with 2 tasks resource profile 0
2026-08-09 23:12:25,782 INFO scheduler.FairSchedulableBuilder: Added task set TaskSet_78.0 tasks to pool default
2026-08-09 23:12:25,788 INFO executor.Executor: Finished task 0.0 in stage 63.0 (TID 409). 2033 bytes result sent to driver
2026-08-09 23:12:25,788 INFO scheduler.TaskSetManager: Starting task 0.0 in stage 62.0 (TID 410) (10.0.0.215, executor driver, partition 0, NODE_LOCAL, 4271 bytes) taskResourceAssignments Map()
2026-08-09 23:12:25,788 INFO scheduler.TaskSetManager: Finished task 0.0 in stage 63.0 (TID 409) in 14 ms on 10.0.0.215 (executor driver) (1/2)
2026-08-09 23:12:25,788 INFO executor.Executor: Running task 0.0 in stage 62.0 (TID 410)
2026-08-09 23:12:25,790 INFO storage.ShuffleBlockFetcherIterator: Getting 1 (368.0 B) non-empty blocks including 1 (368.0 B) local and 0 (0.0 B) host-local and 0 (0.0 B) push-merged-local and 0 (0.0 B) remote blocks
2026-08-09 23:12:25,790 INFO storage.ShuffleBlockFetcherIterator: Started 0 remote fetches in 0 ms
2026-08-09 23:12:25,791 INFO executor.Executor: Finished task 0.0 in stage 62.0 (TID 410). 1505 bytes result sent to driver
2026-08-09 23:12:25,791 INFO scheduler.TaskSetManager: Starting task 1.0 in stage 62.0 (TID 411) (10.0.0.215, executor driver, partition 1, NODE_LOCAL, 4271 bytes) taskResourceAssignments Map()
2026-08-09 23:12:25,791 INFO executor.Executor: Running task 1.0 in stage 62.0 (TID 411)
2026-08-09 23:12:25,791 INFO scheduler.TaskSetManager: Finished task 0.0 in stage 62.0 (TID 410) in 3 ms on 10.0.0.215 (executor driver) (1/2)
2026-08-09 23:12:25,792 INFO storage.ShuffleBlockFetcherIterator: Getting 1 (334.0 B) non-empty blocks including 1 (334.0 B) local and 0 (0.0 B) host-local and 0 (0.0 B) push-merged-local and 0 (0.0 B) remote blocks
2026-08-09 23:12:25,792 INFO storage.ShuffleBlockFetcherIterator: Started 0 remote fetches in 0 ms
2026-08-09 23:12:25,794 INFO executor.Executor: Finished task 1.0 in stage 62.0 (TID 411). 1497 bytes result sent to driver
2026-08-09 23:12:25,794 INFO scheduler.TaskSetManager: Starting task 1.0 in stage 63.0 (TID 412) (10.0.0.215, executor driver, partition 1, PROCESS_LOCAL, 5018 bytes) taskResourceAssignments Map()
2026-08-09 23:12:25,794 INFO scheduler.TaskSetManager: Finished task 1.0 in stage 62.0 (TID 411) in 3 ms on 10.0.0.215 (executor driver) (2/2)
2026-08-09 23:12:25,794 INFO executor.Executor: Running task 1.0 in stage 63.0 (TID 412)
2026-08-09 23:12:25,794 INFO scheduler.TaskSchedulerImpl: Removed TaskSet 62.0, whose tasks have all completed, from pool default
2026-08-09 23:12:25,795 INFO scheduler.DAGScheduler: ResultStage 62 (sortByKey at BinaryClassificationMetrics.scala:189) finished in 0.020 s
2026-08-09 23:12:25,795 INFO scheduler.DAGScheduler: Job 46 is finished. Cancelling potential speculative or zombie tasks for this job
2026-08-09 23:12:25,795 INFO scheduler.TaskSchedulerImpl: Killing all running tasks in stage 62: Stage finished
2026-08-09 23:12:25,795 INFO scheduler.DAGScheduler: Job 46 finished: sortByKey at BinaryClassificationMetrics.scala:189, took 0.341061 s
2026-08-09 23:12:25,797 INFO storage.BlockManager: Found block rdd_71_1 locally
2026-08-09 23:12:25,800 INFO executor.Executor: Finished task 1.0 in stage 63.0 (TID 412). 1904 bytes result sent to driver
2026-08-09 23:12:25,801 INFO scheduler.TaskSetManager: Starting task 0.0 in stage 65.0 (TID 413) (10.0.0.215, executor driver, partition 0, PROCESS_LOCAL, 5018 bytes) taskResourceAssignments Map()
2026-08-09 23:12:25,801 INFO spark.SparkContext: Starting job: collect at BinaryClassificationMetrics.scala:237
2026-08-09 23:12:25,801 INFO scheduler.TaskSetManager: Finished task 1.0 in stage 63.0 (TID 412) in 7 ms on 10.0.0.215 (executor driver) (2/2)
2026-08-09 23:12:25,801 INFO executor.Executor: Running task 0.0 in stage 65.0 (TID 413)
2026-08-09 23:12:25,801 INFO scheduler.TaskSchedulerImpl: Removed TaskSet 63.0, whose tasks have all completed, from pool default
2026-08-09 23:12:25,801 INFO scheduler.DAGScheduler: ShuffleMapStage 63 (map at BinaryClassificationMetrics.scala:48) finished in 0.342 s
2026-08-09 23:12:25,801 INFO scheduler.DAGScheduler: looking for newly runnable stages
2026-08-09 23:12:25,801 INFO scheduler.DAGScheduler: running: Set(ShuffleMapStage 78, ResultStage 70, ResultStage 67, ResultStage 46, ResultStage 56, ShuffleMapStage 68, ShuffleMapStage 75, ShuffleMapStage 72, ShuffleMapStage 65, ResultStage 44)
2026-08-09 23:12:25,801 INFO scheduler.DAGScheduler: waiting: Set(ResultStage 66, ResultStage 64, ResultStage 69, ResultStage 79, ResultStage 76, ResultStage 73)
2026-08-09 23:12:25,801 INFO scheduler.DAGScheduler: failed: Set()
2026-08-09 23:12:25,802 INFO scheduler.DAGScheduler: Submitting ResultStage 64 (MapPartitionsRDD[120] at sortByKey at BinaryClassificationMetrics.scala:189), which has no missing parents
2026-08-09 23:12:25,802 INFO memory.MemoryStore: Block broadcast_85 stored as values in memory (estimated size 6.7 KiB, free 2.2 GiB)
2026-08-09 23:12:25,802 INFO memory.MemoryStore: Block broadcast_85_piece0 stored as bytes in memory (estimated size 3.4 KiB, free 2.2 GiB)
2026-08-09 23:12:25,802 INFO storage.BlockManager: Found block rdd_67_0 locally
2026-08-09 23:12:25,803 INFO storage.BlockManagerInfo: Added broadcast_85_piece0 in memory on 10.0.0.215:64244 (size: 3.4 KiB, free: 2.2 GiB)
2026-08-09 23:12:25,803 INFO spark.SparkContext: Created broadcast 85 from broadcast at DAGScheduler.scala:1513
2026-08-09 23:12:25,803 INFO scheduler.DAGScheduler: Submitting 2 missing tasks from ResultStage 64 (MapPartitionsRDD[120] at sortByKey at BinaryClassificationMetrics.scala:189) (first 15 tasks are for partitions Vector(0, 1))
2026-08-09 23:12:25,803 INFO scheduler.TaskSchedulerImpl: Adding task set 64.0 with 2 tasks resource profile 0
2026-08-09 23:12:25,803 INFO scheduler.FairSchedulableBuilder: Added task set TaskSet_64.0 tasks to pool default
2026-08-09 23:12:25,803 INFO scheduler.DAGScheduler: Registering RDD 111 (combineByKey at BinaryClassificationMetrics.scala:188) as input to shuffle 22
2026-08-09 23:12:25,804 INFO scheduler.DAGScheduler: Got job 55 (collect at BinaryClassificationMetrics.scala:237) with 2 output partitions
2026-08-09 23:12:25,804 INFO scheduler.DAGScheduler: Final stage: ResultStage 82 (collect at BinaryClassificationMetrics.scala:237)
2026-08-09 23:12:25,804 INFO scheduler.DAGScheduler: Parents of final stage: List(ShuffleMapStage 81)
2026-08-09 23:12:25,804 INFO scheduler.DAGScheduler: Missing parents: List(ShuffleMapStage 81)
2026-08-09 23:12:25,804 INFO scheduler.DAGScheduler: Submitting ShuffleMapStage 81 (ShuffledRDD[111] at combineByKey at BinaryClassificationMetrics.scala:188), which has no missing parents
2026-08-09 23:12:25,804 INFO memory.MemoryStore: Block broadcast_86 stored as values in memory (estimated size 5.2 KiB, free 2.2 GiB)
2026-08-09 23:12:25,805 INFO memory.MemoryStore: Block broadcast_86_piece0 stored as bytes in memory (estimated size 2.9 KiB, free 2.2 GiB)
2026-08-09 23:12:25,805 INFO storage.BlockManagerInfo: Added broadcast_86_piece0 in memory on 10.0.0.215:64244 (size: 2.9 KiB, free: 2.2 GiB)
2026-08-09 23:12:25,805 INFO spark.SparkContext: Created broadcast 86 from broadcast at DAGScheduler.scala:1513
2026-08-09 23:12:25,805 INFO scheduler.DAGScheduler: Submitting 2 missing tasks from ShuffleMapStage 81 (ShuffledRDD[111] at combineByKey at BinaryClassificationMetrics.scala:188) (first 15 tasks are for partitions Vector(0, 1))
2026-08-09 23:12:25,805 INFO scheduler.TaskSchedulerImpl: Adding task set 81.0 with 2 tasks resource profile 0
2026-08-09 23:12:25,806 INFO scheduler.FairSchedulableBuilder: Added task set TaskSet_81.0 tasks to pool default
2026-08-09 23:12:25,813 INFO executor.Executor: Finished task 0.0 in stage 65.0 (TID 413). 2033 bytes result sent to driver
2026-08-09 23:12:25,814 INFO scheduler.TaskSetManager: Starting task 0.0 in stage 64.0 (TID 414) (10.0.0.215, executor driver, partition 0, NODE_LOCAL, 4271 bytes) taskResourceAssignments Map()
2026-08-09 23:12:25,814 INFO executor.Executor: Running task 0.0 in stage 64.0 (TID 414)
2026-08-09 23:12:25,814 INFO scheduler.TaskSetManager: Finished task 0.0 in stage 65.0 (TID 413) in 13 ms on 10.0.0.215 (executor driver) (1/2)
2026-08-09 23:12:25,816 INFO storage.ShuffleBlockFetcherIterator: Getting 1 (368.0 B) non-empty blocks including 1 (368.0 B) local and 0 (0.0 B) host-local and 0 (0.0 B) push-merged-local and 0 (0.0 B) remote blocks
2026-08-09 23:12:25,816 INFO storage.ShuffleBlockFetcherIterator: Started 0 remote fetches in 0 ms
2026-08-09 23:12:25,817 INFO executor.Executor: Finished task 0.0 in stage 64.0 (TID 414). 1505 bytes result sent to driver
2026-08-09 23:12:25,817 INFO scheduler.TaskSetManager: Starting task 1.0 in stage 64.0 (TID 415) (10.0.0.215, executor driver, partition 1, NODE_LOCAL, 4271 bytes) taskResourceAssignments Map()
2026-08-09 23:12:25,818 INFO scheduler.TaskSetManager: Finished task 0.0 in stage 64.0 (TID 414) in 4 ms on 10.0.0.215 (executor driver) (1/2)
2026-08-09 23:12:25,818 INFO executor.Executor: Running task 1.0 in stage 64.0 (TID 415)
2026-08-09 23:12:25,820 INFO storage.ShuffleBlockFetcherIterator: Getting 1 (334.0 B) non-empty blocks including 1 (334.0 B) local and 0 (0.0 B) host-local and 0 (0.0 B) push-merged-local and 0 (0.0 B) remote blocks
2026-08-09 23:12:25,820 INFO storage.ShuffleBlockFetcherIterator: Started 0 remote fetches in 0 ms
2026-08-09 23:12:25,822 INFO executor.Executor: Finished task 1.0 in stage 64.0 (TID 415). 1540 bytes result sent to driver
2026-08-09 23:12:25,822 INFO scheduler.TaskSetManager: Starting task 1.0 in stage 65.0 (TID 416) (10.0.0.215, executor driver, partition 1, PROCESS_LOCAL, 5018 bytes) taskResourceAssignments Map()
2026-08-09 23:12:25,822 INFO scheduler.TaskSetManager: Finished task 1.0 in stage 64.0 (TID 415) in 5 ms on 10.0.0.215 (executor driver) (2/2)
2026-08-09 23:12:25,822 INFO executor.Executor: Running task 1.0 in stage 65.0 (TID 416)
2026-08-09 23:12:25,822 INFO scheduler.TaskSchedulerImpl: Removed TaskSet 64.0, whose tasks have all completed, from pool default
2026-08-09 23:12:25,822 INFO scheduler.DAGScheduler: ResultStage 64 (sortByKey at BinaryClassificationMetrics.scala:189) finished in 0.020 s
2026-08-09 23:12:25,823 INFO scheduler.DAGScheduler: Job 47 is finished. Cancelling potential speculative or zombie tasks for this job
2026-08-09 23:12:25,823 INFO scheduler.TaskSchedulerImpl: Killing all running tasks in stage 64: Stage finished
2026-08-09 23:12:25,823 INFO scheduler.DAGScheduler: Job 47 finished: sortByKey at BinaryClassificationMetrics.scala:189, took 0.366908 s
2026-08-09 23:12:25,826 INFO storage.BlockManager: Found block rdd_67_1 locally
2026-08-09 23:12:25,830 INFO executor.Executor: Finished task 1.0 in stage 65.0 (TID 416). 1904 bytes result sent to driver
2026-08-09 23:12:25,831 INFO scheduler.TaskSetManager: Starting task 0.0 in stage 67.0 (TID 417) (10.0.0.215, executor driver, partition 0, PROCESS_LOCAL, 5029 bytes) taskResourceAssignments Map()
2026-08-09 23:12:25,836 INFO memory.MemoryStore: Block rdd_77_0 stored as values in memory (estimated size 351.6 KiB, free 2.2 GiB)
2026-08-09 23:12:25,837 INFO scheduler.TaskSetManager: Finished task 1.0 in stage 65.0 (TID 416) in 15 ms on 10.0.0.215 (executor driver) (2/2)
2026-08-09 23:12:25,837 INFO scheduler.TaskSchedulerImpl: Removed TaskSet 65.0, whose tasks have all completed, from pool default
2026-08-09 23:12:25,837 INFO scheduler.DAGScheduler: ShuffleMapStage 65 (map at BinaryClassificationMetrics.scala:48) finished in 0.372 s
2026-08-09 23:12:25,838 INFO scheduler.DAGScheduler: looking for newly runnable stages
2026-08-09 23:12:25,838 INFO scheduler.DAGScheduler: running: Set(ShuffleMapStage 81, ShuffleMapStage 78, ResultStage 70, ResultStage 67, ResultStage 46, ResultStage 56, ShuffleMapStage 68, ShuffleMapStage 75, ShuffleMapStage 72, ResultStage 44)
2026-08-09 23:12:25,838 INFO scheduler.DAGScheduler: waiting: Set(ResultStage 66, ResultStage 82, ResultStage 69, ResultStage 79, ResultStage 76, ResultStage 73)
2026-08-09 23:12:25,838 INFO scheduler.DAGScheduler: failed: Set()
2026-08-09 23:12:25,838 INFO scheduler.DAGScheduler: Submitting ResultStage 66 (MapPartitionsRDD[116] at sortByKey at BinaryClassificationMetrics.scala:189), which has no missing parents
2026-08-09 23:12:25,838 INFO memory.MemoryStore: Block broadcast_87 stored as values in memory (estimated size 6.7 KiB, free 2.2 GiB)
2026-08-09 23:12:25,839 INFO memory.MemoryStore: Block broadcast_87_piece0 stored as bytes in memory (estimated size 3.4 KiB, free 2.2 GiB)
2026-08-09 23:12:25,839 INFO executor.Executor: Running task 0.0 in stage 67.0 (TID 417)
2026-08-09 23:12:25,839 INFO storage.BlockManagerInfo: Added rdd_77_0 in memory on 10.0.0.215:64244 (size: 351.6 KiB, free: 2.2 GiB)
2026-08-09 23:12:25,840 INFO storage.BlockManagerInfo: Added broadcast_87_piece0 in memory on 10.0.0.215:64244 (size: 3.4 KiB, free: 2.2 GiB)
2026-08-09 23:12:25,841 INFO spark.SparkContext: Starting job: collect at BinaryClassificationMetrics.scala:237
2026-08-09 23:12:25,841 INFO spark.SparkContext: Created broadcast 87 from broadcast at DAGScheduler.scala:1513
2026-08-09 23:12:25,841 INFO scheduler.DAGScheduler: Submitting 2 missing tasks from ResultStage 66 (MapPartitionsRDD[116] at sortByKey at BinaryClassificationMetrics.scala:189) (first 15 tasks are for partitions Vector(0, 1))
2026-08-09 23:12:25,841 INFO scheduler.TaskSchedulerImpl: Adding task set 66.0 with 2 tasks resource profile 0
2026-08-09 23:12:25,841 INFO storage.BlockManager: Found block rdd_75_0 locally
2026-08-09 23:12:25,841 INFO scheduler.FairSchedulableBuilder: Added task set TaskSet_66.0 tasks to pool default
2026-08-09 23:12:25,842 INFO executor.Executor: Finished task 0.0 in stage 44.0 (TID 367). 1748 bytes result sent to driver
2026-08-09 23:12:25,842 INFO scheduler.DAGScheduler: Registering RDD 118 (combineByKey at BinaryClassificationMetrics.scala:188) as input to shuffle 23
2026-08-09 23:12:25,842 INFO scheduler.DAGScheduler: Got job 56 (collect at BinaryClassificationMetrics.scala:237) with 2 output partitions
2026-08-09 23:12:25,842 INFO scheduler.DAGScheduler: Final stage: ResultStage 85 (collect at BinaryClassificationMetrics.scala:237)
2026-08-09 23:12:25,842 INFO scheduler.DAGScheduler: Parents of final stage: List(ShuffleMapStage 84)
2026-08-09 23:12:25,842 INFO scheduler.DAGScheduler: Missing parents: List(ShuffleMapStage 84)
2026-08-09 23:12:25,843 INFO scheduler.TaskSetManager: Starting task 1.0 in stage 44.0 (TID 418) (10.0.0.215, executor driver, partition 1, PROCESS_LOCAL, 5029 bytes) taskResourceAssignments Map()
2026-08-09 23:12:25,844 INFO scheduler.DAGScheduler: Submitting ShuffleMapStage 84 (ShuffledRDD[118] at combineByKey at BinaryClassificationMetrics.scala:188), which has no missing parents
2026-08-09 23:12:25,844 INFO scheduler.TaskSetManager: Finished task 0.0 in stage 44.0 (TID 367) in 855 ms on 10.0.0.215 (executor driver) (1/2)
2026-08-09 23:12:25,844 INFO executor.Executor: Running task 1.0 in stage 44.0 (TID 418)
2026-08-09 23:12:25,845 INFO memory.MemoryStore: Block broadcast_88 stored as values in memory (estimated size 5.2 KiB, free 2.2 GiB)
2026-08-09 23:12:25,845 INFO executor.Executor: Finished task 0.0 in stage 67.0 (TID 417). 1748 bytes result sent to driver
2026-08-09 23:12:25,845 INFO scheduler.TaskSetManager: Starting task 0.0 in stage 66.0 (TID 419) (10.0.0.215, executor driver, partition 0, NODE_LOCAL, 4271 bytes) taskResourceAssignments Map()
2026-08-09 23:12:25,845 INFO scheduler.TaskSetManager: Finished task 0.0 in stage 67.0 (TID 417) in 14 ms on 10.0.0.215 (executor driver) (1/2)
2026-08-09 23:12:25,845 INFO executor.Executor: Running task 0.0 in stage 66.0 (TID 419)
2026-08-09 23:12:25,846 INFO storage.BlockManager: Found block rdd_17_1 locally
2026-08-09 23:12:25,848 INFO storage.ShuffleBlockFetcherIterator: Getting 1 (652.0 B) non-empty blocks including 1 (652.0 B) local and 0 (0.0 B) host-local and 0 (0.0 B) push-merged-local and 0 (0.0 B) remote blocks
2026-08-09 23:12:25,848 INFO storage.ShuffleBlockFetcherIterator: Started 0 remote fetches in 0 ms
2026-08-09 23:12:25,848 INFO memory.MemoryStore: Block broadcast_88_piece0 stored as bytes in memory (estimated size 2.9 KiB, free 2.2 GiB)
2026-08-09 23:12:25,848 INFO memory.MemoryStore: Block rdd_77_1 stored as values in memory (estimated size 16.0 B, free 2.2 GiB)
2026-08-09 23:12:25,848 INFO storage.BlockManagerInfo: Added rdd_77_1 in memory on 10.0.0.215:64244 (size: 16.0 B, free: 2.2 GiB)
2026-08-09 23:12:25,848 INFO storage.BlockManagerInfo: Added broadcast_88_piece0 in memory on 10.0.0.215:64244 (size: 2.9 KiB, free: 2.2 GiB)
2026-08-09 23:12:25,848 INFO spark.SparkContext: Created broadcast 88 from broadcast at DAGScheduler.scala:1513
2026-08-09 23:12:25,849 INFO scheduler.DAGScheduler: Submitting 2 missing tasks from ShuffleMapStage 84 (ShuffledRDD[118] at combineByKey at BinaryClassificationMetrics.scala:188) (first 15 tasks are for partitions Vector(0, 1))
2026-08-09 23:12:25,849 INFO scheduler.TaskSchedulerImpl: Adding task set 84.0 with 2 tasks resource profile 0
2026-08-09 23:12:25,849 INFO executor.Executor: Finished task 0.0 in stage 66.0 (TID 419). 1692 bytes result sent to driver
2026-08-09 23:12:25,849 INFO scheduler.FairSchedulableBuilder: Added task set TaskSet_84.0 tasks to pool default
2026-08-09 23:12:25,850 INFO executor.Executor: Finished task 1.0 in stage 44.0 (TID 418). 1705 bytes result sent to driver
2026-08-09 23:12:25,850 INFO scheduler.TaskSetManager: Starting task 1.0 in stage 66.0 (TID 420) (10.0.0.215, executor driver, partition 1, NODE_LOCAL, 4271 bytes) taskResourceAssignments Map()
2026-08-09 23:12:25,850 INFO executor.Executor: Running task 1.0 in stage 66.0 (TID 420)
2026-08-09 23:12:25,851 INFO scheduler.TaskSetManager: Starting task 1.0 in stage 67.0 (TID 421) (10.0.0.215, executor driver, partition 1, PROCESS_LOCAL, 5029 bytes) taskResourceAssignments Map()
2026-08-09 23:12:25,851 INFO scheduler.TaskSetManager: Finished task 0.0 in stage 66.0 (TID 419) in 6 ms on 10.0.0.215 (executor driver) (1/2)
2026-08-09 23:12:25,851 INFO executor.Executor: Running task 1.0 in stage 67.0 (TID 421)
2026-08-09 23:12:25,851 INFO scheduler.TaskSetManager: Finished task 1.0 in stage 44.0 (TID 418) in 8 ms on 10.0.0.215 (executor driver) (2/2)
2026-08-09 23:12:25,851 INFO scheduler.TaskSchedulerImpl: Removed TaskSet 44.0, whose tasks have all completed, from pool default
2026-08-09 23:12:25,852 INFO scheduler.DAGScheduler: ResultStage 44 (count at Metrics.scala:12) finished in 1.530 s
2026-08-09 23:12:25,852 INFO scheduler.DAGScheduler: Job 32 is finished. Cancelling potential speculative or zombie tasks for this job
2026-08-09 23:12:25,852 INFO scheduler.TaskSchedulerImpl: Killing all running tasks in stage 44: Stage finished
2026-08-09 23:12:25,852 INFO scheduler.DAGScheduler: Job 32 finished: count at Metrics.scala:12, took 1.532627 s
2026-08-09 23:12:25,853 INFO storage.BlockManager: Found block rdd_75_1 locally
2026-08-09 23:12:25,853 INFO executor.Executor: Finished task 1.0 in stage 67.0 (TID 421). 1662 bytes result sent to driver
2026-08-09 23:12:25,854 INFO scheduler.TaskSetManager: Starting task 0.0 in stage 68.0 (TID 422) (10.0.0.215, executor driver, partition 0, PROCESS_LOCAL, 5018 bytes) taskResourceAssignments Map()
2026-08-09 23:12:25,854 INFO scheduler.TaskSetManager: Finished task 1.0 in stage 67.0 (TID 421) in 3 ms on 10.0.0.215 (executor driver) (2/2)
2026-08-09 23:12:25,854 INFO scheduler.TaskSchedulerImpl: Removed TaskSet 67.0, whose tasks have all completed, from pool default
2026-08-09 23:12:25,854 INFO executor.Executor: Running task 0.0 in stage 68.0 (TID 422)
2026-08-09 23:12:25,854 INFO scheduler.DAGScheduler: ResultStage 67 (count at Metrics.scala:14) finished in 0.309 s
2026-08-09 23:12:25,855 INFO scheduler.DAGScheduler: Job 49 is finished. Cancelling potential speculative or zombie tasks for this job
2026-08-09 23:12:25,855 INFO scheduler.TaskSchedulerImpl: Killing all running tasks in stage 67: Stage finished
2026-08-09 23:12:25,855 INFO scheduler.DAGScheduler: Job 49 finished: count at Metrics.scala:14, took 0.331493 s
2026-08-09 23:12:25,862 INFO storage.ShuffleBlockFetcherIterator: Getting 1 (490.0 B) non-empty blocks including 1 (490.0 B) local and 0 (0.0 B) host-local and 0 (0.0 B) push-merged-local and 0 (0.0 B) remote blocks
2026-08-09 23:12:25,862 INFO storage.ShuffleBlockFetcherIterator: Started 0 remote fetches in 0 ms
2026-08-09 23:12:25,862 INFO storage.BlockManager: Found block rdd_73_0 locally
2026-08-09 23:12:25,863 INFO storage.BlockManagerInfo: Removed broadcast_74_piece0 on 10.0.0.215:64244 in memory (size: 12.7 KiB, free: 2.2 GiB)
2026-08-09 23:12:25,864 INFO executor.Executor: Finished task 1.0 in stage 66.0 (TID 420). 1679 bytes result sent to driver
2026-08-09 23:12:25,865 INFO scheduler.TaskSetManager: Starting task 0.0 in stage 70.0 (TID 423) (10.0.0.215, executor driver, partition 0, PROCESS_LOCAL, 5029 bytes) taskResourceAssignments Map()
2026-08-09 23:12:25,865 INFO storage.BlockManagerInfo: Removed broadcast_54_piece0 on 10.0.0.215:64244 in memory (size: 12.0 KiB, free: 2.2 GiB)
2026-08-09 23:12:25,865 INFO scheduler.TaskSetManager: Finished task 1.0 in stage 66.0 (TID 420) in 15 ms on 10.0.0.215 (executor driver) (2/2)
2026-08-09 23:12:25,865 INFO scheduler.TaskSchedulerImpl: Removed TaskSet 66.0, whose tasks have all completed, from pool default
2026-08-09 23:12:25,866 INFO scheduler.DAGScheduler: ResultStage 66 (sortByKey at BinaryClassificationMetrics.scala:189) finished in 0.027 s
2026-08-09 23:12:25,866 INFO scheduler.DAGScheduler: Job 48 is finished. Cancelling potential speculative or zombie tasks for this job
2026-08-09 23:12:25,866 INFO scheduler.TaskSchedulerImpl: Killing all running tasks in stage 66: Stage finished
2026-08-09 23:12:25,866 INFO scheduler.DAGScheduler: Job 48 finished: sortByKey at BinaryClassificationMetrics.scala:189, took 0.409804 s
2026-08-09 23:12:25,867 INFO spark.SparkContext: Starting job: count at Metrics.scala:14
2026-08-09 23:12:25,868 INFO storage.BlockManagerInfo: Removed broadcast_75_piece0 on 10.0.0.215:64244 in memory (size: 12.1 KiB, free: 2.2 GiB)
2026-08-09 23:12:25,868 INFO scheduler.DAGScheduler: Got job 57 (count at Metrics.scala:14) with 2 output partitions
2026-08-09 23:12:25,869 INFO scheduler.DAGScheduler: Final stage: ResultStage 86 (count at Metrics.scala:14)
2026-08-09 23:12:25,869 INFO scheduler.DAGScheduler: Parents of final stage: List()
2026-08-09 23:12:25,869 INFO scheduler.DAGScheduler: Missing parents: List()
2026-08-09 23:12:25,869 INFO scheduler.DAGScheduler: Submitting ResultStage 86 (MapPartitionsRDD[143] at filter at Metrics.scala:14), which has no missing parents
2026-08-09 23:12:25,870 INFO memory.MemoryStore: Block broadcast_89 stored as values in memory (estimated size 38.5 KiB, free 2.2 GiB)
2026-08-09 23:12:25,871 INFO storage.BlockManagerInfo: Removed broadcast_79_piece0 on 10.0.0.215:64244 in memory (size: 3.4 KiB, free: 2.2 GiB)
2026-08-09 23:12:25,871 INFO executor.Executor: Running task 0.0 in stage 70.0 (TID 423)
2026-08-09 23:12:25,873 INFO storage.BlockManagerInfo: Removed broadcast_71_piece0 on 10.0.0.215:64244 in memory (size: 12.7 KiB, free: 2.2 GiB)
2026-08-09 23:12:25,873 INFO memory.MemoryStore: Block broadcast_89_piece0 stored as bytes in memory (estimated size 12.1 KiB, free 2.2 GiB)
2026-08-09 23:12:25,874 INFO storage.BlockManagerInfo: Added broadcast_89_piece0 in memory on 10.0.0.215:64244 (size: 12.1 KiB, free: 2.2 GiB)
2026-08-09 23:12:25,874 INFO spark.SparkContext: Created broadcast 89 from broadcast at DAGScheduler.scala:1513
2026-08-09 23:12:25,874 INFO scheduler.DAGScheduler: Submitting 2 missing tasks from ResultStage 86 (MapPartitionsRDD[143] at filter at Metrics.scala:14) (first 15 tasks are for partitions Vector(0, 1))
2026-08-09 23:12:25,874 INFO scheduler.TaskSchedulerImpl: Adding task set 86.0 with 2 tasks resource profile 0
2026-08-09 23:12:25,875 INFO scheduler.FairSchedulableBuilder: Added task set TaskSet_86.0 tasks to pool default
2026-08-09 23:12:25,878 INFO storage.BlockManagerInfo: Removed broadcast_81_piece0 on 10.0.0.215:64244 in memory (size: 3.4 KiB, free: 2.2 GiB)
2026-08-09 23:12:25,881 INFO storage.BlockManagerInfo: Removed broadcast_83_piece0 on 10.0.0.215:64244 in memory (size: 3.4 KiB, free: 2.2 GiB)
2026-08-09 23:12:25,882 INFO spark.SparkContext: Starting job: collect at BinaryClassificationMetrics.scala:237
2026-08-09 23:12:25,883 INFO storage.BlockManagerInfo: Removed broadcast_73_piece0 on 10.0.0.215:64244 in memory (size: 12.7 KiB, free: 2.2 GiB)
2026-08-09 23:12:25,883 INFO scheduler.DAGScheduler: Registering RDD 110 (combineByKey at BinaryClassificationMetrics.scala:188) as input to shuffle 24
2026-08-09 23:12:25,883 INFO scheduler.DAGScheduler: Got job 58 (collect at BinaryClassificationMetrics.scala:237) with 2 output partitions
2026-08-09 23:12:25,883 INFO scheduler.DAGScheduler: Final stage: ResultStage 89 (collect at BinaryClassificationMetrics.scala:237)
2026-08-09 23:12:25,883 INFO scheduler.DAGScheduler: Parents of final stage: List(ShuffleMapStage 88)
2026-08-09 23:12:25,883 INFO scheduler.DAGScheduler: Missing parents: List(ShuffleMapStage 88)
2026-08-09 23:12:25,883 INFO spark.SparkContext: Starting job: sortByKey at BinaryClassificationMetrics.scala:189
2026-08-09 23:12:25,884 INFO scheduler.DAGScheduler: Submitting ShuffleMapStage 88 (ShuffledRDD[110] at combineByKey at BinaryClassificationMetrics.scala:188), which has no missing parents
2026-08-09 23:12:25,884 INFO memory.MemoryStore: Block broadcast_90 stored as values in memory (estimated size 5.2 KiB, free 2.2 GiB)
2026-08-09 23:12:25,885 INFO storage.BlockManagerInfo: Removed broadcast_72_piece0 on 10.0.0.215:64244 in memory (size: 12.7 KiB, free: 2.2 GiB)
2026-08-09 23:12:25,885 INFO memory.MemoryStore: Block broadcast_90_piece0 stored as bytes in memory (estimated size 2.9 KiB, free 2.2 GiB)
2026-08-09 23:12:25,885 INFO storage.BlockManagerInfo: Added broadcast_90_piece0 in memory on 10.0.0.215:64244 (size: 2.9 KiB, free: 2.2 GiB)
2026-08-09 23:12:25,885 INFO spark.SparkContext: Created broadcast 90 from broadcast at DAGScheduler.scala:1513
2026-08-09 23:12:25,885 INFO scheduler.DAGScheduler: Submitting 2 missing tasks from ShuffleMapStage 88 (ShuffledRDD[110] at combineByKey at BinaryClassificationMetrics.scala:188) (first 15 tasks are for partitions Vector(0, 1))
2026-08-09 23:12:25,886 INFO scheduler.TaskSchedulerImpl: Adding task set 88.0 with 2 tasks resource profile 0
2026-08-09 23:12:25,887 INFO storage.BlockManagerInfo: Removed broadcast_85_piece0 on 10.0.0.215:64244 in memory (size: 3.4 KiB, free: 2.2 GiB)
2026-08-09 23:12:25,887 INFO scheduler.FairSchedulableBuilder: Added task set TaskSet_88.0 tasks to pool default
2026-08-09 23:12:25,887 INFO scheduler.DAGScheduler: Registering RDD 145 (map at BinaryClassificationMetrics.scala:48) as input to shuffle 25
2026-08-09 23:12:25,887 INFO scheduler.DAGScheduler: Got job 59 (sortByKey at BinaryClassificationMetrics.scala:189) with 2 output partitions
2026-08-09 23:12:25,887 INFO scheduler.DAGScheduler: Final stage: ResultStage 91 (sortByKey at BinaryClassificationMetrics.scala:189)
2026-08-09 23:12:25,887 INFO scheduler.DAGScheduler: Parents of final stage: List(ShuffleMapStage 90)
2026-08-09 23:12:25,887 INFO scheduler.DAGScheduler: Missing parents: List(ShuffleMapStage 90)
2026-08-09 23:12:25,888 INFO executor.Executor: Finished task 0.0 in stage 68.0 (TID 422). 2076 bytes result sent to driver
2026-08-09 23:12:25,888 INFO scheduler.DAGScheduler: Submitting ShuffleMapStage 90 (MapPartitionsRDD[145] at map at BinaryClassificationMetrics.scala:48), which has no missing parents
2026-08-09 23:12:25,888 INFO scheduler.TaskSetManager: Starting task 1.0 in stage 68.0 (TID 424) (10.0.0.215, executor driver, partition 1, PROCESS_LOCAL, 5018 bytes) taskResourceAssignments Map()
2026-08-09 23:12:25,888 INFO scheduler.TaskSetManager: Finished task 0.0 in stage 68.0 (TID 422) in 35 ms on 10.0.0.215 (executor driver) (1/2)
2026-08-09 23:12:25,888 INFO executor.Executor: Running task 1.0 in stage 68.0 (TID 424)
2026-08-09 23:12:25,889 INFO memory.MemoryStore: Block broadcast_91 stored as values in memory (estimated size 40.1 KiB, free 2.2 GiB)
2026-08-09 23:12:25,889 INFO memory.MemoryStore: Block broadcast_91_piece0 stored as bytes in memory (estimated size 12.7 KiB, free 2.2 GiB)
2026-08-09 23:12:25,890 INFO storage.BlockManagerInfo: Added broadcast_91_piece0 in memory on 10.0.0.215:64244 (size: 12.7 KiB, free: 2.2 GiB)
2026-08-09 23:12:25,890 INFO spark.SparkContext: Created broadcast 91 from broadcast at DAGScheduler.scala:1513
2026-08-09 23:12:25,890 INFO scheduler.DAGScheduler: Submitting 2 missing tasks from ShuffleMapStage 90 (MapPartitionsRDD[145] at map at BinaryClassificationMetrics.scala:48) (first 15 tasks are for partitions Vector(0, 1))
2026-08-09 23:12:25,890 INFO storage.BlockManager: Found block rdd_87_0 locally
2026-08-09 23:12:25,890 INFO scheduler.TaskSchedulerImpl: Adding task set 90.0 with 2 tasks resource profile 0
2026-08-09 23:12:25,891 INFO scheduler.FairSchedulableBuilder: Added task set TaskSet_90.0 tasks to pool default
2026-08-09 23:12:25,891 INFO storage.BlockManager: Found block rdd_73_1 locally
2026-08-09 23:12:25,891 INFO executor.Executor: Finished task 0.0 in stage 70.0 (TID 423). 1748 bytes result sent to driver
2026-08-09 23:12:25,891 INFO scheduler.TaskSetManager: Starting task 1.0 in stage 70.0 (TID 425) (10.0.0.215, executor driver, partition 1, PROCESS_LOCAL, 5029 bytes) taskResourceAssignments Map()
2026-08-09 23:12:25,892 INFO executor.Executor: Finished task 1.0 in stage 68.0 (TID 424). 1861 bytes result sent to driver
2026-08-09 23:12:25,892 INFO scheduler.TaskSetManager: Finished task 0.0 in stage 70.0 (TID 423) in 27 ms on 10.0.0.215 (executor driver) (1/2)
2026-08-09 23:12:25,892 INFO executor.Executor: Running task 1.0 in stage 70.0 (TID 425)
2026-08-09 23:12:25,892 INFO scheduler.TaskSetManager: Starting task 0.0 in stage 72.0 (TID 426) (10.0.0.215, executor driver, partition 0, NODE_LOCAL, 4260 bytes) taskResourceAssignments Map()
2026-08-09 23:12:25,892 INFO scheduler.TaskSetManager: Finished task 1.0 in stage 68.0 (TID 424) in 4 ms on 10.0.0.215 (executor driver) (2/2)
2026-08-09 23:12:25,892 INFO executor.Executor: Running task 0.0 in stage 72.0 (TID 426)
2026-08-09 23:12:25,892 INFO scheduler.TaskSchedulerImpl: Removed TaskSet 68.0, whose tasks have all completed, from pool default
2026-08-09 23:12:25,892 INFO scheduler.DAGScheduler: ShuffleMapStage 68 (map at BinaryClassificationMetrics.scala:48) finished in 0.289 s
2026-08-09 23:12:25,892 INFO scheduler.DAGScheduler: looking for newly runnable stages
2026-08-09 23:12:25,892 INFO scheduler.DAGScheduler: running: Set(ShuffleMapStage 84, ShuffleMapStage 81, ShuffleMapStage 78, ResultStage 70, ShuffleMapStage 88, ResultStage 46, ResultStage 56, ResultStage 86, ShuffleMapStage 75, ShuffleMapStage 72, ShuffleMapStage 90)
2026-08-09 23:12:25,893 INFO scheduler.DAGScheduler: waiting: Set(ResultStage 85, ResultStage 82, ResultStage 89, ResultStage 69, ResultStage 79, ResultStage 76, ResultStage 73, ResultStage 91)
2026-08-09 23:12:25,893 INFO scheduler.DAGScheduler: failed: Set()
2026-08-09 23:12:25,893 INFO scheduler.DAGScheduler: Submitting ResultStage 69 (MapPartitionsRDD[126] at sortByKey at BinaryClassificationMetrics.scala:189), which has no missing parents
2026-08-09 23:12:25,893 INFO storage.BlockManager: Found block rdd_87_1 locally
2026-08-09 23:12:25,894 INFO executor.Executor: Finished task 1.0 in stage 70.0 (TID 425). 1662 bytes result sent to driver
2026-08-09 23:12:25,894 INFO scheduler.TaskSetManager: Starting task 0.0 in stage 75.0 (TID 427) (10.0.0.215, executor driver, partition 0, NODE_LOCAL, 4260 bytes) taskResourceAssignments Map()
2026-08-09 23:12:25,894 INFO scheduler.TaskSetManager: Finished task 1.0 in stage 70.0 (TID 425) in 3 ms on 10.0.0.215 (executor driver) (2/2)
2026-08-09 23:12:25,894 INFO memory.MemoryStore: Block broadcast_92 stored as values in memory (estimated size 6.7 KiB, free 2.2 GiB)
2026-08-09 23:12:25,894 INFO scheduler.TaskSchedulerImpl: Removed TaskSet 70.0, whose tasks have all completed, from pool default
2026-08-09 23:12:25,894 INFO executor.Executor: Running task 0.0 in stage 75.0 (TID 427)
2026-08-09 23:12:25,895 INFO memory.MemoryStore: Block broadcast_92_piece0 stored as bytes in memory (estimated size 3.4 KiB, free 2.2 GiB)
2026-08-09 23:12:25,895 INFO storage.BlockManagerInfo: Added broadcast_92_piece0 in memory on 10.0.0.215:64244 (size: 3.4 KiB, free: 2.2 GiB)
2026-08-09 23:12:25,895 INFO spark.SparkContext: Created broadcast 92 from broadcast at DAGScheduler.scala:1513
2026-08-09 23:12:25,896 INFO scheduler.DAGScheduler: Submitting 2 missing tasks from ResultStage 69 (MapPartitionsRDD[126] at sortByKey at BinaryClassificationMetrics.scala:189) (first 15 tasks are for partitions Vector(0, 1))
2026-08-09 23:12:25,896 INFO scheduler.TaskSchedulerImpl: Adding task set 69.0 with 2 tasks resource profile 0
2026-08-09 23:12:25,896 INFO scheduler.FairSchedulableBuilder: Added task set TaskSet_69.0 tasks to pool default
2026-08-09 23:12:25,897 INFO scheduler.DAGScheduler: ResultStage 70 (count at Metrics.scala:14) finished in 0.207 s
2026-08-09 23:12:25,897 INFO scheduler.DAGScheduler: Job 51 is finished. Cancelling potential speculative or zombie tasks for this job
2026-08-09 23:12:25,897 INFO storage.ShuffleBlockFetcherIterator: Getting 1 (490.0 B) non-empty blocks including 1 (490.0 B) local and 0 (0.0 B) host-local and 0 (0.0 B) push-merged-local and 0 (0.0 B) remote blocks
2026-08-09 23:12:25,897 INFO scheduler.TaskSchedulerImpl: Killing all running tasks in stage 70: Stage finished
2026-08-09 23:12:25,897 INFO storage.ShuffleBlockFetcherIterator: Started 0 remote fetches in 0 ms
2026-08-09 23:12:25,897 INFO storage.ShuffleBlockFetcherIterator: Getting 1 (652.0 B) non-empty blocks including 1 (652.0 B) local and 0 (0.0 B) host-local and 0 (0.0 B) push-merged-local and 0 (0.0 B) remote blocks
2026-08-09 23:12:25,897 INFO storage.ShuffleBlockFetcherIterator: Started 0 remote fetches in 0 ms
2026-08-09 23:12:25,897 INFO scheduler.DAGScheduler: Job 51 finished: count at Metrics.scala:14, took 0.209421 s
2026-08-09 23:12:25,899 INFO executor.Executor: Finished task 0.0 in stage 75.0 (TID 427). 1469 bytes result sent to driver
2026-08-09 23:12:25,900 INFO executor.Executor: Finished task 0.0 in stage 72.0 (TID 426). 1469 bytes result sent to driver
2026-08-09 23:12:25,900 INFO scheduler.TaskSetManager: Starting task 0.0 in stage 69.0 (TID 428) (10.0.0.215, executor driver, partition 0, NODE_LOCAL, 4271 bytes) taskResourceAssignments Map()
2026-08-09 23:12:25,900 INFO scheduler.TaskSetManager: Starting task 1.0 in stage 72.0 (TID 429) (10.0.0.215, executor driver, partition 1, NODE_LOCAL, 4260 bytes) taskResourceAssignments Map()
2026-08-09 23:12:25,900 INFO executor.Executor: Running task 0.0 in stage 69.0 (TID 428)
2026-08-09 23:12:25,900 INFO scheduler.TaskSetManager: Finished task 0.0 in stage 75.0 (TID 427) in 6 ms on 10.0.0.215 (executor driver) (1/2)
2026-08-09 23:12:25,900 INFO executor.Executor: Running task 1.0 in stage 72.0 (TID 429)
2026-08-09 23:12:25,900 INFO scheduler.TaskSetManager: Finished task 0.0 in stage 72.0 (TID 426) in 8 ms on 10.0.0.215 (executor driver) (1/2)
2026-08-09 23:12:25,902 INFO storage.ShuffleBlockFetcherIterator: Getting 1 (368.0 B) non-empty blocks including 1 (368.0 B) local and 0 (0.0 B) host-local and 0 (0.0 B) push-merged-local and 0 (0.0 B) remote blocks
2026-08-09 23:12:25,902 INFO storage.ShuffleBlockFetcherIterator: Started 0 remote fetches in 0 ms
2026-08-09 23:12:25,902 INFO executor.Executor: Finished task 0.0 in stage 69.0 (TID 428). 1462 bytes result sent to driver
2026-08-09 23:12:25,903 INFO scheduler.TaskSetManager: Starting task 1.0 in stage 69.0 (TID 430) (10.0.0.215, executor driver, partition 1, NODE_LOCAL, 4271 bytes) taskResourceAssignments Map()
2026-08-09 23:12:25,903 INFO scheduler.TaskSetManager: Finished task 0.0 in stage 69.0 (TID 428) in 3 ms on 10.0.0.215 (executor driver) (1/2)
2026-08-09 23:12:25,904 INFO executor.Executor: Running task 1.0 in stage 69.0 (TID 430)
2026-08-09 23:12:25,904 INFO memory.MemoryStore: Block rdd_80_0 stored as values in memory (estimated size 351.6 KiB, free 2.2 GiB)
2026-08-09 23:12:25,904 INFO storage.ShuffleBlockFetcherIterator: Getting 1 (539.0 B) non-empty blocks including 1 (539.0 B) local and 0 (0.0 B) host-local and 0 (0.0 B) push-merged-local and 0 (0.0 B) remote blocks
2026-08-09 23:12:25,904 INFO storage.ShuffleBlockFetcherIterator: Started 0 remote fetches in 0 ms
2026-08-09 23:12:25,904 INFO storage.BlockManagerInfo: Added rdd_80_0 in memory on 10.0.0.215:64244 (size: 351.6 KiB, free: 2.2 GiB)
2026-08-09 23:12:25,906 INFO storage.ShuffleBlockFetcherIterator: Getting 1 (334.0 B) non-empty blocks including 1 (334.0 B) local and 0 (0.0 B) host-local and 0 (0.0 B) push-merged-local and 0 (0.0 B) remote blocks
2026-08-09 23:12:25,906 INFO storage.ShuffleBlockFetcherIterator: Started 0 remote fetches in 0 ms
2026-08-09 23:12:25,906 INFO executor.Executor: Finished task 1.0 in stage 72.0 (TID 429). 1469 bytes result sent to driver
2026-08-09 23:12:25,906 INFO executor.Executor: Finished task 0.0 in stage 46.0 (TID 375). 1791 bytes result sent to driver
2026-08-09 23:12:25,906 INFO scheduler.TaskSetManager: Starting task 1.0 in stage 75.0 (TID 431) (10.0.0.215, executor driver, partition 1, NODE_LOCAL, 4260 bytes) taskResourceAssignments Map()
2026-08-09 23:12:25,906 INFO executor.Executor: Finished task 1.0 in stage 69.0 (TID 430). 1540 bytes result sent to driver
2026-08-09 23:12:25,906 INFO scheduler.TaskSetManager: Starting task 1.0 in stage 46.0 (TID 432) (10.0.0.215, executor driver, partition 1, PROCESS_LOCAL, 5029 bytes) taskResourceAssignments Map()
2026-08-09 23:12:25,906 INFO scheduler.TaskSetManager: Starting task 0.0 in stage 78.0 (TID 433) (10.0.0.215, executor driver, partition 0, NODE_LOCAL, 4260 bytes) taskResourceAssignments Map()
2026-08-09 23:12:25,906 INFO executor.Executor: Running task 1.0 in stage 46.0 (TID 432)
2026-08-09 23:12:25,906 INFO scheduler.TaskSetManager: Finished task 1.0 in stage 72.0 (TID 429) in 6 ms on 10.0.0.215 (executor driver) (2/2)
2026-08-09 23:12:25,906 INFO scheduler.TaskSchedulerImpl: Removed TaskSet 72.0, whose tasks have all completed, from pool default
2026-08-09 23:12:25,906 INFO executor.Executor: Running task 0.0 in stage 78.0 (TID 433)
2026-08-09 23:12:25,907 INFO scheduler.TaskSetManager: Finished task 1.0 in stage 69.0 (TID 430) in 4 ms on 10.0.0.215 (executor driver) (2/2)
2026-08-09 23:12:25,907 INFO scheduler.TaskSchedulerImpl: Removed TaskSet 69.0, whose tasks have all completed, from pool default
2026-08-09 23:12:25,907 INFO scheduler.TaskSetManager: Finished task 0.0 in stage 46.0 (TID 375) in 677 ms on 10.0.0.215 (executor driver) (1/2)
2026-08-09 23:12:25,907 INFO scheduler.DAGScheduler: ShuffleMapStage 72 (combineByKey at BinaryClassificationMetrics.scala:188) finished in 0.184 s
2026-08-09 23:12:25,907 INFO scheduler.DAGScheduler: looking for newly runnable stages
2026-08-09 23:12:25,907 INFO scheduler.DAGScheduler: running: Set(ShuffleMapStage 84, ShuffleMapStage 81, ShuffleMapStage 78, ShuffleMapStage 88, ResultStage 46, ResultStage 56, ResultStage 86, ShuffleMapStage 75, ShuffleMapStage 90, ResultStage 69)
2026-08-09 23:12:25,907 INFO scheduler.DAGScheduler: waiting: Set(ResultStage 85, ResultStage 82, ResultStage 89, ResultStage 79, ResultStage 76, ResultStage 73, ResultStage 91)
2026-08-09 23:12:25,907 INFO scheduler.DAGScheduler: failed: Set()
2026-08-09 23:12:25,907 INFO scheduler.DAGScheduler: Submitting ResultStage 73 (MapPartitionsRDD[130] at mapPartitions at BinaryClassificationMetrics.scala:237), which has no missing parents
2026-08-09 23:12:25,908 INFO memory.MemoryStore: Block broadcast_93 stored as values in memory (estimated size 6.2 KiB, free 2.2 GiB)
2026-08-09 23:12:25,908 INFO storage.ShuffleBlockFetcherIterator: Getting 1 (445.0 B) non-empty blocks including 1 (445.0 B) local and 0 (0.0 B) host-local and 0 (0.0 B) push-merged-local and 0 (0.0 B) remote blocks
2026-08-09 23:12:25,908 INFO executor.Executor: Running task 1.0 in stage 75.0 (TID 431)
2026-08-09 23:12:25,909 INFO storage.ShuffleBlockFetcherIterator: Started 0 remote fetches in 0 ms
2026-08-09 23:12:25,909 INFO memory.MemoryStore: Block broadcast_93_piece0 stored as bytes in memory (estimated size 3.4 KiB, free 2.2 GiB)
2026-08-09 23:12:25,909 INFO storage.BlockManagerInfo: Added broadcast_93_piece0 in memory on 10.0.0.215:64244 (size: 3.4 KiB, free: 2.2 GiB)
2026-08-09 23:12:25,910 INFO spark.SparkContext: Created broadcast 93 from broadcast at DAGScheduler.scala:1513
2026-08-09 23:12:25,910 INFO scheduler.DAGScheduler: Submitting 2 missing tasks from ResultStage 73 (MapPartitionsRDD[130] at mapPartitions at BinaryClassificationMetrics.scala:237) (first 15 tasks are for partitions Vector(0, 1))
2026-08-09 23:12:25,910 INFO scheduler.TaskSchedulerImpl: Adding task set 73.0 with 2 tasks resource profile 0
2026-08-09 23:12:25,910 INFO scheduler.FairSchedulableBuilder: Added task set TaskSet_73.0 tasks to pool default
2026-08-09 23:12:25,911 INFO storage.BlockManager: Found block rdd_17_1 locally
2026-08-09 23:12:25,911 INFO scheduler.DAGScheduler: ResultStage 69 (sortByKey at BinaryClassificationMetrics.scala:189) finished in 0.018 s
2026-08-09 23:12:25,911 INFO scheduler.DAGScheduler: Job 50 is finished. Cancelling potential speculative or zombie tasks for this job
2026-08-09 23:12:25,911 INFO memory.MemoryStore: Block rdd_80_1 stored as values in memory (estimated size 16.0 B, free 2.2 GiB)
2026-08-09 23:12:25,911 INFO scheduler.TaskSchedulerImpl: Killing all running tasks in stage 69: Stage finished
2026-08-09 23:12:25,911 INFO scheduler.DAGScheduler: Job 50 finished: sortByKey at BinaryClassificationMetrics.scala:189, took 0.314274 s
2026-08-09 23:12:25,911 INFO storage.BlockManagerInfo: Added rdd_80_1 in memory on 10.0.0.215:64244 (size: 16.0 B, free: 2.2 GiB)
2026-08-09 23:12:25,911 INFO storage.ShuffleBlockFetcherIterator: Getting 1 (405.0 B) non-empty blocks including 1 (405.0 B) local and 0 (0.0 B) host-local and 0 (0.0 B) push-merged-local and 0 (0.0 B) remote blocks
2026-08-09 23:12:25,911 INFO storage.ShuffleBlockFetcherIterator: Started 0 remote fetches in 0 ms
2026-08-09 23:12:25,912 INFO executor.Executor: Finished task 0.0 in stage 78.0 (TID 433). 1469 bytes result sent to driver
2026-08-09 23:12:25,912 INFO executor.Executor: Finished task 1.0 in stage 46.0 (TID 432). 1705 bytes result sent to driver
2026-08-09 23:12:25,912 INFO scheduler.TaskSetManager: Starting task 0.0 in stage 73.0 (TID 434) (10.0.0.215, executor driver, partition 0, NODE_LOCAL, 4271 bytes) taskResourceAssignments Map()
2026-08-09 23:12:25,912 INFO executor.Executor: Running task 0.0 in stage 73.0 (TID 434)
2026-08-09 23:12:25,912 INFO scheduler.TaskSetManager: Starting task 1.0 in stage 78.0 (TID 435) (10.0.0.215, executor driver, partition 1, NODE_LOCAL, 4260 bytes) taskResourceAssignments Map()
2026-08-09 23:12:25,912 INFO scheduler.TaskSetManager: Finished task 1.0 in stage 46.0 (TID 432) in 6 ms on 10.0.0.215 (executor driver) (2/2)
2026-08-09 23:12:25,912 INFO executor.Executor: Running task 1.0 in stage 78.0 (TID 435)
2026-08-09 23:12:25,912 INFO scheduler.TaskSchedulerImpl: Removed TaskSet 46.0, whose tasks have all completed, from pool default
2026-08-09 23:12:25,913 INFO scheduler.TaskSetManager: Finished task 0.0 in stage 78.0 (TID 433) in 7 ms on 10.0.0.215 (executor driver) (1/2)
2026-08-09 23:12:25,913 INFO scheduler.DAGScheduler: ResultStage 46 (count at Metrics.scala:12) finished in 1.405 s
2026-08-09 23:12:25,913 INFO scheduler.DAGScheduler: Job 34 is finished. Cancelling potential speculative or zombie tasks for this job
2026-08-09 23:12:25,913 INFO scheduler.TaskSchedulerImpl: Killing all running tasks in stage 46: Stage finished
2026-08-09 23:12:25,913 INFO spark.SparkContext: Starting job: sortByKey at BinaryClassificationMetrics.scala:189
2026-08-09 23:12:25,913 INFO storage.ShuffleBlockFetcherIterator: Getting 1 (405.0 B) non-empty blocks including 1 (405.0 B) local and 0 (0.0 B) host-local and 0 (0.0 B) push-merged-local and 0 (0.0 B) remote blocks
2026-08-09 23:12:25,913 INFO storage.ShuffleBlockFetcherIterator: Started 0 remote fetches in 0 ms
2026-08-09 23:12:25,914 INFO scheduler.DAGScheduler: Job 34 finished: count at Metrics.scala:12, took 1.407416 s
2026-08-09 23:12:25,914 INFO scheduler.DAGScheduler: Registering RDD 153 (map at BinaryClassificationMetrics.scala:48) as input to shuffle 26
2026-08-09 23:12:25,914 INFO scheduler.DAGScheduler: Got job 60 (sortByKey at BinaryClassificationMetrics.scala:189) with 2 output partitions
2026-08-09 23:12:25,914 INFO scheduler.DAGScheduler: Final stage: ResultStage 93 (sortByKey at BinaryClassificationMetrics.scala:189)
2026-08-09 23:12:25,914 INFO scheduler.DAGScheduler: Parents of final stage: List(ShuffleMapStage 92)
2026-08-09 23:12:25,914 INFO scheduler.DAGScheduler: Missing parents: List(ShuffleMapStage 92)
2026-08-09 23:12:25,915 INFO scheduler.DAGScheduler: Submitting ShuffleMapStage 92 (MapPartitionsRDD[153] at map at BinaryClassificationMetrics.scala:48), which has no missing parents
2026-08-09 23:12:25,921 INFO executor.Executor: Finished task 1.0 in stage 78.0 (TID 435). 1426 bytes result sent to driver
2026-08-09 23:12:25,922 INFO memory.MemoryStore: Block broadcast_94 stored as values in memory (estimated size 40.1 KiB, free 2.2 GiB)
2026-08-09 23:12:25,924 INFO executor.Executor: Finished task 1.0 in stage 75.0 (TID 431). 1469 bytes result sent to driver
2026-08-09 23:12:25,924 INFO memory.MemoryStore: Block broadcast_94_piece0 stored as bytes in memory (estimated size 12.7 KiB, free 2.2 GiB)
2026-08-09 23:12:25,925 INFO storage.BlockManagerInfo: Added broadcast_94_piece0 in memory on 10.0.0.215:64244 (size: 12.7 KiB, free: 2.2 GiB)
2026-08-09 23:12:25,926 INFO storage.ShuffleBlockFetcherIterator: Getting 2 (895.0 B) non-empty blocks including 2 (895.0 B) local and 0 (0.0 B) host-local and 0 (0.0 B) push-merged-local and 0 (0.0 B) remote blocks
2026-08-09 23:12:25,926 INFO storage.ShuffleBlockFetcherIterator: Started 0 remote fetches in 0 ms
2026-08-09 23:12:25,926 INFO scheduler.TaskSetManager: Starting task 0.0 in stage 81.0 (TID 436) (10.0.0.215, executor driver, partition 0, NODE_LOCAL, 4260 bytes) taskResourceAssignments Map()
2026-08-09 23:12:25,927 INFO scheduler.TaskSetManager: Starting task 0.0 in stage 84.0 (TID 437) (10.0.0.215, executor driver, partition 0, NODE_LOCAL, 4260 bytes) taskResourceAssignments Map()
2026-08-09 23:12:25,927 INFO spark.SparkContext: Starting job: collect at BinaryClassificationMetrics.scala:237
2026-08-09 23:12:25,927 INFO spark.SparkContext: Created broadcast 94 from broadcast at DAGScheduler.scala:1513
2026-08-09 23:12:25,928 INFO scheduler.DAGScheduler: Submitting 2 missing tasks from ShuffleMapStage 92 (MapPartitionsRDD[153] at map at BinaryClassificationMetrics.scala:48) (first 15 tasks are for partitions Vector(0, 1))
2026-08-09 23:12:25,928 INFO scheduler.TaskSchedulerImpl: Adding task set 92.0 with 2 tasks resource profile 0
2026-08-09 23:12:25,929 INFO executor.Executor: Running task 0.0 in stage 84.0 (TID 437)
2026-08-09 23:12:25,930 INFO scheduler.FairSchedulableBuilder: Added task set TaskSet_92.0 tasks to pool default
2026-08-09 23:12:25,936 INFO scheduler.DAGScheduler: Registering RDD 124 (combineByKey at BinaryClassificationMetrics.scala:188) as input to shuffle 27
2026-08-09 23:12:25,936 INFO scheduler.DAGScheduler: Got job 61 (collect at BinaryClassificationMetrics.scala:237) with 2 output partitions
2026-08-09 23:12:25,936 INFO scheduler.DAGScheduler: Final stage: ResultStage 96 (collect at BinaryClassificationMetrics.scala:237)
2026-08-09 23:12:25,936 INFO scheduler.DAGScheduler: Parents of final stage: List(ShuffleMapStage 95)
2026-08-09 23:12:25,936 INFO scheduler.DAGScheduler: Missing parents: List(ShuffleMapStage 95)
2026-08-09 23:12:25,938 INFO storage.ShuffleBlockFetcherIterator: Getting 1 (368.0 B) non-empty blocks including 1 (368.0 B) local and 0 (0.0 B) host-local and 0 (0.0 B) push-merged-local and 0 (0.0 B) remote blocks
2026-08-09 23:12:25,939 INFO storage.ShuffleBlockFetcherIterator: Started 0 remote fetches in 0 ms
2026-08-09 23:12:25,939 INFO scheduler.DAGScheduler: Submitting ShuffleMapStage 95 (ShuffledRDD[124] at combineByKey at BinaryClassificationMetrics.scala:188), which has no missing parents
2026-08-09 23:12:25,938 INFO spark.SparkContext: Starting job: count at Metrics.scala:14
2026-08-09 23:12:25,940 INFO memory.MemoryStore: Block broadcast_95 stored as values in memory (estimated size 5.2 KiB, free 2.2 GiB)
2026-08-09 23:12:25,940 INFO memory.MemoryStore: Block broadcast_95_piece0 stored as bytes in memory (estimated size 2.9 KiB, free 2.2 GiB)
2026-08-09 23:12:25,939 INFO scheduler.TaskSetManager: Finished task 1.0 in stage 78.0 (TID 435) in 27 ms on 10.0.0.215 (executor driver) (2/2)
2026-08-09 23:12:25,941 INFO scheduler.TaskSchedulerImpl: Removed TaskSet 78.0, whose tasks have all completed, from pool default
2026-08-09 23:12:25,941 INFO storage.BlockManagerInfo: Added broadcast_95_piece0 in memory on 10.0.0.215:64244 (size: 2.9 KiB, free: 2.2 GiB)
2026-08-09 23:12:25,941 INFO spark.SparkContext: Created broadcast 95 from broadcast at DAGScheduler.scala:1513
2026-08-09 23:12:25,942 INFO scheduler.DAGScheduler: Submitting 2 missing tasks from ShuffleMapStage 95 (ShuffledRDD[124] at combineByKey at BinaryClassificationMetrics.scala:188) (first 15 tasks are for partitions Vector(0, 1))
2026-08-09 23:12:25,942 INFO scheduler.TaskSchedulerImpl: Adding task set 95.0 with 2 tasks resource profile 0
2026-08-09 23:12:25,942 INFO scheduler.FairSchedulableBuilder: Added task set TaskSet_95.0 tasks to pool default
2026-08-09 23:12:25,943 INFO scheduler.DAGScheduler: Got job 62 (count at Metrics.scala:14) with 2 output partitions
2026-08-09 23:12:25,943 INFO scheduler.DAGScheduler: Final stage: ResultStage 97 (count at Metrics.scala:14)
2026-08-09 23:12:25,943 INFO scheduler.DAGScheduler: Parents of final stage: List()
2026-08-09 23:12:25,943 INFO scheduler.TaskSetManager: Finished task 1.0 in stage 75.0 (TID 431) in 37 ms on 10.0.0.215 (executor driver) (2/2)
2026-08-09 23:12:25,943 INFO scheduler.TaskSchedulerImpl: Removed TaskSet 75.0, whose tasks have all completed, from pool default
2026-08-09 23:12:25,946 INFO scheduler.DAGScheduler: Missing parents: List()
2026-08-09 23:12:25,946 INFO scheduler.DAGScheduler: Submitting ResultStage 97 (MapPartitionsRDD[160] at filter at Metrics.scala:14), which has no missing parents
2026-08-09 23:12:25,947 INFO memory.MemoryStore: Block broadcast_96 stored as values in memory (estimated size 38.5 KiB, free 2.2 GiB)
2026-08-09 23:12:25,947 INFO executor.Executor: Running task 0.0 in stage 81.0 (TID 436)
2026-08-09 23:12:25,948 INFO memory.MemoryStore: Block broadcast_96_piece0 stored as bytes in memory (estimated size 12.1 KiB, free 2.2 GiB)
2026-08-09 23:12:25,948 INFO executor.Executor: Finished task 0.0 in stage 84.0 (TID 437). 1469 bytes result sent to driver
2026-08-09 23:12:25,948 INFO storage.BlockManagerInfo: Added broadcast_96_piece0 in memory on 10.0.0.215:64244 (size: 12.1 KiB, free: 2.2 GiB)
2026-08-09 23:12:25,948 INFO scheduler.TaskSetManager: Starting task 1.0 in stage 84.0 (TID 438) (10.0.0.215, executor driver, partition 1, NODE_LOCAL, 4260 bytes) taskResourceAssignments Map()
2026-08-09 23:12:25,948 INFO scheduler.TaskSetManager: Finished task 0.0 in stage 84.0 (TID 437) in 21 ms on 10.0.0.215 (executor driver) (1/2)
2026-08-09 23:12:25,948 INFO executor.Executor: Running task 1.0 in stage 84.0 (TID 438)
2026-08-09 23:12:25,948 INFO spark.SparkContext: Created broadcast 96 from broadcast at DAGScheduler.scala:1513
2026-08-09 23:12:25,948 INFO scheduler.DAGScheduler: Submitting 2 missing tasks from ResultStage 97 (MapPartitionsRDD[160] at filter at Metrics.scala:14) (first 15 tasks are for partitions Vector(0, 1))
2026-08-09 23:12:25,948 INFO scheduler.TaskSchedulerImpl: Adding task set 97.0 with 2 tasks resource profile 0
2026-08-09 23:12:25,949 INFO scheduler.FairSchedulableBuilder: Added task set TaskSet_97.0 tasks to pool default
2026-08-09 23:12:25,950 INFO scheduler.DAGScheduler: ShuffleMapStage 78 (combineByKey at BinaryClassificationMetrics.scala:188) finished in 0.170 s
2026-08-09 23:12:25,950 INFO scheduler.DAGScheduler: looking for newly runnable stages
2026-08-09 23:12:25,950 INFO scheduler.DAGScheduler: running: Set(ShuffleMapStage 84, ShuffleMapStage 81, ShuffleMapStage 88, ResultStage 56, ResultStage 86, ShuffleMapStage 75, ShuffleMapStage 90, ResultStage 97, ResultStage 73, ShuffleMapStage 95, ShuffleMapStage 92)
2026-08-09 23:12:25,950 INFO scheduler.DAGScheduler: waiting: Set(ResultStage 96, ResultStage 85, ResultStage 82, ResultStage 89, ResultStage 93, ResultStage 79, ResultStage 76, ResultStage 91)
2026-08-09 23:12:25,950 INFO scheduler.DAGScheduler: failed: Set()
2026-08-09 23:12:25,950 INFO scheduler.DAGScheduler: Submitting ResultStage 79 (MapPartitionsRDD[136] at mapPartitions at BinaryClassificationMetrics.scala:237), which has no missing parents
2026-08-09 23:12:25,951 INFO storage.ShuffleBlockFetcherIterator: Getting 1 (368.0 B) non-empty blocks including 1 (368.0 B) local and 0 (0.0 B) host-local and 0 (0.0 B) push-merged-local and 0 (0.0 B) remote blocks
2026-08-09 23:12:25,951 INFO storage.ShuffleBlockFetcherIterator: Started 0 remote fetches in 0 ms
2026-08-09 23:12:25,951 INFO storage.ShuffleBlockFetcherIterator: Getting 1 (334.0 B) non-empty blocks including 1 (334.0 B) local and 0 (0.0 B) host-local and 0 (0.0 B) push-merged-local and 0 (0.0 B) remote blocks
2026-08-09 23:12:25,951 INFO storage.ShuffleBlockFetcherIterator: Started 0 remote fetches in 0 ms
2026-08-09 23:12:25,952 INFO memory.MemoryStore: Block broadcast_97 stored as values in memory (estimated size 6.2 KiB, free 2.2 GiB)
2026-08-09 23:12:25,953 INFO memory.MemoryStore: Block broadcast_97_piece0 stored as bytes in memory (estimated size 3.4 KiB, free 2.2 GiB)
2026-08-09 23:12:25,953 INFO storage.BlockManagerInfo: Added broadcast_97_piece0 in memory on 10.0.0.215:64244 (size: 3.4 KiB, free: 2.2 GiB)
2026-08-09 23:12:25,953 INFO spark.SparkContext: Created broadcast 97 from broadcast at DAGScheduler.scala:1513
2026-08-09 23:12:25,953 INFO scheduler.DAGScheduler: Submitting 2 missing tasks from ResultStage 79 (MapPartitionsRDD[136] at mapPartitions at BinaryClassificationMetrics.scala:237) (first 15 tasks are for partitions Vector(0, 1))
2026-08-09 23:12:25,953 INFO executor.Executor: Finished task 1.0 in stage 84.0 (TID 438). 1469 bytes result sent to driver
2026-08-09 23:12:25,953 INFO scheduler.TaskSchedulerImpl: Adding task set 79.0 with 2 tasks resource profile 0
2026-08-09 23:12:25,954 INFO scheduler.FairSchedulableBuilder: Added task set TaskSet_79.0 tasks to pool default
2026-08-09 23:12:25,954 INFO scheduler.DAGScheduler: ShuffleMapStage 75 (combineByKey at BinaryClassificationMetrics.scala:188) finished in 0.198 s
2026-08-09 23:12:25,955 INFO scheduler.DAGScheduler: looking for newly runnable stages
2026-08-09 23:12:25,954 INFO scheduler.TaskSetManager: Starting task 0.0 in stage 79.0 (TID 439) (10.0.0.215, executor driver, partition 0, NODE_LOCAL, 4271 bytes) taskResourceAssignments Map()
2026-08-09 23:12:25,955 INFO scheduler.DAGScheduler: running: Set(ShuffleMapStage 84, ShuffleMapStage 81, ShuffleMapStage 88, ResultStage 56, ResultStage 86, ShuffleMapStage 90, ResultStage 97, ResultStage 79, ResultStage 73, ShuffleMapStage 95, ShuffleMapStage 92)
2026-08-09 23:12:25,955 INFO scheduler.DAGScheduler: waiting: Set(ResultStage 96, ResultStage 85, ResultStage 82, ResultStage 89, ResultStage 93, ResultStage 76, ResultStage 91)
2026-08-09 23:12:25,955 INFO scheduler.DAGScheduler: failed: Set()
2026-08-09 23:12:25,955 INFO executor.Executor: Finished task 0.0 in stage 81.0 (TID 436). 1469 bytes result sent to driver
2026-08-09 23:12:25,955 INFO executor.Executor: Running task 0.0 in stage 79.0 (TID 439)
2026-08-09 23:12:25,955 INFO scheduler.DAGScheduler: Submitting ResultStage 76 (MapPartitionsRDD[133] at mapPartitions at BinaryClassificationMetrics.scala:237), which has no missing parents
2026-08-09 23:12:25,955 INFO scheduler.TaskSetManager: Starting task 1.0 in stage 81.0 (TID 440) (10.0.0.215, executor driver, partition 1, NODE_LOCAL, 4260 bytes) taskResourceAssignments Map()
2026-08-09 23:12:25,955 INFO scheduler.TaskSetManager: Finished task 1.0 in stage 84.0 (TID 438) in 7 ms on 10.0.0.215 (executor driver) (2/2)
2026-08-09 23:12:25,956 INFO scheduler.TaskSchedulerImpl: Removed TaskSet 84.0, whose tasks have all completed, from pool default
2026-08-09 23:12:25,956 INFO memory.MemoryStore: Block broadcast_98 stored as values in memory (estimated size 6.2 KiB, free 2.2 GiB)
2026-08-09 23:12:25,957 INFO scheduler.TaskSetManager: Finished task 0.0 in stage 81.0 (TID 436) in 31 ms on 10.0.0.215 (executor driver) (1/2)
2026-08-09 23:12:25,957 INFO executor.Executor: Running task 1.0 in stage 81.0 (TID 440)
2026-08-09 23:12:25,957 INFO storage.ShuffleBlockFetcherIterator: Getting 2 (702.0 B) non-empty blocks including 2 (702.0 B) local and 0 (0.0 B) host-local and 0 (0.0 B) push-merged-local and 0 (0.0 B) remote blocks
2026-08-09 23:12:25,957 INFO storage.ShuffleBlockFetcherIterator: Started 0 remote fetches in 0 ms
2026-08-09 23:12:25,958 INFO memory.MemoryStore: Block broadcast_98_piece0 stored as bytes in memory (estimated size 3.4 KiB, free 2.2 GiB)
2026-08-09 23:12:25,958 INFO storage.ShuffleBlockFetcherIterator: Getting 1 (334.0 B) non-empty blocks including 1 (334.0 B) local and 0 (0.0 B) host-local and 0 (0.0 B) push-merged-local and 0 (0.0 B) remote blocks
2026-08-09 23:12:25,958 INFO storage.ShuffleBlockFetcherIterator: Started 0 remote fetches in 0 ms
2026-08-09 23:12:25,958 INFO storage.BlockManagerInfo: Added broadcast_98_piece0 in memory on 10.0.0.215:64244 (size: 3.4 KiB, free: 2.2 GiB)
2026-08-09 23:12:25,958 INFO spark.SparkContext: Created broadcast 98 from broadcast at DAGScheduler.scala:1513
2026-08-09 23:12:25,959 INFO scheduler.DAGScheduler: Submitting 2 missing tasks from ResultStage 76 (MapPartitionsRDD[133] at mapPartitions at BinaryClassificationMetrics.scala:237) (first 15 tasks are for partitions Vector(0, 1))
2026-08-09 23:12:25,959 INFO scheduler.TaskSchedulerImpl: Adding task set 76.0 with 2 tasks resource profile 0
2026-08-09 23:12:25,959 INFO scheduler.FairSchedulableBuilder: Added task set TaskSet_76.0 tasks to pool default
2026-08-09 23:12:25,959 INFO executor.Executor: Finished task 0.0 in stage 79.0 (TID 439). 1456 bytes result sent to driver
2026-08-09 23:12:25,960 INFO scheduler.DAGScheduler: ShuffleMapStage 84 (combineByKey at BinaryClassificationMetrics.scala:188) finished in 0.116 s
2026-08-09 23:12:25,960 INFO executor.Executor: Finished task 0.0 in stage 73.0 (TID 434). 1456 bytes result sent to driver
2026-08-09 23:12:25,960 INFO scheduler.DAGScheduler: looking for newly runnable stages
2026-08-09 23:12:25,960 INFO scheduler.DAGScheduler: running: Set(ShuffleMapStage 81, ShuffleMapStage 88, ResultStage 56, ResultStage 86, ShuffleMapStage 90, ResultStage 97, ResultStage 79, ResultStage 73, ResultStage 76, ShuffleMapStage 95, ShuffleMapStage 92)
2026-08-09 23:12:25,960 INFO scheduler.DAGScheduler: waiting: Set(ResultStage 96, ResultStage 85, ResultStage 82, ResultStage 89, ResultStage 93, ResultStage 91)
2026-08-09 23:12:25,960 INFO executor.Executor: Finished task 1.0 in stage 81.0 (TID 440). 1426 bytes result sent to driver
2026-08-09 23:12:25,960 INFO scheduler.DAGScheduler: failed: Set()
2026-08-09 23:12:25,960 INFO scheduler.TaskSetManager: Starting task 0.0 in stage 76.0 (TID 441) (10.0.0.215, executor driver, partition 0, NODE_LOCAL, 4271 bytes) taskResourceAssignments Map()
2026-08-09 23:12:25,960 INFO scheduler.DAGScheduler: Submitting ResultStage 85 (MapPartitionsRDD[142] at mapPartitions at BinaryClassificationMetrics.scala:237), which has no missing parents
2026-08-09 23:12:25,960 INFO executor.Executor: Running task 0.0 in stage 76.0 (TID 441)
2026-08-09 23:12:25,960 INFO scheduler.TaskSetManager: Starting task 1.0 in stage 73.0 (TID 442) (10.0.0.215, executor driver, partition 1, NODE_LOCAL, 4271 bytes) taskResourceAssignments Map()
2026-08-09 23:12:25,960 INFO executor.Executor: Running task 1.0 in stage 73.0 (TID 442)
2026-08-09 23:12:25,960 INFO scheduler.TaskSetManager: Starting task 1.0 in stage 79.0 (TID 443) (10.0.0.215, executor driver, partition 1, NODE_LOCAL, 4271 bytes) taskResourceAssignments Map()
2026-08-09 23:12:25,961 INFO scheduler.TaskSetManager: Finished task 0.0 in stage 79.0 (TID 439) in 7 ms on 10.0.0.215 (executor driver) (1/2)
2026-08-09 23:12:25,961 INFO scheduler.TaskSetManager: Finished task 1.0 in stage 81.0 (TID 440) in 6 ms on 10.0.0.215 (executor driver) (2/2)
2026-08-09 23:12:25,961 INFO scheduler.TaskSchedulerImpl: Removed TaskSet 81.0, whose tasks have all completed, from pool default
2026-08-09 23:12:25,961 INFO executor.Executor: Running task 1.0 in stage 79.0 (TID 443)
2026-08-09 23:12:25,961 INFO scheduler.TaskSetManager: Finished task 0.0 in stage 73.0 (TID 434) in 49 ms on 10.0.0.215 (executor driver) (1/2)
2026-08-09 23:12:25,961 INFO memory.MemoryStore: Block broadcast_99 stored as values in memory (estimated size 6.2 KiB, free 2.2 GiB)
2026-08-09 23:12:25,961 INFO storage.ShuffleBlockFetcherIterator: Getting 2 (702.0 B) non-empty blocks including 2 (702.0 B) local and 0 (0.0 B) host-local and 0 (0.0 B) push-merged-local and 0 (0.0 B) remote blocks
2026-08-09 23:12:25,961 INFO storage.ShuffleBlockFetcherIterator: Started 0 remote fetches in 0 ms
2026-08-09 23:12:25,962 INFO storage.ShuffleBlockFetcherIterator: Getting 2 (702.0 B) non-empty blocks including 2 (702.0 B) local and 0 (0.0 B) host-local and 0 (0.0 B) push-merged-local and 0 (0.0 B) remote blocks
2026-08-09 23:12:25,962 INFO storage.ShuffleBlockFetcherIterator: Started 0 remote fetches in 0 ms
2026-08-09 23:12:25,962 INFO storage.ShuffleBlockFetcherIterator: Getting 2 (850.0 B) non-empty blocks including 2 (850.0 B) local and 0 (0.0 B) host-local and 0 (0.0 B) push-merged-local and 0 (0.0 B) remote blocks
2026-08-09 23:12:25,962 INFO storage.ShuffleBlockFetcherIterator: Started 0 remote fetches in 0 ms
2026-08-09 23:12:25,962 INFO memory.MemoryStore: Block broadcast_99_piece0 stored as bytes in memory (estimated size 3.4 KiB, free 2.2 GiB)
2026-08-09 23:12:25,962 INFO storage.BlockManagerInfo: Added broadcast_99_piece0 in memory on 10.0.0.215:64244 (size: 3.4 KiB, free: 2.2 GiB)
2026-08-09 23:12:25,962 INFO executor.Executor: Finished task 0.0 in stage 76.0 (TID 441). 1413 bytes result sent to driver
2026-08-09 23:12:25,962 INFO executor.Executor: Finished task 1.0 in stage 79.0 (TID 443). 1370 bytes result sent to driver
2026-08-09 23:12:25,962 INFO spark.SparkContext: Created broadcast 99 from broadcast at DAGScheduler.scala:1513
2026-08-09 23:12:25,963 INFO scheduler.DAGScheduler: Submitting 2 missing tasks from ResultStage 85 (MapPartitionsRDD[142] at mapPartitions at BinaryClassificationMetrics.scala:237) (first 15 tasks are for partitions Vector(0, 1))
2026-08-09 23:12:25,963 INFO scheduler.TaskSchedulerImpl: Adding task set 85.0 with 2 tasks resource profile 0
2026-08-09 23:12:25,963 INFO scheduler.TaskSetManager: Starting task 1.0 in stage 76.0 (TID 444) (10.0.0.215, executor driver, partition 1, NODE_LOCAL, 4271 bytes) taskResourceAssignments Map()
2026-08-09 23:12:25,963 INFO executor.Executor: Finished task 1.0 in stage 73.0 (TID 442). 1413 bytes result sent to driver
2026-08-09 23:12:25,963 INFO executor.Executor: Running task 1.0 in stage 76.0 (TID 444)
2026-08-09 23:12:25,963 INFO scheduler.FairSchedulableBuilder: Added task set TaskSet_85.0 tasks to pool default
2026-08-09 23:12:25,963 INFO scheduler.TaskSetManager: Starting task 0.0 in stage 85.0 (TID 445) (10.0.0.215, executor driver, partition 0, NODE_LOCAL, 4271 bytes) taskResourceAssignments Map()
2026-08-09 23:12:25,963 INFO scheduler.DAGScheduler: ShuffleMapStage 81 (combineByKey at BinaryClassificationMetrics.scala:188) finished in 0.159 s
2026-08-09 23:12:25,964 INFO scheduler.DAGScheduler: looking for newly runnable stages
2026-08-09 23:12:25,964 INFO scheduler.TaskSetManager: Finished task 0.0 in stage 76.0 (TID 441) in 4 ms on 10.0.0.215 (executor driver) (1/2)
2026-08-09 23:12:25,964 INFO scheduler.DAGScheduler: running: Set(ShuffleMapStage 88, ResultStage 85, ResultStage 56, ResultStage 86, ShuffleMapStage 90, ResultStage 97, ResultStage 79, ResultStage 73, ResultStage 76, ShuffleMapStage 95, ShuffleMapStage 92)
2026-08-09 23:12:25,964 INFO scheduler.DAGScheduler: waiting: Set(ResultStage 96, ResultStage 82, ResultStage 89, ResultStage 93, ResultStage 91)
2026-08-09 23:12:25,964 INFO scheduler.DAGScheduler: failed: Set()
2026-08-09 23:12:25,964 INFO executor.Executor: Running task 0.0 in stage 85.0 (TID 445)
2026-08-09 23:12:25,964 INFO scheduler.DAGScheduler: Submitting ResultStage 82 (MapPartitionsRDD[139] at mapPartitions at BinaryClassificationMetrics.scala:237), which has no missing parents
2026-08-09 23:12:25,964 INFO scheduler.TaskSetManager: Starting task 0.0 in stage 86.0 (TID 446) (10.0.0.215, executor driver, partition 0, PROCESS_LOCAL, 5029 bytes) taskResourceAssignments Map()
2026-08-09 23:12:25,964 INFO storage.ShuffleBlockFetcherIterator: Getting 2 (702.0 B) non-empty blocks including 2 (702.0 B) local and 0 (0.0 B) host-local and 0 (0.0 B) push-merged-local and 0 (0.0 B) remote blocks
2026-08-09 23:12:25,964 INFO storage.ShuffleBlockFetcherIterator: Started 0 remote fetches in 0 ms
2026-08-09 23:12:25,965 INFO scheduler.TaskSetManager: Finished task 1.0 in stage 79.0 (TID 443) in 5 ms on 10.0.0.215 (executor driver) (2/2)
2026-08-09 23:12:25,965 INFO scheduler.TaskSchedulerImpl: Removed TaskSet 79.0, whose tasks have all completed, from pool default
2026-08-09 23:12:25,965 INFO executor.Executor: Running task 0.0 in stage 86.0 (TID 446)
2026-08-09 23:12:25,965 INFO scheduler.TaskSetManager: Finished task 1.0 in stage 73.0 (TID 442) in 5 ms on 10.0.0.215 (executor driver) (2/2)
2026-08-09 23:12:25,965 INFO scheduler.TaskSchedulerImpl: Removed TaskSet 73.0, whose tasks have all completed, from pool default
2026-08-09 23:12:25,965 INFO executor.Executor: Finished task 1.0 in stage 76.0 (TID 444). 1413 bytes result sent to driver
2026-08-09 23:12:25,965 INFO memory.MemoryStore: Block broadcast_100 stored as values in memory (estimated size 6.2 KiB, free 2.2 GiB)
2026-08-09 23:12:25,965 INFO scheduler.TaskSetManager: Starting task 0.0 in stage 88.0 (TID 447) (10.0.0.215, executor driver, partition 0, NODE_LOCAL, 4260 bytes) taskResourceAssignments Map()
2026-08-09 23:12:25,965 INFO memory.MemoryStore: Block rdd_96_0 stored as values in memory (estimated size 351.6 KiB, free 2.2 GiB)
2026-08-09 23:12:25,966 INFO scheduler.TaskSetManager: Finished task 1.0 in stage 76.0 (TID 444) in 3 ms on 10.0.0.215 (executor driver) (2/2)
2026-08-09 23:12:25,966 INFO storage.BlockManagerInfo: Added rdd_96_0 in memory on 10.0.0.215:64244 (size: 351.6 KiB, free: 2.2 GiB)
2026-08-09 23:12:25,966 INFO executor.Executor: Running task 0.0 in stage 88.0 (TID 447)
2026-08-09 23:12:25,966 INFO scheduler.TaskSchedulerImpl: Removed TaskSet 76.0, whose tasks have all completed, from pool default
2026-08-09 23:12:25,966 INFO storage.ShuffleBlockFetcherIterator: Getting 2 (580.0 B) non-empty blocks including 2 (580.0 B) local and 0 (0.0 B) host-local and 0 (0.0 B) push-merged-local and 0 (0.0 B) remote blocks
2026-08-09 23:12:25,966 INFO storage.ShuffleBlockFetcherIterator: Started 0 remote fetches in 0 ms
2026-08-09 23:12:25,967 INFO executor.Executor: Finished task 0.0 in stage 85.0 (TID 445). 1456 bytes result sent to driver
2026-08-09 23:12:25,967 INFO executor.Executor: Finished task 0.0 in stage 56.0 (TID 395). 1791 bytes result sent to driver
2026-08-09 23:12:25,967 INFO storage.ShuffleBlockFetcherIterator: Getting 1 (652.0 B) non-empty blocks including 1 (652.0 B) local and 0 (0.0 B) host-local and 0 (0.0 B) push-merged-local and 0 (0.0 B) remote blocks
2026-08-09 23:12:25,967 INFO storage.ShuffleBlockFetcherIterator: Started 0 remote fetches in 0 ms
2026-08-09 23:12:25,967 INFO scheduler.TaskSetManager: Starting task 1.0 in stage 85.0 (TID 448) (10.0.0.215, executor driver, partition 1, NODE_LOCAL, 4271 bytes) taskResourceAssignments Map()
2026-08-09 23:12:25,967 INFO memory.MemoryStore: Block broadcast_100_piece0 stored as bytes in memory (estimated size 3.4 KiB, free 2.2 GiB)
2026-08-09 23:12:25,968 INFO scheduler.TaskSetManager: Finished task 0.0 in stage 85.0 (TID 445) in 5 ms on 10.0.0.215 (executor driver) (1/2)
2026-08-09 23:12:25,968 INFO storage.BlockManagerInfo: Added broadcast_100_piece0 in memory on 10.0.0.215:64244 (size: 3.4 KiB, free: 2.2 GiB)
2026-08-09 23:12:25,968 INFO storage.BlockManager: Found block rdd_77_0 locally
2026-08-09 23:12:25,968 INFO scheduler.TaskSetManager: Starting task 1.0 in stage 56.0 (TID 449) (10.0.0.215, executor driver, partition 1, PROCESS_LOCAL, 5029 bytes) taskResourceAssignments Map()
2026-08-09 23:12:25,968 INFO executor.Executor: Running task 1.0 in stage 85.0 (TID 448)
2026-08-09 23:12:25,968 INFO spark.SparkContext: Created broadcast 100 from broadcast at DAGScheduler.scala:1513
2026-08-09 23:12:25,968 INFO scheduler.TaskSetManager: Finished task 0.0 in stage 56.0 (TID 395) in 328 ms on 10.0.0.215 (executor driver) (1/2)
2026-08-09 23:12:25,968 INFO executor.Executor: Running task 1.0 in stage 56.0 (TID 449)
2026-08-09 23:12:25,968 INFO scheduler.DAGScheduler: Submitting 2 missing tasks from ResultStage 82 (MapPartitionsRDD[139] at mapPartitions at BinaryClassificationMetrics.scala:237) (first 15 tasks are for partitions Vector(0, 1))
2026-08-09 23:12:25,968 INFO scheduler.TaskSchedulerImpl: Adding task set 82.0 with 2 tasks resource profile 0
2026-08-09 23:12:25,969 INFO scheduler.FairSchedulableBuilder: Added task set TaskSet_82.0 tasks to pool default
2026-08-09 23:12:25,969 INFO executor.Executor: Finished task 0.0 in stage 88.0 (TID 447). 1426 bytes result sent to driver
2026-08-09 23:12:25,969 INFO executor.Executor: Finished task 0.0 in stage 86.0 (TID 446). 1748 bytes result sent to driver
2026-08-09 23:12:25,969 INFO scheduler.DAGScheduler: ResultStage 79 (collect at BinaryClassificationMetrics.scala:237) finished in 0.018 s
2026-08-09 23:12:25,969 INFO scheduler.DAGScheduler: Job 54 is finished. Cancelling potential speculative or zombie tasks for this job
2026-08-09 23:12:25,969 INFO scheduler.TaskSetManager: Starting task 0.0 in stage 82.0 (TID 450) (10.0.0.215, executor driver, partition 0, NODE_LOCAL, 4271 bytes) taskResourceAssignments Map()
2026-08-09 23:12:25,969 INFO storage.ShuffleBlockFetcherIterator: Getting 2 (608.0 B) non-empty blocks including 2 (608.0 B) local and 0 (0.0 B) host-local and 0 (0.0 B) push-merged-local and 0 (0.0 B) remote blocks
2026-08-09 23:12:25,969 INFO storage.ShuffleBlockFetcherIterator: Started 0 remote fetches in 0 ms
2026-08-09 23:12:25,969 INFO scheduler.TaskSchedulerImpl: Killing all running tasks in stage 79: Stage finished
2026-08-09 23:12:25,969 INFO storage.BlockManager: Found block rdd_17_1 locally
2026-08-09 23:12:25,969 INFO scheduler.TaskSetManager: Finished task 0.0 in stage 88.0 (TID 447) in 4 ms on 10.0.0.215 (executor driver) (1/2)
2026-08-09 23:12:25,969 INFO scheduler.DAGScheduler: Job 54 finished: collect at BinaryClassificationMetrics.scala:237, took 0.191707 s
2026-08-09 23:12:25,970 INFO scheduler.DAGScheduler: ResultStage 73 (collect at BinaryClassificationMetrics.scala:237) finished in 0.062 s
2026-08-09 23:12:25,970 INFO scheduler.DAGScheduler: Job 52 is finished. Cancelling potential speculative or zombie tasks for this job
2026-08-09 23:12:25,970 INFO scheduler.TaskSetManager: Starting task 1.0 in stage 86.0 (TID 451) (10.0.0.215, executor driver, partition 1, PROCESS_LOCAL, 5029 bytes) taskResourceAssignments Map()
2026-08-09 23:12:25,970 INFO memory.MemoryStore: Block rdd_96_1 stored as values in memory (estimated size 16.0 B, free 2.2 GiB)
2026-08-09 23:12:25,970 INFO scheduler.TaskSchedulerImpl: Killing all running tasks in stage 73: Stage finished
2026-08-09 23:12:25,970 INFO executor.Executor: Finished task 1.0 in stage 85.0 (TID 448). 1413 bytes result sent to driver
2026-08-09 23:12:25,970 INFO executor.Executor: Running task 1.0 in stage 86.0 (TID 451)
2026-08-09 23:12:25,970 INFO scheduler.DAGScheduler: ResultStage 76 (collect at BinaryClassificationMetrics.scala:237) finished in 0.015 s
2026-08-09 23:12:25,970 INFO storage.BlockManagerInfo: Added rdd_96_1 in memory on 10.0.0.215:64244 (size: 16.0 B, free: 2.2 GiB)
2026-08-09 23:12:25,970 INFO scheduler.DAGScheduler: Job 53 is finished. Cancelling potential speculative or zombie tasks for this job
2026-08-09 23:12:25,970 INFO scheduler.TaskSetManager: Finished task 0.0 in stage 86.0 (TID 446) in 6 ms on 10.0.0.215 (executor driver) (1/2)
2026-08-09 23:12:25,970 INFO scheduler.DAGScheduler: Job 52 finished: collect at BinaryClassificationMetrics.scala:237, took 0.250287 s
2026-08-09 23:12:25,970 INFO scheduler.TaskSetManager: Starting task 1.0 in stage 88.0 (TID 452) (10.0.0.215, executor driver, partition 1, NODE_LOCAL, 4260 bytes) taskResourceAssignments Map()
2026-08-09 23:12:25,970 INFO evaluation.BinaryClassificationMetrics: Total counts: {numPos: 5174.0, numNeg: 4826.0}
2026-08-09 23:12:25,970 INFO scheduler.TaskSchedulerImpl: Killing all running tasks in stage 76: Stage finished
2026-08-09 23:12:25,971 INFO executor.Executor: Finished task 1.0 in stage 56.0 (TID 449). 1705 bytes result sent to driver
2026-08-09 23:12:25,971 INFO executor.Executor: Running task 1.0 in stage 88.0 (TID 452)
2026-08-09 23:12:25,969 INFO executor.Executor: Running task 0.0 in stage 82.0 (TID 450)
2026-08-09 23:12:25,971 INFO scheduler.TaskSetManager: Finished task 1.0 in stage 85.0 (TID 448) in 4 ms on 10.0.0.215 (executor driver) (2/2)
2026-08-09 23:12:25,971 INFO scheduler.DAGScheduler: Job 53 finished: collect at BinaryClassificationMetrics.scala:237, took 0.217570 s
2026-08-09 23:12:25,971 INFO evaluation.BinaryClassificationMetrics: Total counts: {numPos: 5174.0, numNeg: 4826.0}
2026-08-09 23:12:25,972 INFO storage.ShuffleBlockFetcherIterator: Getting 1 (490.0 B) non-empty blocks including 1 (490.0 B) local and 0 (0.0 B) host-local and 0 (0.0 B) push-merged-local and 0 (0.0 B) remote blocks
2026-08-09 23:12:25,972 INFO storage.ShuffleBlockFetcherIterator: Started 0 remote fetches in 0 ms
2026-08-09 23:12:25,972 INFO scheduler.TaskSchedulerImpl: Removed TaskSet 85.0, whose tasks have all completed, from pool default
2026-08-09 23:12:25,973 INFO scheduler.DAGScheduler: ResultStage 85 (collect at BinaryClassificationMetrics.scala:237) finished in 0.011 s
2026-08-09 23:12:25,973 INFO evaluation.BinaryClassificationMetrics: Total counts: {numPos: 5174.0, numNeg: 4826.0}
2026-08-09 23:12:25,973 INFO scheduler.DAGScheduler: Job 56 is finished. Cancelling potential speculative or zombie tasks for this job
2026-08-09 23:12:25,973 INFO scheduler.TaskSchedulerImpl: Killing all running tasks in stage 85: Stage finished
2026-08-09 23:12:25,973 INFO storage.BlockManager: Found block rdd_77_1 locally
2026-08-09 23:12:25,973 INFO executor.Executor: Finished task 1.0 in stage 86.0 (TID 451). 1662 bytes result sent to driver
2026-08-09 23:12:25,973 INFO scheduler.DAGScheduler: Job 56 finished: collect at BinaryClassificationMetrics.scala:237, took 0.132567 s
2026-08-09 23:12:25,973 INFO scheduler.TaskSetManager: Starting task 0.0 in stage 90.0 (TID 453) (10.0.0.215, executor driver, partition 0, PROCESS_LOCAL, 5018 bytes) taskResourceAssignments Map()
2026-08-09 23:12:25,973 INFO scheduler.TaskSetManager: Starting task 0.0 in stage 92.0 (TID 454) (10.0.0.215, executor driver, partition 0, PROCESS_LOCAL, 5018 bytes) taskResourceAssignments Map()
2026-08-09 23:12:25,974 INFO evaluation.BinaryClassificationMetrics: Total counts: {numPos: 5174.0, numNeg: 4826.0}
2026-08-09 23:12:25,974 INFO scheduler.TaskSetManager: Finished task 1.0 in stage 56.0 (TID 449) in 6 ms on 10.0.0.215 (executor driver) (2/2)
2026-08-09 23:12:25,974 INFO scheduler.TaskSchedulerImpl: Removed TaskSet 56.0, whose tasks have all completed, from pool default
2026-08-09 23:12:25,974 INFO executor.Executor: Running task 0.0 in stage 92.0 (TID 454)
2026-08-09 23:12:25,974 INFO scheduler.TaskSetManager: Finished task 1.0 in stage 86.0 (TID 451) in 4 ms on 10.0.0.215 (executor driver) (2/2)
2026-08-09 23:12:25,974 INFO scheduler.TaskSchedulerImpl: Removed TaskSet 86.0, whose tasks have all completed, from pool default
2026-08-09 23:12:25,974 INFO scheduler.DAGScheduler: ResultStage 56 (count at Metrics.scala:12) finished in 0.552 s
2026-08-09 23:12:25,974 INFO scheduler.DAGScheduler: Job 43 is finished. Cancelling potential speculative or zombie tasks for this job
2026-08-09 23:12:25,974 INFO scheduler.TaskSchedulerImpl: Killing all running tasks in stage 56: Stage finished
2026-08-09 23:12:25,974 INFO executor.Executor: Running task 0.0 in stage 90.0 (TID 453)
2026-08-09 23:12:25,974 INFO scheduler.DAGScheduler: ResultStage 86 (count at Metrics.scala:14) finished in 0.104 s
2026-08-09 23:12:25,975 INFO scheduler.DAGScheduler: Job 43 finished: count at Metrics.scala:12, took 0.553425 s
2026-08-09 23:12:25,975 INFO scheduler.DAGScheduler: Job 57 is finished. Cancelling potential speculative or zombie tasks for this job
2026-08-09 23:12:25,975 INFO scheduler.TaskSchedulerImpl: Killing all running tasks in stage 86: Stage finished
2026-08-09 23:12:25,974 INFO executor.Executor: Finished task 1.0 in stage 88.0 (TID 452). 1426 bytes result sent to driver
2026-08-09 23:12:25,976 INFO storage.BlockManager: Found block rdd_87_0 locally
2026-08-09 23:12:25,977 INFO storage.BlockManager: Found block rdd_75_0 locally
2026-08-09 23:12:25,978 INFO scheduler.DAGScheduler: Job 57 finished: count at Metrics.scala:14, took 0.110362 s
2026-08-09 23:12:25,978 INFO scheduler.TaskSetManager: Starting task 0.0 in stage 95.0 (TID 455) (10.0.0.215, executor driver, partition 0, NODE_LOCAL, 4260 bytes) taskResourceAssignments Map()
2026-08-09 23:12:25,979 INFO scheduler.TaskSetManager: Finished task 1.0 in stage 88.0 (TID 452) in 9 ms on 10.0.0.215 (executor driver) (2/2)
2026-08-09 23:12:25,979 INFO scheduler.TaskSchedulerImpl: Removed TaskSet 88.0, whose tasks have all completed, from pool default
2026-08-09 23:12:25,980 INFO executor.Executor: Running task 0.0 in stage 95.0 (TID 455)
2026-08-09 23:12:25,980 INFO scheduler.DAGScheduler: ShuffleMapStage 88 (combineByKey at BinaryClassificationMetrics.scala:188) finished in 0.096 s
2026-08-09 23:12:25,980 INFO scheduler.DAGScheduler: looking for newly runnable stages
2026-08-09 23:12:25,980 INFO scheduler.DAGScheduler: running: Set(ResultStage 82, ShuffleMapStage 90, ResultStage 97, ShuffleMapStage 95, ShuffleMapStage 92)
2026-08-09 23:12:25,980 INFO scheduler.DAGScheduler: waiting: Set(ResultStage 96, ResultStage 89, ResultStage 93, ResultStage 91)
2026-08-09 23:12:25,980 INFO scheduler.DAGScheduler: failed: Set()
2026-08-09 23:12:25,980 INFO scheduler.DAGScheduler: Submitting ResultStage 89 (MapPartitionsRDD[149] at mapPartitions at BinaryClassificationMetrics.scala:237), which has no missing parents
2026-08-09 23:12:25,982 INFO storage.ShuffleBlockFetcherIterator: Getting 1 (368.0 B) non-empty blocks including 1 (368.0 B) local and 0 (0.0 B) host-local and 0 (0.0 B) push-merged-local and 0 (0.0 B) remote blocks
2026-08-09 23:12:25,982 INFO storage.ShuffleBlockFetcherIterator: Started 0 remote fetches in 0 ms
2026-08-09 23:12:25,983 INFO spark.SparkContext: Starting job: count at Metrics.scala:14
2026-08-09 23:12:25,985 INFO memory.MemoryStore: Block broadcast_101 stored as values in memory (estimated size 6.2 KiB, free 2.2 GiB)
2026-08-09 23:12:25,987 INFO memory.MemoryStore: Block broadcast_101_piece0 stored as bytes in memory (estimated size 3.4 KiB, free 2.2 GiB)
2026-08-09 23:12:25,988 INFO storage.BlockManagerInfo: Added broadcast_101_piece0 in memory on 10.0.0.215:64244 (size: 3.4 KiB, free: 2.2 GiB)
2026-08-09 23:12:25,988 INFO executor.Executor: Finished task 0.0 in stage 92.0 (TID 454). 2033 bytes result sent to driver
2026-08-09 23:12:25,990 INFO executor.Executor: Finished task 0.0 in stage 95.0 (TID 455). 1469 bytes result sent to driver
2026-08-09 23:12:25,990 INFO spark.SparkContext: Starting job: collect at AreaUnderCurve.scala:44
2026-08-09 23:12:25,990 INFO spark.SparkContext: Created broadcast 101 from broadcast at DAGScheduler.scala:1513
2026-08-09 23:12:25,990 INFO scheduler.DAGScheduler: Submitting 2 missing tasks from ResultStage 89 (MapPartitionsRDD[149] at mapPartitions at BinaryClassificationMetrics.scala:237) (first 15 tasks are for partitions Vector(0, 1))
2026-08-09 23:12:25,990 INFO scheduler.TaskSchedulerImpl: Adding task set 89.0 with 2 tasks resource profile 0
2026-08-09 23:12:25,990 INFO spark.SparkContext: Starting job: sortByKey at BinaryClassificationMetrics.scala:189
2026-08-09 23:12:25,990 INFO scheduler.TaskSetManager: Starting task 1.0 in stage 92.0 (TID 456) (10.0.0.215, executor driver, partition 1, PROCESS_LOCAL, 5018 bytes) taskResourceAssignments Map()
2026-08-09 23:12:25,990 INFO scheduler.TaskSetManager: Starting task 1.0 in stage 95.0 (TID 457) (10.0.0.215, executor driver, partition 1, NODE_LOCAL, 4260 bytes) taskResourceAssignments Map()
2026-08-09 23:12:25,990 INFO executor.Executor: Running task 1.0 in stage 92.0 (TID 456)
2026-08-09 23:12:25,990 INFO scheduler.TaskSetManager: Finished task 0.0 in stage 95.0 (TID 455) in 12 ms on 10.0.0.215 (executor driver) (1/2)
2026-08-09 23:12:25,991 INFO executor.Executor: Running task 1.0 in stage 95.0 (TID 457)
2026-08-09 23:12:25,991 INFO scheduler.FairSchedulableBuilder: Added task set TaskSet_89.0 tasks to pool default
2026-08-09 23:12:25,990 INFO spark.SparkContext: Starting job: collect at AreaUnderCurve.scala:44
2026-08-09 23:12:25,991 INFO executor.Executor: Finished task 0.0 in stage 90.0 (TID 453). 2033 bytes result sent to driver
2026-08-09 23:12:25,991 INFO scheduler.TaskSetManager: Finished task 0.0 in stage 92.0 (TID 454) in 18 ms on 10.0.0.215 (executor driver) (1/2)
2026-08-09 23:12:25,991 INFO scheduler.DAGScheduler: Got job 63 (count at Metrics.scala:14) with 2 output partitions
2026-08-09 23:12:25,991 INFO scheduler.DAGScheduler: Final stage: ResultStage 98 (count at Metrics.scala:14)
2026-08-09 23:12:25,991 INFO scheduler.DAGScheduler: Parents of final stage: List()
2026-08-09 23:12:25,991 INFO scheduler.TaskSetManager: Starting task 0.0 in stage 89.0 (TID 458) (10.0.0.215, executor driver, partition 0, NODE_LOCAL, 4271 bytes) taskResourceAssignments Map()
2026-08-09 23:12:25,992 INFO executor.Executor: Running task 0.0 in stage 89.0 (TID 458)
2026-08-09 23:12:25,992 INFO scheduler.DAGScheduler: Missing parents: List()
2026-08-09 23:12:25,992 INFO storage.BlockManager: Found block rdd_87_1 locally
2026-08-09 23:12:25,993 INFO storage.ShuffleBlockFetcherIterator: Getting 1 (334.0 B) non-empty blocks including 1 (334.0 B) local and 0 (0.0 B) host-local and 0 (0.0 B) push-merged-local and 0 (0.0 B) remote blocks
2026-08-09 23:12:25,993 INFO storage.ShuffleBlockFetcherIterator: Started 0 remote fetches in 0 ms
2026-08-09 23:12:25,993 INFO scheduler.DAGScheduler: Submitting ResultStage 98 (MapPartitionsRDD[170] at filter at Metrics.scala:14), which has no missing parents
2026-08-09 23:12:25,993 INFO storage.ShuffleBlockFetcherIterator: Getting 2 (850.0 B) non-empty blocks including 2 (850.0 B) local and 0 (0.0 B) host-local and 0 (0.0 B) push-merged-local and 0 (0.0 B) remote blocks
2026-08-09 23:12:25,993 INFO storage.ShuffleBlockFetcherIterator: Started 0 remote fetches in 0 ms
2026-08-09 23:12:25,993 INFO scheduler.TaskSetManager: Finished task 0.0 in stage 90.0 (TID 453) in 20 ms on 10.0.0.215 (executor driver) (1/2)
2026-08-09 23:12:25,994 INFO spark.SparkContext: Starting job: collect at AreaUnderCurve.scala:44
2026-08-09 23:12:25,994 INFO memory.MemoryStore: Block broadcast_102 stored as values in memory (estimated size 38.5 KiB, free 2.2 GiB)
2026-08-09 23:12:25,994 INFO spark.SparkContext: Starting job: collect at AreaUnderCurve.scala:44
2026-08-09 23:12:25,994 INFO executor.Executor: Finished task 1.0 in stage 92.0 (TID 456). 1904 bytes result sent to driver
2026-08-09 23:12:25,995 INFO storage.ShuffleBlockFetcherIterator: Getting 2 (580.0 B) non-empty blocks including 2 (580.0 B) local and 0 (0.0 B) host-local and 0 (0.0 B) push-merged-local and 0 (0.0 B) remote blocks
2026-08-09 23:12:25,995 INFO executor.Executor: Finished task 0.0 in stage 89.0 (TID 458). 1413 bytes result sent to driver
2026-08-09 23:12:25,995 INFO storage.ShuffleBlockFetcherIterator: Started 0 remote fetches in 0 ms
2026-08-09 23:12:25,995 INFO scheduler.TaskSetManager: Starting task 1.0 in stage 90.0 (TID 459) (10.0.0.215, executor driver, partition 1, PROCESS_LOCAL, 5018 bytes) taskResourceAssignments Map()
2026-08-09 23:12:25,995 INFO memory.MemoryStore: Block broadcast_102_piece0 stored as bytes in memory (estimated size 12.1 KiB, free 2.2 GiB)
2026-08-09 23:12:25,995 INFO scheduler.TaskSetManager: Starting task 1.0 in stage 89.0 (TID 460) (10.0.0.215, executor driver, partition 1, NODE_LOCAL, 4271 bytes) taskResourceAssignments Map()
2026-08-09 23:12:25,995 INFO executor.Executor: Running task 1.0 in stage 90.0 (TID 459)
2026-08-09 23:12:25,995 INFO executor.Executor: Running task 1.0 in stage 89.0 (TID 460)
2026-08-09 23:12:25,995 INFO scheduler.TaskSetManager: Finished task 1.0 in stage 92.0 (TID 456) in 5 ms on 10.0.0.215 (executor driver) (2/2)
2026-08-09 23:12:25,995 INFO scheduler.TaskSchedulerImpl: Removed TaskSet 92.0, whose tasks have all completed, from pool default
2026-08-09 23:12:25,995 INFO storage.BlockManagerInfo: Added broadcast_102_piece0 in memory on 10.0.0.215:64244 (size: 12.1 KiB, free: 2.2 GiB)
2026-08-09 23:12:25,996 INFO scheduler.TaskSetManager: Finished task 0.0 in stage 89.0 (TID 458) in 5 ms on 10.0.0.215 (executor driver) (1/2)
2026-08-09 23:12:25,996 INFO executor.Executor: Finished task 0.0 in stage 82.0 (TID 450). 1456 bytes result sent to driver
2026-08-09 23:12:25,996 INFO spark.SparkContext: Created broadcast 102 from broadcast at DAGScheduler.scala:1513
2026-08-09 23:12:25,996 INFO scheduler.DAGScheduler: Submitting 2 missing tasks from ResultStage 98 (MapPartitionsRDD[170] at filter at Metrics.scala:14) (first 15 tasks are for partitions Vector(0, 1))
2026-08-09 23:12:25,996 INFO scheduler.TaskSchedulerImpl: Adding task set 98.0 with 2 tasks resource profile 0
2026-08-09 23:12:25,996 INFO executor.Executor: Finished task 1.0 in stage 95.0 (TID 457). 1426 bytes result sent to driver
2026-08-09 23:12:25,996 INFO scheduler.TaskSetManager: Starting task 1.0 in stage 82.0 (TID 461) (10.0.0.215, executor driver, partition 1, NODE_LOCAL, 4271 bytes) taskResourceAssignments Map()
2026-08-09 23:12:25,996 INFO executor.Executor: Running task 1.0 in stage 82.0 (TID 461)
2026-08-09 23:12:25,997 INFO storage.ShuffleBlockFetcherIterator: Getting 2 (895.0 B) non-empty blocks including 2 (895.0 B) local and 0 (0.0 B) host-local and 0 (0.0 B) push-merged-local and 0 (0.0 B) remote blocks
2026-08-09 23:12:25,997 INFO storage.ShuffleBlockFetcherIterator: Started 0 remote fetches in 0 ms
2026-08-09 23:12:25,997 INFO storage.BlockManager: Found block rdd_75_1 locally
2026-08-09 23:12:25,997 INFO scheduler.FairSchedulableBuilder: Added task set TaskSet_98.0 tasks to pool default
2026-08-09 23:12:25,997 INFO scheduler.TaskSetManager: Finished task 0.0 in stage 82.0 (TID 450) in 28 ms on 10.0.0.215 (executor driver) (1/2)
2026-08-09 23:12:25,997 INFO storage.ShuffleBlockFetcherIterator: Getting 2 (608.0 B) non-empty blocks including 2 (608.0 B) local and 0 (0.0 B) host-local and 0 (0.0 B) push-merged-local and 0 (0.0 B) remote blocks
2026-08-09 23:12:25,997 INFO executor.Executor: Finished task 1.0 in stage 89.0 (TID 460). 1413 bytes result sent to driver
2026-08-09 23:12:25,997 INFO storage.ShuffleBlockFetcherIterator: Started 0 remote fetches in 0 ms
2026-08-09 23:12:25,997 INFO scheduler.DAGScheduler: Got job 64 (collect at AreaUnderCurve.scala:44) with 2 output partitions
2026-08-09 23:12:25,997 INFO scheduler.DAGScheduler: Final stage: ResultStage 101 (collect at AreaUnderCurve.scala:44)
2026-08-09 23:12:25,997 INFO scheduler.DAGScheduler: Parents of final stage: List(ShuffleMapStage 100)
2026-08-09 23:12:25,997 INFO scheduler.TaskSetManager: Starting task 0.0 in stage 97.0 (TID 462) (10.0.0.215, executor driver, partition 0, PROCESS_LOCAL, 5029 bytes) taskResourceAssignments Map()
2026-08-09 23:12:25,998 INFO executor.Executor: Running task 0.0 in stage 97.0 (TID 462)
2026-08-09 23:12:25,998 INFO scheduler.TaskSetManager: Starting task 0.0 in stage 98.0 (TID 463) (10.0.0.215, executor driver, partition 0, PROCESS_LOCAL, 5029 bytes) taskResourceAssignments Map()
2026-08-09 23:12:25,998 INFO executor.Executor: Finished task 1.0 in stage 90.0 (TID 459). 1904 bytes result sent to driver
2026-08-09 23:12:25,998 INFO scheduler.TaskSetManager: Finished task 1.0 in stage 95.0 (TID 457) in 8 ms on 10.0.0.215 (executor driver) (2/2)
2026-08-09 23:12:25,998 INFO scheduler.DAGScheduler: Missing parents: List()
2026-08-09 23:12:25,998 INFO executor.Executor: Running task 0.0 in stage 98.0 (TID 463)
2026-08-09 23:12:25,998 INFO executor.Executor: Finished task 1.0 in stage 82.0 (TID 461). 1370 bytes result sent to driver
2026-08-09 23:12:25,998 INFO scheduler.DAGScheduler: Submitting ResultStage 101 (MapPartitionsRDD[185] at mapPartitions at AreaUnderCurve.scala:44), which has no missing parents
2026-08-09 23:12:25,998 INFO scheduler.TaskSchedulerImpl: Removed TaskSet 95.0, whose tasks have all completed, from pool default
2026-08-09 23:12:25,998 INFO scheduler.TaskSetManager: Starting task 1.0 in stage 97.0 (TID 464) (10.0.0.215, executor driver, partition 1, PROCESS_LOCAL, 5029 bytes) taskResourceAssignments Map()
2026-08-09 23:12:25,998 INFO scheduler.TaskSetManager: Finished task 1.0 in stage 89.0 (TID 460) in 3 ms on 10.0.0.215 (executor driver) (2/2)
2026-08-09 23:12:25,998 INFO scheduler.TaskSchedulerImpl: Removed TaskSet 89.0, whose tasks have all completed, from pool default
2026-08-09 23:12:25,999 INFO scheduler.TaskSetManager: Finished task 1.0 in stage 90.0 (TID 459) in 3 ms on 10.0.0.215 (executor driver) (2/2)
2026-08-09 23:12:25,999 INFO executor.Executor: Running task 1.0 in stage 97.0 (TID 464)
2026-08-09 23:12:25,999 INFO scheduler.TaskSchedulerImpl: Removed TaskSet 90.0, whose tasks have all completed, from pool default
2026-08-09 23:12:25,998 INFO memory.MemoryStore: Block broadcast_103 stored as values in memory (estimated size 7.8 KiB, free 2.2 GiB)
2026-08-09 23:12:26,000 INFO storage.BlockManager: Found block rdd_80_0 locally
2026-08-09 23:12:26,000 INFO storage.BlockManager: Found block rdd_96_0 locally
2026-08-09 23:12:26,000 INFO scheduler.TaskSetManager: Starting task 1.0 in stage 98.0 (TID 465) (10.0.0.215, executor driver, partition 1, PROCESS_LOCAL, 5029 bytes) taskResourceAssignments Map()
2026-08-09 23:12:26,000 INFO executor.Executor: Running task 1.0 in stage 98.0 (TID 465)
2026-08-09 23:12:26,000 INFO scheduler.TaskSetManager: Finished task 1.0 in stage 82.0 (TID 461) in 4 ms on 10.0.0.215 (executor driver) (2/2)
2026-08-09 23:12:26,000 INFO scheduler.TaskSchedulerImpl: Removed TaskSet 82.0, whose tasks have all completed, from pool default
2026-08-09 23:12:26,001 INFO memory.MemoryStore: Block broadcast_103_piece0 stored as bytes in memory (estimated size 3.8 KiB, free 2.2 GiB)
2026-08-09 23:12:26,001 INFO storage.BlockManagerInfo: Added broadcast_103_piece0 in memory on 10.0.0.215:64244 (size: 3.8 KiB, free: 2.2 GiB)
2026-08-09 23:12:26,001 INFO spark.SparkContext: Created broadcast 103 from broadcast at DAGScheduler.scala:1513
2026-08-09 23:12:26,001 INFO storage.BlockManager: Found block rdd_80_1 locally
2026-08-09 23:12:26,001 INFO scheduler.DAGScheduler: Submitting 2 missing tasks from ResultStage 101 (MapPartitionsRDD[185] at mapPartitions at AreaUnderCurve.scala:44) (first 15 tasks are for partitions Vector(0, 1))
2026-08-09 23:12:26,001 INFO scheduler.TaskSchedulerImpl: Adding task set 101.0 with 2 tasks resource profile 0
2026-08-09 23:12:26,002 INFO executor.Executor: Finished task 1.0 in stage 97.0 (TID 464). 1662 bytes result sent to driver
2026-08-09 23:12:26,002 INFO scheduler.FairSchedulableBuilder: Added task set TaskSet_101.0 tasks to pool default
2026-08-09 23:12:26,002 INFO storage.BlockManager: Found block rdd_96_1 locally
2026-08-09 23:12:26,003 INFO scheduler.TaskSetManager: Starting task 0.0 in stage 101.0 (TID 466) (10.0.0.215, executor driver, partition 0, NODE_LOCAL, 4271 bytes) taskResourceAssignments Map()
2026-08-09 23:12:26,003 INFO executor.Executor: Finished task 1.0 in stage 98.0 (TID 465). 1662 bytes result sent to driver
2026-08-09 23:12:26,003 INFO executor.Executor: Finished task 0.0 in stage 97.0 (TID 462). 1748 bytes result sent to driver
2026-08-09 23:12:26,003 INFO scheduler.DAGScheduler: Registering RDD 176 (map at BinaryClassificationMetrics.scala:48) as input to shuffle 28
2026-08-09 23:12:26,003 INFO scheduler.TaskSetManager: Starting task 1.0 in stage 101.0 (TID 467) (10.0.0.215, executor driver, partition 1, NODE_LOCAL, 4271 bytes) taskResourceAssignments Map()
2026-08-09 23:12:26,003 INFO scheduler.DAGScheduler: Got job 65 (sortByKey at BinaryClassificationMetrics.scala:189) with 2 output partitions
2026-08-09 23:12:26,003 INFO scheduler.DAGScheduler: Final stage: ResultStage 103 (sortByKey at BinaryClassificationMetrics.scala:189)
2026-08-09 23:12:26,003 INFO scheduler.DAGScheduler: Parents of final stage: List(ShuffleMapStage 102)
2026-08-09 23:12:26,003 INFO scheduler.DAGScheduler: Missing parents: List(ShuffleMapStage 102)
2026-08-09 23:12:26,003 INFO executor.Executor: Running task 0.0 in stage 101.0 (TID 466)
2026-08-09 23:12:26,003 INFO executor.Executor: Running task 1.0 in stage 101.0 (TID 467)
2026-08-09 23:12:26,004 INFO scheduler.TaskSetManager: Finished task 1.0 in stage 98.0 (TID 465) in 4 ms on 10.0.0.215 (executor driver) (1/2)
2026-08-09 23:12:26,004 INFO scheduler.TaskSetManager: Finished task 0.0 in stage 97.0 (TID 462) in 7 ms on 10.0.0.215 (executor driver) (1/2)
2026-08-09 23:12:26,004 INFO scheduler.TaskSetManager: Finished task 1.0 in stage 97.0 (TID 464) in 6 ms on 10.0.0.215 (executor driver) (2/2)
2026-08-09 23:12:26,004 INFO scheduler.TaskSchedulerImpl: Removed TaskSet 97.0, whose tasks have all completed, from pool default
2026-08-09 23:12:26,005 INFO executor.Executor: Finished task 0.0 in stage 98.0 (TID 463). 1748 bytes result sent to driver
2026-08-09 23:12:26,005 INFO scheduler.DAGScheduler: Submitting ShuffleMapStage 102 (MapPartitionsRDD[176] at map at BinaryClassificationMetrics.scala:48), which has no missing parents
2026-08-09 23:12:26,005 INFO scheduler.TaskSetManager: Finished task 0.0 in stage 98.0 (TID 463) in 7 ms on 10.0.0.215 (executor driver) (2/2)
2026-08-09 23:12:26,005 INFO scheduler.TaskSchedulerImpl: Removed TaskSet 98.0, whose tasks have all completed, from pool default
2026-08-09 23:12:26,007 INFO memory.MemoryStore: Block broadcast_104 stored as values in memory (estimated size 40.1 KiB, free 2.2 GiB)
2026-08-09 23:12:26,011 INFO memory.MemoryStore: Block broadcast_104_piece0 stored as bytes in memory (estimated size 12.7 KiB, free 2.2 GiB)
2026-08-09 23:12:26,011 INFO storage.BlockManagerInfo: Added broadcast_104_piece0 in memory on 10.0.0.215:64244 (size: 12.7 KiB, free: 2.2 GiB)
2026-08-09 23:12:26,011 INFO storage.ShuffleBlockFetcherIterator: Getting 2 (702.0 B) non-empty blocks including 2 (702.0 B) local and 0 (0.0 B) host-local and 0 (0.0 B) push-merged-local and 0 (0.0 B) remote blocks
2026-08-09 23:12:26,011 INFO storage.ShuffleBlockFetcherIterator: Started 0 remote fetches in 0 ms
2026-08-09 23:12:26,011 INFO spark.SparkContext: Created broadcast 104 from broadcast at DAGScheduler.scala:1513
2026-08-09 23:12:26,011 INFO storage.ShuffleBlockFetcherIterator: Getting 2 (702.0 B) non-empty blocks including 2 (702.0 B) local and 0 (0.0 B) host-local and 0 (0.0 B) push-merged-local and 0 (0.0 B) remote blocks
2026-08-09 23:12:26,012 INFO storage.ShuffleBlockFetcherIterator: Started 0 remote fetches in 0 ms
2026-08-09 23:12:26,012 INFO scheduler.DAGScheduler: Submitting 2 missing tasks from ShuffleMapStage 102 (MapPartitionsRDD[176] at map at BinaryClassificationMetrics.scala:48) (first 15 tasks are for partitions Vector(0, 1))
2026-08-09 23:12:26,012 INFO scheduler.TaskSchedulerImpl: Adding task set 102.0 with 2 tasks resource profile 0
2026-08-09 23:12:26,012 INFO scheduler.FairSchedulableBuilder: Added task set TaskSet_102.0 tasks to pool default
2026-08-09 23:12:26,012 INFO scheduler.TaskSetManager: Starting task 0.0 in stage 102.0 (TID 468) (10.0.0.215, executor driver, partition 0, PROCESS_LOCAL, 5018 bytes) taskResourceAssignments Map()
2026-08-09 23:12:26,012 INFO scheduler.DAGScheduler: Got job 66 (collect at AreaUnderCurve.scala:44) with 2 output partitions
2026-08-09 23:12:26,013 INFO scheduler.DAGScheduler: Final stage: ResultStage 106 (collect at AreaUnderCurve.scala:44)
2026-08-09 23:12:26,013 INFO scheduler.DAGScheduler: Parents of final stage: List(ShuffleMapStage 105)
2026-08-09 23:12:26,013 INFO scheduler.TaskSetManager: Starting task 1.0 in stage 102.0 (TID 469) (10.0.0.215, executor driver, partition 1, PROCESS_LOCAL, 5018 bytes) taskResourceAssignments Map()
2026-08-09 23:12:26,013 INFO memory.MemoryStore: Block rdd_163_1 stored as values in memory (estimated size 944.0 B, free 2.2 GiB)
2026-08-09 23:12:26,013 INFO memory.MemoryStore: Block rdd_163_0 stored as values in memory (estimated size 856.0 B, free 2.2 GiB)
2026-08-09 23:12:26,013 INFO scheduler.DAGScheduler: Missing parents: List()
2026-08-09 23:12:26,013 INFO storage.BlockManagerInfo: Added rdd_163_1 in memory on 10.0.0.215:64244 (size: 944.0 B, free: 2.2 GiB)
2026-08-09 23:12:26,013 INFO executor.Executor: Running task 0.0 in stage 102.0 (TID 468)
2026-08-09 23:12:26,013 INFO storage.BlockManagerInfo: Added rdd_163_0 in memory on 10.0.0.215:64244 (size: 856.0 B, free: 2.2 GiB)
2026-08-09 23:12:26,014 INFO scheduler.DAGScheduler: Submitting ResultStage 106 (MapPartitionsRDD[179] at mapPartitions at AreaUnderCurve.scala:44), which has no missing parents
2026-08-09 23:12:26,014 INFO executor.Executor: Running task 1.0 in stage 102.0 (TID 469)
2026-08-09 23:12:26,016 INFO memory.MemoryStore: Block broadcast_105 stored as values in memory (estimated size 7.8 KiB, free 2.2 GiB)
2026-08-09 23:12:26,016 INFO storage.BlockManager: Found block rdd_77_1 locally
2026-08-09 23:12:26,018 INFO storage.BlockManager: Found block rdd_77_0 locally
2026-08-09 23:12:26,018 INFO memory.MemoryStore: Block broadcast_105_piece0 stored as bytes in memory (estimated size 3.8 KiB, free 2.2 GiB)
2026-08-09 23:12:26,018 INFO storage.BlockManagerInfo: Added broadcast_105_piece0 in memory on 10.0.0.215:64244 (size: 3.8 KiB, free: 2.2 GiB)
2026-08-09 23:12:26,018 INFO spark.SparkContext: Created broadcast 105 from broadcast at DAGScheduler.scala:1513
2026-08-09 23:12:26,018 INFO scheduler.DAGScheduler: Submitting 2 missing tasks from ResultStage 106 (MapPartitionsRDD[179] at mapPartitions at AreaUnderCurve.scala:44) (first 15 tasks are for partitions Vector(0, 1))
2026-08-09 23:12:26,018 INFO scheduler.TaskSchedulerImpl: Adding task set 106.0 with 2 tasks resource profile 0
2026-08-09 23:12:26,019 INFO scheduler.FairSchedulableBuilder: Added task set TaskSet_106.0 tasks to pool default
2026-08-09 23:12:26,019 INFO scheduler.DAGScheduler: Got job 67 (collect at AreaUnderCurve.scala:44) with 2 output partitions
2026-08-09 23:12:26,019 INFO scheduler.DAGScheduler: Final stage: ResultStage 109 (collect at AreaUnderCurve.scala:44)
2026-08-09 23:12:26,019 INFO scheduler.DAGScheduler: Parents of final stage: List(ShuffleMapStage 108)
2026-08-09 23:12:26,020 INFO scheduler.DAGScheduler: Missing parents: List()
2026-08-09 23:12:26,020 INFO scheduler.DAGScheduler: Submitting ResultStage 109 (MapPartitionsRDD[180] at mapPartitions at AreaUnderCurve.scala:44), which has no missing parents
2026-08-09 23:12:26,020 INFO executor.Executor: Finished task 1.0 in stage 102.0 (TID 469). 1904 bytes result sent to driver
2026-08-09 23:12:26,020 INFO executor.Executor: Finished task 1.0 in stage 101.0 (TID 467). 1532 bytes result sent to driver
2026-08-09 23:12:26,021 INFO scheduler.TaskSetManager: Starting task 0.0 in stage 106.0 (TID 470) (10.0.0.215, executor driver, partition 0, NODE_LOCAL, 4271 bytes) taskResourceAssignments Map()
2026-08-09 23:12:26,021 INFO executor.Executor: Running task 0.0 in stage 106.0 (TID 470)
2026-08-09 23:12:26,021 INFO scheduler.TaskSetManager: Starting task 1.0 in stage 106.0 (TID 471) (10.0.0.215, executor driver, partition 1, NODE_LOCAL, 4271 bytes) taskResourceAssignments Map()
2026-08-09 23:12:26,021 INFO executor.Executor: Finished task 0.0 in stage 101.0 (TID 466). 1532 bytes result sent to driver
2026-08-09 23:12:26,021 INFO scheduler.TaskSetManager: Finished task 1.0 in stage 102.0 (TID 469) in 9 ms on 10.0.0.215 (executor driver) (1/2)
2026-08-09 23:12:26,021 INFO scheduler.TaskSetManager: Finished task 1.0 in stage 101.0 (TID 467) in 18 ms on 10.0.0.215 (executor driver) (1/2)
2026-08-09 23:12:26,021 INFO executor.Executor: Running task 1.0 in stage 106.0 (TID 471)
2026-08-09 23:12:26,022 INFO scheduler.TaskSetManager: Finished task 0.0 in stage 101.0 (TID 466) in 20 ms on 10.0.0.215 (executor driver) (2/2)
2026-08-09 23:12:26,022 INFO memory.MemoryStore: Block broadcast_106 stored as values in memory (estimated size 7.8 KiB, free 2.2 GiB)
2026-08-09 23:12:26,022 INFO scheduler.TaskSchedulerImpl: Removed TaskSet 101.0, whose tasks have all completed, from pool default
2026-08-09 23:12:26,022 INFO storage.ShuffleBlockFetcherIterator: Getting 2 (895.0 B) non-empty blocks including 2 (895.0 B) local and 0 (0.0 B) host-local and 0 (0.0 B) push-merged-local and 0 (0.0 B) remote blocks
2026-08-09 23:12:26,023 INFO storage.ShuffleBlockFetcherIterator: Started 0 remote fetches in 0 ms
2026-08-09 23:12:26,023 INFO storage.ShuffleBlockFetcherIterator: Getting 2 (850.0 B) non-empty blocks including 2 (850.0 B) local and 0 (0.0 B) host-local and 0 (0.0 B) push-merged-local and 0 (0.0 B) remote blocks
2026-08-09 23:12:26,023 INFO storage.ShuffleBlockFetcherIterator: Started 0 remote fetches in 0 ms
2026-08-09 23:12:26,023 INFO memory.MemoryStore: Block broadcast_106_piece0 stored as bytes in memory (estimated size 3.8 KiB, free 2.2 GiB)
2026-08-09 23:12:26,023 INFO storage.BlockManagerInfo: Added broadcast_106_piece0 in memory on 10.0.0.215:64244 (size: 3.8 KiB, free: 2.2 GiB)
2026-08-09 23:12:26,024 INFO spark.SparkContext: Created broadcast 106 from broadcast at DAGScheduler.scala:1513
2026-08-09 23:12:26,024 INFO memory.MemoryStore: Block rdd_164_0 stored as values in memory (estimated size 1696.0 B, free 2.2 GiB)
2026-08-09 23:12:26,024 INFO scheduler.DAGScheduler: Submitting 2 missing tasks from ResultStage 109 (MapPartitionsRDD[180] at mapPartitions at AreaUnderCurve.scala:44) (first 15 tasks are for partitions Vector(0, 1))
2026-08-09 23:12:26,024 INFO scheduler.TaskSchedulerImpl: Adding task set 109.0 with 2 tasks resource profile 0
2026-08-09 23:12:26,024 INFO storage.BlockManagerInfo: Added rdd_164_0 in memory on 10.0.0.215:64244 (size: 1696.0 B, free: 2.2 GiB)
2026-08-09 23:12:26,024 INFO scheduler.FairSchedulableBuilder: Added task set TaskSet_109.0 tasks to pool default
2026-08-09 23:12:26,024 INFO scheduler.TaskSetManager: Starting task 0.0 in stage 109.0 (TID 472) (10.0.0.215, executor driver, partition 0, NODE_LOCAL, 4271 bytes) taskResourceAssignments Map()
2026-08-09 23:12:26,025 INFO executor.Executor: Running task 0.0 in stage 109.0 (TID 472)
2026-08-09 23:12:26,025 INFO scheduler.DAGScheduler: Got job 68 (collect at AreaUnderCurve.scala:44) with 2 output partitions
2026-08-09 23:12:26,025 INFO scheduler.DAGScheduler: Final stage: ResultStage 112 (collect at AreaUnderCurve.scala:44)
2026-08-09 23:12:26,025 INFO scheduler.DAGScheduler: Parents of final stage: List(ShuffleMapStage 111)
2026-08-09 23:12:26,025 INFO memory.MemoryStore: Block rdd_164_1 stored as values in memory (estimated size 1784.0 B, free 2.2 GiB)
2026-08-09 23:12:26,025 INFO storage.BlockManagerInfo: Added rdd_164_1 in memory on 10.0.0.215:64244 (size: 1784.0 B, free: 2.2 GiB)
2026-08-09 23:12:26,025 INFO scheduler.DAGScheduler: Missing parents: List()
2026-08-09 23:12:26,025 INFO scheduler.DAGScheduler: Submitting ResultStage 112 (MapPartitionsRDD[186] at mapPartitions at AreaUnderCurve.scala:44), which has no missing parents
2026-08-09 23:12:26,025 INFO executor.Executor: Finished task 0.0 in stage 106.0 (TID 470). 1489 bytes result sent to driver
2026-08-09 23:12:26,025 INFO executor.Executor: Finished task 1.0 in stage 106.0 (TID 471). 1489 bytes result sent to driver
2026-08-09 23:12:26,026 INFO scheduler.TaskSetManager: Starting task 1.0 in stage 109.0 (TID 473) (10.0.0.215, executor driver, partition 1, NODE_LOCAL, 4271 bytes) taskResourceAssignments Map()
2026-08-09 23:12:26,026 INFO memory.MemoryStore: Block broadcast_107 stored as values in memory (estimated size 7.8 KiB, free 2.2 GiB)
2026-08-09 23:12:26,026 INFO scheduler.TaskSetManager: Finished task 0.0 in stage 106.0 (TID 470) in 5 ms on 10.0.0.215 (executor driver) (1/2)
2026-08-09 23:12:26,026 INFO executor.Executor: Running task 1.0 in stage 109.0 (TID 473)
2026-08-09 23:12:26,026 INFO scheduler.TaskSetManager: Finished task 1.0 in stage 106.0 (TID 471) in 5 ms on 10.0.0.215 (executor driver) (2/2)
2026-08-09 23:12:26,026 INFO scheduler.TaskSchedulerImpl: Removed TaskSet 106.0, whose tasks have all completed, from pool default
2026-08-09 23:12:26,026 INFO storage.ShuffleBlockFetcherIterator: Getting 2 (702.0 B) non-empty blocks including 2 (702.0 B) local and 0 (0.0 B) host-local and 0 (0.0 B) push-merged-local and 0 (0.0 B) remote blocks
2026-08-09 23:12:26,026 INFO storage.ShuffleBlockFetcherIterator: Started 0 remote fetches in 0 ms
2026-08-09 23:12:26,026 INFO executor.Executor: Finished task 0.0 in stage 102.0 (TID 468). 2033 bytes result sent to driver
2026-08-09 23:12:26,027 INFO scheduler.TaskSetManager: Finished task 0.0 in stage 102.0 (TID 468) in 15 ms on 10.0.0.215 (executor driver) (2/2)
2026-08-09 23:12:26,027 INFO scheduler.TaskSchedulerImpl: Removed TaskSet 102.0, whose tasks have all completed, from pool default
2026-08-09 23:12:26,027 INFO memory.MemoryStore: Block broadcast_107_piece0 stored as bytes in memory (estimated size 3.8 KiB, free 2.2 GiB)
2026-08-09 23:12:26,027 INFO storage.BlockManagerInfo: Added broadcast_107_piece0 in memory on 10.0.0.215:64244 (size: 3.8 KiB, free: 2.2 GiB)
2026-08-09 23:12:26,027 INFO memory.MemoryStore: Block rdd_161_0 stored as values in memory (estimated size 856.0 B, free 2.2 GiB)
2026-08-09 23:12:26,027 INFO spark.SparkContext: Created broadcast 107 from broadcast at DAGScheduler.scala:1513
2026-08-09 23:12:26,027 INFO storage.BlockManagerInfo: Added rdd_161_0 in memory on 10.0.0.215:64244 (size: 856.0 B, free: 2.2 GiB)
2026-08-09 23:12:26,027 INFO scheduler.DAGScheduler: Submitting 2 missing tasks from ResultStage 112 (MapPartitionsRDD[186] at mapPartitions at AreaUnderCurve.scala:44) (first 15 tasks are for partitions Vector(0, 1))
2026-08-09 23:12:26,027 INFO scheduler.TaskSchedulerImpl: Adding task set 112.0 with 2 tasks resource profile 0
2026-08-09 23:12:26,028 INFO storage.ShuffleBlockFetcherIterator: Getting 2 (702.0 B) non-empty blocks including 2 (702.0 B) local and 0 (0.0 B) host-local and 0 (0.0 B) push-merged-local and 0 (0.0 B) remote blocks
2026-08-09 23:12:26,028 INFO storage.ShuffleBlockFetcherIterator: Started 0 remote fetches in 0 ms
2026-08-09 23:12:26,028 INFO scheduler.FairSchedulableBuilder: Added task set TaskSet_112.0 tasks to pool default
2026-08-09 23:12:26,028 INFO executor.Executor: Finished task 0.0 in stage 109.0 (TID 472). 1489 bytes result sent to driver
2026-08-09 23:12:26,028 INFO scheduler.DAGScheduler: ShuffleMapStage 92 (map at BinaryClassificationMetrics.scala:48) finished in 0.109 s
2026-08-09 23:12:26,028 INFO scheduler.DAGScheduler: looking for newly runnable stages
2026-08-09 23:12:26,028 INFO scheduler.DAGScheduler: running: Set(ShuffleMapStage 102, ResultStage 82, ResultStage 89, ResultStage 101, ShuffleMapStage 90, ResultStage 97, ResultStage 112, ResultStage 109, ResultStage 106, ResultStage 98, ShuffleMapStage 95)
2026-08-09 23:12:26,028 INFO scheduler.DAGScheduler: waiting: Set(ResultStage 96, ResultStage 103, ResultStage 93, ResultStage 91)
2026-08-09 23:12:26,028 INFO scheduler.DAGScheduler: failed: Set()
2026-08-09 23:12:26,028 INFO memory.MemoryStore: Block rdd_161_1 stored as values in memory (estimated size 944.0 B, free 2.2 GiB)
2026-08-09 23:12:26,028 INFO scheduler.DAGScheduler: Submitting ResultStage 93 (MapPartitionsRDD[156] at sortByKey at BinaryClassificationMetrics.scala:189), which has no missing parents
2026-08-09 23:12:26,028 INFO scheduler.TaskSetManager: Starting task 0.0 in stage 112.0 (TID 474) (10.0.0.215, executor driver, partition 0, NODE_LOCAL, 4271 bytes) taskResourceAssignments Map()
2026-08-09 23:12:26,028 INFO storage.BlockManagerInfo: Added rdd_161_1 in memory on 10.0.0.215:64244 (size: 944.0 B, free: 2.2 GiB)
2026-08-09 23:12:26,028 INFO scheduler.TaskSetManager: Starting task 1.0 in stage 112.0 (TID 475) (10.0.0.215, executor driver, partition 1, NODE_LOCAL, 4271 bytes) taskResourceAssignments Map()
2026-08-09 23:12:26,028 INFO executor.Executor: Running task 1.0 in stage 112.0 (TID 475)
2026-08-09 23:12:26,028 INFO executor.Executor: Running task 0.0 in stage 112.0 (TID 474)
2026-08-09 23:12:26,028 INFO memory.MemoryStore: Block broadcast_108 stored as values in memory (estimated size 6.7 KiB, free 2.2 GiB)
2026-08-09 23:12:26,029 INFO scheduler.TaskSetManager: Finished task 0.0 in stage 109.0 (TID 472) in 5 ms on 10.0.0.215 (executor driver) (1/2)
2026-08-09 23:12:26,029 INFO executor.Executor: Finished task 1.0 in stage 109.0 (TID 473). 1489 bytes result sent to driver
2026-08-09 23:12:26,029 INFO scheduler.TaskSetManager: Finished task 1.0 in stage 109.0 (TID 473) in 4 ms on 10.0.0.215 (executor driver) (2/2)
2026-08-09 23:12:26,029 INFO scheduler.TaskSchedulerImpl: Removed TaskSet 109.0, whose tasks have all completed, from pool default
2026-08-09 23:12:26,030 INFO memory.MemoryStore: Block broadcast_108_piece0 stored as bytes in memory (estimated size 3.4 KiB, free 2.2 GiB)
2026-08-09 23:12:26,030 INFO storage.ShuffleBlockFetcherIterator: Getting 2 (608.0 B) non-empty blocks including 2 (608.0 B) local and 0 (0.0 B) host-local and 0 (0.0 B) push-merged-local and 0 (0.0 B) remote blocks
2026-08-09 23:12:26,030 INFO storage.BlockManagerInfo: Added broadcast_108_piece0 in memory on 10.0.0.215:64244 (size: 3.4 KiB, free: 2.2 GiB)
2026-08-09 23:12:26,030 INFO storage.ShuffleBlockFetcherIterator: Started 0 remote fetches in 0 ms
2026-08-09 23:12:26,030 INFO spark.SparkContext: Created broadcast 108 from broadcast at DAGScheduler.scala:1513
2026-08-09 23:12:26,030 INFO storage.ShuffleBlockFetcherIterator: Getting 2 (580.0 B) non-empty blocks including 2 (580.0 B) local and 0 (0.0 B) host-local and 0 (0.0 B) push-merged-local and 0 (0.0 B) remote blocks
2026-08-09 23:12:26,030 INFO storage.ShuffleBlockFetcherIterator: Started 0 remote fetches in 0 ms
2026-08-09 23:12:26,030 INFO scheduler.DAGScheduler: Submitting 2 missing tasks from ResultStage 93 (MapPartitionsRDD[156] at sortByKey at BinaryClassificationMetrics.scala:189) (first 15 tasks are for partitions Vector(0, 1))
2026-08-09 23:12:26,030 INFO scheduler.TaskSchedulerImpl: Adding task set 93.0 with 2 tasks resource profile 0
2026-08-09 23:12:26,030 INFO memory.MemoryStore: Block rdd_165_1 stored as values in memory (estimated size 520.0 B, free 2.2 GiB)
2026-08-09 23:12:26,030 INFO storage.BlockManagerInfo: Added rdd_165_1 in memory on 10.0.0.215:64244 (size: 520.0 B, free: 2.2 GiB)
2026-08-09 23:12:26,030 INFO scheduler.FairSchedulableBuilder: Added task set TaskSet_93.0 tasks to pool default
2026-08-09 23:12:26,031 INFO scheduler.TaskSetManager: Starting task 0.0 in stage 93.0 (TID 476) (10.0.0.215, executor driver, partition 0, NODE_LOCAL, 4271 bytes) taskResourceAssignments Map()
2026-08-09 23:12:26,031 INFO memory.MemoryStore: Block rdd_165_0 stored as values in memory (estimated size 440.0 B, free 2.2 GiB)
2026-08-09 23:12:26,031 INFO scheduler.DAGScheduler: ShuffleMapStage 95 (combineByKey at BinaryClassificationMetrics.scala:188) finished in 0.091 s
2026-08-09 23:12:26,031 INFO scheduler.DAGScheduler: looking for newly runnable stages
2026-08-09 23:12:26,031 INFO scheduler.DAGScheduler: running: Set(ShuffleMapStage 102, ResultStage 82, ResultStage 89, ResultStage 101, ResultStage 93, ShuffleMapStage 90, ResultStage 97, ResultStage 112, ResultStage 109, ResultStage 106, ResultStage 98)
2026-08-09 23:12:26,031 INFO scheduler.DAGScheduler: waiting: Set(ResultStage 96, ResultStage 103, ResultStage 91)
2026-08-09 23:12:26,031 INFO scheduler.DAGScheduler: failed: Set()
2026-08-09 23:12:26,031 INFO scheduler.TaskSetManager: Starting task 1.0 in stage 93.0 (TID 477) (10.0.0.215, executor driver, partition 1, NODE_LOCAL, 4271 bytes) taskResourceAssignments Map()
2026-08-09 23:12:26,031 INFO storage.BlockManagerInfo: Added rdd_165_0 in memory on 10.0.0.215:64244 (size: 440.0 B, free: 2.2 GiB)
2026-08-09 23:12:26,031 INFO scheduler.DAGScheduler: Submitting ResultStage 96 (MapPartitionsRDD[159] at mapPartitions at BinaryClassificationMetrics.scala:237), which has no missing parents
2026-08-09 23:12:26,031 INFO executor.Executor: Running task 0.0 in stage 93.0 (TID 476)
2026-08-09 23:12:26,031 INFO executor.Executor: Finished task 1.0 in stage 112.0 (TID 475). 1489 bytes result sent to driver
2026-08-09 23:12:26,031 INFO executor.Executor: Running task 1.0 in stage 93.0 (TID 477)
2026-08-09 23:12:26,031 INFO scheduler.TaskSetManager: Finished task 1.0 in stage 112.0 (TID 475) in 3 ms on 10.0.0.215 (executor driver) (1/2)
2026-08-09 23:12:26,031 INFO memory.MemoryStore: Block broadcast_109 stored as values in memory (estimated size 6.2 KiB, free 2.2 GiB)
2026-08-09 23:12:26,031 INFO executor.Executor: Finished task 0.0 in stage 112.0 (TID 474). 1532 bytes result sent to driver
2026-08-09 23:12:26,032 INFO scheduler.TaskSetManager: Finished task 0.0 in stage 112.0 (TID 474) in 4 ms on 10.0.0.215 (executor driver) (2/2)
2026-08-09 23:12:26,032 INFO scheduler.TaskSchedulerImpl: Removed TaskSet 112.0, whose tasks have all completed, from pool default
2026-08-09 23:12:26,032 INFO memory.MemoryStore: Block broadcast_109_piece0 stored as bytes in memory (estimated size 3.4 KiB, free 2.2 GiB)
2026-08-09 23:12:26,032 INFO storage.ShuffleBlockFetcherIterator: Getting 1 (368.0 B) non-empty blocks including 1 (368.0 B) local and 0 (0.0 B) host-local and 0 (0.0 B) push-merged-local and 0 (0.0 B) remote blocks
2026-08-09 23:12:26,032 INFO storage.ShuffleBlockFetcherIterator: Started 0 remote fetches in 0 ms
2026-08-09 23:12:26,032 INFO storage.BlockManagerInfo: Added broadcast_109_piece0 in memory on 10.0.0.215:64244 (size: 3.4 KiB, free: 2.2 GiB)
2026-08-09 23:12:26,033 INFO spark.SparkContext: Created broadcast 109 from broadcast at DAGScheduler.scala:1513
2026-08-09 23:12:26,033 INFO executor.Executor: Finished task 0.0 in stage 93.0 (TID 476). 1462 bytes result sent to driver
2026-08-09 23:12:26,033 INFO scheduler.DAGScheduler: Submitting 2 missing tasks from ResultStage 96 (MapPartitionsRDD[159] at mapPartitions at BinaryClassificationMetrics.scala:237) (first 15 tasks are for partitions Vector(0, 1))
2026-08-09 23:12:26,033 INFO scheduler.TaskSchedulerImpl: Adding task set 96.0 with 2 tasks resource profile 0
2026-08-09 23:12:26,033 INFO scheduler.FairSchedulableBuilder: Added task set TaskSet_96.0 tasks to pool default
2026-08-09 23:12:26,033 INFO storage.ShuffleBlockFetcherIterator: Getting 1 (334.0 B) non-empty blocks including 1 (334.0 B) local and 0 (0.0 B) host-local and 0 (0.0 B) push-merged-local and 0 (0.0 B) remote blocks
2026-08-09 23:12:26,033 INFO storage.ShuffleBlockFetcherIterator: Started 0 remote fetches in 0 ms
2026-08-09 23:12:26,033 INFO scheduler.TaskSetManager: Starting task 0.0 in stage 96.0 (TID 478) (10.0.0.215, executor driver, partition 0, NODE_LOCAL, 4271 bytes) taskResourceAssignments Map()
2026-08-09 23:12:26,033 INFO scheduler.DAGScheduler: ResultStage 89 (collect at BinaryClassificationMetrics.scala:237) finished in 0.052 s
2026-08-09 23:12:26,033 INFO scheduler.TaskSetManager: Starting task 1.0 in stage 96.0 (TID 479) (10.0.0.215, executor driver, partition 1, NODE_LOCAL, 4271 bytes) taskResourceAssignments Map()
2026-08-09 23:12:26,033 INFO scheduler.DAGScheduler: Job 58 is finished. Cancelling potential speculative or zombie tasks for this job
2026-08-09 23:12:26,033 INFO scheduler.TaskSchedulerImpl: Killing all running tasks in stage 89: Stage finished
2026-08-09 23:12:26,033 INFO scheduler.TaskSetManager: Finished task 0.0 in stage 93.0 (TID 476) in 3 ms on 10.0.0.215 (executor driver) (1/2)
2026-08-09 23:12:26,034 INFO scheduler.DAGScheduler: ShuffleMapStage 90 (map at BinaryClassificationMetrics.scala:48) finished in 0.145 s
2026-08-09 23:12:26,034 INFO scheduler.DAGScheduler: looking for newly runnable stages
2026-08-09 23:12:26,034 INFO executor.Executor: Running task 1.0 in stage 96.0 (TID 479)
2026-08-09 23:12:26,034 INFO scheduler.DAGScheduler: running: Set(ShuffleMapStage 102, ResultStage 96, ResultStage 82, ResultStage 101, ResultStage 93, ResultStage 97, ResultStage 112, ResultStage 109, ResultStage 106, ResultStage 98)
2026-08-09 23:12:26,034 INFO scheduler.DAGScheduler: Job 58 finished: collect at BinaryClassificationMetrics.scala:237, took 0.151015 s
2026-08-09 23:12:26,034 INFO scheduler.DAGScheduler: waiting: Set(ResultStage 103, ResultStage 91)
2026-08-09 23:12:26,034 INFO executor.Executor: Running task 0.0 in stage 96.0 (TID 478)
2026-08-09 23:12:26,034 INFO executor.Executor: Finished task 1.0 in stage 93.0 (TID 477). 1497 bytes result sent to driver
2026-08-09 23:12:26,034 INFO scheduler.DAGScheduler: failed: Set()
2026-08-09 23:12:26,034 INFO evaluation.BinaryClassificationMetrics: Total counts: {numPos: 5174.0, numNeg: 4826.0}
2026-08-09 23:12:26,034 INFO scheduler.DAGScheduler: Submitting ResultStage 91 (MapPartitionsRDD[151] at sortByKey at BinaryClassificationMetrics.scala:189), which has no missing parents
2026-08-09 23:12:26,034 INFO scheduler.TaskSetManager: Finished task 1.0 in stage 93.0 (TID 477) in 3 ms on 10.0.0.215 (executor driver) (2/2)
2026-08-09 23:12:26,034 INFO scheduler.TaskSchedulerImpl: Removed TaskSet 93.0, whose tasks have all completed, from pool default
2026-08-09 23:12:26,035 INFO storage.ShuffleBlockFetcherIterator: Getting 2 (608.0 B) non-empty blocks including 2 (608.0 B) local and 0 (0.0 B) host-local and 0 (0.0 B) push-merged-local and 0 (0.0 B) remote blocks
2026-08-09 23:12:26,035 INFO storage.ShuffleBlockFetcherIterator: Started 0 remote fetches in 0 ms
2026-08-09 23:12:26,035 INFO memory.MemoryStore: Block broadcast_110 stored as values in memory (estimated size 6.7 KiB, free 2.2 GiB)
2026-08-09 23:12:26,044 INFO memory.MemoryStore: Block broadcast_110_piece0 stored as bytes in memory (estimated size 3.4 KiB, free 2.2 GiB)
2026-08-09 23:12:26,044 INFO executor.Executor: Finished task 1.0 in stage 96.0 (TID 479). 1370 bytes result sent to driver
2026-08-09 23:12:26,044 INFO storage.ShuffleBlockFetcherIterator: Getting 2 (580.0 B) non-empty blocks including 2 (580.0 B) local and 0 (0.0 B) host-local and 0 (0.0 B) push-merged-local and 0 (0.0 B) remote blocks
2026-08-09 23:12:26,044 INFO storage.ShuffleBlockFetcherIterator: Started 0 remote fetches in 8 ms
2026-08-09 23:12:26,044 INFO storage.BlockManagerInfo: Added broadcast_110_piece0 in memory on 10.0.0.215:64244 (size: 3.4 KiB, free: 2.2 GiB)
2026-08-09 23:12:26,044 INFO spark.SparkContext: Created broadcast 110 from broadcast at DAGScheduler.scala:1513
2026-08-09 23:12:26,045 INFO scheduler.TaskSetManager: Finished task 1.0 in stage 96.0 (TID 479) in 11 ms on 10.0.0.215 (executor driver) (1/2)
2026-08-09 23:12:26,045 INFO scheduler.DAGScheduler: Submitting 2 missing tasks from ResultStage 91 (MapPartitionsRDD[151] at sortByKey at BinaryClassificationMetrics.scala:189) (first 15 tasks are for partitions Vector(0, 1))
2026-08-09 23:12:26,045 INFO scheduler.TaskSchedulerImpl: Adding task set 91.0 with 2 tasks resource profile 0
2026-08-09 23:12:26,045 INFO storage.BlockManagerInfo: Removed broadcast_84_piece0 on 10.0.0.215:64244 in memory (size: 2.9 KiB, free: 2.2 GiB)
2026-08-09 23:12:26,045 INFO executor.Executor: Finished task 0.0 in stage 96.0 (TID 478). 1499 bytes result sent to driver
2026-08-09 23:12:26,045 INFO scheduler.FairSchedulableBuilder: Added task set TaskSet_91.0 tasks to pool default
2026-08-09 23:12:26,046 INFO scheduler.DAGScheduler: ResultStage 82 (collect at BinaryClassificationMetrics.scala:237) finished in 0.081 s
2026-08-09 23:12:26,046 INFO scheduler.DAGScheduler: Job 55 is finished. Cancelling potential speculative or zombie tasks for this job
2026-08-09 23:12:26,046 INFO scheduler.TaskSetManager: Starting task 0.0 in stage 91.0 (TID 480) (10.0.0.215, executor driver, partition 0, NODE_LOCAL, 4271 bytes) taskResourceAssignments Map()
2026-08-09 23:12:26,046 INFO scheduler.TaskSetManager: Starting task 1.0 in stage 91.0 (TID 481) (10.0.0.215, executor driver, partition 1, NODE_LOCAL, 4271 bytes) taskResourceAssignments Map()
2026-08-09 23:12:26,046 INFO scheduler.TaskSchedulerImpl: Killing all running tasks in stage 82: Stage finished
2026-08-09 23:12:26,046 INFO scheduler.TaskSetManager: Finished task 0.0 in stage 96.0 (TID 478) in 13 ms on 10.0.0.215 (executor driver) (2/2)
2026-08-09 23:12:26,046 INFO scheduler.TaskSchedulerImpl: Removed TaskSet 96.0, whose tasks have all completed, from pool default
2026-08-09 23:12:26,047 INFO executor.Executor: Running task 1.0 in stage 91.0 (TID 481)
2026-08-09 23:12:26,047 INFO scheduler.DAGScheduler: Job 55 finished: collect at BinaryClassificationMetrics.scala:237, took 0.245604 s
2026-08-09 23:12:26,047 INFO executor.Executor: Running task 0.0 in stage 91.0 (TID 480)
2026-08-09 23:12:26,047 INFO evaluation.BinaryClassificationMetrics: Total counts: {numPos: 5174.0, numNeg: 4826.0}
2026-08-09 23:12:26,047 INFO scheduler.DAGScheduler: ResultStage 97 (count at Metrics.scala:14) finished in 0.100 s
2026-08-09 23:12:26,047 INFO scheduler.DAGScheduler: Job 62 is finished. Cancelling potential speculative or zombie tasks for this job
2026-08-09 23:12:26,047 INFO scheduler.TaskSchedulerImpl: Killing all running tasks in stage 97: Stage finished
2026-08-09 23:12:26,047 INFO scheduler.DAGScheduler: ResultStage 98 (count at Metrics.scala:14) finished in 0.054 s
2026-08-09 23:12:26,047 INFO scheduler.DAGScheduler: Job 63 is finished. Cancelling potential speculative or zombie tasks for this job
2026-08-09 23:12:26,048 INFO scheduler.TaskSchedulerImpl: Killing all running tasks in stage 98: Stage finished
2026-08-09 23:12:26,048 INFO scheduler.DAGScheduler: Job 62 finished: count at Metrics.scala:14, took 0.108355 s
2026-08-09 23:12:26,048 INFO storage.ShuffleBlockFetcherIterator: Getting 1 (405.0 B) non-empty blocks including 1 (405.0 B) local and 0 (0.0 B) host-local and 0 (0.0 B) push-merged-local and 0 (0.0 B) remote blocks
2026-08-09 23:12:26,048 INFO storage.ShuffleBlockFetcherIterator: Started 0 remote fetches in 0 ms
2026-08-09 23:12:26,049 INFO storage.ShuffleBlockFetcherIterator: Getting 1 (490.0 B) non-empty blocks including 1 (490.0 B) local and 0 (0.0 B) host-local and 0 (0.0 B) push-merged-local and 0 (0.0 B) remote blocks
2026-08-09 23:12:26,049 INFO scheduler.DAGScheduler: Job 63 finished: count at Metrics.scala:14, took 0.066352 s
2026-08-09 23:12:26,049 INFO executor.Executor: Finished task 1.0 in stage 91.0 (TID 481). 1572 bytes result sent to driver
2026-08-09 23:12:26,048 INFO scheduler.DAGScheduler: ResultStage 101 (collect at AreaUnderCurve.scala:44) finished in 0.050 s
2026-08-09 23:12:26,050 INFO scheduler.DAGScheduler: Job 64 is finished. Cancelling potential speculative or zombie tasks for this job
2026-08-09 23:12:26,050 INFO scheduler.TaskSchedulerImpl: Killing all running tasks in stage 101: Stage finished
2026-08-09 23:12:26,050 INFO scheduler.DAGScheduler: ResultStage 106 (collect at AreaUnderCurve.scala:44) finished in 0.036 s
2026-08-09 23:12:26,050 INFO scheduler.DAGScheduler: Job 66 is finished. Cancelling potential speculative or zombie tasks for this job
2026-08-09 23:12:26,050 INFO scheduler.TaskSchedulerImpl: Killing all running tasks in stage 106: Stage finished
2026-08-09 23:12:26,050 INFO scheduler.DAGScheduler: ShuffleMapStage 102 (map at BinaryClassificationMetrics.scala:48) finished in 0.045 s
2026-08-09 23:12:26,050 INFO scheduler.DAGScheduler: looking for newly runnable stages
2026-08-09 23:12:26,050 INFO scheduler.DAGScheduler: running: Set(ResultStage 96, ResultStage 93, ResultStage 112, ResultStage 109, ResultStage 91)
2026-08-09 23:12:26,050 INFO scheduler.DAGScheduler: waiting: Set(ResultStage 103)
2026-08-09 23:12:26,050 INFO scheduler.DAGScheduler: failed: Set()
2026-08-09 23:12:26,050 INFO scheduler.DAGScheduler: Submitting ResultStage 103 (MapPartitionsRDD[183] at sortByKey at BinaryClassificationMetrics.scala:189), which has no missing parents
2026-08-09 23:12:26,051 INFO memory.MemoryStore: Block broadcast_111 stored as values in memory (estimated size 6.7 KiB, free 2.2 GiB)
2026-08-09 23:12:26,051 INFO memory.MemoryStore: Block broadcast_111_piece0 stored as bytes in memory (estimated size 3.4 KiB, free 2.2 GiB)
2026-08-09 23:12:26,049 INFO storage.ShuffleBlockFetcherIterator: Started 0 remote fetches in 0 ms
2026-08-09 23:12:26,053 INFO scheduler.DAGScheduler: Job 64 finished: collect at AreaUnderCurve.scala:44, took 0.063308 s
2026-08-09 23:12:26,053 INFO scheduler.TaskSetManager: Finished task 1.0 in stage 91.0 (TID 481) in 7 ms on 10.0.0.215 (executor driver) (1/2)
2026-08-09 23:12:26,054 INFO scheduler.DAGScheduler: Job 66 finished: collect at AreaUnderCurve.scala:44, took 0.062760 s
2026-08-09 23:12:26,055 INFO storage.BlockManagerInfo: Added broadcast_111_piece0 in memory on 10.0.0.215:64244 (size: 3.4 KiB, free: 2.2 GiB)
2026-08-09 23:12:26,054 INFO executor.Executor: Finished task 0.0 in stage 91.0 (TID 480). 1596 bytes result sent to driver
2026-08-09 23:12:26,057 INFO storage.BlockManagerInfo: Removed broadcast_90_piece0 on 10.0.0.215:64244 in memory (size: 2.9 KiB, free: 2.2 GiB)
2026-08-09 23:12:26,057 INFO spark.SparkContext: Created broadcast 111 from broadcast at DAGScheduler.scala:1513
2026-08-09 23:12:26,057 INFO scheduler.DAGScheduler: Submitting 2 missing tasks from ResultStage 103 (MapPartitionsRDD[183] at sortByKey at BinaryClassificationMetrics.scala:189) (first 15 tasks are for partitions Vector(0, 1))
2026-08-09 23:12:26,057 INFO scheduler.TaskSchedulerImpl: Adding task set 103.0 with 2 tasks resource profile 0
2026-08-09 23:12:26,057 INFO scheduler.FairSchedulableBuilder: Added task set TaskSet_103.0 tasks to pool default
2026-08-09 23:12:26,057 INFO scheduler.DAGScheduler: ResultStage 109 (collect at AreaUnderCurve.scala:44) finished in 0.036 s
2026-08-09 23:12:26,057 INFO scheduler.DAGScheduler: Job 67 is finished. Cancelling potential speculative or zombie tasks for this job
2026-08-09 23:12:26,057 INFO scheduler.TaskSchedulerImpl: Killing all running tasks in stage 109: Stage finished
2026-08-09 23:12:26,058 INFO scheduler.DAGScheduler: ResultStage 112 (collect at AreaUnderCurve.scala:44) finished in 0.033 s
2026-08-09 23:12:26,058 INFO scheduler.DAGScheduler: Job 68 is finished. Cancelling potential speculative or zombie tasks for this job
2026-08-09 23:12:26,058 INFO scheduler.TaskSchedulerImpl: Killing all running tasks in stage 112: Stage finished
2026-08-09 23:12:26,058 INFO scheduler.DAGScheduler: ResultStage 93 (sortByKey at BinaryClassificationMetrics.scala:189) finished in 0.030 s
2026-08-09 23:12:26,058 INFO scheduler.DAGScheduler: Job 60 is finished. Cancelling potential speculative or zombie tasks for this job
2026-08-09 23:12:26,058 INFO scheduler.TaskSchedulerImpl: Killing all running tasks in stage 93: Stage finished
2026-08-09 23:12:26,058 INFO scheduler.DAGScheduler: ResultStage 96 (collect at BinaryClassificationMetrics.scala:237) finished in 0.027 s
2026-08-09 23:12:26,058 INFO scheduler.DAGScheduler: Job 61 is finished. Cancelling potential speculative or zombie tasks for this job
2026-08-09 23:12:26,058 INFO scheduler.DAGScheduler: Job 67 finished: collect at AreaUnderCurve.scala:44, took 0.064468 s
2026-08-09 23:12:26,058 INFO scheduler.DAGScheduler: Job 68 finished: collect at AreaUnderCurve.scala:44, took 0.064063 s
2026-08-09 23:12:26,058 INFO scheduler.DAGScheduler: Job 60 finished: sortByKey at BinaryClassificationMetrics.scala:189, took 0.144911 s
2026-08-09 23:12:26,058 INFO scheduler.TaskSetManager: Finished task 0.0 in stage 91.0 (TID 480) in 12 ms on 10.0.0.215 (executor driver) (2/2)
2026-08-09 23:12:26,059 INFO scheduler.TaskSchedulerImpl: Removed TaskSet 91.0, whose tasks have all completed, from pool default
2026-08-09 23:12:26,059 INFO scheduler.TaskSetManager: Starting task 0.0 in stage 103.0 (TID 482) (10.0.0.215, executor driver, partition 0, NODE_LOCAL, 4271 bytes) taskResourceAssignments Map()
2026-08-09 23:12:26,061 INFO scheduler.TaskSetManager: Starting task 1.0 in stage 103.0 (TID 483) (10.0.0.215, executor driver, partition 1, NODE_LOCAL, 4271 bytes) taskResourceAssignments Map()
2026-08-09 23:12:26,063 INFO scheduler.TaskSchedulerImpl: Killing all running tasks in stage 96: Stage finished
2026-08-09 23:12:26,063 INFO scheduler.DAGScheduler: ResultStage 91 (sortByKey at BinaryClassificationMetrics.scala:189) finished in 0.028 s
2026-08-09 23:12:26,063 INFO scheduler.DAGScheduler: Job 59 is finished. Cancelling potential speculative or zombie tasks for this job
2026-08-09 23:12:26,063 INFO scheduler.TaskSchedulerImpl: Killing all running tasks in stage 91: Stage finished
2026-08-09 23:12:26,063 INFO spark.SparkContext: Starting job: collect at AreaUnderCurve.scala:44
2026-08-09 23:12:26,063 INFO executor.Executor: Running task 0.0 in stage 103.0 (TID 482)
2026-08-09 23:12:26,064 INFO executor.Executor: Running task 1.0 in stage 103.0 (TID 483)
2026-08-09 23:12:26,065 INFO storage.ShuffleBlockFetcherIterator: Getting 1 (652.0 B) non-empty blocks including 1 (652.0 B) local and 0 (0.0 B) host-local and 0 (0.0 B) push-merged-local and 0 (0.0 B) remote blocks
2026-08-09 23:12:26,066 INFO storage.ShuffleBlockFetcherIterator: Started 0 remote fetches in 1 ms
2026-08-09 23:12:26,067 INFO scheduler.DAGScheduler: Got job 69 (collect at AreaUnderCurve.scala:44) with 2 output partitions
2026-08-09 23:12:26,068 INFO scheduler.DAGScheduler: Final stage: ResultStage 115 (collect at AreaUnderCurve.scala:44)
2026-08-09 23:12:26,068 INFO scheduler.DAGScheduler: Parents of final stage: List(ShuffleMapStage 114)
2026-08-09 23:12:26,068 INFO storage.ShuffleBlockFetcherIterator: Getting 1 (539.0 B) non-empty blocks including 1 (539.0 B) local and 0 (0.0 B) host-local and 0 (0.0 B) push-merged-local and 0 (0.0 B) remote blocks
2026-08-09 23:12:26,068 INFO storage.ShuffleBlockFetcherIterator: Started 0 remote fetches in 0 ms
2026-08-09 23:12:26,066 INFO scheduler.DAGScheduler: Job 61 finished: collect at BinaryClassificationMetrics.scala:237, took 0.138265 s
2026-08-09 23:12:26,066 INFO scheduler.DAGScheduler: Job 59 finished: sortByKey at BinaryClassificationMetrics.scala:189, took 0.182091 s
2026-08-09 23:12:26,069 INFO executor.Executor: Finished task 1.0 in stage 103.0 (TID 483). 1636 bytes result sent to driver
2026-08-09 23:12:26,070 INFO spark.SparkContext: Starting job: collect at AreaUnderCurve.scala:44
2026-08-09 23:12:26,069 INFO evaluation.BinaryClassificationMetrics: Total counts: {numPos: 5174.0, numNeg: 4826.0}
2026-08-09 23:12:26,071 INFO executor.Executor: Finished task 0.0 in stage 103.0 (TID 482). 1649 bytes result sent to driver
2026-08-09 23:12:26,072 INFO spark.SparkContext: Starting job: sortByKey at BinaryClassificationMetrics.scala:189
2026-08-09 23:12:26,073 INFO scheduler.DAGScheduler: Missing parents: List()
2026-08-09 23:12:26,073 INFO storage.BlockManagerInfo: Removed broadcast_98_piece0 on 10.0.0.215:64244 in memory (size: 3.4 KiB, free: 2.2 GiB)
2026-08-09 23:12:26,073 INFO scheduler.TaskSetManager: Finished task 0.0 in stage 103.0 (TID 482) in 14 ms on 10.0.0.215 (executor driver) (1/2)
2026-08-09 23:12:26,074 INFO scheduler.TaskSetManager: Finished task 1.0 in stage 103.0 (TID 483) in 15 ms on 10.0.0.215 (executor driver) (2/2)
2026-08-09 23:12:26,074 INFO scheduler.TaskSchedulerImpl: Removed TaskSet 103.0, whose tasks have all completed, from pool default
2026-08-09 23:12:26,074 INFO spark.SparkContext: Starting job: sortByKey at BinaryClassificationMetrics.scala:189
2026-08-09 23:12:26,073 INFO scheduler.DAGScheduler: Submitting ResultStage 115 (MapPartitionsRDD[191] at mapPartitions at AreaUnderCurve.scala:44), which has no missing parents
2026-08-09 23:12:26,077 INFO memory.MemoryStore: Block broadcast_112 stored as values in memory (estimated size 7.8 KiB, free 2.2 GiB)
2026-08-09 23:12:26,078 INFO spark.SparkContext: Starting job: collect at BinaryClassificationMetrics.scala:237
2026-08-09 23:12:26,079 INFO memory.MemoryStore: Block broadcast_112_piece0 stored as bytes in memory (estimated size 3.8 KiB, free 2.2 GiB)
2026-08-09 23:12:26,080 INFO storage.BlockManagerInfo: Added broadcast_112_piece0 in memory on 10.0.0.215:64244 (size: 3.8 KiB, free: 2.2 GiB)
2026-08-09 23:12:26,081 INFO spark.SparkContext: Created broadcast 112 from broadcast at DAGScheduler.scala:1513
2026-08-09 23:12:26,081 INFO scheduler.DAGScheduler: Submitting 2 missing tasks from ResultStage 115 (MapPartitionsRDD[191] at mapPartitions at AreaUnderCurve.scala:44) (first 15 tasks are for partitions Vector(0, 1))
2026-08-09 23:12:26,081 INFO scheduler.TaskSchedulerImpl: Adding task set 115.0 with 2 tasks resource profile 0
2026-08-09 23:12:26,081 INFO scheduler.FairSchedulableBuilder: Added task set TaskSet_115.0 tasks to pool default
2026-08-09 23:12:26,081 INFO scheduler.DAGScheduler: Got job 70 (collect at AreaUnderCurve.scala:44) with 2 output partitions
2026-08-09 23:12:26,081 INFO scheduler.DAGScheduler: Final stage: ResultStage 118 (collect at AreaUnderCurve.scala:44)
2026-08-09 23:12:26,081 INFO scheduler.DAGScheduler: Parents of final stage: List(ShuffleMapStage 117)
2026-08-09 23:12:26,082 INFO scheduler.TaskSetManager: Starting task 0.0 in stage 115.0 (TID 484) (10.0.0.215, executor driver, partition 0, NODE_LOCAL, 4271 bytes) taskResourceAssignments Map()
2026-08-09 23:12:26,082 INFO scheduler.TaskSetManager: Starting task 1.0 in stage 115.0 (TID 485) (10.0.0.215, executor driver, partition 1, NODE_LOCAL, 4271 bytes) taskResourceAssignments Map()
2026-08-09 23:12:26,082 INFO storage.BlockManagerInfo: Removed broadcast_87_piece0 on 10.0.0.215:64244 in memory (size: 3.4 KiB, free: 2.2 GiB)
2026-08-09 23:12:26,083 INFO scheduler.DAGScheduler: Missing parents: List()
2026-08-09 23:12:26,083 INFO executor.Executor: Running task 1.0 in stage 115.0 (TID 485)
2026-08-09 23:12:26,083 INFO executor.Executor: Running task 0.0 in stage 115.0 (TID 484)
2026-08-09 23:12:26,083 INFO scheduler.DAGScheduler: Submitting ResultStage 118 (MapPartitionsRDD[201] at mapPartitions at AreaUnderCurve.scala:44), which has no missing parents
2026-08-09 23:12:26,084 INFO memory.MemoryStore: Block broadcast_113 stored as values in memory (estimated size 7.8 KiB, free 2.2 GiB)
2026-08-09 23:12:26,085 INFO memory.MemoryStore: Block broadcast_113_piece0 stored as bytes in memory (estimated size 3.8 KiB, free 2.2 GiB)
2026-08-09 23:12:26,085 INFO storage.BlockManagerInfo: Added broadcast_113_piece0 in memory on 10.0.0.215:64244 (size: 3.8 KiB, free: 2.2 GiB)
2026-08-09 23:12:26,086 INFO spark.SparkContext: Created broadcast 113 from broadcast at DAGScheduler.scala:1513
2026-08-09 23:12:26,086 INFO scheduler.DAGScheduler: Submitting 2 missing tasks from ResultStage 118 (MapPartitionsRDD[201] at mapPartitions at AreaUnderCurve.scala:44) (first 15 tasks are for partitions Vector(0, 1))
2026-08-09 23:12:26,086 INFO scheduler.TaskSchedulerImpl: Adding task set 118.0 with 2 tasks resource profile 0
2026-08-09 23:12:26,086 INFO storage.ShuffleBlockFetcherIterator: Getting 2 (895.0 B) non-empty blocks including 2 (895.0 B) local and 0 (0.0 B) host-local and 0 (0.0 B) push-merged-local and 0 (0.0 B) remote blocks
2026-08-09 23:12:26,086 INFO storage.ShuffleBlockFetcherIterator: Started 0 remote fetches in 0 ms
2026-08-09 23:12:26,087 INFO scheduler.FairSchedulableBuilder: Added task set TaskSet_118.0 tasks to pool default
2026-08-09 23:12:26,087 INFO scheduler.DAGScheduler: Registering RDD 196 (map at BinaryClassificationMetrics.scala:48) as input to shuffle 29
2026-08-09 23:12:26,087 INFO scheduler.DAGScheduler: Got job 71 (sortByKey at BinaryClassificationMetrics.scala:189) with 2 output partitions
2026-08-09 23:12:26,087 INFO scheduler.DAGScheduler: Final stage: ResultStage 120 (sortByKey at BinaryClassificationMetrics.scala:189)
2026-08-09 23:12:26,087 INFO scheduler.DAGScheduler: Parents of final stage: List(ShuffleMapStage 119)
2026-08-09 23:12:26,087 INFO scheduler.DAGScheduler: Missing parents: List(ShuffleMapStage 119)
2026-08-09 23:12:26,087 INFO scheduler.TaskSetManager: Starting task 0.0 in stage 118.0 (TID 486) (10.0.0.215, executor driver, partition 0, NODE_LOCAL, 4271 bytes) taskResourceAssignments Map()
2026-08-09 23:12:26,087 INFO scheduler.TaskSetManager: Starting task 1.0 in stage 118.0 (TID 487) (10.0.0.215, executor driver, partition 1, NODE_LOCAL, 4271 bytes) taskResourceAssignments Map()
2026-08-09 23:12:26,088 INFO spark.SparkContext: Starting job: collect at BinaryClassificationMetrics.scala:237
2026-08-09 23:12:26,088 INFO executor.Executor: Running task 0.0 in stage 118.0 (TID 486)
2026-08-09 23:12:26,089 INFO executor.Executor: Running task 1.0 in stage 118.0 (TID 487)
2026-08-09 23:12:26,089 INFO scheduler.DAGScheduler: Submitting ShuffleMapStage 119 (MapPartitionsRDD[196] at map at BinaryClassificationMetrics.scala:48), which has no missing parents
2026-08-09 23:12:26,090 INFO storage.ShuffleBlockFetcherIterator: Getting 2 (850.0 B) non-empty blocks including 2 (850.0 B) local and 0 (0.0 B) host-local and 0 (0.0 B) push-merged-local and 0 (0.0 B) remote blocks
2026-08-09 23:12:26,090 INFO storage.ShuffleBlockFetcherIterator: Started 0 remote fetches in 0 ms
2026-08-09 23:12:26,091 INFO memory.MemoryStore: Block rdd_187_0 stored as values in memory (estimated size 1696.0 B, free 2.2 GiB)
2026-08-09 23:12:26,091 INFO spark.SparkContext: Starting job: collect at AreaUnderCurve.scala:44
2026-08-09 23:12:26,091 INFO storage.BlockManagerInfo: Added rdd_187_0 in memory on 10.0.0.215:64244 (size: 1696.0 B, free: 2.2 GiB)
2026-08-09 23:12:26,091 INFO memory.MemoryStore: Block broadcast_114 stored as values in memory (estimated size 40.1 KiB, free 2.2 GiB)
2026-08-09 23:12:26,092 INFO storage.ShuffleBlockFetcherIterator: Getting 2 (580.0 B) non-empty blocks including 2 (580.0 B) local and 0 (0.0 B) host-local and 0 (0.0 B) push-merged-local and 0 (0.0 B) remote blocks
2026-08-09 23:12:26,092 INFO storage.ShuffleBlockFetcherIterator: Started 0 remote fetches in 0 ms
2026-08-09 23:12:26,092 INFO memory.MemoryStore: Block rdd_187_1 stored as values in memory (estimated size 1784.0 B, free 2.2 GiB)
2026-08-09 23:12:26,092 INFO storage.ShuffleBlockFetcherIterator: Getting 2 (608.0 B) non-empty blocks including 2 (608.0 B) local and 0 (0.0 B) host-local and 0 (0.0 B) push-merged-local and 0 (0.0 B) remote blocks
2026-08-09 23:12:26,092 INFO storage.ShuffleBlockFetcherIterator: Started 0 remote fetches in 0 ms
2026-08-09 23:12:26,092 INFO storage.BlockManagerInfo: Added rdd_187_1 in memory on 10.0.0.215:64244 (size: 1784.0 B, free: 2.2 GiB)
2026-08-09 23:12:26,092 INFO executor.Executor: Finished task 0.0 in stage 115.0 (TID 484). 1532 bytes result sent to driver
2026-08-09 23:12:26,093 INFO memory.MemoryStore: Block rdd_192_1 stored as values in memory (estimated size 520.0 B, free 2.2 GiB)
2026-08-09 23:12:26,093 INFO memory.MemoryStore: Block broadcast_114_piece0 stored as bytes in memory (estimated size 12.7 KiB, free 2.2 GiB)
2026-08-09 23:12:26,094 INFO storage.BlockManagerInfo: Added rdd_192_1 in memory on 10.0.0.215:64244 (size: 520.0 B, free: 2.2 GiB)
2026-08-09 23:12:26,094 INFO executor.Executor: Finished task 1.0 in stage 115.0 (TID 485). 1532 bytes result sent to driver
2026-08-09 23:12:26,094 INFO scheduler.TaskSetManager: Finished task 0.0 in stage 115.0 (TID 484) in 12 ms on 10.0.0.215 (executor driver) (1/2)
2026-08-09 23:12:26,094 INFO memory.MemoryStore: Block rdd_192_0 stored as values in memory (estimated size 440.0 B, free 2.2 GiB)
2026-08-09 23:12:26,094 INFO storage.BlockManagerInfo: Added broadcast_114_piece0 in memory on 10.0.0.215:64244 (size: 12.7 KiB, free: 2.2 GiB)
2026-08-09 23:12:26,094 INFO storage.BlockManagerInfo: Added rdd_192_0 in memory on 10.0.0.215:64244 (size: 440.0 B, free: 2.2 GiB)
2026-08-09 23:12:26,094 INFO scheduler.TaskSetManager: Finished task 1.0 in stage 115.0 (TID 485) in 12 ms on 10.0.0.215 (executor driver) (2/2)
2026-08-09 23:12:26,094 INFO scheduler.TaskSchedulerImpl: Removed TaskSet 115.0, whose tasks have all completed, from pool default
2026-08-09 23:12:26,094 INFO executor.Executor: Finished task 1.0 in stage 118.0 (TID 487). 1532 bytes result sent to driver
2026-08-09 23:12:26,094 INFO spark.SparkContext: Created broadcast 114 from broadcast at DAGScheduler.scala:1513
2026-08-09 23:12:26,094 INFO storage.BlockManagerInfo: Removed broadcast_93_piece0 on 10.0.0.215:64244 in memory (size: 3.4 KiB, free: 2.2 GiB)
2026-08-09 23:12:26,094 INFO executor.Executor: Finished task 0.0 in stage 118.0 (TID 486). 1532 bytes result sent to driver
2026-08-09 23:12:26,095 INFO scheduler.DAGScheduler: Submitting 2 missing tasks from ShuffleMapStage 119 (MapPartitionsRDD[196] at map at BinaryClassificationMetrics.scala:48) (first 15 tasks are for partitions Vector(0, 1))
2026-08-09 23:12:26,095 INFO scheduler.TaskSchedulerImpl: Adding task set 119.0 with 2 tasks resource profile 0
2026-08-09 23:12:26,095 INFO scheduler.FairSchedulableBuilder: Added task set TaskSet_119.0 tasks to pool default
2026-08-09 23:12:26,096 INFO scheduler.DAGScheduler: ResultStage 103 (sortByKey at BinaryClassificationMetrics.scala:189) finished in 0.046 s
2026-08-09 23:12:26,096 INFO scheduler.TaskSetManager: Starting task 0.0 in stage 119.0 (TID 488) (10.0.0.215, executor driver, partition 0, PROCESS_LOCAL, 5018 bytes) taskResourceAssignments Map()
2026-08-09 23:12:26,096 INFO scheduler.TaskSetManager: Starting task 1.0 in stage 119.0 (TID 489) (10.0.0.215, executor driver, partition 1, PROCESS_LOCAL, 5018 bytes) taskResourceAssignments Map()
2026-08-09 23:12:26,096 INFO scheduler.TaskSetManager: Finished task 0.0 in stage 118.0 (TID 486) in 9 ms on 10.0.0.215 (executor driver) (1/2)
2026-08-09 23:12:26,096 INFO scheduler.DAGScheduler: Job 65 is finished. Cancelling potential speculative or zombie tasks for this job
2026-08-09 23:12:26,096 INFO scheduler.TaskSchedulerImpl: Killing all running tasks in stage 103: Stage finished
2026-08-09 23:12:26,096 INFO scheduler.TaskSetManager: Finished task 1.0 in stage 118.0 (TID 487) in 9 ms on 10.0.0.215 (executor driver) (2/2)
2026-08-09 23:12:26,096 INFO scheduler.TaskSchedulerImpl: Removed TaskSet 118.0, whose tasks have all completed, from pool default
2026-08-09 23:12:26,096 INFO scheduler.DAGScheduler: Registering RDD 200 (map at BinaryClassificationMetrics.scala:48) as input to shuffle 30
2026-08-09 23:12:26,096 INFO executor.Executor: Running task 1.0 in stage 119.0 (TID 489)
2026-08-09 23:12:26,096 INFO scheduler.DAGScheduler: Got job 72 (sortByKey at BinaryClassificationMetrics.scala:189) with 2 output partitions
2026-08-09 23:12:26,096 INFO scheduler.DAGScheduler: Final stage: ResultStage 122 (sortByKey at BinaryClassificationMetrics.scala:189)
2026-08-09 23:12:26,096 INFO scheduler.DAGScheduler: Parents of final stage: List(ShuffleMapStage 121)
2026-08-09 23:12:26,096 INFO scheduler.DAGScheduler: Missing parents: List(ShuffleMapStage 121)
2026-08-09 23:12:26,097 INFO scheduler.DAGScheduler: Job 65 finished: sortByKey at BinaryClassificationMetrics.scala:189, took 0.106791 s
2026-08-09 23:12:26,096 INFO executor.Executor: Running task 0.0 in stage 119.0 (TID 488)
2026-08-09 23:12:26,098 INFO scheduler.DAGScheduler: Submitting ShuffleMapStage 121 (MapPartitionsRDD[200] at map at BinaryClassificationMetrics.scala:48), which has no missing parents
2026-08-09 23:12:26,099 INFO storage.BlockManager: Found block rdd_80_1 locally
2026-08-09 23:12:26,099 INFO memory.MemoryStore: Block broadcast_115 stored as values in memory (estimated size 40.1 KiB, free 2.2 GiB)
2026-08-09 23:12:26,100 INFO executor.Executor: Finished task 1.0 in stage 119.0 (TID 489). 1904 bytes result sent to driver
2026-08-09 23:12:26,100 INFO memory.MemoryStore: Block broadcast_115_piece0 stored as bytes in memory (estimated size 12.7 KiB, free 2.2 GiB)
2026-08-09 23:12:26,101 INFO storage.BlockManagerInfo: Added broadcast_115_piece0 in memory on 10.0.0.215:64244 (size: 12.7 KiB, free: 2.2 GiB)
2026-08-09 23:12:26,102 INFO storage.BlockManager: Found block rdd_80_0 locally
2026-08-09 23:12:26,102 INFO scheduler.TaskSetManager: Finished task 1.0 in stage 119.0 (TID 489) in 6 ms on 10.0.0.215 (executor driver) (1/2)
2026-08-09 23:12:26,105 INFO spark.SparkContext: Created broadcast 115 from broadcast at DAGScheduler.scala:1513
2026-08-09 23:12:26,105 INFO scheduler.DAGScheduler: Submitting 2 missing tasks from ShuffleMapStage 121 (MapPartitionsRDD[200] at map at BinaryClassificationMetrics.scala:48) (first 15 tasks are for partitions Vector(0, 1))
2026-08-09 23:12:26,105 INFO scheduler.TaskSchedulerImpl: Adding task set 121.0 with 2 tasks resource profile 0
2026-08-09 23:12:26,105 INFO storage.BlockManagerInfo: Removed broadcast_80_piece0 on 10.0.0.215:64244 in memory (size: 2.9 KiB, free: 2.2 GiB)
2026-08-09 23:12:26,105 INFO scheduler.FairSchedulableBuilder: Added task set TaskSet_121.0 tasks to pool default
2026-08-09 23:12:26,105 INFO scheduler.DAGScheduler: Registering RDD 154 (combineByKey at BinaryClassificationMetrics.scala:188) as input to shuffle 31
2026-08-09 23:12:26,106 INFO scheduler.DAGScheduler: Got job 73 (collect at BinaryClassificationMetrics.scala:237) with 2 output partitions
2026-08-09 23:12:26,106 INFO scheduler.DAGScheduler: Final stage: ResultStage 125 (collect at BinaryClassificationMetrics.scala:237)
2026-08-09 23:12:26,106 INFO scheduler.DAGScheduler: Parents of final stage: List(ShuffleMapStage 124)
2026-08-09 23:12:26,106 INFO scheduler.TaskSetManager: Starting task 0.0 in stage 121.0 (TID 490) (10.0.0.215, executor driver, partition 0, PROCESS_LOCAL, 5018 bytes) taskResourceAssignments Map()
2026-08-09 23:12:26,106 INFO scheduler.DAGScheduler: Missing parents: List(ShuffleMapStage 124)
2026-08-09 23:12:26,106 INFO scheduler.TaskSetManager: Starting task 1.0 in stage 121.0 (TID 491) (10.0.0.215, executor driver, partition 1, PROCESS_LOCAL, 5018 bytes) taskResourceAssignments Map()
2026-08-09 23:12:26,106 INFO scheduler.DAGScheduler: Submitting ShuffleMapStage 124 (ShuffledRDD[154] at combineByKey at BinaryClassificationMetrics.scala:188), which has no missing parents
2026-08-09 23:12:26,106 INFO executor.Executor: Running task 0.0 in stage 121.0 (TID 490)
2026-08-09 23:12:26,106 INFO executor.Executor: Running task 1.0 in stage 121.0 (TID 491)
2026-08-09 23:12:26,107 INFO memory.MemoryStore: Block broadcast_116 stored as values in memory (estimated size 5.2 KiB, free 2.2 GiB)
2026-08-09 23:12:26,108 INFO memory.MemoryStore: Block broadcast_116_piece0 stored as bytes in memory (estimated size 2.9 KiB, free 2.2 GiB)
2026-08-09 23:12:26,110 INFO spark.SparkContext: Starting job: collect at BinaryClassificationMetrics.scala:237
2026-08-09 23:12:26,110 INFO storage.BlockManagerInfo: Added broadcast_116_piece0 in memory on 10.0.0.215:64244 (size: 2.9 KiB, free: 2.2 GiB)
2026-08-09 23:12:26,111 INFO storage.BlockManagerInfo: Removed broadcast_78_piece0 on 10.0.0.215:64244 in memory (size: 12.1 KiB, free: 2.2 GiB)
2026-08-09 23:12:26,111 INFO spark.SparkContext: Created broadcast 116 from broadcast at DAGScheduler.scala:1513
2026-08-09 23:12:26,112 INFO executor.Executor: Finished task 0.0 in stage 119.0 (TID 488). 2033 bytes result sent to driver
2026-08-09 23:12:26,112 INFO scheduler.DAGScheduler: Submitting 2 missing tasks from ShuffleMapStage 124 (ShuffledRDD[154] at combineByKey at BinaryClassificationMetrics.scala:188) (first 15 tasks are for partitions Vector(0, 1))
2026-08-09 23:12:26,112 INFO scheduler.TaskSchedulerImpl: Adding task set 124.0 with 2 tasks resource profile 0
2026-08-09 23:12:26,112 INFO storage.BlockManager: Found block rdd_96_1 locally
2026-08-09 23:12:26,112 INFO scheduler.FairSchedulableBuilder: Added task set TaskSet_124.0 tasks to pool default
2026-08-09 23:12:26,113 INFO scheduler.TaskSetManager: Starting task 0.0 in stage 124.0 (TID 492) (10.0.0.215, executor driver, partition 0, NODE_LOCAL, 4260 bytes) taskResourceAssignments Map()
2026-08-09 23:12:26,113 INFO storage.BlockManagerInfo: Removed broadcast_97_piece0 on 10.0.0.215:64244 in memory (size: 3.4 KiB, free: 2.2 GiB)
2026-08-09 23:12:26,113 INFO scheduler.TaskSetManager: Starting task 1.0 in stage 124.0 (TID 493) (10.0.0.215, executor driver, partition 1, NODE_LOCAL, 4260 bytes) taskResourceAssignments Map()
2026-08-09 23:12:26,113 INFO scheduler.DAGScheduler: Registering RDD 148 (combineByKey at BinaryClassificationMetrics.scala:188) as input to shuffle 32
2026-08-09 23:12:26,113 INFO scheduler.TaskSetManager: Finished task 0.0 in stage 119.0 (TID 488) in 17 ms on 10.0.0.215 (executor driver) (2/2)
2026-08-09 23:12:26,114 INFO scheduler.TaskSchedulerImpl: Removed TaskSet 119.0, whose tasks have all completed, from pool default
2026-08-09 23:12:26,114 INFO executor.Executor: Running task 0.0 in stage 124.0 (TID 492)
2026-08-09 23:12:26,114 INFO scheduler.DAGScheduler: Got job 74 (collect at BinaryClassificationMetrics.scala:237) with 2 output partitions
2026-08-09 23:12:26,114 INFO scheduler.DAGScheduler: Final stage: ResultStage 128 (collect at BinaryClassificationMetrics.scala:237)
2026-08-09 23:12:26,114 INFO executor.Executor: Running task 1.0 in stage 124.0 (TID 493)
2026-08-09 23:12:26,114 INFO executor.Executor: Finished task 1.0 in stage 121.0 (TID 491). 1904 bytes result sent to driver
2026-08-09 23:12:26,114 INFO scheduler.DAGScheduler: Parents of final stage: List(ShuffleMapStage 127)
2026-08-09 23:12:26,114 INFO storage.BlockManager: Found block rdd_96_0 locally
2026-08-09 23:12:26,114 INFO scheduler.DAGScheduler: Missing parents: List(ShuffleMapStage 127)
2026-08-09 23:12:26,114 INFO scheduler.TaskSetManager: Finished task 1.0 in stage 121.0 (TID 491) in 8 ms on 10.0.0.215 (executor driver) (1/2)
2026-08-09 23:12:26,115 INFO scheduler.DAGScheduler: Submitting ShuffleMapStage 127 (ShuffledRDD[148] at combineByKey at BinaryClassificationMetrics.scala:188), which has no missing parents
2026-08-09 23:12:26,115 INFO storage.ShuffleBlockFetcherIterator: Getting 1 (368.0 B) non-empty blocks including 1 (368.0 B) local and 0 (0.0 B) host-local and 0 (0.0 B) push-merged-local and 0 (0.0 B) remote blocks
2026-08-09 23:12:26,115 INFO storage.ShuffleBlockFetcherIterator: Started 0 remote fetches in 0 ms
2026-08-09 23:12:26,115 INFO memory.MemoryStore: Block broadcast_117 stored as values in memory (estimated size 5.2 KiB, free 2.2 GiB)
2026-08-09 23:12:26,116 INFO memory.MemoryStore: Block broadcast_117_piece0 stored as bytes in memory (estimated size 2.9 KiB, free 2.2 GiB)
2026-08-09 23:12:26,116 INFO storage.BlockManagerInfo: Added broadcast_117_piece0 in memory on 10.0.0.215:64244 (size: 2.9 KiB, free: 2.2 GiB)
2026-08-09 23:12:26,117 INFO spark.SparkContext: Created broadcast 117 from broadcast at DAGScheduler.scala:1513
2026-08-09 23:12:26,117 INFO scheduler.DAGScheduler: Submitting 2 missing tasks from ShuffleMapStage 127 (ShuffledRDD[148] at combineByKey at BinaryClassificationMetrics.scala:188) (first 15 tasks are for partitions Vector(0, 1))
2026-08-09 23:12:26,117 INFO scheduler.TaskSchedulerImpl: Adding task set 127.0 with 2 tasks resource profile 0
2026-08-09 23:12:26,117 INFO storage.BlockManagerInfo: Removed broadcast_58_piece0 on 10.0.0.215:64244 in memory (size: 12.0 KiB, free: 2.2 GiB)
2026-08-09 23:12:26,117 INFO scheduler.FairSchedulableBuilder: Added task set TaskSet_127.0 tasks to pool default
2026-08-09 23:12:26,117 INFO storage.ShuffleBlockFetcherIterator: Getting 1 (334.0 B) non-empty blocks including 1 (334.0 B) local and 0 (0.0 B) host-local and 0 (0.0 B) push-merged-local and 0 (0.0 B) remote blocks
2026-08-09 23:12:26,117 INFO storage.ShuffleBlockFetcherIterator: Started 0 remote fetches in 0 ms
2026-08-09 23:12:26,117 INFO scheduler.DAGScheduler: Got job 75 (collect at AreaUnderCurve.scala:44) with 2 output partitions
2026-08-09 23:12:26,117 INFO scheduler.DAGScheduler: Final stage: ResultStage 131 (collect at AreaUnderCurve.scala:44)
2026-08-09 23:12:26,117 INFO scheduler.DAGScheduler: Parents of final stage: List(ShuffleMapStage 130)
2026-08-09 23:12:26,118 INFO scheduler.TaskSetManager: Starting task 0.0 in stage 127.0 (TID 494) (10.0.0.215, executor driver, partition 0, NODE_LOCAL, 4260 bytes) taskResourceAssignments Map()
2026-08-09 23:12:26,118 INFO executor.Executor: Running task 0.0 in stage 127.0 (TID 494)
2026-08-09 23:12:26,118 INFO scheduler.DAGScheduler: Missing parents: List()
2026-08-09 23:12:26,119 INFO scheduler.DAGScheduler: Submitting ResultStage 131 (MapPartitionsRDD[217] at mapPartitions at AreaUnderCurve.scala:44), which has no missing parents
2026-08-09 23:12:26,119 INFO storage.ShuffleBlockFetcherIterator: Getting 1 (490.0 B) non-empty blocks including 1 (490.0 B) local and 0 (0.0 B) host-local and 0 (0.0 B) push-merged-local and 0 (0.0 B) remote blocks
2026-08-09 23:12:26,119 INFO storage.ShuffleBlockFetcherIterator: Started 0 remote fetches in 0 ms
2026-08-09 23:12:26,119 INFO executor.Executor: Finished task 0.0 in stage 124.0 (TID 492). 1469 bytes result sent to driver
2026-08-09 23:12:26,120 INFO memory.MemoryStore: Block broadcast_118 stored as values in memory (estimated size 7.8 KiB, free 2.2 GiB)
2026-08-09 23:12:26,120 INFO memory.MemoryStore: Block broadcast_118_piece0 stored as bytes in memory (estimated size 3.8 KiB, free 2.2 GiB)
2026-08-09 23:12:26,121 INFO scheduler.TaskSetManager: Starting task 1.0 in stage 127.0 (TID 495) (10.0.0.215, executor driver, partition 1, NODE_LOCAL, 4260 bytes) taskResourceAssignments Map()
2026-08-09 23:12:26,121 INFO storage.BlockManagerInfo: Added broadcast_118_piece0 in memory on 10.0.0.215:64244 (size: 3.8 KiB, free: 2.2 GiB)
2026-08-09 23:12:26,121 INFO scheduler.TaskSetManager: Finished task 0.0 in stage 124.0 (TID 492) in 8 ms on 10.0.0.215 (executor driver) (1/2)
2026-08-09 23:12:26,121 INFO executor.Executor: Finished task 0.0 in stage 127.0 (TID 494). 1426 bytes result sent to driver
2026-08-09 23:12:26,122 INFO executor.Executor: Running task 1.0 in stage 127.0 (TID 495)
2026-08-09 23:12:26,122 INFO spark.SparkContext: Created broadcast 118 from broadcast at DAGScheduler.scala:1513
2026-08-09 23:12:26,122 INFO storage.BlockManagerInfo: Removed broadcast_99_piece0 on 10.0.0.215:64244 in memory (size: 3.4 KiB, free: 2.2 GiB)
2026-08-09 23:12:26,122 INFO scheduler.DAGScheduler: Submitting 2 missing tasks from ResultStage 131 (MapPartitionsRDD[217] at mapPartitions at AreaUnderCurve.scala:44) (first 15 tasks are for partitions Vector(0, 1))
2026-08-09 23:12:26,122 INFO scheduler.TaskSchedulerImpl: Adding task set 131.0 with 2 tasks resource profile 0
2026-08-09 23:12:26,122 INFO scheduler.FairSchedulableBuilder: Added task set TaskSet_131.0 tasks to pool default
2026-08-09 23:12:26,122 INFO scheduler.DAGScheduler: ResultStage 115 (collect at AreaUnderCurve.scala:44) finished in 0.047 s
2026-08-09 23:12:26,122 INFO scheduler.TaskSetManager: Starting task 0.0 in stage 131.0 (TID 496) (10.0.0.215, executor driver, partition 0, NODE_LOCAL, 4271 bytes) taskResourceAssignments Map()
2026-08-09 23:12:26,122 INFO executor.Executor: Finished task 1.0 in stage 124.0 (TID 493). 1469 bytes result sent to driver
2026-08-09 23:12:26,122 INFO scheduler.DAGScheduler: Job 69 is finished. Cancelling potential speculative or zombie tasks for this job
2026-08-09 23:12:26,122 INFO executor.Executor: Running task 0.0 in stage 131.0 (TID 496)
2026-08-09 23:12:26,122 INFO scheduler.TaskSetManager: Starting task 1.0 in stage 131.0 (TID 497) (10.0.0.215, executor driver, partition 1, NODE_LOCAL, 4271 bytes) taskResourceAssignments Map()
2026-08-09 23:12:26,123 INFO scheduler.TaskSetManager: Finished task 1.0 in stage 124.0 (TID 493) in 10 ms on 10.0.0.215 (executor driver) (2/2)
2026-08-09 23:12:26,123 INFO scheduler.TaskSchedulerImpl: Removed TaskSet 124.0, whose tasks have all completed, from pool default
2026-08-09 23:12:26,123 INFO scheduler.TaskSetManager: Finished task 0.0 in stage 127.0 (TID 494) in 5 ms on 10.0.0.215 (executor driver) (1/2)
2026-08-09 23:12:26,123 INFO scheduler.TaskSchedulerImpl: Killing all running tasks in stage 115: Stage finished
2026-08-09 23:12:26,123 INFO executor.Executor: Running task 1.0 in stage 131.0 (TID 497)
2026-08-09 23:12:26,123 INFO executor.Executor: Finished task 0.0 in stage 121.0 (TID 490). 2033 bytes result sent to driver
2026-08-09 23:12:26,123 INFO scheduler.DAGScheduler: ResultStage 118 (collect at AreaUnderCurve.scala:44) finished in 0.039 s
2026-08-09 23:12:26,123 INFO scheduler.DAGScheduler: Job 70 is finished. Cancelling potential speculative or zombie tasks for this job
2026-08-09 23:12:26,123 INFO scheduler.TaskSchedulerImpl: Killing all running tasks in stage 118: Stage finished
2026-08-09 23:12:26,123 INFO scheduler.DAGScheduler: Job 69 finished: collect at AreaUnderCurve.scala:44, took 0.059889 s
2026-08-09 23:12:26,124 INFO scheduler.DAGScheduler: Registering RDD 178 (combineByKey at BinaryClassificationMetrics.scala:188) as input to shuffle 33
2026-08-09 23:12:26,124 INFO scheduler.DAGScheduler: Job 70 finished: collect at AreaUnderCurve.scala:44, took 0.053733 s
2026-08-09 23:12:26,124 INFO scheduler.DAGScheduler: Got job 76 (collect at BinaryClassificationMetrics.scala:237) with 2 output partitions
2026-08-09 23:12:26,124 INFO scheduler.DAGScheduler: Final stage: ResultStage 134 (collect at BinaryClassificationMetrics.scala:237)
2026-08-09 23:12:26,124 INFO scheduler.DAGScheduler: Parents of final stage: List(ShuffleMapStage 133)
2026-08-09 23:12:26,124 INFO storage.ShuffleBlockFetcherIterator: Getting 2 (580.0 B) non-empty blocks including 2 (580.0 B) local and 0 (0.0 B) host-local and 0 (0.0 B) push-merged-local and 0 (0.0 B) remote blocks
2026-08-09 23:12:26,124 INFO scheduler.DAGScheduler: Missing parents: List(ShuffleMapStage 133)
2026-08-09 23:12:26,124 INFO storage.ShuffleBlockFetcherIterator: Started 0 remote fetches in 0 ms
2026-08-09 23:12:26,124 INFO scheduler.DAGScheduler: Submitting ShuffleMapStage 133 (ShuffledRDD[178] at combineByKey at BinaryClassificationMetrics.scala:188), which has no missing parents
2026-08-09 23:12:26,124 INFO scheduler.TaskSetManager: Finished task 0.0 in stage 121.0 (TID 490) in 19 ms on 10.0.0.215 (executor driver) (2/2)
2026-08-09 23:12:26,124 INFO scheduler.TaskSchedulerImpl: Removed TaskSet 121.0, whose tasks have all completed, from pool default
2026-08-09 23:12:26,124 INFO storage.BlockManagerInfo: Removed broadcast_69_piece0 on 10.0.0.215:64244 in memory (size: 12.0 KiB, free: 2.2 GiB)
2026-08-09 23:12:26,125 INFO memory.MemoryStore: Block broadcast_119 stored as values in memory (estimated size 5.2 KiB, free 2.2 GiB)
2026-08-09 23:12:26,125 INFO memory.MemoryStore: Block rdd_211_0 stored as values in memory (estimated size 440.0 B, free 2.2 GiB)
2026-08-09 23:12:26,125 INFO memory.MemoryStore: Block broadcast_119_piece0 stored as bytes in memory (estimated size 2.9 KiB, free 2.2 GiB)
2026-08-09 23:12:26,125 INFO storage.BlockManagerInfo: Added rdd_211_0 in memory on 10.0.0.215:64244 (size: 440.0 B, free: 2.2 GiB)
2026-08-09 23:12:26,125 INFO storage.ShuffleBlockFetcherIterator: Getting 2 (608.0 B) non-empty blocks including 2 (608.0 B) local and 0 (0.0 B) host-local and 0 (0.0 B) push-merged-local and 0 (0.0 B) remote blocks
2026-08-09 23:12:26,125 INFO storage.ShuffleBlockFetcherIterator: Started 0 remote fetches in 0 ms
2026-08-09 23:12:26,125 INFO storage.BlockManagerInfo: Added broadcast_119_piece0 in memory on 10.0.0.215:64244 (size: 2.9 KiB, free: 2.2 GiB)
2026-08-09 23:12:26,125 INFO spark.SparkContext: Created broadcast 119 from broadcast at DAGScheduler.scala:1513
2026-08-09 23:12:26,125 INFO memory.MemoryStore: Block rdd_211_1 stored as values in memory (estimated size 520.0 B, free 2.2 GiB)
2026-08-09 23:12:26,125 INFO executor.Executor: Finished task 0.0 in stage 131.0 (TID 496). 1489 bytes result sent to driver
2026-08-09 23:12:26,125 INFO storage.BlockManagerInfo: Added rdd_211_1 in memory on 10.0.0.215:64244 (size: 520.0 B, free: 2.2 GiB)
2026-08-09 23:12:26,126 INFO storage.BlockManagerInfo: Removed broadcast_89_piece0 on 10.0.0.215:64244 in memory (size: 12.1 KiB, free: 2.2 GiB)
2026-08-09 23:12:26,126 INFO scheduler.DAGScheduler: Submitting 2 missing tasks from ShuffleMapStage 133 (ShuffledRDD[178] at combineByKey at BinaryClassificationMetrics.scala:188) (first 15 tasks are for partitions Vector(0, 1))
2026-08-09 23:12:26,126 INFO scheduler.TaskSchedulerImpl: Adding task set 133.0 with 2 tasks resource profile 0
2026-08-09 23:12:26,126 INFO executor.Executor: Finished task 1.0 in stage 131.0 (TID 497). 1489 bytes result sent to driver
2026-08-09 23:12:26,126 INFO scheduler.FairSchedulableBuilder: Added task set TaskSet_133.0 tasks to pool default
2026-08-09 23:12:26,126 INFO storage.BlockManagerInfo: Removed broadcast_101_piece0 on 10.0.0.215:64244 in memory (size: 3.4 KiB, free: 2.2 GiB)
2026-08-09 23:12:26,126 INFO scheduler.TaskSetManager: Finished task 0.0 in stage 131.0 (TID 496) in 4 ms on 10.0.0.215 (executor driver) (1/2)
2026-08-09 23:12:26,126 INFO scheduler.DAGScheduler: ShuffleMapStage 119 (map at BinaryClassificationMetrics.scala:48) finished in 0.036 s
2026-08-09 23:12:26,126 INFO scheduler.DAGScheduler: looking for newly runnable stages
2026-08-09 23:12:26,126 INFO scheduler.DAGScheduler: running: Set(ShuffleMapStage 121, ShuffleMapStage 133, ShuffleMapStage 127, ShuffleMapStage 124, ResultStage 131)
2026-08-09 23:12:26,126 INFO scheduler.DAGScheduler: waiting: Set(ResultStage 125, ResultStage 122, ResultStage 120, ResultStage 134, ResultStage 128)
2026-08-09 23:12:26,126 INFO scheduler.DAGScheduler: failed: Set()
2026-08-09 23:12:26,126 INFO scheduler.DAGScheduler: Submitting ResultStage 120 (MapPartitionsRDD[203] at sortByKey at BinaryClassificationMetrics.scala:189), which has no missing parents
2026-08-09 23:12:26,127 INFO scheduler.TaskSetManager: Starting task 0.0 in stage 133.0 (TID 498) (10.0.0.215, executor driver, partition 0, NODE_LOCAL, 4260 bytes) taskResourceAssignments Map()
2026-08-09 23:12:26,127 INFO storage.BlockManagerInfo: Removed broadcast_82_piece0 on 10.0.0.215:64244 in memory (size: 2.9 KiB, free: 2.2 GiB)
2026-08-09 23:12:26,127 INFO scheduler.TaskSetManager: Starting task 1.0 in stage 133.0 (TID 499) (10.0.0.215, executor driver, partition 1, NODE_LOCAL, 4260 bytes) taskResourceAssignments Map()
2026-08-09 23:12:26,167 INFO storage.ShuffleBlockFetcherIterator: Getting 1 (405.0 B) non-empty blocks including 1 (405.0 B) local and 0 (0.0 B) host-local and 0 (0.0 B) push-merged-local and 0 (0.0 B) remote blocks
2026-08-09 23:12:26,167 INFO storage.ShuffleBlockFetcherIterator: Started 0 remote fetches in 39 ms
2026-08-09 23:12:26,167 INFO scheduler.TaskSetManager: Finished task 1.0 in stage 131.0 (TID 497) in 45 ms on 10.0.0.215 (executor driver) (2/2)
2026-08-09 23:12:26,168 INFO memory.MemoryStore: Block broadcast_120 stored as values in memory (estimated size 6.7 KiB, free 2.2 GiB)
2026-08-09 23:12:26,168 INFO executor.Executor: Running task 1.0 in stage 133.0 (TID 499)
2026-08-09 23:12:26,168 INFO scheduler.TaskSchedulerImpl: Removed TaskSet 131.0, whose tasks have all completed, from pool default
2026-08-09 23:12:26,168 INFO executor.Executor: Running task 0.0 in stage 133.0 (TID 498)
2026-08-09 23:12:26,169 INFO memory.MemoryStore: Block broadcast_120_piece0 stored as bytes in memory (estimated size 3.4 KiB, free 2.2 GiB)
2026-08-09 23:12:26,169 INFO storage.BlockManagerInfo: Added broadcast_120_piece0 in memory on 10.0.0.215:64244 (size: 3.4 KiB, free: 2.2 GiB)
2026-08-09 23:12:26,171 INFO storage.BlockManagerInfo: Removed broadcast_26_piece0 on 10.0.0.215:64244 in memory (size: 3.0 KiB, free: 2.2 GiB)
2026-08-09 23:12:26,171 INFO storage.ShuffleBlockFetcherIterator: Getting 1 (539.0 B) non-empty blocks including 1 (539.0 B) local and 0 (0.0 B) host-local and 0 (0.0 B) push-merged-local and 0 (0.0 B) remote blocks
2026-08-09 23:12:26,171 INFO storage.ShuffleBlockFetcherIterator: Started 0 remote fetches in 0 ms
2026-08-09 23:12:26,171 INFO spark.SparkContext: Created broadcast 120 from broadcast at DAGScheduler.scala:1513
2026-08-09 23:12:26,171 INFO scheduler.DAGScheduler: Submitting 2 missing tasks from ResultStage 120 (MapPartitionsRDD[203] at sortByKey at BinaryClassificationMetrics.scala:189) (first 15 tasks are for partitions Vector(0, 1))
2026-08-09 23:12:26,171 INFO scheduler.TaskSchedulerImpl: Adding task set 120.0 with 2 tasks resource profile 0
2026-08-09 23:12:26,172 INFO scheduler.FairSchedulableBuilder: Added task set TaskSet_120.0 tasks to pool default
2026-08-09 23:12:26,172 INFO storage.ShuffleBlockFetcherIterator: Getting 1 (652.0 B) non-empty blocks including 1 (652.0 B) local and 0 (0.0 B) host-local and 0 (0.0 B) push-merged-local and 0 (0.0 B) remote blocks
2026-08-09 23:12:26,172 INFO storage.ShuffleBlockFetcherIterator: Started 0 remote fetches in 0 ms
2026-08-09 23:12:26,172 INFO scheduler.DAGScheduler: ShuffleMapStage 124 (combineByKey at BinaryClassificationMetrics.scala:188) finished in 0.065 s
2026-08-09 23:12:26,172 INFO scheduler.DAGScheduler: looking for newly runnable stages
2026-08-09 23:12:26,173 INFO scheduler.DAGScheduler: running: Set(ShuffleMapStage 121, ShuffleMapStage 133, ResultStage 120, ShuffleMapStage 127, ResultStage 131)
2026-08-09 23:12:26,173 INFO scheduler.DAGScheduler: waiting: Set(ResultStage 125, ResultStage 122, ResultStage 134, ResultStage 128)
2026-08-09 23:12:26,173 INFO scheduler.DAGScheduler: failed: Set()
2026-08-09 23:12:26,173 INFO scheduler.TaskSetManager: Starting task 0.0 in stage 120.0 (TID 500) (10.0.0.215, executor driver, partition 0, NODE_LOCAL, 4271 bytes) taskResourceAssignments Map()
2026-08-09 23:12:26,173 INFO scheduler.DAGScheduler: Submitting ResultStage 125 (MapPartitionsRDD[208] at mapPartitions at BinaryClassificationMetrics.scala:237), which has no missing parents
2026-08-09 23:12:26,174 INFO executor.Executor: Running task 0.0 in stage 120.0 (TID 500)
2026-08-09 23:12:26,174 INFO memory.MemoryStore: Block broadcast_121 stored as values in memory (estimated size 6.2 KiB, free 2.2 GiB)
2026-08-09 23:12:26,174 INFO storage.BlockManagerInfo: Removed broadcast_27_piece0 on 10.0.0.215:64244 in memory (size: 3.0 KiB, free: 2.2 GiB)
2026-08-09 23:12:26,174 INFO executor.Executor: Finished task 1.0 in stage 133.0 (TID 499). 1469 bytes result sent to driver
2026-08-09 23:12:26,175 INFO scheduler.TaskSetManager: Starting task 1.0 in stage 120.0 (TID 501) (10.0.0.215, executor driver, partition 1, NODE_LOCAL, 4271 bytes) taskResourceAssignments Map()
2026-08-09 23:12:26,175 INFO scheduler.TaskSetManager: Finished task 1.0 in stage 133.0 (TID 499) in 48 ms on 10.0.0.215 (executor driver) (1/2)
2026-08-09 23:12:26,175 INFO executor.Executor: Finished task 1.0 in stage 127.0 (TID 495). 1426 bytes result sent to driver
2026-08-09 23:12:26,175 INFO executor.Executor: Running task 1.0 in stage 120.0 (TID 501)
2026-08-09 23:12:26,175 INFO memory.MemoryStore: Block broadcast_121_piece0 stored as bytes in memory (estimated size 3.4 KiB, free 2.2 GiB)
2026-08-09 23:12:26,175 INFO storage.BlockManagerInfo: Added broadcast_121_piece0 in memory on 10.0.0.215:64244 (size: 3.4 KiB, free: 2.2 GiB)
2026-08-09 23:12:26,175 INFO scheduler.TaskSetManager: Finished task 1.0 in stage 127.0 (TID 495) in 54 ms on 10.0.0.215 (executor driver) (2/2)
2026-08-09 23:12:26,175 INFO scheduler.TaskSchedulerImpl: Removed TaskSet 127.0, whose tasks have all completed, from pool default
2026-08-09 23:12:26,175 INFO executor.Executor: Finished task 0.0 in stage 133.0 (TID 498). 1469 bytes result sent to driver
2026-08-09 23:12:26,175 INFO spark.SparkContext: Created broadcast 121 from broadcast at DAGScheduler.scala:1513
2026-08-09 23:12:26,175 INFO scheduler.TaskSetManager: Finished task 0.0 in stage 133.0 (TID 498) in 48 ms on 10.0.0.215 (executor driver) (2/2)
2026-08-09 23:12:26,176 INFO scheduler.TaskSchedulerImpl: Removed TaskSet 133.0, whose tasks have all completed, from pool default
2026-08-09 23:12:26,176 INFO scheduler.DAGScheduler: Submitting 2 missing tasks from ResultStage 125 (MapPartitionsRDD[208] at mapPartitions at BinaryClassificationMetrics.scala:237) (first 15 tasks are for partitions Vector(0, 1))
2026-08-09 23:12:26,176 INFO scheduler.TaskSchedulerImpl: Adding task set 125.0 with 2 tasks resource profile 0
2026-08-09 23:12:26,176 INFO scheduler.FairSchedulableBuilder: Added task set TaskSet_125.0 tasks to pool default
2026-08-09 23:12:26,176 INFO storage.ShuffleBlockFetcherIterator: Getting 1 (490.0 B) non-empty blocks including 1 (490.0 B) local and 0 (0.0 B) host-local and 0 (0.0 B) push-merged-local and 0 (0.0 B) remote blocks
2026-08-09 23:12:26,176 INFO storage.ShuffleBlockFetcherIterator: Started 0 remote fetches in 0 ms
2026-08-09 23:12:26,176 INFO storage.ShuffleBlockFetcherIterator: Getting 1 (652.0 B) non-empty blocks including 1 (652.0 B) local and 0 (0.0 B) host-local and 0 (0.0 B) push-merged-local and 0 (0.0 B) remote blocks
2026-08-09 23:12:26,176 INFO storage.ShuffleBlockFetcherIterator: Started 0 remote fetches in 0 ms
2026-08-09 23:12:26,177 INFO storage.BlockManagerInfo: Removed broadcast_28_piece0 on 10.0.0.215:64244 in memory (size: 3.0 KiB, free: 2.2 GiB)
2026-08-09 23:12:26,177 INFO scheduler.DAGScheduler: ShuffleMapStage 121 (map at BinaryClassificationMetrics.scala:48) finished in 0.079 s
2026-08-09 23:12:26,177 INFO scheduler.DAGScheduler: looking for newly runnable stages
2026-08-09 23:12:26,177 INFO scheduler.DAGScheduler: running: Set(ShuffleMapStage 133, ResultStage 125, ResultStage 120, ShuffleMapStage 127, ResultStage 131)
2026-08-09 23:12:26,177 INFO scheduler.DAGScheduler: waiting: Set(ResultStage 122, ResultStage 134, ResultStage 128)
2026-08-09 23:12:26,177 INFO scheduler.DAGScheduler: failed: Set()
2026-08-09 23:12:26,177 INFO scheduler.TaskSetManager: Starting task 0.0 in stage 125.0 (TID 502) (10.0.0.215, executor driver, partition 0, NODE_LOCAL, 4271 bytes) taskResourceAssignments Map()
2026-08-09 23:12:26,177 INFO scheduler.TaskSetManager: Starting task 1.0 in stage 125.0 (TID 503) (10.0.0.215, executor driver, partition 1, NODE_LOCAL, 4271 bytes) taskResourceAssignments Map()
2026-08-09 23:12:26,177 INFO scheduler.DAGScheduler: Submitting ResultStage 122 (MapPartitionsRDD[209] at sortByKey at BinaryClassificationMetrics.scala:189), which has no missing parents
2026-08-09 23:12:26,177 INFO executor.Executor: Running task 0.0 in stage 125.0 (TID 502)
2026-08-09 23:12:26,178 INFO executor.Executor: Finished task 1.0 in stage 120.0 (TID 501). 1636 bytes result sent to driver
2026-08-09 23:12:26,177 INFO executor.Executor: Running task 1.0 in stage 125.0 (TID 503)
2026-08-09 23:12:26,178 INFO executor.Executor: Finished task 0.0 in stage 120.0 (TID 500). 1692 bytes result sent to driver
2026-08-09 23:12:26,178 INFO memory.MemoryStore: Block broadcast_122 stored as values in memory (estimated size 6.7 KiB, free 2.2 GiB)
2026-08-09 23:12:26,179 INFO storage.ShuffleBlockFetcherIterator: Getting 2 (580.0 B) non-empty blocks including 2 (580.0 B) local and 0 (0.0 B) host-local and 0 (0.0 B) push-merged-local and 0 (0.0 B) remote blocks
2026-08-09 23:12:26,179 INFO storage.ShuffleBlockFetcherIterator: Started 0 remote fetches in 0 ms
2026-08-09 23:12:26,179 INFO scheduler.TaskSetManager: Finished task 1.0 in stage 120.0 (TID 501) in 5 ms on 10.0.0.215 (executor driver) (1/2)
2026-08-09 23:12:26,179 INFO storage.ShuffleBlockFetcherIterator: Getting 2 (608.0 B) non-empty blocks including 2 (608.0 B) local and 0 (0.0 B) host-local and 0 (0.0 B) push-merged-local and 0 (0.0 B) remote blocks
2026-08-09 23:12:26,179 INFO storage.ShuffleBlockFetcherIterator: Started 0 remote fetches in 0 ms
2026-08-09 23:12:26,179 INFO memory.MemoryStore: Block broadcast_122_piece0 stored as bytes in memory (estimated size 3.4 KiB, free 2.2 GiB)
2026-08-09 23:12:26,179 INFO executor.Executor: Finished task 0.0 in stage 125.0 (TID 502). 1370 bytes result sent to driver
2026-08-09 23:12:26,179 INFO scheduler.TaskSetManager: Finished task 0.0 in stage 120.0 (TID 500) in 6 ms on 10.0.0.215 (executor driver) (2/2)
2026-08-09 23:12:26,179 INFO scheduler.TaskSchedulerImpl: Removed TaskSet 120.0, whose tasks have all completed, from pool default
2026-08-09 23:12:26,179 INFO executor.Executor: Finished task 1.0 in stage 125.0 (TID 503). 1413 bytes result sent to driver
2026-08-09 23:12:26,179 INFO storage.BlockManagerInfo: Added broadcast_122_piece0 in memory on 10.0.0.215:64244 (size: 3.4 KiB, free: 2.2 GiB)
2026-08-09 23:12:26,180 INFO spark.SparkContext: Created broadcast 122 from broadcast at DAGScheduler.scala:1513
2026-08-09 23:12:26,180 INFO scheduler.DAGScheduler: Submitting 2 missing tasks from ResultStage 122 (MapPartitionsRDD[209] at sortByKey at BinaryClassificationMetrics.scala:189) (first 15 tasks are for partitions Vector(0, 1))
2026-08-09 23:12:26,180 INFO scheduler.TaskSchedulerImpl: Adding task set 122.0 with 2 tasks resource profile 0
2026-08-09 23:12:26,180 INFO storage.BlockManagerInfo: Removed broadcast_31_piece0 on 10.0.0.215:64244 in memory (size: 12.0 KiB, free: 2.2 GiB)
2026-08-09 23:12:26,180 INFO scheduler.TaskSetManager: Finished task 1.0 in stage 125.0 (TID 503) in 3 ms on 10.0.0.215 (executor driver) (1/2)
2026-08-09 23:12:26,181 INFO scheduler.FairSchedulableBuilder: Added task set TaskSet_122.0 tasks to pool default
2026-08-09 23:12:26,181 INFO scheduler.TaskSetManager: Finished task 0.0 in stage 125.0 (TID 502) in 4 ms on 10.0.0.215 (executor driver) (2/2)
2026-08-09 23:12:26,181 INFO scheduler.TaskSchedulerImpl: Removed TaskSet 125.0, whose tasks have all completed, from pool default
2026-08-09 23:12:26,181 INFO scheduler.DAGScheduler: ResultStage 131 (collect at AreaUnderCurve.scala:44) finished in 0.061 s
2026-08-09 23:12:26,181 INFO scheduler.DAGScheduler: Job 75 is finished. Cancelling potential speculative or zombie tasks for this job
2026-08-09 23:12:26,181 INFO scheduler.TaskSetManager: Starting task 0.0 in stage 122.0 (TID 504) (10.0.0.215, executor driver, partition 0, NODE_LOCAL, 4271 bytes) taskResourceAssignments Map()
2026-08-09 23:12:26,181 INFO scheduler.TaskSetManager: Starting task 1.0 in stage 122.0 (TID 505) (10.0.0.215, executor driver, partition 1, NODE_LOCAL, 4271 bytes) taskResourceAssignments Map()
2026-08-09 23:12:26,181 INFO scheduler.TaskSchedulerImpl: Killing all running tasks in stage 131: Stage finished
2026-08-09 23:12:26,181 INFO executor.Executor: Running task 1.0 in stage 122.0 (TID 505)
2026-08-09 23:12:26,182 INFO scheduler.DAGScheduler: Job 75 finished: collect at AreaUnderCurve.scala:44, took 0.090323 s
2026-08-09 23:12:26,182 INFO scheduler.DAGScheduler: ShuffleMapStage 127 (combineByKey at BinaryClassificationMetrics.scala:188) finished in 0.067 s
2026-08-09 23:12:26,181 INFO executor.Executor: Running task 0.0 in stage 122.0 (TID 504)
2026-08-09 23:12:26,182 INFO scheduler.DAGScheduler: looking for newly runnable stages
2026-08-09 23:12:26,182 INFO scheduler.DAGScheduler: running: Set(ShuffleMapStage 133, ResultStage 125, ResultStage 122, ResultStage 120)
2026-08-09 23:12:26,182 INFO scheduler.DAGScheduler: waiting: Set(ResultStage 134, ResultStage 128)
2026-08-09 23:12:26,182 INFO scheduler.DAGScheduler: failed: Set()
2026-08-09 23:12:26,182 INFO scheduler.DAGScheduler: Submitting ResultStage 128 (MapPartitionsRDD[215] at mapPartitions at BinaryClassificationMetrics.scala:237), which has no missing parents
2026-08-09 23:12:26,183 INFO storage.ShuffleBlockFetcherIterator: Getting 1 (490.0 B) non-empty blocks including 1 (490.0 B) local and 0 (0.0 B) host-local and 0 (0.0 B) push-merged-local and 0 (0.0 B) remote blocks
2026-08-09 23:12:26,183 INFO storage.ShuffleBlockFetcherIterator: Started 0 remote fetches in 0 ms
2026-08-09 23:12:26,183 INFO memory.MemoryStore: Block broadcast_123 stored as values in memory (estimated size 6.2 KiB, free 2.2 GiB)
2026-08-09 23:12:26,184 INFO executor.Executor: Finished task 0.0 in stage 122.0 (TID 504). 1553 bytes result sent to driver
2026-08-09 23:12:26,184 INFO storage.ShuffleBlockFetcherIterator: Getting 1 (405.0 B) non-empty blocks including 1 (405.0 B) local and 0 (0.0 B) host-local and 0 (0.0 B) push-merged-local and 0 (0.0 B) remote blocks
2026-08-09 23:12:26,184 INFO storage.ShuffleBlockFetcherIterator: Started 0 remote fetches in 0 ms
2026-08-09 23:12:26,184 INFO memory.MemoryStore: Block broadcast_123_piece0 stored as bytes in memory (estimated size 3.4 KiB, free 2.2 GiB)
2026-08-09 23:12:26,185 INFO scheduler.TaskSetManager: Finished task 0.0 in stage 122.0 (TID 504) in 4 ms on 10.0.0.215 (executor driver) (1/2)
2026-08-09 23:12:26,185 INFO storage.BlockManagerInfo: Added broadcast_123_piece0 in memory on 10.0.0.215:64244 (size: 3.4 KiB, free: 2.2 GiB)
2026-08-09 23:12:26,185 INFO executor.Executor: Finished task 1.0 in stage 122.0 (TID 505). 1572 bytes result sent to driver
2026-08-09 23:12:26,185 INFO spark.SparkContext: Created broadcast 123 from broadcast at DAGScheduler.scala:1513
2026-08-09 23:12:26,185 INFO scheduler.TaskSetManager: Finished task 1.0 in stage 122.0 (TID 505) in 4 ms on 10.0.0.215 (executor driver) (2/2)
2026-08-09 23:12:26,185 INFO scheduler.DAGScheduler: Submitting 2 missing tasks from ResultStage 128 (MapPartitionsRDD[215] at mapPartitions at BinaryClassificationMetrics.scala:237) (first 15 tasks are for partitions Vector(0, 1))
2026-08-09 23:12:26,185 INFO scheduler.TaskSchedulerImpl: Removed TaskSet 122.0, whose tasks have all completed, from pool default
2026-08-09 23:12:26,185 INFO scheduler.TaskSchedulerImpl: Adding task set 128.0 with 2 tasks resource profile 0
2026-08-09 23:12:26,186 INFO scheduler.FairSchedulableBuilder: Added task set TaskSet_128.0 tasks to pool default
2026-08-09 23:12:26,186 INFO storage.BlockManagerInfo: Removed broadcast_14_piece0 on 10.0.0.215:64244 in memory (size: 12.3 KiB, free: 2.2 GiB)
2026-08-09 23:12:26,186 INFO scheduler.TaskSetManager: Starting task 0.0 in stage 128.0 (TID 506) (10.0.0.215, executor driver, partition 0, NODE_LOCAL, 4271 bytes) taskResourceAssignments Map()
2026-08-09 23:12:26,186 INFO scheduler.TaskSetManager: Starting task 1.0 in stage 128.0 (TID 507) (10.0.0.215, executor driver, partition 1, NODE_LOCAL, 4271 bytes) taskResourceAssignments Map()
2026-08-09 23:12:26,187 INFO scheduler.DAGScheduler: ShuffleMapStage 133 (combineByKey at BinaryClassificationMetrics.scala:188) finished in 0.062 s
2026-08-09 23:12:26,187 INFO scheduler.DAGScheduler: looking for newly runnable stages
2026-08-09 23:12:26,187 INFO scheduler.DAGScheduler: running: Set(ResultStage 125, ResultStage 122, ResultStage 120, ResultStage 128)
2026-08-09 23:12:26,187 INFO scheduler.DAGScheduler: waiting: Set(ResultStage 134)
2026-08-09 23:12:26,187 INFO scheduler.DAGScheduler: failed: Set()
2026-08-09 23:12:26,187 INFO scheduler.DAGScheduler: Submitting ResultStage 134 (MapPartitionsRDD[220] at mapPartitions at BinaryClassificationMetrics.scala:237), which has no missing parents
2026-08-09 23:12:26,187 INFO memory.MemoryStore: Block broadcast_124 stored as values in memory (estimated size 6.2 KiB, free 2.2 GiB)
2026-08-09 23:12:26,188 INFO executor.Executor: Running task 1.0 in stage 128.0 (TID 507)
2026-08-09 23:12:26,188 INFO memory.MemoryStore: Block broadcast_124_piece0 stored as bytes in memory (estimated size 3.4 KiB, free 2.2 GiB)
2026-08-09 23:12:26,187 INFO executor.Executor: Running task 0.0 in stage 128.0 (TID 506)
2026-08-09 23:12:26,188 INFO storage.BlockManagerInfo: Added broadcast_124_piece0 in memory on 10.0.0.215:64244 (size: 3.4 KiB, free: 2.2 GiB)
2026-08-09 23:12:26,189 INFO spark.SparkContext: Created broadcast 124 from broadcast at DAGScheduler.scala:1513
2026-08-09 23:12:26,189 INFO scheduler.DAGScheduler: Submitting 2 missing tasks from ResultStage 134 (MapPartitionsRDD[220] at mapPartitions at BinaryClassificationMetrics.scala:237) (first 15 tasks are for partitions Vector(0, 1))
2026-08-09 23:12:26,189 INFO scheduler.TaskSchedulerImpl: Adding task set 134.0 with 2 tasks resource profile 0
2026-08-09 23:12:26,189 INFO scheduler.FairSchedulableBuilder: Added task set TaskSet_134.0 tasks to pool default
2026-08-09 23:12:26,190 INFO storage.ShuffleBlockFetcherIterator: Getting 2 (702.0 B) non-empty blocks including 2 (702.0 B) local and 0 (0.0 B) host-local and 0 (0.0 B) push-merged-local and 0 (0.0 B) remote blocks
2026-08-09 23:12:26,190 INFO scheduler.DAGScheduler: ResultStage 120 (sortByKey at BinaryClassificationMetrics.scala:189) finished in 0.063 s
2026-08-09 23:12:26,190 INFO storage.ShuffleBlockFetcherIterator: Started 0 remote fetches in 0 ms
2026-08-09 23:12:26,190 INFO storage.ShuffleBlockFetcherIterator: Getting 2 (702.0 B) non-empty blocks including 2 (702.0 B) local and 0 (0.0 B) host-local and 0 (0.0 B) push-merged-local and 0 (0.0 B) remote blocks
2026-08-09 23:12:26,190 INFO storage.ShuffleBlockFetcherIterator: Started 0 remote fetches in 0 ms
2026-08-09 23:12:26,190 INFO scheduler.TaskSetManager: Starting task 0.0 in stage 134.0 (TID 508) (10.0.0.215, executor driver, partition 0, NODE_LOCAL, 4271 bytes) taskResourceAssignments Map()
2026-08-09 23:12:26,190 INFO scheduler.TaskSetManager: Starting task 1.0 in stage 134.0 (TID 509) (10.0.0.215, executor driver, partition 1, NODE_LOCAL, 4271 bytes) taskResourceAssignments Map()
2026-08-09 23:12:26,191 INFO executor.Executor: Finished task 1.0 in stage 128.0 (TID 507). 1456 bytes result sent to driver
2026-08-09 23:12:26,190 INFO scheduler.DAGScheduler: Job 71 is finished. Cancelling potential speculative or zombie tasks for this job
2026-08-09 23:12:26,191 INFO scheduler.TaskSchedulerImpl: Killing all running tasks in stage 120: Stage finished
2026-08-09 23:12:26,191 INFO executor.Executor: Running task 0.0 in stage 134.0 (TID 508)
2026-08-09 23:12:26,191 INFO executor.Executor: Running task 1.0 in stage 134.0 (TID 509)
2026-08-09 23:12:26,191 INFO scheduler.DAGScheduler: ResultStage 125 (collect at BinaryClassificationMetrics.scala:237) finished in 0.017 s
2026-08-09 23:12:26,191 INFO storage.BlockManagerInfo: Removed broadcast_15_piece0 on 10.0.0.215:64244 in memory (size: 12.3 KiB, free: 2.2 GiB)
2026-08-09 23:12:26,191 INFO scheduler.DAGScheduler: Job 73 is finished. Cancelling potential speculative or zombie tasks for this job
2026-08-09 23:12:26,191 INFO executor.Executor: Finished task 0.0 in stage 128.0 (TID 506). 1456 bytes result sent to driver
2026-08-09 23:12:26,191 INFO scheduler.TaskSchedulerImpl: Killing all running tasks in stage 125: Stage finished
2026-08-09 23:12:26,192 INFO scheduler.DAGScheduler: Job 71 finished: sortByKey at BinaryClassificationMetrics.scala:189, took 0.119548 s
2026-08-09 23:12:26,192 INFO storage.ShuffleBlockFetcherIterator: Getting 2 (850.0 B) non-empty blocks including 2 (850.0 B) local and 0 (0.0 B) host-local and 0 (0.0 B) push-merged-local and 0 (0.0 B) remote blocks
2026-08-09 23:12:26,192 INFO storage.ShuffleBlockFetcherIterator: Started 0 remote fetches in 0 ms
2026-08-09 23:12:26,192 INFO scheduler.TaskSetManager: Finished task 1.0 in stage 128.0 (TID 507) in 6 ms on 10.0.0.215 (executor driver) (1/2)
2026-08-09 23:12:26,192 INFO scheduler.DAGScheduler: ResultStage 122 (sortByKey at BinaryClassificationMetrics.scala:189) finished in 0.014 s
2026-08-09 23:12:26,192 INFO scheduler.TaskSetManager: Finished task 0.0 in stage 128.0 (TID 506) in 6 ms on 10.0.0.215 (executor driver) (2/2)
2026-08-09 23:12:26,192 INFO scheduler.TaskSchedulerImpl: Removed TaskSet 128.0, whose tasks have all completed, from pool default
2026-08-09 23:12:26,192 INFO scheduler.DAGScheduler: Job 72 is finished. Cancelling potential speculative or zombie tasks for this job
2026-08-09 23:12:26,192 INFO scheduler.TaskSchedulerImpl: Killing all running tasks in stage 122: Stage finished
2026-08-09 23:12:26,192 INFO storage.ShuffleBlockFetcherIterator: Getting 2 (895.0 B) non-empty blocks including 2 (895.0 B) local and 0 (0.0 B) host-local and 0 (0.0 B) push-merged-local and 0 (0.0 B) remote blocks
2026-08-09 23:12:26,192 INFO storage.ShuffleBlockFetcherIterator: Started 0 remote fetches in 0 ms
2026-08-09 23:12:26,192 INFO scheduler.DAGScheduler: ResultStage 128 (collect at BinaryClassificationMetrics.scala:237) finished in 0.009 s
2026-08-09 23:12:26,192 INFO scheduler.DAGScheduler: Job 73 finished: collect at BinaryClassificationMetrics.scala:237, took 0.114715 s
2026-08-09 23:12:26,193 INFO scheduler.DAGScheduler: Job 74 is finished. Cancelling potential speculative or zombie tasks for this job
2026-08-09 23:12:26,193 INFO executor.Executor: Finished task 0.0 in stage 134.0 (TID 508). 1370 bytes result sent to driver
2026-08-09 23:12:26,193 INFO scheduler.DAGScheduler: Job 72 finished: sortByKey at BinaryClassificationMetrics.scala:189, took 0.118885 s
2026-08-09 23:12:26,193 INFO executor.Executor: Finished task 1.0 in stage 134.0 (TID 509). 1413 bytes result sent to driver
2026-08-09 23:12:26,193 INFO evaluation.BinaryClassificationMetrics: Total counts: {numPos: 5174.0, numNeg: 4826.0}
2026-08-09 23:12:26,193 INFO scheduler.TaskSchedulerImpl: Killing all running tasks in stage 128: Stage finished
2026-08-09 23:12:26,194 INFO scheduler.DAGScheduler: Job 74 finished: collect at BinaryClassificationMetrics.scala:237, took 0.105682 s
2026-08-09 23:12:26,195 INFO evaluation.BinaryClassificationMetrics: Total counts: {numPos: 5174.0, numNeg: 4826.0}
2026-08-09 23:12:26,196 INFO scheduler.TaskSetManager: Finished task 0.0 in stage 134.0 (TID 508) in 6 ms on 10.0.0.215 (executor driver) (1/2)
2026-08-09 23:12:26,197 INFO scheduler.TaskSetManager: Finished task 1.0 in stage 134.0 (TID 509) in 6 ms on 10.0.0.215 (executor driver) (2/2)
2026-08-09 23:12:26,197 INFO scheduler.TaskSchedulerImpl: Removed TaskSet 134.0, whose tasks have all completed, from pool default
2026-08-09 23:12:26,197 INFO scheduler.DAGScheduler: ResultStage 134 (collect at BinaryClassificationMetrics.scala:237) finished in 0.010 s
2026-08-09 23:12:26,197 INFO storage.BlockManagerInfo: Removed broadcast_24_piece0 on 10.0.0.215:64244 in memory (size: 12.3 KiB, free: 2.2 GiB)
2026-08-09 23:12:26,197 INFO scheduler.DAGScheduler: Job 76 is finished. Cancelling potential speculative or zombie tasks for this job
2026-08-09 23:12:26,197 INFO scheduler.TaskSchedulerImpl: Killing all running tasks in stage 134: Stage finished
2026-08-09 23:12:26,197 INFO scheduler.DAGScheduler: Job 76 finished: collect at BinaryClassificationMetrics.scala:237, took 0.087265 s
2026-08-09 23:12:26,198 INFO evaluation.BinaryClassificationMetrics: Total counts: {numPos: 5174.0, numNeg: 4826.0}
2026-08-09 23:12:26,198 INFO storage.BlockManagerInfo: Removed broadcast_19_piece0 on 10.0.0.215:64244 in memory (size: 12.3 KiB, free: 2.2 GiB)
2026-08-09 23:12:26,202 INFO spark.SparkContext: Starting job: collect at BinaryClassificationMetrics.scala:237
2026-08-09 23:12:26,203 INFO spark.SparkContext: Starting job: collect at BinaryClassificationMetrics.scala:237
2026-08-09 23:12:26,203 INFO storage.BlockManagerInfo: Removed broadcast_21_piece0 on 10.0.0.215:64244 in memory (size: 12.3 KiB, free: 2.2 GiB)
2026-08-09 23:12:26,203 INFO scheduler.DAGScheduler: Registering RDD 204 (combineByKey at BinaryClassificationMetrics.scala:188) as input to shuffle 34
2026-08-09 23:12:26,203 INFO scheduler.DAGScheduler: Got job 77 (collect at BinaryClassificationMetrics.scala:237) with 2 output partitions
2026-08-09 23:12:26,203 INFO scheduler.DAGScheduler: Final stage: ResultStage 137 (collect at BinaryClassificationMetrics.scala:237)
2026-08-09 23:12:26,203 INFO scheduler.DAGScheduler: Parents of final stage: List(ShuffleMapStage 136)
2026-08-09 23:12:26,203 INFO scheduler.DAGScheduler: Missing parents: List(ShuffleMapStage 136)
2026-08-09 23:12:26,203 INFO scheduler.DAGScheduler: Submitting ShuffleMapStage 136 (ShuffledRDD[204] at combineByKey at BinaryClassificationMetrics.scala:188), which has no missing parents
2026-08-09 23:12:26,204 INFO spark.SparkContext: Starting job: collect at AreaUnderCurve.scala:44
2026-08-09 23:12:26,205 INFO spark.SparkContext: Starting job: collect at AreaUnderCurve.scala:44
2026-08-09 23:12:26,205 INFO storage.BlockManagerInfo: Removed broadcast_20_piece0 on 10.0.0.215:64244 in memory (size: 12.3 KiB, free: 2.2 GiB)
2026-08-09 23:12:26,205 INFO memory.MemoryStore: Block broadcast_125 stored as values in memory (estimated size 5.2 KiB, free 2.2 GiB)
2026-08-09 23:12:26,205 INFO memory.MemoryStore: Block broadcast_125_piece0 stored as bytes in memory (estimated size 2.9 KiB, free 2.2 GiB)
2026-08-09 23:12:26,205 INFO storage.BlockManagerInfo: Added broadcast_125_piece0 in memory on 10.0.0.215:64244 (size: 2.9 KiB, free: 2.2 GiB)
2026-08-09 23:12:26,206 INFO spark.SparkContext: Created broadcast 125 from broadcast at DAGScheduler.scala:1513
2026-08-09 23:12:26,206 INFO storage.BlockManagerInfo: Removed broadcast_18_piece0 on 10.0.0.215:64244 in memory (size: 12.3 KiB, free: 2.2 GiB)
2026-08-09 23:12:26,206 INFO scheduler.DAGScheduler: Submitting 2 missing tasks from ShuffleMapStage 136 (ShuffledRDD[204] at combineByKey at BinaryClassificationMetrics.scala:188) (first 15 tasks are for partitions Vector(0, 1))
2026-08-09 23:12:26,206 INFO scheduler.TaskSchedulerImpl: Adding task set 136.0 with 2 tasks resource profile 0
2026-08-09 23:12:26,206 INFO scheduler.FairSchedulableBuilder: Added task set TaskSet_136.0 tasks to pool default
2026-08-09 23:12:26,206 INFO scheduler.DAGScheduler: Registering RDD 198 (combineByKey at BinaryClassificationMetrics.scala:188) as input to shuffle 35
2026-08-09 23:12:26,206 INFO scheduler.DAGScheduler: Got job 78 (collect at BinaryClassificationMetrics.scala:237) with 2 output partitions
2026-08-09 23:12:26,206 INFO scheduler.DAGScheduler: Final stage: ResultStage 140 (collect at BinaryClassificationMetrics.scala:237)
2026-08-09 23:12:26,206 INFO scheduler.TaskSetManager: Starting task 0.0 in stage 136.0 (TID 510) (10.0.0.215, executor driver, partition 0, NODE_LOCAL, 4260 bytes) taskResourceAssignments Map()
2026-08-09 23:12:26,206 INFO scheduler.DAGScheduler: Parents of final stage: List(ShuffleMapStage 139)
2026-08-09 23:12:26,206 INFO storage.BlockManagerInfo: Removed broadcast_22_piece0 on 10.0.0.215:64244 in memory (size: 12.3 KiB, free: 2.2 GiB)
2026-08-09 23:12:26,206 INFO scheduler.TaskSetManager: Starting task 1.0 in stage 136.0 (TID 511) (10.0.0.215, executor driver, partition 1, NODE_LOCAL, 4260 bytes) taskResourceAssignments Map()
2026-08-09 23:12:26,206 INFO scheduler.DAGScheduler: Missing parents: List(ShuffleMapStage 139)
2026-08-09 23:12:26,207 INFO scheduler.DAGScheduler: Submitting ShuffleMapStage 139 (ShuffledRDD[198] at combineByKey at BinaryClassificationMetrics.scala:188), which has no missing parents
2026-08-09 23:12:26,207 INFO executor.Executor: Running task 0.0 in stage 136.0 (TID 510)
2026-08-09 23:12:26,207 INFO executor.Executor: Running task 1.0 in stage 136.0 (TID 511)
2026-08-09 23:12:26,207 INFO memory.MemoryStore: Block broadcast_126 stored as values in memory (estimated size 5.2 KiB, free 2.2 GiB)
2026-08-09 23:12:26,207 INFO memory.MemoryStore: Block broadcast_126_piece0 stored as bytes in memory (estimated size 2.9 KiB, free 2.2 GiB)
2026-08-09 23:12:26,207 INFO storage.BlockManagerInfo: Added broadcast_126_piece0 in memory on 10.0.0.215:64244 (size: 2.9 KiB, free: 2.2 GiB)
2026-08-09 23:12:26,207 INFO spark.SparkContext: Created broadcast 126 from broadcast at DAGScheduler.scala:1513
2026-08-09 23:12:26,208 INFO scheduler.DAGScheduler: Submitting 2 missing tasks from ShuffleMapStage 139 (ShuffledRDD[198] at combineByKey at BinaryClassificationMetrics.scala:188) (first 15 tasks are for partitions Vector(0, 1))
2026-08-09 23:12:26,208 INFO scheduler.TaskSchedulerImpl: Adding task set 139.0 with 2 tasks resource profile 0
2026-08-09 23:12:26,208 INFO scheduler.FairSchedulableBuilder: Added task set TaskSet_139.0 tasks to pool default
2026-08-09 23:12:26,208 INFO scheduler.TaskSetManager: Starting task 0.0 in stage 139.0 (TID 512) (10.0.0.215, executor driver, partition 0, NODE_LOCAL, 4260 bytes) taskResourceAssignments Map()
2026-08-09 23:12:26,208 INFO scheduler.TaskSetManager: Starting task 1.0 in stage 139.0 (TID 513) (10.0.0.215, executor driver, partition 1, NODE_LOCAL, 4260 bytes) taskResourceAssignments Map()
2026-08-09 23:12:26,209 INFO storage.ShuffleBlockFetcherIterator: Getting 1 (490.0 B) non-empty blocks including 1 (490.0 B) local and 0 (0.0 B) host-local and 0 (0.0 B) push-merged-local and 0 (0.0 B) remote blocks
2026-08-09 23:12:26,209 INFO storage.ShuffleBlockFetcherIterator: Started 0 remote fetches in 0 ms
2026-08-09 23:12:26,209 INFO storage.ShuffleBlockFetcherIterator: Getting 1 (405.0 B) non-empty blocks including 1 (405.0 B) local and 0 (0.0 B) host-local and 0 (0.0 B) push-merged-local and 0 (0.0 B) remote blocks
2026-08-09 23:12:26,209 INFO storage.ShuffleBlockFetcherIterator: Started 0 remote fetches in 0 ms
2026-08-09 23:12:26,209 INFO spark.SparkContext: Starting job: collect at AreaUnderCurve.scala:44
2026-08-09 23:12:26,209 INFO executor.Executor: Running task 0.0 in stage 139.0 (TID 512)
2026-08-09 23:12:26,209 INFO executor.Executor: Running task 1.0 in stage 139.0 (TID 513)
2026-08-09 23:12:26,209 INFO scheduler.DAGScheduler: Got job 79 (collect at AreaUnderCurve.scala:44) with 2 output partitions
2026-08-09 23:12:26,210 INFO storage.BlockManagerInfo: Removed broadcast_17_piece0 on 10.0.0.215:64244 in memory (size: 12.3 KiB, free: 2.2 GiB)
2026-08-09 23:12:26,210 INFO scheduler.DAGScheduler: Final stage: ResultStage 143 (collect at AreaUnderCurve.scala:44)
2026-08-09 23:12:26,210 INFO scheduler.DAGScheduler: Parents of final stage: List(ShuffleMapStage 142)
2026-08-09 23:12:26,210 INFO scheduler.DAGScheduler: Missing parents: List()
2026-08-09 23:12:26,211 INFO storage.ShuffleBlockFetcherIterator: Getting 1 (490.0 B) non-empty blocks including 1 (490.0 B) local and 0 (0.0 B) host-local and 0 (0.0 B) push-merged-local and 0 (0.0 B) remote blocks
2026-08-09 23:12:26,211 INFO storage.ShuffleBlockFetcherIterator: Started 0 remote fetches in 0 ms
2026-08-09 23:12:26,211 INFO scheduler.DAGScheduler: Submitting ResultStage 143 (MapPartitionsRDD[237] at mapPartitions at AreaUnderCurve.scala:44), which has no missing parents
2026-08-09 23:12:26,211 INFO storage.ShuffleBlockFetcherIterator: Getting 1 (652.0 B) non-empty blocks including 1 (652.0 B) local and 0 (0.0 B) host-local and 0 (0.0 B) push-merged-local and 0 (0.0 B) remote blocks
2026-08-09 23:12:26,211 INFO storage.ShuffleBlockFetcherIterator: Started 0 remote fetches in 0 ms
2026-08-09 23:12:26,212 INFO memory.MemoryStore: Block broadcast_127 stored as values in memory (estimated size 7.8 KiB, free 2.2 GiB)
2026-08-09 23:12:26,212 INFO storage.BlockManagerInfo: Removed broadcast_36_piece0 on 10.0.0.215:64244 in memory (size: 12.0 KiB, free: 2.2 GiB)
2026-08-09 23:12:26,212 INFO executor.Executor: Finished task 1.0 in stage 136.0 (TID 511). 1426 bytes result sent to driver
2026-08-09 23:12:26,212 INFO memory.MemoryStore: Block broadcast_127_piece0 stored as bytes in memory (estimated size 3.8 KiB, free 2.2 GiB)
2026-08-09 23:12:26,212 INFO storage.BlockManagerInfo: Added broadcast_127_piece0 in memory on 10.0.0.215:64244 (size: 3.8 KiB, free: 2.2 GiB)
2026-08-09 23:12:26,213 INFO spark.SparkContext: Created broadcast 127 from broadcast at DAGScheduler.scala:1513
2026-08-09 23:12:26,213 INFO scheduler.TaskSetManager: Finished task 1.0 in stage 136.0 (TID 511) in 7 ms on 10.0.0.215 (executor driver) (1/2)
2026-08-09 23:12:26,213 INFO scheduler.DAGScheduler: Submitting 2 missing tasks from ResultStage 143 (MapPartitionsRDD[237] at mapPartitions at AreaUnderCurve.scala:44) (first 15 tasks are for partitions Vector(0, 1))
2026-08-09 23:12:26,213 INFO scheduler.TaskSchedulerImpl: Adding task set 143.0 with 2 tasks resource profile 0
2026-08-09 23:12:26,213 INFO executor.Executor: Finished task 0.0 in stage 136.0 (TID 510). 1469 bytes result sent to driver
2026-08-09 23:12:26,213 INFO scheduler.FairSchedulableBuilder: Added task set TaskSet_143.0 tasks to pool default
2026-08-09 23:12:26,213 INFO storage.BlockManagerInfo: Removed broadcast_42_piece0 on 10.0.0.215:64244 in memory (size: 12.0 KiB, free: 2.2 GiB)
2026-08-09 23:12:26,213 INFO scheduler.TaskSetManager: Starting task 0.0 in stage 143.0 (TID 514) (10.0.0.215, executor driver, partition 0, NODE_LOCAL, 4271 bytes) taskResourceAssignments Map()
2026-08-09 23:12:26,213 INFO scheduler.TaskSetManager: Starting task 1.0 in stage 143.0 (TID 515) (10.0.0.215, executor driver, partition 1, NODE_LOCAL, 4271 bytes) taskResourceAssignments Map()
2026-08-09 23:12:26,213 INFO executor.Executor: Running task 0.0 in stage 143.0 (TID 514)
2026-08-09 23:12:26,213 INFO executor.Executor: Running task 1.0 in stage 143.0 (TID 515)
2026-08-09 23:12:26,213 INFO scheduler.DAGScheduler: Got job 80 (collect at AreaUnderCurve.scala:44) with 2 output partitions
2026-08-09 23:12:26,213 INFO scheduler.DAGScheduler: Final stage: ResultStage 146 (collect at AreaUnderCurve.scala:44)
2026-08-09 23:12:26,213 INFO scheduler.DAGScheduler: Parents of final stage: List(ShuffleMapStage 145)
2026-08-09 23:12:26,214 INFO scheduler.TaskSetManager: Finished task 0.0 in stage 136.0 (TID 510) in 8 ms on 10.0.0.215 (executor driver) (2/2)
2026-08-09 23:12:26,214 INFO scheduler.TaskSchedulerImpl: Removed TaskSet 136.0, whose tasks have all completed, from pool default
2026-08-09 23:12:26,214 INFO scheduler.DAGScheduler: Missing parents: List()
2026-08-09 23:12:26,214 INFO scheduler.DAGScheduler: Submitting ResultStage 146 (MapPartitionsRDD[233] at mapPartitions at AreaUnderCurve.scala:44), which has no missing parents
2026-08-09 23:12:26,214 INFO executor.Executor: Finished task 0.0 in stage 139.0 (TID 512). 1426 bytes result sent to driver
2026-08-09 23:12:26,215 INFO memory.MemoryStore: Block broadcast_128 stored as values in memory (estimated size 7.8 KiB, free 2.2 GiB)
2026-08-09 23:12:26,215 INFO scheduler.TaskSetManager: Finished task 0.0 in stage 139.0 (TID 512) in 7 ms on 10.0.0.215 (executor driver) (1/2)
2026-08-09 23:12:26,216 INFO storage.ShuffleBlockFetcherIterator: Getting 2 (580.0 B) non-empty blocks including 2 (580.0 B) local and 0 (0.0 B) host-local and 0 (0.0 B) push-merged-local and 0 (0.0 B) remote blocks
2026-08-09 23:12:26,216 INFO storage.ShuffleBlockFetcherIterator: Started 0 remote fetches in 0 ms
2026-08-09 23:12:26,217 INFO memory.MemoryStore: Block broadcast_128_piece0 stored as bytes in memory (estimated size 3.8 KiB, free 2.2 GiB)
2026-08-09 23:12:26,217 INFO storage.ShuffleBlockFetcherIterator: Getting 2 (608.0 B) non-empty blocks including 2 (608.0 B) local and 0 (0.0 B) host-local and 0 (0.0 B) push-merged-local and 0 (0.0 B) remote blocks
2026-08-09 23:12:26,217 INFO storage.ShuffleBlockFetcherIterator: Started 0 remote fetches in 0 ms
2026-08-09 23:12:26,217 INFO executor.Executor: Finished task 1.0 in stage 139.0 (TID 513). 1426 bytes result sent to driver
2026-08-09 23:12:26,217 INFO storage.BlockManagerInfo: Added broadcast_128_piece0 in memory on 10.0.0.215:64244 (size: 3.8 KiB, free: 2.2 GiB)
2026-08-09 23:12:26,217 INFO memory.MemoryStore: Block rdd_223_0 stored as values in memory (estimated size 440.0 B, free 2.2 GiB)
2026-08-09 23:12:26,217 INFO memory.MemoryStore: Block rdd_223_1 stored as values in memory (estimated size 520.0 B, free 2.2 GiB)
2026-08-09 23:12:26,217 INFO storage.BlockManagerInfo: Removed broadcast_16_piece0 on 10.0.0.215:64244 in memory (size: 12.3 KiB, free: 2.2 GiB)
2026-08-09 23:12:26,218 INFO scheduler.TaskSetManager: Finished task 1.0 in stage 139.0 (TID 513) in 10 ms on 10.0.0.215 (executor driver) (2/2)
2026-08-09 23:12:26,218 INFO storage.BlockManagerInfo: Added rdd_223_0 in memory on 10.0.0.215:64244 (size: 440.0 B, free: 2.2 GiB)
2026-08-09 23:12:26,218 INFO spark.SparkContext: Created broadcast 128 from broadcast at DAGScheduler.scala:1513
2026-08-09 23:12:26,218 INFO storage.BlockManagerInfo: Added rdd_223_1 in memory on 10.0.0.215:64244 (size: 520.0 B, free: 2.2 GiB)
2026-08-09 23:12:26,218 INFO scheduler.DAGScheduler: Submitting 2 missing tasks from ResultStage 146 (MapPartitionsRDD[233] at mapPartitions at AreaUnderCurve.scala:44) (first 15 tasks are for partitions Vector(0, 1))
2026-08-09 23:12:26,218 INFO scheduler.TaskSchedulerImpl: Adding task set 146.0 with 2 tasks resource profile 0
2026-08-09 23:12:26,218 INFO scheduler.TaskSchedulerImpl: Removed TaskSet 139.0, whose tasks have all completed, from pool default
2026-08-09 23:12:26,218 INFO executor.Executor: Finished task 0.0 in stage 143.0 (TID 514). 1532 bytes result sent to driver
2026-08-09 23:12:26,218 INFO executor.Executor: Finished task 1.0 in stage 143.0 (TID 515). 1532 bytes result sent to driver
2026-08-09 23:12:26,218 INFO scheduler.FairSchedulableBuilder: Added task set TaskSet_146.0 tasks to pool default
2026-08-09 23:12:26,219 INFO storage.BlockManagerInfo: Removed broadcast_23_piece0 on 10.0.0.215:64244 in memory (size: 12.3 KiB, free: 2.2 GiB)
2026-08-09 23:12:26,219 INFO scheduler.DAGScheduler: Got job 81 (collect at AreaUnderCurve.scala:44) with 2 output partitions
2026-08-09 23:12:26,219 INFO scheduler.DAGScheduler: Final stage: ResultStage 149 (collect at AreaUnderCurve.scala:44)
2026-08-09 23:12:26,219 INFO scheduler.DAGScheduler: Parents of final stage: List(ShuffleMapStage 148)
2026-08-09 23:12:26,219 INFO scheduler.TaskSetManager: Starting task 0.0 in stage 146.0 (TID 516) (10.0.0.215, executor driver, partition 0, NODE_LOCAL, 4271 bytes) taskResourceAssignments Map()
2026-08-09 23:12:26,219 INFO scheduler.TaskSetManager: Starting task 1.0 in stage 146.0 (TID 517) (10.0.0.215, executor driver, partition 1, NODE_LOCAL, 4271 bytes) taskResourceAssignments Map()
2026-08-09 23:12:26,219 INFO scheduler.DAGScheduler: Missing parents: List()
2026-08-09 23:12:26,219 INFO executor.Executor: Running task 1.0 in stage 146.0 (TID 517)
2026-08-09 23:12:26,219 INFO executor.Executor: Running task 0.0 in stage 146.0 (TID 516)
2026-08-09 23:12:26,219 INFO scheduler.TaskSetManager: Finished task 0.0 in stage 143.0 (TID 514) in 6 ms on 10.0.0.215 (executor driver) (1/2)
2026-08-09 23:12:26,219 INFO scheduler.DAGScheduler: Submitting ResultStage 149 (MapPartitionsRDD[241] at mapPartitions at AreaUnderCurve.scala:44), which has no missing parents
2026-08-09 23:12:26,220 INFO scheduler.TaskSetManager: Finished task 1.0 in stage 143.0 (TID 515) in 7 ms on 10.0.0.215 (executor driver) (2/2)
2026-08-09 23:12:26,220 INFO memory.MemoryStore: Block broadcast_129 stored as values in memory (estimated size 7.8 KiB, free 2.2 GiB)
2026-08-09 23:12:26,220 INFO scheduler.TaskSchedulerImpl: Removed TaskSet 143.0, whose tasks have all completed, from pool default
2026-08-09 23:12:26,220 INFO memory.MemoryStore: Block broadcast_129_piece0 stored as bytes in memory (estimated size 3.8 KiB, free 2.2 GiB)
2026-08-09 23:12:26,220 INFO storage.BlockManagerInfo: Added broadcast_129_piece0 in memory on 10.0.0.215:64244 (size: 3.8 KiB, free: 2.2 GiB)
2026-08-09 23:12:26,220 INFO storage.BlockManagerInfo: Removed broadcast_25_piece0 on 10.0.0.215:64244 in memory (size: 12.3 KiB, free: 2.2 GiB)
2026-08-09 23:12:26,220 INFO spark.SparkContext: Created broadcast 129 from broadcast at DAGScheduler.scala:1513
2026-08-09 23:12:26,221 INFO scheduler.DAGScheduler: Submitting 2 missing tasks from ResultStage 149 (MapPartitionsRDD[241] at mapPartitions at AreaUnderCurve.scala:44) (first 15 tasks are for partitions Vector(0, 1))
2026-08-09 23:12:26,221 INFO scheduler.TaskSchedulerImpl: Adding task set 149.0 with 2 tasks resource profile 0
2026-08-09 23:12:26,221 INFO storage.BlockManagerInfo: Removed broadcast_94_piece0 on 10.0.0.215:64244 in memory (size: 12.7 KiB, free: 2.2 GiB)
2026-08-09 23:12:26,221 INFO scheduler.FairSchedulableBuilder: Added task set TaskSet_149.0 tasks to pool default
2026-08-09 23:12:26,221 INFO storage.ShuffleBlockFetcherIterator: Getting 2 (702.0 B) non-empty blocks including 2 (702.0 B) local and 0 (0.0 B) host-local and 0 (0.0 B) push-merged-local and 0 (0.0 B) remote blocks
2026-08-09 23:12:26,221 INFO storage.ShuffleBlockFetcherIterator: Started 0 remote fetches in 0 ms
2026-08-09 23:12:26,221 INFO scheduler.DAGScheduler: ShuffleMapStage 136 (combineByKey at BinaryClassificationMetrics.scala:188) finished in 0.017 s
2026-08-09 23:12:26,221 INFO scheduler.TaskSetManager: Starting task 0.0 in stage 149.0 (TID 518) (10.0.0.215, executor driver, partition 0, NODE_LOCAL, 4271 bytes) taskResourceAssignments Map()
2026-08-09 23:12:26,222 INFO scheduler.DAGScheduler: looking for newly runnable stages
2026-08-09 23:12:26,222 INFO scheduler.DAGScheduler: running: Set(ResultStage 143, ShuffleMapStage 139, ResultStage 149, ResultStage 146)
2026-08-09 23:12:26,222 INFO scheduler.DAGScheduler: waiting: Set(ResultStage 140, ResultStage 137)
2026-08-09 23:12:26,222 INFO scheduler.DAGScheduler: failed: Set()
2026-08-09 23:12:26,222 INFO scheduler.TaskSetManager: Starting task 1.0 in stage 149.0 (TID 519) (10.0.0.215, executor driver, partition 1, NODE_LOCAL, 4271 bytes) taskResourceAssignments Map()
2026-08-09 23:12:26,222 INFO storage.ShuffleBlockFetcherIterator: Getting 2 (702.0 B) non-empty blocks including 2 (702.0 B) local and 0 (0.0 B) host-local and 0 (0.0 B) push-merged-local and 0 (0.0 B) remote blocks
2026-08-09 23:12:26,222 INFO storage.ShuffleBlockFetcherIterator: Started 0 remote fetches in 0 ms
2026-08-09 23:12:26,222 INFO executor.Executor: Running task 1.0 in stage 149.0 (TID 519)
2026-08-09 23:12:26,222 INFO scheduler.DAGScheduler: Submitting ResultStage 137 (MapPartitionsRDD[232] at mapPartitions at BinaryClassificationMetrics.scala:237), which has no missing parents
2026-08-09 23:12:26,222 INFO memory.MemoryStore: Block rdd_224_1 stored as values in memory (estimated size 944.0 B, free 2.2 GiB)
2026-08-09 23:12:26,222 INFO storage.BlockManagerInfo: Removed broadcast_95_piece0 on 10.0.0.215:64244 in memory (size: 2.9 KiB, free: 2.2 GiB)
2026-08-09 23:12:26,222 INFO executor.Executor: Running task 0.0 in stage 149.0 (TID 518)
2026-08-09 23:12:26,222 INFO memory.MemoryStore: Block rdd_224_0 stored as values in memory (estimated size 856.0 B, free 2.2 GiB)
2026-08-09 23:12:26,222 INFO storage.BlockManagerInfo: Added rdd_224_1 in memory on 10.0.0.215:64244 (size: 944.0 B, free: 2.2 GiB)
2026-08-09 23:12:26,222 INFO memory.MemoryStore: Block broadcast_130 stored as values in memory (estimated size 6.2 KiB, free 2.2 GiB)
2026-08-09 23:12:26,222 INFO storage.BlockManagerInfo: Added rdd_224_0 in memory on 10.0.0.215:64244 (size: 856.0 B, free: 2.2 GiB)
2026-08-09 23:12:26,222 INFO executor.Executor: Finished task 1.0 in stage 146.0 (TID 517). 1532 bytes result sent to driver
2026-08-09 23:12:26,223 INFO memory.MemoryStore: Block broadcast_130_piece0 stored as bytes in memory (estimated size 3.4 KiB, free 2.2 GiB)
2026-08-09 23:12:26,223 INFO storage.BlockManagerInfo: Added broadcast_130_piece0 in memory on 10.0.0.215:64244 (size: 3.4 KiB, free: 2.2 GiB)
2026-08-09 23:12:26,223 INFO scheduler.TaskSetManager: Finished task 1.0 in stage 146.0 (TID 517) in 4 ms on 10.0.0.215 (executor driver) (1/2)
2026-08-09 23:12:26,223 INFO spark.SparkContext: Created broadcast 130 from broadcast at DAGScheduler.scala:1513
2026-08-09 23:12:26,223 INFO scheduler.DAGScheduler: Submitting 2 missing tasks from ResultStage 137 (MapPartitionsRDD[232] at mapPartitions at BinaryClassificationMetrics.scala:237) (first 15 tasks are for partitions Vector(0, 1))
2026-08-09 23:12:26,223 INFO scheduler.TaskSchedulerImpl: Adding task set 137.0 with 2 tasks resource profile 0
2026-08-09 23:12:26,223 INFO storage.BlockManagerInfo: Removed broadcast_86_piece0 on 10.0.0.215:64244 in memory (size: 2.9 KiB, free: 2.2 GiB)
2026-08-09 23:12:26,223 INFO executor.Executor: Finished task 0.0 in stage 146.0 (TID 516). 1532 bytes result sent to driver
2026-08-09 23:12:26,223 INFO scheduler.FairSchedulableBuilder: Added task set TaskSet_137.0 tasks to pool default
2026-08-09 23:12:26,223 INFO storage.ShuffleBlockFetcherIterator: Getting 2 (895.0 B) non-empty blocks including 2 (895.0 B) local and 0 (0.0 B) host-local and 0 (0.0 B) push-merged-local and 0 (0.0 B) remote blocks
2026-08-09 23:12:26,223 INFO storage.ShuffleBlockFetcherIterator: Started 0 remote fetches in 0 ms
2026-08-09 23:12:26,224 INFO scheduler.TaskSetManager: Starting task 0.0 in stage 137.0 (TID 520) (10.0.0.215, executor driver, partition 0, NODE_LOCAL, 4271 bytes) taskResourceAssignments Map()
2026-08-09 23:12:26,224 INFO scheduler.TaskSetManager: Starting task 1.0 in stage 137.0 (TID 521) (10.0.0.215, executor driver, partition 1, NODE_LOCAL, 4271 bytes) taskResourceAssignments Map()
2026-08-09 23:12:26,224 INFO executor.Executor: Running task 0.0 in stage 137.0 (TID 520)
2026-08-09 23:12:26,224 INFO executor.Executor: Running task 1.0 in stage 137.0 (TID 521)
2026-08-09 23:12:26,224 INFO scheduler.DAGScheduler: ShuffleMapStage 139 (combineByKey at BinaryClassificationMetrics.scala:188) finished in 0.017 s
2026-08-09 23:12:26,224 INFO scheduler.DAGScheduler: looking for newly runnable stages
2026-08-09 23:12:26,224 INFO scheduler.DAGScheduler: running: Set(ResultStage 143, ResultStage 137, ResultStage 149, ResultStage 146)
2026-08-09 23:12:26,224 INFO scheduler.DAGScheduler: waiting: Set(ResultStage 140)
2026-08-09 23:12:26,224 INFO scheduler.DAGScheduler: failed: Set()
2026-08-09 23:12:26,224 INFO scheduler.DAGScheduler: Submitting ResultStage 140 (MapPartitionsRDD[229] at mapPartitions at BinaryClassificationMetrics.scala:237), which has no missing parents
2026-08-09 23:12:26,224 INFO scheduler.TaskSetManager: Finished task 0.0 in stage 146.0 (TID 516) in 5 ms on 10.0.0.215 (executor driver) (2/2)
2026-08-09 23:12:26,224 INFO memory.MemoryStore: Block rdd_236_1 stored as values in memory (estimated size 1784.0 B, free 2.2 GiB)
2026-08-09 23:12:26,224 INFO scheduler.TaskSchedulerImpl: Removed TaskSet 146.0, whose tasks have all completed, from pool default
2026-08-09 23:12:26,224 INFO storage.BlockManagerInfo: Added rdd_236_1 in memory on 10.0.0.215:64244 (size: 1784.0 B, free: 2.2 GiB)
2026-08-09 23:12:26,224 INFO storage.ShuffleBlockFetcherIterator: Getting 2 (850.0 B) non-empty blocks including 2 (850.0 B) local and 0 (0.0 B) host-local and 0 (0.0 B) push-merged-local and 0 (0.0 B) remote blocks
2026-08-09 23:12:26,224 INFO storage.ShuffleBlockFetcherIterator: Started 0 remote fetches in 0 ms
2026-08-09 23:12:26,224 INFO storage.BlockManagerInfo: Removed broadcast_92_piece0 on 10.0.0.215:64244 in memory (size: 3.4 KiB, free: 2.2 GiB)
2026-08-09 23:12:26,224 INFO memory.MemoryStore: Block broadcast_131 stored as values in memory (estimated size 6.2 KiB, free 2.2 GiB)
2026-08-09 23:12:26,225 INFO storage.ShuffleBlockFetcherIterator: Getting 2 (702.0 B) non-empty blocks including 2 (702.0 B) local and 0 (0.0 B) host-local and 0 (0.0 B) push-merged-local and 0 (0.0 B) remote blocks
2026-08-09 23:12:26,225 INFO storage.ShuffleBlockFetcherIterator: Started 0 remote fetches in 0 ms
2026-08-09 23:12:26,225 INFO memory.MemoryStore: Block rdd_236_0 stored as values in memory (estimated size 1696.0 B, free 2.2 GiB)
2026-08-09 23:12:26,225 INFO storage.BlockManagerInfo: Added rdd_236_0 in memory on 10.0.0.215:64244 (size: 1696.0 B, free: 2.2 GiB)
2026-08-09 23:12:26,225 INFO executor.Executor: Finished task 0.0 in stage 137.0 (TID 520). 1370 bytes result sent to driver
2026-08-09 23:12:26,225 INFO executor.Executor: Finished task 1.0 in stage 149.0 (TID 519). 1489 bytes result sent to driver
2026-08-09 23:12:26,225 INFO scheduler.TaskSetManager: Finished task 0.0 in stage 137.0 (TID 520) in 2 ms on 10.0.0.215 (executor driver) (1/2)
2026-08-09 23:12:26,226 INFO scheduler.TaskSetManager: Finished task 1.0 in stage 149.0 (TID 519) in 4 ms on 10.0.0.215 (executor driver) (1/2)
2026-08-09 23:12:26,226 INFO memory.MemoryStore: Block broadcast_131_piece0 stored as bytes in memory (estimated size 3.4 KiB, free 2.2 GiB)
2026-08-09 23:12:26,226 INFO storage.BlockManagerInfo: Removed broadcast_88_piece0 on 10.0.0.215:64244 in memory (size: 2.9 KiB, free: 2.2 GiB)
2026-08-09 23:12:26,226 INFO storage.BlockManagerInfo: Added broadcast_131_piece0 in memory on 10.0.0.215:64244 (size: 3.4 KiB, free: 2.2 GiB)
2026-08-09 23:12:26,226 INFO spark.SparkContext: Created broadcast 131 from broadcast at DAGScheduler.scala:1513
2026-08-09 23:12:26,226 INFO storage.ShuffleBlockFetcherIterator: Getting 2 (702.0 B) non-empty blocks including 2 (702.0 B) local and 0 (0.0 B) host-local and 0 (0.0 B) push-merged-local and 0 (0.0 B) remote blocks
2026-08-09 23:12:26,226 INFO storage.ShuffleBlockFetcherIterator: Started 0 remote fetches in 0 ms
2026-08-09 23:12:26,226 INFO scheduler.DAGScheduler: Submitting 2 missing tasks from ResultStage 140 (MapPartitionsRDD[229] at mapPartitions at BinaryClassificationMetrics.scala:237) (first 15 tasks are for partitions Vector(0, 1))
2026-08-09 23:12:26,226 INFO scheduler.TaskSchedulerImpl: Adding task set 140.0 with 2 tasks resource profile 0
2026-08-09 23:12:26,227 INFO scheduler.FairSchedulableBuilder: Added task set TaskSet_140.0 tasks to pool default
2026-08-09 23:12:26,227 INFO executor.Executor: Finished task 0.0 in stage 149.0 (TID 518). 1532 bytes result sent to driver
2026-08-09 23:12:26,227 INFO executor.Executor: Finished task 1.0 in stage 137.0 (TID 521). 1456 bytes result sent to driver
2026-08-09 23:12:26,227 INFO scheduler.DAGScheduler: ResultStage 143 (collect at AreaUnderCurve.scala:44) finished in 0.016 s
2026-08-09 23:12:26,227 INFO scheduler.TaskSetManager: Starting task 0.0 in stage 140.0 (TID 522) (10.0.0.215, executor driver, partition 0, NODE_LOCAL, 4271 bytes) taskResourceAssignments Map()
2026-08-09 23:12:26,227 INFO scheduler.DAGScheduler: Job 79 is finished. Cancelling potential speculative or zombie tasks for this job
2026-08-09 23:12:26,227 INFO scheduler.TaskSetManager: Starting task 1.0 in stage 140.0 (TID 523) (10.0.0.215, executor driver, partition 1, NODE_LOCAL, 4271 bytes) taskResourceAssignments Map()
2026-08-09 23:12:26,227 INFO storage.BlockManagerInfo: Removed broadcast_76_piece0 on 10.0.0.215:64244 in memory (size: 12.7 KiB, free: 2.2 GiB)
2026-08-09 23:12:26,227 INFO scheduler.TaskSchedulerImpl: Killing all running tasks in stage 143: Stage finished
2026-08-09 23:12:26,227 INFO executor.Executor: Running task 0.0 in stage 140.0 (TID 522)
2026-08-09 23:12:26,227 INFO executor.Executor: Running task 1.0 in stage 140.0 (TID 523)
2026-08-09 23:12:26,227 INFO scheduler.DAGScheduler: Job 79 finished: collect at AreaUnderCurve.scala:44, took 0.023093 s
2026-08-09 23:12:26,227 INFO scheduler.DAGScheduler: ResultStage 146 (collect at AreaUnderCurve.scala:44) finished in 0.012 s
2026-08-09 23:12:26,227 INFO scheduler.DAGScheduler: Job 80 is finished. Cancelling potential speculative or zombie tasks for this job
2026-08-09 23:12:26,227 INFO scheduler.TaskSchedulerImpl: Killing all running tasks in stage 146: Stage finished
2026-08-09 23:12:26,227 INFO scheduler.TaskSetManager: Finished task 0.0 in stage 149.0 (TID 518) in 6 ms on 10.0.0.215 (executor driver) (2/2)
2026-08-09 23:12:26,228 INFO scheduler.DAGScheduler: Job 80 finished: collect at AreaUnderCurve.scala:44, took 0.023332 s
2026-08-09 23:12:26,228 INFO scheduler.TaskSchedulerImpl: Removed TaskSet 149.0, whose tasks have all completed, from pool default
2026-08-09 23:12:26,228 INFO scheduler.TaskSetManager: Finished task 1.0 in stage 137.0 (TID 521) in 4 ms on 10.0.0.215 (executor driver) (2/2)
2026-08-09 23:12:26,228 INFO scheduler.TaskSchedulerImpl: Removed TaskSet 137.0, whose tasks have all completed, from pool default
2026-08-09 23:12:26,228 INFO scheduler.DAGScheduler: ResultStage 149 (collect at AreaUnderCurve.scala:44) finished in 0.009 s
2026-08-09 23:12:26,228 INFO scheduler.DAGScheduler: Job 81 is finished. Cancelling potential speculative or zombie tasks for this job
2026-08-09 23:12:26,228 INFO scheduler.TaskSchedulerImpl: Killing all running tasks in stage 149: Stage finished
2026-08-09 23:12:26,228 INFO scheduler.DAGScheduler: Job 81 finished: collect at AreaUnderCurve.scala:44, took 0.019216 s
2026-08-09 23:12:26,229 INFO storage.ShuffleBlockFetcherIterator: Getting 2 (895.0 B) non-empty blocks including 2 (895.0 B) local and 0 (0.0 B) host-local and 0 (0.0 B) push-merged-local and 0 (0.0 B) remote blocks
2026-08-09 23:12:26,229 INFO storage.ShuffleBlockFetcherIterator: Getting 2 (895.0 B) non-empty blocks including 2 (895.0 B) local and 0 (0.0 B) host-local and 0 (0.0 B) push-merged-local and 0 (0.0 B) remote blocks
2026-08-09 23:12:26,229 INFO storage.ShuffleBlockFetcherIterator: Started 0 remote fetches in 0 ms
2026-08-09 23:12:26,229 INFO storage.ShuffleBlockFetcherIterator: Started 0 remote fetches in 0 ms
2026-08-09 23:12:26,229 INFO scheduler.DAGScheduler: ResultStage 137 (collect at BinaryClassificationMetrics.scala:237) finished in 0.007 s
2026-08-09 23:12:26,229 INFO scheduler.DAGScheduler: Job 77 is finished. Cancelling potential speculative or zombie tasks for this job
2026-08-09 23:12:26,229 INFO scheduler.TaskSchedulerImpl: Killing all running tasks in stage 137: Stage finished
2026-08-09 23:12:26,229 INFO scheduler.DAGScheduler: Job 77 finished: collect at BinaryClassificationMetrics.scala:237, took 0.026562 s
2026-08-09 23:12:26,229 INFO evaluation.BinaryClassificationMetrics: Total counts: {numPos: 5174.0, numNeg: 4826.0}
2026-08-09 23:12:26,229 INFO executor.Executor: Finished task 1.0 in stage 140.0 (TID 523). 1413 bytes result sent to driver
2026-08-09 23:12:26,230 INFO executor.Executor: Finished task 0.0 in stage 140.0 (TID 522). 1456 bytes result sent to driver
2026-08-09 23:12:26,230 INFO scheduler.TaskSetManager: Finished task 1.0 in stage 140.0 (TID 523) in 3 ms on 10.0.0.215 (executor driver) (1/2)
2026-08-09 23:12:26,230 INFO scheduler.TaskSetManager: Finished task 0.0 in stage 140.0 (TID 522) in 3 ms on 10.0.0.215 (executor driver) (2/2)
2026-08-09 23:12:26,230 INFO scheduler.TaskSchedulerImpl: Removed TaskSet 140.0, whose tasks have all completed, from pool default
2026-08-09 23:12:26,230 INFO scheduler.DAGScheduler: ResultStage 140 (collect at BinaryClassificationMetrics.scala:237) finished in 0.006 s
2026-08-09 23:12:26,230 INFO scheduler.DAGScheduler: Job 78 is finished. Cancelling potential speculative or zombie tasks for this job
2026-08-09 23:12:26,230 INFO scheduler.TaskSchedulerImpl: Killing all running tasks in stage 140: Stage finished
2026-08-09 23:12:26,230 INFO scheduler.DAGScheduler: Job 78 finished: collect at BinaryClassificationMetrics.scala:237, took 0.027470 s
2026-08-09 23:12:26,230 INFO evaluation.BinaryClassificationMetrics: Total counts: {numPos: 5174.0, numNeg: 4826.0}
2026-08-09 23:12:26,235 INFO spark.SparkContext: Starting job: collect at AreaUnderCurve.scala:44
2026-08-09 23:12:26,236 INFO scheduler.DAGScheduler: Got job 82 (collect at AreaUnderCurve.scala:44) with 2 output partitions
2026-08-09 23:12:26,236 INFO scheduler.DAGScheduler: Final stage: ResultStage 152 (collect at AreaUnderCurve.scala:44)
2026-08-09 23:12:26,236 INFO scheduler.DAGScheduler: Parents of final stage: List(ShuffleMapStage 151)
2026-08-09 23:12:26,236 INFO spark.SparkContext: Starting job: collect at AreaUnderCurve.scala:44
2026-08-09 23:12:26,236 INFO scheduler.DAGScheduler: Missing parents: List()
2026-08-09 23:12:26,236 INFO scheduler.DAGScheduler: Submitting ResultStage 152 (MapPartitionsRDD[248] at mapPartitions at AreaUnderCurve.scala:44), which has no missing parents
2026-08-09 23:12:26,237 INFO memory.MemoryStore: Block broadcast_132 stored as values in memory (estimated size 7.8 KiB, free 2.2 GiB)
2026-08-09 23:12:26,238 INFO memory.MemoryStore: Block broadcast_132_piece0 stored as bytes in memory (estimated size 3.8 KiB, free 2.2 GiB)
2026-08-09 23:12:26,238 INFO storage.BlockManagerInfo: Added broadcast_132_piece0 in memory on 10.0.0.215:64244 (size: 3.8 KiB, free: 2.2 GiB)
2026-08-09 23:12:26,238 INFO spark.SparkContext: Created broadcast 132 from broadcast at DAGScheduler.scala:1513
2026-08-09 23:12:26,238 INFO scheduler.DAGScheduler: Submitting 2 missing tasks from ResultStage 152 (MapPartitionsRDD[248] at mapPartitions at AreaUnderCurve.scala:44) (first 15 tasks are for partitions Vector(0, 1))
2026-08-09 23:12:26,238 INFO scheduler.TaskSchedulerImpl: Adding task set 152.0 with 2 tasks resource profile 0
2026-08-09 23:12:26,238 INFO scheduler.FairSchedulableBuilder: Added task set TaskSet_152.0 tasks to pool default
2026-08-09 23:12:26,238 INFO scheduler.TaskSetManager: Starting task 0.0 in stage 152.0 (TID 524) (10.0.0.215, executor driver, partition 0, NODE_LOCAL, 4271 bytes) taskResourceAssignments Map()
2026-08-09 23:12:26,238 INFO scheduler.TaskSetManager: Starting task 1.0 in stage 152.0 (TID 525) (10.0.0.215, executor driver, partition 1, NODE_LOCAL, 4271 bytes) taskResourceAssignments Map()
2026-08-09 23:12:26,239 INFO scheduler.DAGScheduler: Got job 83 (collect at AreaUnderCurve.scala:44) with 2 output partitions
2026-08-09 23:12:26,239 INFO scheduler.DAGScheduler: Final stage: ResultStage 155 (collect at AreaUnderCurve.scala:44)
2026-08-09 23:12:26,239 INFO scheduler.DAGScheduler: Parents of final stage: List(ShuffleMapStage 154)
2026-08-09 23:12:26,239 INFO executor.Executor: Running task 1.0 in stage 152.0 (TID 525)
2026-08-09 23:12:26,239 INFO executor.Executor: Running task 0.0 in stage 152.0 (TID 524)
2026-08-09 23:12:26,239 INFO scheduler.DAGScheduler: Missing parents: List()
2026-08-09 23:12:26,239 INFO scheduler.DAGScheduler: Submitting ResultStage 155 (MapPartitionsRDD[251] at mapPartitions at AreaUnderCurve.scala:44), which has no missing parents
2026-08-09 23:12:26,239 INFO memory.MemoryStore: Block broadcast_133 stored as values in memory (estimated size 7.8 KiB, free 2.2 GiB)
2026-08-09 23:12:26,240 INFO storage.ShuffleBlockFetcherIterator: Getting 2 (702.0 B) non-empty blocks including 2 (702.0 B) local and 0 (0.0 B) host-local and 0 (0.0 B) push-merged-local and 0 (0.0 B) remote blocks
2026-08-09 23:12:26,240 INFO storage.ShuffleBlockFetcherIterator: Started 0 remote fetches in 0 ms
2026-08-09 23:12:26,240 INFO memory.MemoryStore: Block broadcast_133_piece0 stored as bytes in memory (estimated size 3.8 KiB, free 2.2 GiB)
2026-08-09 23:12:26,240 INFO storage.BlockManagerInfo: Added broadcast_133_piece0 in memory on 10.0.0.215:64244 (size: 3.8 KiB, free: 2.2 GiB)
2026-08-09 23:12:26,240 INFO storage.ShuffleBlockFetcherIterator: Getting 2 (702.0 B) non-empty blocks including 2 (702.0 B) local and 0 (0.0 B) host-local and 0 (0.0 B) push-merged-local and 0 (0.0 B) remote blocks
2026-08-09 23:12:26,240 INFO storage.ShuffleBlockFetcherIterator: Started 0 remote fetches in 0 ms
2026-08-09 23:12:26,240 INFO spark.SparkContext: Created broadcast 133 from broadcast at DAGScheduler.scala:1513
2026-08-09 23:12:26,240 INFO scheduler.DAGScheduler: Submitting 2 missing tasks from ResultStage 155 (MapPartitionsRDD[251] at mapPartitions at AreaUnderCurve.scala:44) (first 15 tasks are for partitions Vector(0, 1))
2026-08-09 23:12:26,240 INFO scheduler.TaskSchedulerImpl: Adding task set 155.0 with 2 tasks resource profile 0
2026-08-09 23:12:26,241 INFO memory.MemoryStore: Block rdd_242_1 stored as values in memory (estimated size 944.0 B, free 2.2 GiB)
2026-08-09 23:12:26,241 INFO memory.MemoryStore: Block rdd_242_0 stored as values in memory (estimated size 856.0 B, free 2.2 GiB)
2026-08-09 23:12:26,241 INFO scheduler.FairSchedulableBuilder: Added task set TaskSet_155.0 tasks to pool default
2026-08-09 23:12:26,241 INFO storage.BlockManagerInfo: Added rdd_242_1 in memory on 10.0.0.215:64244 (size: 944.0 B, free: 2.2 GiB)
2026-08-09 23:12:26,241 INFO storage.BlockManagerInfo: Added rdd_242_0 in memory on 10.0.0.215:64244 (size: 856.0 B, free: 2.2 GiB)
2026-08-09 23:12:26,241 INFO scheduler.TaskSetManager: Starting task 0.0 in stage 155.0 (TID 526) (10.0.0.215, executor driver, partition 0, NODE_LOCAL, 4271 bytes) taskResourceAssignments Map()
2026-08-09 23:12:26,241 INFO scheduler.TaskSetManager: Starting task 1.0 in stage 155.0 (TID 527) (10.0.0.215, executor driver, partition 1, NODE_LOCAL, 4271 bytes) taskResourceAssignments Map()
2026-08-09 23:12:26,241 INFO executor.Executor: Running task 0.0 in stage 155.0 (TID 526)
2026-08-09 23:12:26,241 INFO executor.Executor: Running task 1.0 in stage 155.0 (TID 527)
2026-08-09 23:12:26,241 INFO executor.Executor: Finished task 0.0 in stage 152.0 (TID 524). 1532 bytes result sent to driver
2026-08-09 23:12:26,241 INFO executor.Executor: Finished task 1.0 in stage 152.0 (TID 525). 1489 bytes result sent to driver
2026-08-09 23:12:26,241 INFO scheduler.TaskSetManager: Finished task 0.0 in stage 152.0 (TID 524) in 3 ms on 10.0.0.215 (executor driver) (1/2)
2026-08-09 23:12:26,242 INFO scheduler.TaskSetManager: Finished task 1.0 in stage 152.0 (TID 525) in 4 ms on 10.0.0.215 (executor driver) (2/2)
2026-08-09 23:12:26,242 INFO scheduler.TaskSchedulerImpl: Removed TaskSet 152.0, whose tasks have all completed, from pool default
2026-08-09 23:12:26,242 INFO scheduler.DAGScheduler: ResultStage 152 (collect at AreaUnderCurve.scala:44) finished in 0.006 s
2026-08-09 23:12:26,242 INFO scheduler.DAGScheduler: Job 82 is finished. Cancelling potential speculative or zombie tasks for this job
2026-08-09 23:12:26,242 INFO scheduler.TaskSchedulerImpl: Killing all running tasks in stage 152: Stage finished
2026-08-09 23:12:26,242 INFO scheduler.DAGScheduler: Job 82 finished: collect at AreaUnderCurve.scala:44, took 0.006456 s
2026-08-09 23:12:26,242 INFO storage.ShuffleBlockFetcherIterator: Getting 2 (895.0 B) non-empty blocks including 2 (895.0 B) local and 0 (0.0 B) host-local and 0 (0.0 B) push-merged-local and 0 (0.0 B) remote blocks
2026-08-09 23:12:26,242 INFO storage.ShuffleBlockFetcherIterator: Started 0 remote fetches in 0 ms
2026-08-09 23:12:26,242 INFO storage.ShuffleBlockFetcherIterator: Getting 2 (895.0 B) non-empty blocks including 2 (895.0 B) local and 0 (0.0 B) host-local and 0 (0.0 B) push-merged-local and 0 (0.0 B) remote blocks
2026-08-09 23:12:26,242 INFO storage.ShuffleBlockFetcherIterator: Started 0 remote fetches in 0 ms
2026-08-09 23:12:26,243 INFO memory.MemoryStore: Block rdd_244_0 stored as values in memory (estimated size 1696.0 B, free 2.2 GiB)
2026-08-09 23:12:26,243 INFO storage.BlockManagerInfo: Added rdd_244_0 in memory on 10.0.0.215:64244 (size: 1696.0 B, free: 2.2 GiB)
2026-08-09 23:12:26,243 INFO memory.MemoryStore: Block rdd_244_1 stored as values in memory (estimated size 1784.0 B, free 2.2 GiB)
2026-08-09 23:12:26,243 INFO storage.BlockManagerInfo: Added rdd_244_1 in memory on 10.0.0.215:64244 (size: 1784.0 B, free: 2.2 GiB)
2026-08-09 23:12:26,243 INFO executor.Executor: Finished task 0.0 in stage 155.0 (TID 526). 1489 bytes result sent to driver
2026-08-09 23:12:26,243 INFO executor.Executor: Finished task 1.0 in stage 155.0 (TID 527). 1489 bytes result sent to driver
2026-08-09 23:12:26,243 INFO scheduler.TaskSetManager: Finished task 1.0 in stage 155.0 (TID 527) in 2 ms on 10.0.0.215 (executor driver) (1/2)
2026-08-09 23:12:26,243 INFO scheduler.TaskSetManager: Finished task 0.0 in stage 155.0 (TID 526) in 2 ms on 10.0.0.215 (executor driver) (2/2)
2026-08-09 23:12:26,243 INFO scheduler.TaskSchedulerImpl: Removed TaskSet 155.0, whose tasks have all completed, from pool default
2026-08-09 23:12:26,244 INFO scheduler.DAGScheduler: ResultStage 155 (collect at AreaUnderCurve.scala:44) finished in 0.005 s
2026-08-09 23:12:26,244 INFO scheduler.DAGScheduler: Job 83 is finished. Cancelling potential speculative or zombie tasks for this job
2026-08-09 23:12:26,244 INFO scheduler.TaskSchedulerImpl: Killing all running tasks in stage 155: Stage finished
2026-08-09 23:12:26,244 INFO scheduler.DAGScheduler: Job 83 finished: collect at AreaUnderCurve.scala:44, took 0.007691 s
RESULT label=100k numModels=10 maxDepth=5 maxNodes=20 sampling=Disjoint trainRows=90000 testRows=10000 accuracy=0.6636 auc=0.7110744996620707
RESULT label=100k numModels=10 maxDepth=5 maxNodes=20 sampling=SampledFraction(0.1) trainRows=90000 testRows=10000 accuracy=0.6635 auc=0.7129795267260464
RESULT label=100k numModels=10 maxDepth=20 maxNodes=100 sampling=Disjoint trainRows=90000 testRows=10000 accuracy=0.6638 auc=0.7209901879572238
RESULT label=100k numModels=10 maxDepth=20 maxNodes=100 sampling=SampledFraction(0.1) trainRows=90000 testRows=10000 accuracy=0.6534 auc=0.7099757890796069
RESULT label=100k numModels=20 maxDepth=5 maxNodes=20 sampling=Disjoint trainRows=90000 testRows=10000 accuracy=0.666 auc=0.7274841724321822
RESULT label=100k numModels=20 maxDepth=5 maxNodes=20 sampling=SampledFraction(0.05) trainRows=90000 testRows=10000 accuracy=0.6659 auc=0.721202725348506
RESULT label=100k numModels=20 maxDepth=20 maxNodes=100 sampling=Disjoint trainRows=90000 testRows=10000 accuracy=0.6571 auc=0.7289835882847564
RESULT label=100k numModels=20 maxDepth=20 maxNodes=100 sampling=SampledFraction(0.05) trainRows=90000 testRows=10000 accuracy=0.6613 auc=0.729998917889521
RESULT label=100k numModels=40 maxDepth=5 maxNodes=20 sampling=Disjoint trainRows=90000 testRows=10000 accuracy=0.668 auc=0.7350161940115957
RESULT label=100k numModels=40 maxDepth=5 maxNodes=20 sampling=SampledFraction(0.025) trainRows=90000 testRows=10000 accuracy=0.6666 auc=0.7336339400467543
RESULT label=100k numModels=40 maxDepth=20 maxNodes=100 sampling=Disjoint trainRows=90000 testRows=10000 accuracy=0.6801 auc=0.7490433614724775
RESULT label=100k numModels=40 maxDepth=20 maxNodes=100 sampling=SampledFraction(0.025) trainRows=90000 testRows=10000 accuracy=0.6814 auc=0.7523775793436883
SCALING label=100k trainRows=90000 sweepSize=12 elapsedSeconds=5.97
2026-08-09 23:12:26,254 INFO server.AbstractConnector: Stopped Spark@70887727{HTTP/1.1, (http/1.1)}{0.0.0.0:4040}
2026-08-09 23:12:26,256 INFO ui.SparkUI: Stopped Spark web UI at http://10.0.0.215:4040
2026-08-09 23:12:26,263 INFO spark.MapOutputTrackerMasterEndpoint: MapOutputTrackerMasterEndpoint stopped!
2026-08-09 23:12:26,291 INFO memory.MemoryStore: MemoryStore cleared
2026-08-09 23:12:26,291 INFO storage.BlockManager: BlockManager stopped
2026-08-09 23:12:26,293 INFO storage.BlockManagerMaster: BlockManagerMaster stopped
2026-08-09 23:12:26,294 INFO scheduler.OutputCommitCoordinator$OutputCommitCoordinatorEndpoint: OutputCommitCoordinator stopped!
2026-08-09 23:12:26,300 INFO spark.SparkContext: Successfully stopped SparkContext
2026-08-09 23:12:26,302 INFO util.ShutdownHookManager: Shutdown hook called
2026-08-09 23:12:26,302 INFO util.ShutdownHookManager: Deleting directory /private/var/folders/01/7kzv0jfn5b53d16tqv0sk5r80000gn/T/spark-ae66a853-15af-4095-a1b0-2d859a066900
2026-08-09 23:12:26,305 INFO util.ShutdownHookManager: Deleting directory /private/var/folders/01/7kzv0jfn5b53d16tqv0sk5r80000gn/T/spark-d54be5e4-803f-4fe9-aaec-4d3ba8a8dbd3
